dataset_id,symbol,day,file_path,sha256,tick_count,volume,active_intervals,status,threshold,window_start,window_end,window_days,target_count,calibration_count,calibration_error,calibration_evaluations,bar_count
226237468d41e56c,MIX,2022-01-03,C:\data_quote\data_finam_MIX_tick_zip\20220103.zip,a94650182387855872f24e6ad2b7315a089389f702d86d0a387a3f85cc5aeebb,10311,19025,197,warmup,,,,0,,,,,0
226237468d41e56c,MIX,2022-01-04,C:\data_quote\data_finam_MIX_tick_zip\20220104.zip,0ae7bfc6f3221d869a01c6964a14971d95c5f1608f666f43317f71c988185857,13047,23985,198,warmup,,2022-01-03,2022-01-03,1,,,,,0
226237468d41e56c,MIX,2022-01-05,C:\data_quote\data_finam_MIX_tick_zip\20220105.zip,767e5bd1563548c3e85af473884a981271426efa551a1230095fd99bfb202262,16096,24790,197,warmup,,2022-01-03,2022-01-04,2,,,,,0
226237468d41e56c,MIX,2022-01-06,C:\data_quote\data_finam_MIX_tick_zip\20220106.zip,0d006a0dcf97635b9c5f82a84c4f10ee59a24f8fb111c2efe97f2d7a18ee8f85,18421,30685,197,warmup,,2022-01-03,2022-01-05,3,,,,,0
226237468d41e56c,MIX,2022-01-07,C:\data_quote\data_finam_MIX_tick_zip\20220107.zip,8930ab406b111fa4481464a1cb9115d066a6c927df636c88f5b1d14828410088,6337,10589,195,warmup,,2022-01-03,2022-01-06,4,,,,,0
226237468d41e56c,MIX,2022-01-10,C:\data_quote\data_finam_MIX_tick_zip\20220110.zip,422f4022c1193f7f1ea52ac1fbf1b19ce328d809048699ac506802224a01820e,13434,22242,198,warmup,,2022-01-03,2022-01-07,5,,,,,0
226237468d41e56c,MIX,2022-01-11,C:\data_quote\data_finam_MIX_tick_zip\20220111.zip,e5c7e1880d708328eefbd1e844a2cdbb63a7dd5f9f644294794d8159fc67a71f,13717,23315,198,warmup,,2022-01-03,2022-01-10,6,,,,,0
226237468d41e56c,MIX,2022-01-12,C:\data_quote\data_finam_MIX_tick_zip\20220112.zip,e6bd8ed48125b416768778ddfd281d5904650c22686cf22abaffa71899ee31a6,21784,33811,197,warmup,,2022-01-03,2022-01-11,7,,,,,0
226237468d41e56c,MIX,2022-01-13,C:\data_quote\data_finam_MIX_tick_zip\20220113.zip,6e15b7a50af95bc7b2901c9a81651564a53fb830ad587e69c3d10e8687ea5278,29843,46280,197,warmup,,2022-01-03,2022-01-12,8,,,,,0
226237468d41e56c,MIX,2022-01-14,C:\data_quote\data_finam_MIX_tick_zip\20220114.zip,4e1757a44605aa93ab259d1ddc14ac011d7bfec892d5cbde7ae2d4784aea51b7,39623,65170,197,warmup,,2022-01-03,2022-01-13,9,,,,,0
226237468d41e56c,MIX,2022-01-17,C:\data_quote\data_finam_MIX_tick_zip\20220117.zip,3943b6d843035526205b29d2c52c81311399ed194cdf2c931b471f0fbc0a6c13,31247,52856,198,warmup,,2022-01-03,2022-01-14,10,,,,,0
226237468d41e56c,MIX,2022-01-18,C:\data_quote\data_finam_MIX_tick_zip\20220118.zip,f971366e29acc8a2f8b84cd08e00e4f2f1029809dbd5c14819b026f033ff7c89,43612,70536,198,warmup,,2022-01-03,2022-01-17,11,,,,,0
226237468d41e56c,MIX,2022-01-19,C:\data_quote\data_finam_MIX_tick_zip\20220119.zip,70563be93fa76de0f06dea06a9e4aab82823df62d02433f94c954fb06f21aea4,39069,59255,197,warmup,,2022-01-03,2022-01-18,12,,,,,0
226237468d41e56c,MIX,2022-01-20,C:\data_quote\data_finam_MIX_tick_zip\20220120.zip,ea176c2ae8370f2ea135659d078235f6fe5c4d105aafb8e746802cd142b14767,39023,57107,197,warmup,,2022-01-03,2022-01-19,13,,,,,0
226237468d41e56c,MIX,2022-01-21,C:\data_quote\data_finam_MIX_tick_zip\20220121.zip,45bad8e7a27f9dde4ff1cb1220a64d505ada197decae07509f5d39811c51721b,28261,40628,198,warmup,,2022-01-03,2022-01-20,14,,,,,0
226237468d41e56c,MIX,2022-01-24,C:\data_quote\data_finam_MIX_tick_zip\20220124.zip,cd15672ccc9afd2dd9894224315c7d0efd8f934db6ef1a86cf0f825682572bf4,38312,60177,198,warmup,,2022-01-03,2022-01-21,15,,,,,0
226237468d41e56c,MIX,2022-01-25,C:\data_quote\data_finam_MIX_tick_zip\20220125.zip,ad42357784f0ae7819d92a453954f5ab9b42ba502fa6a57aa29864e6b9c9f9be,29225,45601,198,warmup,,2022-01-03,2022-01-24,16,,,,,0
226237468d41e56c,MIX,2022-01-26,C:\data_quote\data_finam_MIX_tick_zip\20220126.zip,871b1c6aae194fd6e7da4932236610fb3d7ea249041e582fc87abb6560268d38,34983,50766,197,warmup,,2022-01-03,2022-01-25,17,,,,,0
226237468d41e56c,MIX,2022-01-27,C:\data_quote\data_finam_MIX_tick_zip\20220127.zip,47ee0bc9cfd070bee8bf8f22c5b4921492912d649582ead6ca3c112494cf32e2,31475,48480,197,warmup,,2022-01-03,2022-01-26,18,,,,,0
226237468d41e56c,MIX,2022-01-28,C:\data_quote\data_finam_MIX_tick_zip\20220128.zip,01c4ac6349cee10227646964cf7dce558a23272cdcd0b822a359605ae5b1547e,23717,36374,198,warmup,,2022-01-03,2022-01-27,19,,,,,0
226237468d41e56c,MIX,2022-01-31,C:\data_quote\data_finam_MIX_tick_zip\20220131.zip,3b5c9e703ddc98122a68541933f50c3f4dbc26485433e33984aa51ab80c993ff,12716,19545,194,ready,49.0,2022-01-03,2022-01-28,20,3947.0,3928.0,-0.004813782619711173,12.0,106
226237468d41e56c,MIX,2022-02-01,C:\data_quote\data_finam_MIX_tick_zip\20220201.zip,db9d724f2da6c7405f1954363ab69e1053c5fa5a9d5ec9b6d804341a503b6e6f,15183,22407,198,ready,49.0,2022-01-04,2022-01-31,20,3944.0,3941.0,-0.0007606490872210953,12.0,87
226237468d41e56c,MIX,2022-02-02,C:\data_quote\data_finam_MIX_tick_zip\20220202.zip,15124ca59abcb2db372610bcc3c8af42e8102312243d2f89752ba73d79138d3f,13555,20218,197,ready,48.0,2022-01-05,2022-02-01,20,3944.0,3973.0,0.007352941176470588,12.0,86
226237468d41e56c,MIX,2022-02-03,C:\data_quote\data_finam_MIX_tick_zip\20220203.zip,8f3bc9763d5ba158122ae4a33934976b753322eb63d3ce5af2fc4e9c5b478f5c,14823,22073,197,ready,48.0,2022-01-06,2022-02-02,20,3944.0,3937.0,-0.0017748478701825558,12.0,107
226237468d41e56c,MIX,2022-02-04,C:\data_quote\data_finam_MIX_tick_zip\20220204.zip,be2b4f0d8c25f7f10a950ea82c4b702eaeab357a581a906db90c476326d4d9b5,16338,26212,198,ready,48.0,2022-01-07,2022-02-03,20,3944.0,3887.0,-0.014452332657200811,12.0,137
226237468d41e56c,MIX,2022-02-07,C:\data_quote\data_finam_MIX_tick_zip\20220207.zip,b2e55851b11dcc2befe3dfa966cedb5d4a3b745de117089852c81b94799411bf,12507,19357,197,ready,48.0,2022-01-10,2022-02-04,20,3947.0,3963.0,0.0040537116797567775,12.0,95
226237468d41e56c,MIX,2022-02-08,C:\data_quote\data_finam_MIX_tick_zip\20220208.zip,000dd5cba5e153ea160bd854c95bf776e89a12e0c17d84a4f8a6656c3cf5ddb8,14484,23642,198,ready,48.0,2022-01-11,2022-02-07,20,3946.0,3932.0,-0.0035478966041561076,12.0,127
226237468d41e56c,MIX,2022-02-09,C:\data_quote\data_finam_MIX_tick_zip\20220209.zip,803ea7a7cc32c72065312a8f0ff0a33dea83103aeb55d8308d65cc56e5421ff0,13915,21810,197,ready,48.0,2022-01-12,2022-02-08,20,3946.0,3925.0,-0.0053218449062341616,12.0,109
226237468d41e56c,MIX,2022-02-10,C:\data_quote\data_finam_MIX_tick_zip\20220210.zip,fa9ec7299137bfe0e43889a080167c3a9d6d8108668276fe9659a0aa8b88e7fe,16738,25379,197,ready,47.0,2022-01-13,2022-02-09,20,3946.0,3985.0,0.009883426254434871,12.0,121
226237468d41e56c,MIX,2022-02-11,C:\data_quote\data_finam_MIX_tick_zip\20220211.zip,2c214adc38f1ae87eccc4b419025f5254a38ad447a5c83af1b33c740c4393849,29706,45648,198,ready,46.0,2022-01-14,2022-02-10,20,3946.0,3963.0,0.004308160162189559,12.0,249
226237468d41e56c,MIX,2022-02-14,C:\data_quote\data_finam_MIX_tick_zip\20220214.zip,b1522bb80d69b93c5fbef0126e785bab6a35b82083302280d3d1d83d26780b08,30072,48384,198,ready,45.0,2022-01-17,2022-02-11,20,3947.0,3952.0,0.001266784899923993,13.0,259
226237468d41e56c,MIX,2022-02-15,C:\data_quote\data_finam_MIX_tick_zip\20220215.zip,3777c364ee90f5d36a1081a317a204fa95162053957dcfa104e0f45c2b014f49,19903,30808,198,ready,45.0,2022-01-18,2022-02-14,20,3947.0,3909.0,-0.009627565239422346,13.0,146
226237468d41e56c,MIX,2022-02-16,C:\data_quote\data_finam_MIX_tick_zip\20220216.zip,be46296b667448d7532d9bc46f4793884c47ebd9927f76b7b05b0b521ffa15c7,32070,42526,197,ready,43.0,2022-01-19,2022-02-15,20,3947.0,3924.0,-0.005827210539650367,11.0,193
226237468d41e56c,MIX,2022-02-17,C:\data_quote\data_finam_MIX_tick_zip\20220217.zip,7e711a2133b34d163a042c485b6a494f738fefff93e64ac7ff8a65da72d61147,39356,55776,197,ready,42.0,2022-01-20,2022-02-16,20,3947.0,3938.0,-0.002280212819863187,11.0,240
226237468d41e56c,MIX,2022-02-18,C:\data_quote\data_finam_MIX_tick_zip\20220218.zip,2ea42c560331565d2c97cffd40c887feea766ac50e759059e5e1229c8794be4a,47567,58998,198,ready,41.0,2022-01-21,2022-02-17,20,3947.0,3989.0,0.010640993159361541,13.0,237
226237468d41e56c,MIX,2022-02-21,C:\data_quote\data_finam_MIX_tick_zip\20220221.zip,07ee22f916c6ba7c47e4d35607e18a1dc1bca5cdd0f8bf7ea4e6d6821b9d1940,54774,96664,198,ready,42.0,2022-01-24,2022-02-18,20,3947.0,3884.0,-0.015961489739042312,13.0,608
226237468d41e56c,MIX,2022-02-22,C:\data_quote\data_finam_MIX_tick_zip\20220222.zip,c62110d25fbeebea9b7f07caa808c522cf802686b384a1fa96c3b8c5658ed4fa,60509,91879,194,ready,44.0,2022-01-25,2022-02-21,20,3947.0,3917.0,-0.007600709399543958,11.0,405
226237468d41e56c,MIX,2022-02-23,C:\data_quote\data_finam_MIX_tick_zip\20220223.zip,322071f29bb7797cb1e8b163513406c520b2d1f51c93b747323a8f4d88f8dec0,22425,35965,197,ready,45.0,2022-01-26,2022-02-22,20,3943.0,3959.0,0.004057823991884352,12.0,195
226237468d41e56c,MIX,2022-02-24,C:\data_quote\data_finam_MIX_tick_zip\20220224.zip,44e0902573d387fd4bc5158015c9c9dbe62c10c5925bec5b63b29427c268f313,19334,26940,169,ready,45.0,2022-01-27,2022-02-23,20,3943.0,3926.0,-0.004311437991377124,12.0,138
226237468d41e56c,MIX,2022-02-25,C:\data_quote\data_finam_MIX_tick_zip\20220225.zip,07ed76507b483bfab83f5bc9e59760bb18de3055993f768ae6c04ccf9cae6085,16378,23124,162,ready,44.0,2022-01-28,2022-02-24,20,3915.0,3936.0,0.0053639846743295016,12.0,114
226237468d41e56c,MIX,2022-03-24,C:\data_quote\data_finam_MIX_tick_zip\20220324.zip,abad52f630c56f5ebca7486f2c4ebfc3dbdebbe7ec5c9ee28bab2ec0a3ee29d5,547,692,48,ready,44.0,2022-01-31,2022-02-25,20,3879.0,3858.0,-0.005413766434648105,11.0,4
226237468d41e56c,MIX,2022-03-25,C:\data_quote\data_finam_MIX_tick_zip\20220325.zip,cadad6ed7a10c47713275e45a28a6f09fdd84e40d2ddb04de59ce82088654151,509,544,46,ready,44.0,2022-02-01,2022-03-24,20,3733.0,3737.0,0.0010715242432360033,12.0,2
226237468d41e56c,MIX,2022-03-28,C:\data_quote\data_finam_MIX_tick_zip\20220328.zip,1615fcedbebc7ea19e0a52679f987b1d65caf04669ec44292f75dcce83c0f2d1,878,919,47,ready,44.0,2022-02-02,2022-03-25,20,3581.0,3637.0,0.015638089919017033,12.0,2
226237468d41e56c,MIX,2022-03-29,C:\data_quote\data_finam_MIX_tick_zip\20220329.zip,4481b6d2ca8fbe18752c0e9ba6cd380e0d7860ffa7d3b9cb9057080fc2bda606,3821,4195,99,ready,45.0,2022-02-03,2022-03-28,20,3431.0,3409.0,-0.006412124744972311,12.0,12
226237468d41e56c,MIX,2022-03-30,C:\data_quote\data_finam_MIX_tick_zip\20220330.zip,64bbce14f893ea912c81818765c2b31efca054ad5479e7de8b059a53852babc9,1478,1705,99,ready,45.0,2022-02-04,2022-03-29,20,3333.0,3300.0,-0.009900990099009901,12.0,4
226237468d41e56c,MIX,2022-03-31,C:\data_quote\data_finam_MIX_tick_zip\20220331.zip,a89c407d1e60f4854cb27b50690638654db737f1e630225a841cc0677d997391,2346,2637,104,ready,44.0,2022-02-07,2022-03-30,20,3234.0,3276.0,0.012987012987012988,12.0,8
226237468d41e56c,MIX,2022-04-01,C:\data_quote\data_finam_MIX_tick_zip\20220401.zip,db68e715d278b3315173f3cb0f730568e15eb851741a11a01a671116da6be6d5,2506,2668,103,ready,44.0,2022-02-08,2022-03-31,20,3141.0,3179.0,0.012098057943330149,12.0,10
226237468d41e56c,MIX,2022-04-04,C:\data_quote\data_finam_MIX_tick_zip\20220404.zip,e81c8415667664ef981dde03a94ac28744ec16600cb49a8bfc234bed8004a814,1935,2284,102,ready,44.0,2022-02-09,2022-04-01,20,3046.0,3043.0,-0.000984898227183191,12.0,9
226237468d41e56c,MIX,2022-04-05,C:\data_quote\data_finam_MIX_tick_zip\20220405.zip,0617040931c35086c2e8649e91a7d15ccc0faffdefbd140acd4047334f9cd45a,3674,3947,104,ready,44.0,2022-02-10,2022-04-04,20,2951.0,2935.0,-0.005421890884445951,12.0,12
226237468d41e56c,MIX,2022-04-06,C:\data_quote\data_finam_MIX_tick_zip\20220406.zip,049db2b57e1e648e6d88c2728c2a95a8340e72f40651e38cd367699e821b10ee,3086,3496,104,ready,43.0,2022-02-11,2022-04-05,20,2858.0,2878.0,0.006997900629811057,13.0,11
226237468d41e56c,MIX,2022-04-07,C:\data_quote\data_finam_MIX_tick_zip\20220407.zip,47763c689fd3c4175925e821c651c775be37d4b46d466b92314e0fafa83506d8,3544,4095,104,ready,41.0,2022-02-14,2022-04-06,20,2764.0,2792.0,0.010130246020260492,12.0,16
226237468d41e56c,MIX,2022-04-08,C:\data_quote\data_finam_MIX_tick_zip\20220408.zip,52e3633463612d1acb0e38e12829da70e6e5247d37223aa4b6b03784b0652cc6,3981,4376,104,ready,39.0,2022-02-15,2022-04-07,20,2670.0,2730.0,0.02247191011235955,10.0,18
226237468d41e56c,MIX,2022-04-11,C:\data_quote\data_finam_MIX_tick_zip\20220411.zip,1276172c9c59f840d0534b63715e88f7fc3b5c67a0cbd3c20e94279005d8610f,2784,2987,104,ready,39.0,2022-02-16,2022-04-08,20,2576.0,2575.0,-0.00038819875776397513,11.0,6
226237468d41e56c,MIX,2022-04-12,C:\data_quote\data_finam_MIX_tick_zip\20220412.zip,5e4f3f410f29462c72d2349309be0e17aec22fed741f0c6b02ce70882e02d367,3916,4161,104,ready,38.0,2022-02-17,2022-04-11,20,2483.0,2446.0,-0.014901329037454692,11.0,17
226237468d41e56c,MIX,2022-04-13,C:\data_quote\data_finam_MIX_tick_zip\20220413.zip,3a0034761f61cb0f1cda7c5d041bde623983802e3f55e117a6f4af28a3a09e55,2308,2372,103,ready,36.0,2022-02-18,2022-04-12,20,2390.0,2425.0,0.014644351464435146,10.0,11
226237468d41e56c,MIX,2022-04-14,C:\data_quote\data_finam_MIX_tick_zip\20220414.zip,93336523092dc2b673fa0b7180ed27577ee2052176637437982437ca259666d9,4820,5219,104,ready,34.0,2022-02-21,2022-04-13,20,2295.0,2248.0,-0.020479302832244008,11.0,25
226237468d41e56c,MIX,2022-04-15,C:\data_quote\data_finam_MIX_tick_zip\20220415.zip,d49073d7f6918e2b66129c2c7edbfaf056ec2f09466efa560ff8a1d4d5ebd45a,5756,6139,104,ready,26.0,2022-02-22,2022-04-14,20,2201.0,2133.0,-0.030895047705588367,9.0,53
226237468d41e56c,MIX,2022-04-18,C:\data_quote\data_finam_MIX_tick_zip\20220418.zip,1533555147b7407c9f04dd806472fae038fdec1fdc4791b2b4331fba4f1ddfea,4945,5492,104,ready,19.0,2022-02-23,2022-04-15,20,2111.0,2053.0,-0.027475130270014213,7.0,63
226237468d41e56c,MIX,2022-04-19,C:\data_quote\data_finam_MIX_tick_zip\20220419.zip,229983d04ae85814acfda9dfac611c34bc46a2fdd2542f9d2c27dde282b0ba54,8354,9830,104,ready,15.0,2022-02-24,2022-04-18,20,2018.0,2088.0,0.03468780971258672,7.0,234
226237468d41e56c,MIX,2022-04-20,C:\data_quote\data_finam_MIX_tick_zip\20220420.zip,e212a99cc921de7ef1e9db2e37616b31d7ac7111fa7dbb9a0dddeed20a0c76e8,11966,13522,104,ready,14.0,2022-02-25,2022-04-19,20,1953.0,1948.0,-0.002560163850486431,8.0,335
226237468d41e56c,MIX,2022-04-21,C:\data_quote\data_finam_MIX_tick_zip\20220421.zip,486df7424d2593f01f57fdad71442a16fb336a85db85f7d5e2874d72fffa522a,8824,9857,104,ready,13.0,2022-03-24,2022-04-20,20,1895.0,1945.0,0.026385224274406333,7.0,234
226237468d41e56c,MIX,2022-04-22,C:\data_quote\data_finam_MIX_tick_zip\20220422.zip,cc1a6558a29e259952d607917bb1016099dd0fd4a2061cfdfa2ff8514c9e7302,6476,7370,104,ready,14.0,2022-03-25,2022-04-21,20,1951.0,1924.0,-0.013839056893900564,8.0,152
226237468d41e56c,MIX,2022-04-25,C:\data_quote\data_finam_MIX_tick_zip\20220425.zip,b58d8b805825b98cb48e337d83bd0852af4c5a772501e2d025432d8e3daf553a,7746,8801,104,ready,14.0,2022-03-28,2022-04-22,20,2009.0,2069.0,0.029865604778496764,7.0,196
226237468d41e56c,MIX,2022-04-26,C:\data_quote\data_finam_MIX_tick_zip\20220426.zip,3bc8fc35f9687247fb7a1012b208aef8af18a9cabe548a1dbe03fa4873367ce5,9138,10783,104,ready,15.0,2022-03-29,2022-04-25,20,2066.0,2040.0,-0.012584704743465635,8.0,219
226237468d41e56c,MIX,2022-04-27,C:\data_quote\data_finam_MIX_tick_zip\20220427.zip,93d4c26e3b4b6ea7ec1cceaf1198e6d29e1f47caad1f710147a8f9e4e6f99c58,9757,11403,104,ready,16.0,2022-03-30,2022-04-26,20,2071.0,1965.0,-0.05118300338000966,8.0,257
226237468d41e56c,MIX,2022-04-28,C:\data_quote\data_finam_MIX_tick_zip\20220428.zip,431d26deea193ec23a0c67db3026245f23bad29fc6cf2712a828e26ce529857b,14710,17469,104,ready,17.0,2022-03-31,2022-04-27,20,2076.0,1985.0,-0.04383429672447013,8.0,327
226237468d41e56c,MIX,2022-04-29,C:\data_quote\data_finam_MIX_tick_zip\20220429.zip,41e1da28dedfc4f42670d05e26c97fc13af2b88e4a24c95ad174e1e125d24cf8,14029,17037,104,ready,18.0,2022-04-01,2022-04-28,20,2076.0,2091.0,0.0072254335260115606,8.0,288
226237468d41e56c,MIX,2022-05-04,C:\data_quote\data_finam_MIX_tick_zip\20220504.zip,d1bcffce7d2e2a9d65f93eb81282988234f15a643001b60ce483f3c8386dea6d,10406,12758,104,ready,20.0,2022-04-04,2022-04-29,20,2077.0,1989.0,-0.04236880115551276,8.0,177
226237468d41e56c,MIX,2022-05-05,C:\data_quote\data_finam_MIX_tick_zip\20220505.zip,f48259fd5964b827a91b0bbc6e43357efae164881fd59049278843dbdb218e66,7853,9031,104,ready,20.0,2022-04-05,2022-05-04,20,2079.0,2138.0,0.02837902837902838,9.0,112
226237468d41e56c,MIX,2022-05-06,C:\data_quote\data_finam_MIX_tick_zip\20220506.zip,8726e4a331fb68fda81640dbe97e58124216c97f48c863314be2c34c6a3b6bae,9707,11701,104,ready,21.0,2022-04-06,2022-05-05,20,2079.0,2063.0,-0.007696007696007696,9.0,158
226237468d41e56c,MIX,2022-05-11,C:\data_quote\data_finam_MIX_tick_zip\20220511.zip,0abb938975e69ab7590054c61deb2c73b984b04356c12abb6d3f8c403292b162,9253,10663,104,ready,22.0,2022-04-07,2022-05-06,20,2079.0,2010.0,-0.03318903318903319,9.0,134
226237468d41e56c,MIX,2022-05-12,C:\data_quote\data_finam_MIX_tick_zip\20220512.zip,55328cbdc5f23ea359520a8f758530004bacae323ba449bf547c1ac8fa3977fe,10107,11217,104,ready,22.0,2022-04-08,2022-05-11,20,2079.0,2096.0,0.008177008177008177,9.0,118
226237468d41e56c,MIX,2022-05-13,C:\data_quote\data_finam_MIX_tick_zip\20220513.zip,a0a619342c32e49dd2d5630ea47f6ae8de0bc4a391ace18b33f69ade502c70f8,8662,9844,104,ready,23.0,2022-04-11,2022-05-12,20,2079.0,2090.0,0.005291005291005291,9.0,97
226237468d41e56c,MIX,2022-05-16,C:\data_quote\data_finam_MIX_tick_zip\20220516.zip,2137829db0efd90aa7e062e07cbc45432363d117b9e5fe56ab1ec717bb3a1db3,8287,9841,104,ready,24.0,2022-04-12,2022-05-13,20,2079.0,1998.0,-0.03896103896103896,9.0,105
226237468d41e56c,MIX,2022-05-17,C:\data_quote\data_finam_MIX_tick_zip\20220517.zip,4a3e8a914dd56c1b02b242b31cf61a213c59c14611ca66a285874d44b806d9e4,7311,9085,104,ready,24.0,2022-04-13,2022-05-16,20,2079.0,2066.0,-0.006253006253006253,10.0,93
226237468d41e56c,MIX,2022-05-18,C:\data_quote\data_finam_MIX_tick_zip\20220518.zip,e6eaf7e22194048ed953d2d087da59ec3f3423f11ba3934d5b5e135ebbd7b6fe,8685,10860,104,ready,24.0,2022-04-14,2022-05-17,20,2080.0,2137.0,0.027403846153846154,10.0,117
226237468d41e56c,MIX,2022-05-19,C:\data_quote\data_finam_MIX_tick_zip\20220519.zip,efee42f5e1a8da89ffb2748ad65d1839921ac07cc2a2cdfeb6457fd316dd195f,9183,11567,104,ready,25.0,2022-04-15,2022-05-18,20,2080.0,2090.0,0.004807692307692308,10.0,131
226237468d41e56c,MIX,2022-05-20,C:\data_quote\data_finam_MIX_tick_zip\20220520.zip,7b371dbef9bffef56d94990feeb956d00571a91dc4d1d319dcd4e80c8f7b6116,11790,14410,104,ready,26.0,2022-04-18,2022-05-19,20,2080.0,2023.0,-0.027403846153846154,10.0,120
226237468d41e56c,MIX,2022-05-23,C:\data_quote\data_finam_MIX_tick_zip\20220523.zip,b756fdd74ea8a59d4e5f0e40f7ddfa226b90f1ccafbf63c8188ed7c505563079,9130,10482,104,ready,26.0,2022-04-19,2022-05-20,20,2080.0,2107.0,0.012980769230769231,10.0,97
226237468d41e56c,MIX,2022-05-24,C:\data_quote\data_finam_MIX_tick_zip\20220524.zip,886160fe3ea69d4c4fd87de26e8e77ccc25b5b3e6e3087778420b98f8bba31b8,14505,17891,104,ready,26.0,2022-04-20,2022-05-23,20,2080.0,2091.0,0.005288461538461539,10.0,179
226237468d41e56c,MIX,2022-05-25,C:\data_quote\data_finam_MIX_tick_zip\20220525.zip,07f146949f6235df771850d4dd69c45e1651449f2d1c98cf0ea399c22f0473af,13850,17244,104,ready,26.0,2022-04-21,2022-05-24,20,2080.0,2139.0,0.028365384615384615,10.0,173
226237468d41e56c,MIX,2022-05-26,C:\data_quote\data_finam_MIX_tick_zip\20220526.zip,0a22ce698a9b894a4f69be37db75893c7007c3365c398c9313e5b63100544853,14484,18314,104,ready,27.0,2022-04-22,2022-05-25,20,2080.0,2065.0,-0.007211538461538462,10.0,175
226237468d41e56c,MIX,2022-05-27,C:\data_quote\data_finam_MIX_tick_zip\20220527.zip,6f9426c0a4c2fb2688d2aca676600da24d228efc7f9c238b4637c06d5e026b26,9858,12050,104,ready,28.0,2022-04-25,2022-05-26,20,2080.0,2103.0,0.011057692307692308,9.0,91
226237468d41e56c,MIX,2022-05-30,C:\data_quote\data_finam_MIX_tick_zip\20220530.zip,0bcc0a86e52b55e39dd2db5f1ef9e67656f738f7a2a45b759cb7dec9bdd4d95c,10367,13611,105,ready,28.0,2022-04-26,2022-05-27,20,2080.0,2138.0,0.027884615384615386,9.0,127
226237468d41e56c,MIX,2022-05-31,C:\data_quote\data_finam_MIX_tick_zip\20220531.zip,741a2ff5aad3c53f39538d63547be8ff30301fe0c5b03c320003239c54efce5b,8663,11170,105,ready,29.0,2022-04-27,2022-05-30,20,2081.0,2041.0,-0.019221528111484865,10.0,91
226237468d41e56c,MIX,2022-06-01,C:\data_quote\data_finam_MIX_tick_zip\20220601.zip,e696d5701f5c29cc06235e919c4bb84f7ce93a5eb07bc901520c6b77b39f3721,5908,8254,104,ready,29.0,2022-04-28,2022-05-31,20,2082.0,2019.0,-0.03025936599423631,10.0,78
226237468d41e56c,MIX,2022-06-02,C:\data_quote\data_finam_MIX_tick_zip\20220602.zip,4a736c4701639b67f737c91125b645382d0e15268b4f9e1f9dd5de749d89028d,6228,8321,105,ready,28.0,2022-04-29,2022-06-01,20,2082.0,2096.0,0.0067243035542747355,10.0,71
226237468d41e56c,MIX,2022-06-03,C:\data_quote\data_finam_MIX_tick_zip\20220603.zip,8da2477fca893610c016a05c269773262f8942d1636ef882fd200bf8a60a4739,5890,8142,105,ready,27.0,2022-05-04,2022-06-02,20,2083.0,2110.0,0.012962073931829092,10.0,86
226237468d41e56c,MIX,2022-06-06,C:\data_quote\data_finam_MIX_tick_zip\20220606.zip,0264c3a7f8f72de3f839c43bbac7d1f96678ecec05cd4b2884eca29b86105705,5850,8310,105,ready,27.0,2022-05-05,2022-06-03,20,2084.0,2080.0,-0.0019193857965451055,10.0,72
226237468d41e56c,MIX,2022-06-07,C:\data_quote\data_finam_MIX_tick_zip\20220607.zip,21aa18a420fd8af9b044fd1503e23592dcbe29b3e62163e9d8b9d3edadaf819e,6578,9254,105,ready,27.0,2022-05-06,2022-06-06,20,2085.0,2083.0,-0.0009592326139088729,10.0,100
226237468d41e56c,MIX,2022-06-08,C:\data_quote\data_finam_MIX_tick_zip\20220608.zip,4404bdf60cc1f4ba919d19cd2e114542c0542b728ebc2669340ba4b4c36ac0eb,6339,8847,105,ready,27.0,2022-05-11,2022-06-07,20,2086.0,2087.0,0.00047938638542665386,10.0,93
226237468d41e56c,MIX,2022-06-09,C:\data_quote\data_finam_MIX_tick_zip\20220609.zip,84cd6e293df568bdfe2e5d3394364012271a284b243bfb772391f70520d4b64b,7510,10659,105,ready,27.0,2022-05-12,2022-06-08,20,2087.0,2084.0,-0.0014374700527072352,10.0,106
226237468d41e56c,MIX,2022-06-10,C:\data_quote\data_finam_MIX_tick_zip\20220610.zip,011c573add85688b79f5fcfca45a2950bc20ee88879a53485641c7714020d41a,5893,8584,105,ready,27.0,2022-05-13,2022-06-09,20,2088.0,2105.0,0.008141762452107279,10.0,92
226237468d41e56c,MIX,2022-06-14,C:\data_quote\data_finam_MIX_tick_zip\20220614.zip,31cccb6d63760a13af2f8a3d98d221f913b4afdb63efb8e7460107237b13da5c,7102,11631,105,ready,27.0,2022-05-16,2022-06-10,20,2089.0,2126.0,0.01771182383915749,10.0,118
226237468d41e56c,MIX,2022-06-15,C:\data_quote\data_finam_MIX_tick_zip\20220615.zip,f929f8a6943bd9e6c6660092298edf4e07feb270de314e2d996bccca9a82b5b6,3455,4629,102,ready,28.0,2022-05-17,2022-06-14,20,2090.0,2047.0,-0.02057416267942584,9.0,54
226237468d41e56c,MIX,2022-06-16,C:\data_quote\data_finam_MIX_tick_zip\20220616.zip,c1d809818f2a096017fb185f48c7e55fffd0f32db1081bb0b1466a37860509a4,6638,8625,105,ready,27.0,2022-05-18,2022-06-15,20,2088.0,2131.0,0.020593869731800767,9.0,76
226237468d41e56c,MIX,2022-06-17,C:\data_quote\data_finam_MIX_tick_zip\20220617.zip,40dc75e6f5470b7be7a79159d99625d5f9210dc0af278099b495e2b30756c2a4,4053,5322,105,ready,27.0,2022-05-19,2022-06-16,20,2089.0,2101.0,0.0057443752991862135,9.0,59
226237468d41e56c,MIX,2022-06-20,C:\data_quote\data_finam_MIX_tick_zip\20220620.zip,ae7e68cb44d660cd47b1e027eef97e048647ffe846cb7fa83199bd7369009a5c,4935,5936,105,ready,27.0,2022-05-20,2022-06-17,20,2090.0,2055.0,-0.01674641148325359,9.0,55
226237468d41e56c,MIX,2022-06-21,C:\data_quote\data_finam_MIX_tick_zip\20220621.zip,0ed201a9c2b51d79ada30b6456436f3c313a6ab4da25c2cf5f8e9c2346b0ec2b,5123,6502,105,ready,26.0,2022-05-23,2022-06-20,20,2091.0,2112.0,0.010043041606886656,9.0,84
226237468d41e56c,MIX,2022-06-22,C:\data_quote\data_finam_MIX_tick_zip\20220622.zip,914c74892e2c76293bff99915e1fc87bb3a093734f3f9606c63633d9558f3c9e,4910,6559,105,ready,26.0,2022-05-24,2022-06-21,20,2092.0,2099.0,0.0033460803059273425,9.0,62
226237468d41e56c,MIX,2022-06-23,C:\data_quote\data_finam_MIX_tick_zip\20220623.zip,a066e1c27f262b00e466b5ca8571fd35a70c62c96b8717f21cc8d37bdc42a6be,4906,6022,105,ready,25.0,2022-05-25,2022-06-22,20,2093.0,2096.0,0.001433349259436216,9.0,74
226237468d41e56c,MIX,2022-06-24,C:\data_quote\data_finam_MIX_tick_zip\20220624.zip,7a9d80897aadc03b5ed82336eecd1c6bf949034e18484695c860142dc5b60497,4307,5335,105,ready,24.0,2022-05-26,2022-06-23,20,2094.0,2118.0,0.011461318051575931,9.0,77
226237468d41e56c,MIX,2022-06-27,C:\data_quote\data_finam_MIX_tick_zip\20220627.zip,fc4f61f5fb919d2cce3f7c60f443fb8a2daa53a63afef023eb39050e4483a2c9,3772,4856,105,ready,23.0,2022-05-27,2022-06-24,20,2095.0,2117.0,0.010501193317422435,9.0,60
226237468d41e56c,MIX,2022-06-28,C:\data_quote\data_finam_MIX_tick_zip\20220628.zip,8a0725f28be353fac2fd8a9fc92d447490257ebf56324515734d8de7022a051b,4910,6976,105,ready,23.0,2022-05-30,2022-06-27,20,2096.0,2056.0,-0.019083969465648856,9.0,116
226237468d41e56c,MIX,2022-06-29,C:\data_quote\data_finam_MIX_tick_zip\20220629.zip,71c008b40370e118879aa7535c7bc3f4326c5ed6bf1ef4b4bce87eaf1549c3c2,6668,9583,105,ready,22.0,2022-05-31,2022-06-28,20,2096.0,2115.0,0.009064885496183206,9.0,156
226237468d41e56c,MIX,2022-06-30,C:\data_quote\data_finam_MIX_tick_zip\20220630.zip,0bf0e8793099e1f93aee9dab1ffea9bdc77c85089ea53227b4a777316f2e8e3d,9829,13868,105,ready,22.0,2022-06-01,2022-06-29,20,2096.0,2151.0,0.026240458015267174,9.0,237
226237468d41e56c,MIX,2022-07-01,C:\data_quote\data_finam_MIX_tick_zip\20220701.zip,babf5a3f552cf5ba8acd4d3483250d9975a394f2c121557b6e0be84049f82d10,7078,9994,105,ready,23.0,2022-06-02,2022-06-30,20,2097.0,2139.0,0.020028612303290415,9.0,140
226237468d41e56c,MIX,2022-07-04,C:\data_quote\data_finam_MIX_tick_zip\20220704.zip,1955685202f7444dd089dc78940522994adf8c750bbfeaecd2907edc0d210389,4209,6433,105,ready,24.0,2022-06-03,2022-07-01,20,2097.0,2038.0,-0.028135431568907965,9.0,86
226237468d41e56c,MIX,2022-07-05,C:\data_quote\data_finam_MIX_tick_zip\20220705.zip,1b6b6b53c5495f1eab25a06a1e0c9f44ef25686af97d2009d339d4f685138c8b,7884,10794,105,ready,23.0,2022-06-06,2022-07-04,20,2097.0,2155.0,0.027658559847401048,9.0,126
226237468d41e56c,MIX,2022-07-06,C:\data_quote\data_finam_MIX_tick_zip\20220706.zip,c04e99586248fdb622f62864348877aeb8964914ce4aafb8dddd4235168501f0,10707,15086,105,ready,24.0,2022-06-07,2022-07-05,20,2097.0,2063.0,-0.016213638531235097,9.0,170
226237468d41e56c,MIX,2022-07-07,C:\data_quote\data_finam_MIX_tick_zip\20220707.zip,a28b9ed6a9983a4f52434c076c130cc11d689e0f14ae88db6777d2af26495a2c,3935,5580,105,ready,24.0,2022-06-08,2022-07-06,20,2097.0,2110.0,0.00619933237958989,9.0,73
226237468d41e56c,MIX,2022-07-08,C:\data_quote\data_finam_MIX_tick_zip\20220708.zip,5538d1a1c5232b09d0ab7317356fa24a9d73494e7605a67bc1ec82148299aede,4243,6668,105,ready,24.0,2022-06-09,2022-07-07,20,2097.0,2074.0,-0.010968049594659036,9.0,102
226237468d41e56c,MIX,2022-07-11,C:\data_quote\data_finam_MIX_tick_zip\20220711.zip,3a8152bf7c2982f4d758f1edfc175118c55db68cc32950e0d6336b6e9fa71aab,7346,11534,105,ready,24.0,2022-06-10,2022-07-08,20,2097.0,2059.0,-0.018121125417262757,9.0,168
226237468d41e56c,MIX,2022-07-12,C:\data_quote\data_finam_MIX_tick_zip\20220712.zip,7a41631af08c3e1b3986ef1860ada460a708dde752730b032585aa88178fe6f0,6381,10157,144,ready,24.0,2022-06-14,2022-07-11,20,2097.0,2119.0,0.010491177873152123,9.0,154
226237468d41e56c,MIX,2022-07-13,C:\data_quote\data_finam_MIX_tick_zip\20220713.zip,0e1079dd0d90a5a7eb29a92a041b354e3655169b84c649488d0f84610d52e331,5848,9092,146,ready,24.0,2022-06-15,2022-07-12,20,2136.0,2123.0,-0.006086142322097378,9.0,141
226237468d41e56c,MIX,2022-07-14,C:\data_quote\data_finam_MIX_tick_zip\20220714.zip,372cb686107f7164a6c144d40f82656a39a9157468d210f256cbd9b1acd1b9ac,6620,10312,151,ready,24.0,2022-06-16,2022-07-13,20,2180.0,2194.0,0.006422018348623854,9.0,173
226237468d41e56c,MIX,2022-07-15,C:\data_quote\data_finam_MIX_tick_zip\20220715.zip,2e4d9318d43525f37aa50d8635b8b1908053791d114f7a7bef8cb5630928b590,6178,8843,144,ready,24.0,2022-06-17,2022-07-14,20,2226.0,2277.0,0.022911051212938006,9.0,130
226237468d41e56c,MIX,2022-07-18,C:\data_quote\data_finam_MIX_tick_zip\20220718.zip,c27540ffba45238d9232766f1caa94229a28e94ba46642bd638fc92fcfecdd60,4599,6605,138,ready,25.0,2022-06-20,2022-07-15,20,2265.0,2214.0,-0.022516556291390728,9.0,87
226237468d41e56c,MIX,2022-07-19,C:\data_quote\data_finam_MIX_tick_zip\20220719.zip,d22454e3814a90a0b7744fdfc770947e0c6230b9595b752256ffa78dec702791,5528,7696,146,ready,24.0,2022-06-21,2022-07-18,20,2298.0,2357.0,0.02567449956483899,9.0,117
226237468d41e56c,MIX,2022-07-20,C:\data_quote\data_finam_MIX_tick_zip\20220720.zip,3711541b5c40b42ff186352ba90a984eb63a7aeb93558e75840f9afe9277d760,5272,7431,153,ready,24.0,2022-06-22,2022-07-19,20,2339.0,2386.0,0.020094057289439932,9.0,114
226237468d41e56c,MIX,2022-07-21,C:\data_quote\data_finam_MIX_tick_zip\20220721.zip,2ef10a8519fae59b14c0202af04233d490e31ae0115c9c1114a2a6b8fec090f1,8524,11836,152,ready,24.0,2022-06-23,2022-07-20,20,2387.0,2431.0,0.018433179723502304,9.0,159
226237468d41e56c,MIX,2022-07-22,C:\data_quote\data_finam_MIX_tick_zip\20220722.zip,84b91b8811aad80195b569e2170a34c474a7d916edd9e9fd3ca9164a7bd63726,6348,9109,147,ready,25.0,2022-06-24,2022-07-21,20,2434.0,2384.0,-0.020542317173377157,9.0,141
226237468d41e56c,MIX,2022-07-25,C:\data_quote\data_finam_MIX_tick_zip\20220725.zip,c33a8aa90d934e2f17eb9934b0ef7d903416ecd9050e145cb1c616f0f604d186,5075,6874,148,ready,25.0,2022-06-27,2022-07-22,20,2476.0,2456.0,-0.008077544426494346,9.0,82
226237468d41e56c,MIX,2022-07-26,C:\data_quote\data_finam_MIX_tick_zip\20220726.zip,a032bfa94f4a93153ca61c23885f238b005943194ad23f899004ae482eb51e46,6886,9533,155,ready,25.0,2022-06-28,2022-07-25,20,2519.0,2480.0,-0.015482334259626836,9.0,118
226237468d41e56c,MIX,2022-07-27,C:\data_quote\data_finam_MIX_tick_zip\20220727.zip,23fb26f191e7df3217e49297b60124763074f297551d0e0dba0e063c5fc593d7,7767,10857,159,ready,24.0,2022-06-29,2022-07-26,20,2569.0,2624.0,0.02140910860256909,9.0,153
226237468d41e56c,MIX,2022-07-28,C:\data_quote\data_finam_MIX_tick_zip\20220728.zip,d1770d682624d974f428e395918d92201f378890924939129092ffd3da02cd2f,7572,10839,143,ready,24.0,2022-06-30,2022-07-27,20,2623.0,2634.0,0.0041936713686618375,9.0,141
226237468d41e56c,MIX,2022-07-29,C:\data_quote\data_finam_MIX_tick_zip\20220729.zip,61dc60c913b971898a79cd637c8b61dd063df56cdb23e094f49a081906b1b761,5641,8219,153,ready,24.0,2022-07-01,2022-07-28,20,2661.0,2580.0,-0.030439684329199548,9.0,122
226237468d41e56c,MIX,2022-08-01,C:\data_quote\data_finam_MIX_tick_zip\20220801.zip,f9ce1c14a4409b14d6efabf9ae2fb4b7067379d42be78443f9253d808cbfd722,7550,11143,153,ready,23.0,2022-07-04,2022-07-29,20,2709.0,2744.0,0.012919896640826873,9.0,165
226237468d41e56c,MIX,2022-08-02,C:\data_quote\data_finam_MIX_tick_zip\20220802.zip,385f0231a964bf7be278b5e7457910b64b29ba58b6d6f826eba7e10a0ee8e20a,7519,11717,145,ready,23.0,2022-07-05,2022-08-01,20,2757.0,2815.0,0.0210373594486761,8.0,173
226237468d41e56c,MIX,2022-08-03,C:\data_quote\data_finam_MIX_tick_zip\20220803.zip,e4cad690c7d3006f27e4fc6a75ed2832558e7c4a8c097a660f18533f3a4622c2,5235,7659,149,ready,23.0,2022-07-06,2022-08-02,20,2797.0,2862.0,0.023239184840900966,9.0,130
226237468d41e56c,MIX,2022-08-04,C:\data_quote\data_finam_MIX_tick_zip\20220804.zip,e3c71de32198a6aebc269d55e1ed83e1c91e638fd98945be5626fd10f9b80c90,4606,6829,151,ready,23.0,2022-07-07,2022-08-03,20,2841.0,2811.0,-0.010559662090813094,9.0,103
226237468d41e56c,MIX,2022-08-05,C:\data_quote\data_finam_MIX_tick_zip\20220805.zip,209601de207ed061dc6f91bb6b4c0fbede29a1e003b0b64916548403da46e89c,9233,13988,159,ready,23.0,2022-07-08,2022-08-04,20,2887.0,2841.0,-0.01593349497748528,9.0,203
226237468d41e56c,MIX,2022-08-08,C:\data_quote\data_finam_MIX_tick_zip\20220808.zip,031796cca0409660b46d8c51a90103e42f83f3c049700519af6f271c09a97b49,8686,13022,157,ready,23.0,2022-07-11,2022-08-05,20,2941.0,2933.0,-0.0027201632097925877,9.0,183
226237468d41e56c,MIX,2022-08-09,C:\data_quote\data_finam_MIX_tick_zip\20220809.zip,e344d6b896a876d8bf7e17ceca9638c71fb3ec991163e7f9005c5247c9841331,6343,9663,158,ready,23.0,2022-07-12,2022-08-08,20,2993.0,2938.0,-0.018376211159371866,9.0,151
226237468d41e56c,MIX,2022-08-10,C:\data_quote\data_finam_MIX_tick_zip\20220810.zip,e409a67704667e04e5fac429bbde44976320dd0811333f750348af78c6dc95ce,6977,11091,150,ready,23.0,2022-07-13,2022-08-09,20,3007.0,2935.0,-0.02394413036248753,9.0,159
226237468d41e56c,MIX,2022-08-11,C:\data_quote\data_finam_MIX_tick_zip\20220811.zip,446e8a42b551886ec975a452a7f2477e4ea3160c11150b9dbc9fc333ea0f0377,6974,9925,157,ready,23.0,2022-07-14,2022-08-10,20,3011.0,2942.0,-0.022915974759216206,9.0,142
226237468d41e56c,MIX,2022-08-12,C:\data_quote\data_finam_MIX_tick_zip\20220812.zip,32dff759fc5536d2893bc965dcb438e8a0689b36eed49412fcbd2972a1aa2fe6,7121,10272,149,ready,23.0,2022-07-15,2022-08-11,20,3017.0,2900.0,-0.038780245276765,9.0,141
226237468d41e56c,MIX,2022-08-15,C:\data_quote\data_finam_MIX_tick_zip\20220815.zip,9daa373e3747d5353a3350e07572e2a4d2a53bdddbe165696b47b630231176f0,6520,8961,144,ready,23.0,2022-07-18,2022-08-12,20,3022.0,2898.0,-0.04103242885506287,9.0,126
226237468d41e56c,MIX,2022-08-16,C:\data_quote\data_finam_MIX_tick_zip\20220816.zip,87fa866dce0244093f8fc43c3844f90a0e1e806b754e273d1b384df44afc1fca,8015,11438,154,ready,23.0,2022-07-19,2022-08-15,20,3028.0,2915.0,-0.037318361955085866,9.0,185
226237468d41e56c,MIX,2022-08-17,C:\data_quote\data_finam_MIX_tick_zip\20220817.zip,ac387cfedc1a9b00ee8c09153e5cc943b3ee0ea286394bea5d85093a81bfa3cf,8207,11520,158,ready,23.0,2022-07-20,2022-08-16,20,3036.0,2969.0,-0.02206851119894598,9.0,151
226237468d41e56c,MIX,2022-08-18,C:\data_quote\data_finam_MIX_tick_zip\20220818.zip,1f02a0b871aadddd54be0608ed572df03fc76b935384d86d2981d32dec29a975,7292,10412,151,ready,23.0,2022-07-21,2022-08-17,20,3041.0,3003.0,-0.012495889510029596,9.0,139
226237468d41e56c,MIX,2022-08-19,C:\data_quote\data_finam_MIX_tick_zip\20220819.zip,0e6c4a74cb0c112c2931634628dc5a38f855fe70df7ba663658e254c091a1195,5824,8431,151,ready,23.0,2022-07-22,2022-08-18,20,3040.0,2972.0,-0.02236842105263158,9.0,134
226237468d41e56c,MIX,2022-08-22,C:\data_quote\data_finam_MIX_tick_zip\20220822.zip,cbf98d23ad19755acc4650d4428fb45ca3a85034ecb559f1ce98186c05558ed3,7930,11643,152,ready,23.0,2022-07-25,2022-08-19,20,3044.0,2954.0,-0.02956636005256242,9.0,167
226237468d41e56c,MIX,2022-08-23,C:\data_quote\data_finam_MIX_tick_zip\20220823.zip,2fba813edd4b0bd36af7976a433747febc0a62042053c783b37f9186b1a73496,7645,10484,152,ready,23.0,2022-07-26,2022-08-22,20,3048.0,3033.0,-0.004921259842519685,9.0,154
226237468d41e56c,MIX,2022-08-24,C:\data_quote\data_finam_MIX_tick_zip\20220824.zip,a678a04c21d2a3028bfb4721495a1aea38f5e45d029549fc066d23369301c686,6053,8157,147,ready,23.0,2022-07-27,2022-08-23,20,3045.0,3053.0,0.002627257799671593,8.0,116
226237468d41e56c,MIX,2022-08-25,C:\data_quote\data_finam_MIX_tick_zip\20220825.zip,67a31eb278cbd3c98380658fda7350a5c0b087b4d254fc90a5463e757a9aedd7,10317,15767,149,ready,23.0,2022-07-28,2022-08-24,20,3033.0,3013.0,-0.006594131223211342,9.0,226
226237468d41e56c,MIX,2022-08-26,C:\data_quote\data_finam_MIX_tick_zip\20220826.zip,823ad4c9c5cfef6a67ddf9d1cc226189a2dc2dbc81dd40633026f516cc2a9232,4863,6832,157,ready,23.0,2022-07-29,2022-08-25,20,3039.0,3080.0,0.01349128002632445,8.0,99
226237468d41e56c,MIX,2022-08-29,C:\data_quote\data_finam_MIX_tick_zip\20220829.zip,6aa50e726e0784dae0a45052658f536bb55ccf8a2cfcbf86a7f08c0b5fec8de5,5609,7939,141,ready,23.0,2022-08-01,2022-08-26,20,3043.0,3047.0,0.0013144922773578706,8.0,115
226237468d41e56c,MIX,2022-08-30,C:\data_quote\data_finam_MIX_tick_zip\20220830.zip,9037ed6861c1993bd945b6675adbced0a5a540f750c56996cfe6673951c2937e,16240,23962,162,ready,23.0,2022-08-02,2022-08-29,20,3031.0,2997.0,-0.011217419993401518,9.0,379
226237468d41e56c,MIX,2022-08-31,C:\data_quote\data_finam_MIX_tick_zip\20220831.zip,8692e7b6b4c20a948b91ed13545d9d1c1bfa198e94bbf85d0266c82349dda3b6,13851,19518,158,ready,24.0,2022-08-03,2022-08-30,20,3048.0,3087.0,0.012795275590551181,9.0,289
226237468d41e56c,MIX,2022-09-01,C:\data_quote\data_finam_MIX_tick_zip\20220901.zip,b43de25c9912fc8330894528ca50c2e065871a556d50b4aeea66c7882d5e3c9d,9963,14527,160,ready,25.0,2022-08-04,2022-08-31,20,3057.0,3061.0,0.0013084723585214263,9.0,161
226237468d41e56c,MIX,2022-09-02,C:\data_quote\data_finam_MIX_tick_zip\20220902.zip,e7e68764d9bc7fab1de92003a11092b90518885d963ab7609c569f30fd2847a8,6598,9554,159,ready,25.0,2022-08-05,2022-09-01,20,3066.0,3131.0,0.021200260926288322,9.0,115
226237468d41e56c,MIX,2022-09-05,C:\data_quote\data_finam_MIX_tick_zip\20220905.zip,0633d7b40075218546dba50b49f3445196d771d50ef241030f88f407a6e8a842,7329,10166,156,ready,25.0,2022-08-08,2022-09-02,20,3066.0,3054.0,-0.003913894324853229,9.0,119
226237468d41e56c,MIX,2022-09-06,C:\data_quote\data_finam_MIX_tick_zip\20220906.zip,65f6d6c8d52525353dd5a8f940f27ed183a7133f03af583b74905a5398dbd7ea,12182,17923,157,ready,25.0,2022-08-09,2022-09-05,20,3065.0,2999.0,-0.021533442088091354,9.0,269
226237468d41e56c,MIX,2022-09-07,C:\data_quote\data_finam_MIX_tick_zip\20220907.zip,5b5deae223d5333844a1bf12ab208cfd27f93303b929241117a18ce93bd724a5,9792,13510,161,ready,25.0,2022-08-10,2022-09-06,20,3064.0,3135.0,0.023172323759791124,9.0,189
226237468d41e56c,MIX,2022-09-08,C:\data_quote\data_finam_MIX_tick_zip\20220908.zip,ee7783f8d49dae82fdb3baf7a696ccb77db956583501922791ce80852c80ead4,8528,11911,158,ready,26.0,2022-08-11,2022-09-07,20,3075.0,3012.0,-0.02048780487804878,9.0,164
226237468d41e56c,MIX,2022-09-09,C:\data_quote\data_finam_MIX_tick_zip\20220909.zip,02c5c18b6244a8a9f363825d438c018422530db7ce6297937fe0e411714d58e0,7742,10167,158,ready,26.0,2022-08-12,2022-09-08,20,3076.0,3062.0,-0.004551365409622887,9.0,136
226237468d41e56c,MIX,2022-09-12,C:\data_quote\data_finam_MIX_tick_zip\20220912.zip,7558b093daa420f55d8075c5fdb7b02e4e05db76ba62d83941adfe660ada2cd4,7857,10348,156,ready,26.0,2022-08-15,2022-09-09,20,3085.0,3068.0,-0.005510534846029173,9.0,134
226237468d41e56c,MIX,2022-09-13,C:\data_quote\data_finam_MIX_tick_zip\20220913.zip,add8bb6e20da49d2db925deabcedf8d22f9bac8460e0e6cb1786a5b35f14e4cc,7942,9884,169,ready,26.0,2022-08-16,2022-09-12,20,3097.0,3094.0,-0.0009686793671294801,9.0,101
226237468d41e56c,MIX,2022-09-14,C:\data_quote\data_finam_MIX_tick_zip\20220914.zip,9428fc6710541b54a92ce4973bc3c84750b390f7bcc0d617096c992ad56f29e4,5655,6861,163,ready,26.0,2022-08-17,2022-09-13,20,3112.0,3045.0,-0.021529562982005142,9.0,65
226237468d41e56c,MIX,2022-09-15,C:\data_quote\data_finam_MIX_tick_zip\20220915.zip,a986f437aaef9d30f5483bdfc63eea020cf07efe205143c2256833755de1d218,8949,12655,167,ready,25.0,2022-08-18,2022-09-14,20,3117.0,3146.0,0.00930381777350016,9.0,182
226237468d41e56c,MIX,2022-09-16,C:\data_quote\data_finam_MIX_tick_zip\20220916.zip,2b1b32303acdb476c6716f3134120e1664d29d543cde020a7c54dd7601f5e6e5,9739,13773,158,ready,25.0,2022-08-19,2022-09-15,20,3133.0,3203.0,0.022342802425789978,9.0,178
226237468d41e56c,MIX,2022-09-19,C:\data_quote\data_finam_MIX_tick_zip\20220919.zip,4cd1057b6065eb299d4e0a770adb69335652f09cd8694c5ce8e24fd71e761af4,8055,10808,164,ready,26.0,2022-08-22,2022-09-16,20,3140.0,3089.0,-0.01624203821656051,9.0,129
226237468d41e56c,MIX,2022-09-20,C:\data_quote\data_finam_MIX_tick_zip\20220920.zip,ad02a77274d0b9189525c6a32ca55775bdefc0910c8723fd856a69fcbaa0d2e5,33046,51221,174,ready,26.0,2022-08-23,2022-09-19,20,3152.0,3067.0,-0.026967005076142133,9.0,696
226237468d41e56c,MIX,2022-09-21,C:\data_quote\data_finam_MIX_tick_zip\20220921.zip,e70c85c70c2f27a183ffa6dedceebb5cbc7d75c14b2de660a8fdc63c4bdd4c26,24624,38032,170,ready,29.0,2022-08-24,2022-09-20,20,3174.0,3133.0,-0.0129174543163201,9.0,401
226237468d41e56c,MIX,2022-09-22,C:\data_quote\data_finam_MIX_tick_zip\20220922.zip,90a5e15d2ac28a40d718ff1843941518c1d94cbbf1f57f26376cf2cb3159df6e,11927,18248,172,ready,30.0,2022-08-25,2022-09-21,20,3197.0,3262.0,0.020331560838285894,9.0,192
226237468d41e56c,MIX,2022-09-23,C:\data_quote\data_finam_MIX_tick_zip\20220923.zip,3fb34fd9e145fca57960ce9c0c4cb04290bc6e40d926397e2a7076f3db883db9,16465,24555,171,ready,31.0,2022-08-26,2022-09-22,20,3220.0,3146.0,-0.02298136645962733,10.0,255
226237468d41e56c,MIX,2022-09-26,C:\data_quote\data_finam_MIX_tick_zip\20220926.zip,25a81ddb584dc86a11394ac45e4b1f78c0234d9908468fbd80bb6e5c0e1a8d51,29647,45796,174,ready,32.0,2022-08-29,2022-09-23,20,3234.0,3187.0,-0.01453308596165739,10.0,438
226237468d41e56c,MIX,2022-09-27,C:\data_quote\data_finam_MIX_tick_zip\20220927.zip,88d8a87c4a77245834d16a624ddc41307098d0e553fbd4585988b07009d4957d,22023,33462,174,ready,34.0,2022-08-30,2022-09-26,20,3267.0,3277.0,0.003060912151821243,9.0,315
226237468d41e56c,MIX,2022-09-28,C:\data_quote\data_finam_MIX_tick_zip\20220928.zip,9042934ee5d56ee1b94e7652c95f6e926e4af2c9cec07c3a816669df1128206c,19857,31571,173,ready,34.0,2022-08-31,2022-09-27,20,3279.0,3362.0,0.02531259530344617,11.0,285
226237468d41e56c,MIX,2022-09-29,C:\data_quote\data_finam_MIX_tick_zip\20220929.zip,9f90138f2bb03471e7fc61a98e58686ec77051e3b1ae04873540f3c93e8d0c16,25534,37866,174,ready,35.0,2022-09-01,2022-09-28,20,3294.0,3269.0,-0.007589556769884639,9.0,336
226237468d41e56c,MIX,2022-09-30,C:\data_quote\data_finam_MIX_tick_zip\20220930.zip,fe99a9eb3f0b1d08d7bc2e1ca1fc4fca6d4b2a589e2ad4a789b078bcf9c4c901,30980,48443,174,ready,37.0,2022-09-02,2022-09-29,20,3308.0,3269.0,-0.011789600967351875,11.0,391
226237468d41e56c,MIX,2022-10-03,C:\data_quote\data_finam_MIX_tick_zip\20221003.zip,88c24ac64f66a9a15f576889d21421c51f0ce7cb16579f45bb70a718184b8931,17118,27001,174,ready,39.0,2022-09-05,2022-09-30,20,3323.0,3331.0,0.0024074631357207344,9.0,204
226237468d41e56c,MIX,2022-10-04,C:\data_quote\data_finam_MIX_tick_zip\20221004.zip,6707e4085899869a83538371544a8504bda44e4d80a7046b992b5750a2024cf3,21766,32588,174,ready,40.0,2022-09-06,2022-10-03,20,3341.0,3379.0,0.011373840167614486,12.0,242
226237468d41e56c,MIX,2022-10-05,C:\data_quote\data_finam_MIX_tick_zip\20221005.zip,f78e7e42271c0c45e5762531f6d2d0f972469287a8278d3ca7f28fa6c48f8fc5,24195,38119,174,ready,41.0,2022-09-07,2022-10-04,20,3358.0,3325.0,-0.009827278141751042,11.0,274
226237468d41e56c,MIX,2022-10-06,C:\data_quote\data_finam_MIX_tick_zip\20221006.zip,25ba57c29f0da8f86179db01e639a321d3b12dad819db7ee3c2a5866b4b80aa7,11644,18218,174,ready,42.0,2022-09-08,2022-10-05,20,3371.0,3419.0,0.014239098190447939,11.0,117
226237468d41e56c,MIX,2022-10-07,C:\data_quote\data_finam_MIX_tick_zip\20221007.zip,07f23e25fa60c1c3b7161ff1ca2b01167019ba9184046f8dcb08e551ad36f7d6,21080,33643,174,ready,42.0,2022-09-09,2022-10-06,20,3387.0,3462.0,0.022143489813994686,11.0,209
226237468d41e56c,MIX,2022-10-10,C:\data_quote\data_finam_MIX_tick_zip\20221010.zip,8532bd66b63d81510f7d4c55288de7d4e3247c82b116043c66252224f8d031e2,40229,62432,174,ready,43.0,2022-09-12,2022-10-07,20,3403.0,3437.0,0.00999118424919189,11.0,453
226237468d41e56c,MIX,2022-10-11,C:\data_quote\data_finam_MIX_tick_zip\20221011.zip,81c6109f21e9bb12966e0c4a02608f8fbb98d65294a2d1b9656f462e32c8eeae,21453,32287,171,ready,47.0,2022-09-13,2022-10-10,20,3421.0,3408.0,-0.003800058462437884,11.0,175
226237468d41e56c,MIX,2022-10-12,C:\data_quote\data_finam_MIX_tick_zip\20221012.zip,2ad49e0ecded71d58cde8ee6d0fcab332d74a1aae50fe21147140593172e73e8,16133,27332,174,ready,48.0,2022-09-14,2022-10-11,20,3423.0,3407.0,-0.004674262342973999,12.0,179
226237468d41e56c,MIX,2022-10-13,C:\data_quote\data_finam_MIX_tick_zip\20221013.zip,6613c589b6a4cdda9aab8a7b2e75427d3c6ac2a9a87fdd5a117004b9449519f8,15308,25034,169,ready,49.0,2022-09-15,2022-10-12,20,3434.0,3482.0,0.013977868375072802,12.0,144
226237468d41e56c,MIX,2022-10-14,C:\data_quote\data_finam_MIX_tick_zip\20221014.zip,a427d01151e1424097718b19d6bc62a400d6c35be8b0660db3ac0406407b2b91,14300,23259,173,ready,50.0,2022-09-16,2022-10-13,20,3436.0,3417.0,-0.005529685681024447,12.0,134
226237468d41e56c,MIX,2022-10-17,C:\data_quote\data_finam_MIX_tick_zip\20221017.zip,9cf22d365a04c849583438d7961e437e923bb563cfe2ed298b7b72a436c3b5aa,14926,25218,174,ready,50.0,2022-09-19,2022-10-14,20,3451.0,3483.0,0.00927267458707621,13.0,156
226237468d41e56c,MIX,2022-10-18,C:\data_quote\data_finam_MIX_tick_zip\20221018.zip,180c822e1a51bab258b839a535bea4c5d65cd0cfe162991a931087c357bae6b6,22490,36926,174,ready,51.0,2022-09-20,2022-10-17,20,3461.0,3495.0,0.009823750361167293,13.0,243
226237468d41e56c,MIX,2022-10-19,C:\data_quote\data_finam_MIX_tick_zip\20221019.zip,1e5f5d6b8d59cb1e0cb91e451b078132c9585f1ff540d1604a5213eea465c603,21064,33874,174,ready,51.0,2022-09-21,2022-10-18,20,3461.0,3487.0,0.007512279687951459,12.0,212
226237468d41e56c,MIX,2022-10-20,C:\data_quote\data_finam_MIX_tick_zip\20221020.zip,5716fbd0f7b2998d44c089969b4f16cf32e1548b7902e849aa59193586e4e2f5,17333,27792,173,ready,52.0,2022-09-22,2022-10-19,20,3465.0,3430.0,-0.010101010101010102,12.0,159
226237468d41e56c,MIX,2022-10-21,C:\data_quote\data_finam_MIX_tick_zip\20221021.zip,22d7cee2d53a854196e4b635d95274a15fb15afc7d8f7fea17c83e12e44bd7cf,19305,31974,174,ready,52.0,2022-09-23,2022-10-20,20,3466.0,3497.0,0.00894402769763416,11.0,192
226237468d41e56c,MIX,2022-10-24,C:\data_quote\data_finam_MIX_tick_zip\20221024.zip,02037f7a3e03e8fc1ca61d9ef47ad6d579065756310a4ddbd2d77bb50d2a5c0f,21021,31705,174,ready,53.0,2022-09-26,2022-10-21,20,3469.0,3493.0,0.006918420294032862,11.0,162
226237468d41e56c,MIX,2022-10-25,C:\data_quote\data_finam_MIX_tick_zip\20221025.zip,1c52d2270d5f2af18b070521eb797e1c5975a1610366997b2e946eaaa6ff7963,21846,35440,174,ready,53.0,2022-09-27,2022-10-24,20,3469.0,3436.0,-0.009512827904295185,11.0,196
226237468d41e56c,MIX,2022-10-26,C:\data_quote\data_finam_MIX_tick_zip\20221026.zip,9f5caa98b6291523675f5c4751e5701768539c937c39da3a0104466ca744f077,22434,35031,174,ready,53.0,2022-09-28,2022-10-25,20,3469.0,3460.0,-0.0025944076102623233,13.0,191
226237468d41e56c,MIX,2022-10-27,C:\data_quote\data_finam_MIX_tick_zip\20221027.zip,9e4639e7d465d21706e4b4147aa5af35624e8ada73d590860d5967f184ed5445,18095,27310,174,ready,53.0,2022-09-29,2022-10-26,20,3470.0,3503.0,0.009510086455331412,13.0,122
226237468d41e56c,MIX,2022-10-28,C:\data_quote\data_finam_MIX_tick_zip\20221028.zip,7a4c82d38b41cda0d0f482d401ef74b5368893fc0436b7482be86f91740e2eed,21151,34742,173,ready,53.0,2022-09-30,2022-10-27,20,3470.0,3443.0,-0.0077809798270893375,11.0,171
226237468d41e56c,MIX,2022-10-31,C:\data_quote\data_finam_MIX_tick_zip\20221031.zip,2331d20f8fdeb937bcfd050d458cda735646fa043715c31df312498a18428065,13609,20497,172,ready,52.0,2022-10-03,2022-10-28,20,3469.0,3499.0,0.008648025367541078,11.0,116
226237468d41e56c,MIX,2022-11-01,C:\data_quote\data_finam_MIX_tick_zip\20221101.zip,dce10fd65aee26974d55f37013d66767dc91989d2f9594a8138372fc339ed088,9790,14498,174,ready,52.0,2022-10-04,2022-10-31,20,3467.0,3468.0,0.00028843380444188056,12.0,81
226237468d41e56c,MIX,2022-11-02,C:\data_quote\data_finam_MIX_tick_zip\20221102.zip,d2ba367df9b1e3a02d81f1b2a30a3f5adc303a6b86064a8f2514ffa163818daa,12587,19589,174,ready,51.0,2022-10-05,2022-11-01,20,3467.0,3440.0,-0.007787712719930776,12.0,110
226237468d41e56c,MIX,2022-11-03,C:\data_quote\data_finam_MIX_tick_zip\20221103.zip,1e6018b1e4e7b8664a61155c18bda8c5ce9a563b86468d7f9780042c9e7c4f0e,16167,25028,174,ready,50.0,2022-10-06,2022-11-02,20,3467.0,3466.0,-0.00028843380444188056,12.0,168
226237468d41e56c,MIX,2022-11-07,C:\data_quote\data_finam_MIX_tick_zip\20221107.zip,07cbda247dc71bb1be1e3eff3e7f2d1ffd2c16f3e11b2edde934fbace2a83baa,16976,26268,174,ready,51.0,2022-10-07,2022-11-03,20,3467.0,3430.0,-0.010672050764349583,13.0,137
226237468d41e56c,MIX,2022-11-08,C:\data_quote\data_finam_MIX_tick_zip\20221108.zip,562d267ffd3b5ce03b6fa4795ea5047974f3683bd3c1d5128cb3add16db16caf,13857,21087,174,ready,50.0,2022-10-10,2022-11-07,20,3467.0,3517.0,0.01442169022209403,12.0,127
226237468d41e56c,MIX,2022-11-09,C:\data_quote\data_finam_MIX_tick_zip\20221109.zip,2080ea6e988c74e2d720e31731f51c826879bd5e76f3cdc8096742b81a58c1f2,18151,27746,174,ready,48.0,2022-10-11,2022-11-08,20,3467.0,3448.0,-0.0054802422843957315,12.0,169
226237468d41e56c,MIX,2022-11-10,C:\data_quote\data_finam_MIX_tick_zip\20221110.zip,42fc92d5a59550747768ea0453f29539dda6e4625a3d720e43f9cd7fb95b091e,19661,29781,174,ready,48.0,2022-10-12,2022-11-09,20,3470.0,3456.0,-0.004034582132564841,11.0,197
226237468d41e56c,MIX,2022-11-11,C:\data_quote\data_finam_MIX_tick_zip\20221111.zip,ebc14f64c9bb1b553c72695e5f75fcaf4ace5b7a8da72d96200c21f4829ca88b,13913,21015,171,ready,48.0,2022-10-13,2022-11-10,20,3470.0,3474.0,0.0011527377521613833,11.0,119
226237468d41e56c,MIX,2022-11-14,C:\data_quote\data_finam_MIX_tick_zip\20221114.zip,b0af35caa9a01d0c6441e512c4ffa2b10e7a6615eb4def1fdcd29265b1184e19,12325,19105,174,ready,48.0,2022-10-14,2022-11-11,20,3472.0,3454.0,-0.005184331797235023,11.0,123
226237468d41e56c,MIX,2022-11-15,C:\data_quote\data_finam_MIX_tick_zip\20221115.zip,671e9c3b9bd0de3c7e4616151b8aaec37935a083189d0b4de97af72568765ace,30469,48732,174,ready,48.0,2022-10-17,2022-11-14,20,3473.0,3429.0,-0.012669162107687877,13.0,329
226237468d41e56c,MIX,2022-11-16,C:\data_quote\data_finam_MIX_tick_zip\20221116.zip,bf2da588febd8f6b47b86733b10015be73267ddd389249a0e55e9db616336a2b,18951,29280,174,ready,49.0,2022-10-18,2022-11-15,20,3473.0,3476.0,0.0008638065073423554,11.0,173
226237468d41e56c,MIX,2022-11-17,C:\data_quote\data_finam_MIX_tick_zip\20221117.zip,84e96bc4123bac75c0a5376a8e5a8f9016fec3fad7fcf7c4ff1cdba18ad6ff77,12873,19587,174,ready,48.0,2022-10-19,2022-11-16,20,3473.0,3513.0,0.01151742009789807,12.0,126
226237468d41e56c,MIX,2022-11-18,C:\data_quote\data_finam_MIX_tick_zip\20221118.zip,4fdc28245eddd60378a65d72d5a2b78fc92d282d4b6492e0163579ec85a827b8,11040,15832,173,ready,48.0,2022-10-20,2022-11-17,20,3473.0,3419.0,-0.015548517132162395,13.0,92
226237468d41e56c,MIX,2022-11-21,C:\data_quote\data_finam_MIX_tick_zip\20221121.zip,e00891311d662d93d2abaef94e2be42b6a99104dbc0eaa76696bc97e6edd7295,17632,27027,174,ready,47.0,2022-10-21,2022-11-18,20,3473.0,3461.0,-0.0034552260293694214,13.0,189
226237468d41e56c,MIX,2022-11-22,C:\data_quote\data_finam_MIX_tick_zip\20221122.zip,01f8540c9659213bf8b2ac8efd0c6c013e0aba340f65d2f467321621548c5f00,12749,19184,173,ready,47.0,2022-10-24,2022-11-21,20,3473.0,3430.0,-0.012381226605240426,13.0,117
226237468d41e56c,MIX,2022-11-23,C:\data_quote\data_finam_MIX_tick_zip\20221123.zip,26960dbf1ecc2f428bf6a379fa49743e3a2f8bdf47a8066a2ffe2c94fbdf9886,13861,21453,173,ready,46.0,2022-10-25,2022-11-22,20,3472.0,3466.0,-0.0017281105990783411,13.0,144
226237468d41e56c,MIX,2022-11-24,C:\data_quote\data_finam_MIX_tick_zip\20221124.zip,6f4d266c5680085e261a15f4296fa11b8f0c75b8abfd77b9cc8762da5b6bc8f6,9011,13695,170,ready,45.0,2022-10-26,2022-11-23,20,3471.0,3438.0,-0.00950734658599827,13.0,90
226237468d41e56c,MIX,2022-11-25,C:\data_quote\data_finam_MIX_tick_zip\20221125.zip,25a1b6fdc130b43d4003148e350497adfeda93ca31ebaaaa73c106a97c5379fa,9240,13723,172,ready,43.0,2022-10-27,2022-11-24,20,3467.0,3511.0,0.012691087395442746,12.0,93
226237468d41e56c,MIX,2022-11-28,C:\data_quote\data_finam_MIX_tick_zip\20221128.zip,edad5464a9fd8581bbe8b42a2866ae7f760ed04decfae6c848881cd79a15f114,10458,16023,173,ready,43.0,2022-10-28,2022-11-25,20,3465.0,3436.0,-0.00836940836940837,11.0,110
226237468d41e56c,MIX,2022-11-29,C:\data_quote\data_finam_MIX_tick_zip\20221129.zip,ce71f12ccd6440ac48692919054b067666e3bb0c13b616d5c22401d5293cdca6,6750,10060,171,ready,42.0,2022-10-31,2022-11-28,20,3465.0,3425.0,-0.011544011544011544,11.0,53
226237468d41e56c,MIX,2022-11-30,C:\data_quote\data_finam_MIX_tick_zip\20221130.zip,4b535bfd987e911f7d5b2c7639e73be6df30fa640f73c7faae79ca35b1173355,6648,9883,172,ready,41.0,2022-11-01,2022-11-29,20,3464.0,3452.0,-0.003464203233256351,11.0,82
226237468d41e56c,MIX,2022-12-01,C:\data_quote\data_finam_MIX_tick_zip\20221201.zip,a2b431685a3159931ff9617b32f743e70163037775f782ea28f62f4491fd2bec,6639,10071,174,ready,41.0,2022-11-02,2022-11-30,20,3462.0,3430.0,-0.00924321201617562,12.0,76
226237468d41e56c,MIX,2022-12-02,C:\data_quote\data_finam_MIX_tick_zip\20221202.zip,40afb618d08329432a3e47204ac5bfd4a7472dea0625b69b148f4b6a494e5bb1,7981,12540,173,ready,40.0,2022-11-03,2022-12-01,20,3462.0,3489.0,0.00779896013864818,12.0,99
226237468d41e56c,MIX,2022-12-05,C:\data_quote\data_finam_MIX_tick_zip\20221205.zip,9e3dab2789d88f42c1bc549322c1b04459fe25c714e58aba6c8cc239c0e4fc1a,10895,17208,174,ready,39.0,2022-11-07,2022-12-02,20,3461.0,3453.0,-0.0023114706732158337,9.0,158
226237468d41e56c,MIX,2022-12-06,C:\data_quote\data_finam_MIX_tick_zip\20221206.zip,3c4c1c030ada79b2cb27294d0fcd2d7472397c88914413f85e9bca361c9f4326,10447,16056,174,ready,39.0,2022-11-08,2022-12-05,20,3461.0,3400.0,-0.01762496388327073,10.0,137
226237468d41e56c,MIX,2022-12-07,C:\data_quote\data_finam_MIX_tick_zip\20221207.zip,9426c25ba395b0b07e9a99a2c8e98042bae1614a3721e81435195aa2b71d3bc4,9995,15731,174,ready,38.0,2022-11-09,2022-12-06,20,3461.0,3537.0,0.02195897139555042,10.0,138
226237468d41e56c,MIX,2022-12-08,C:\data_quote\data_finam_MIX_tick_zip\20221208.zip,13c06b4be3d72f518fdf40efedfc992693ae0e10ee2cbadfbd66b2bcb37f55c7,9720,13992,171,ready,38.0,2022-11-10,2022-12-07,20,3461.0,3428.0,-0.009534816527015313,9.0,126
226237468d41e56c,MIX,2022-12-09,C:\data_quote\data_finam_MIX_tick_zip\20221209.zip,535cc563b371373ba58edef9d5b023159d2d76fba990d8e0b7c66093a73d9a28,7335,11126,174,ready,36.0,2022-11-11,2022-12-08,20,3458.0,3547.0,0.02573742047426258,9.0,106
226237468d41e56c,MIX,2022-12-12,C:\data_quote\data_finam_MIX_tick_zip\20221212.zip,7a2214c8ca262a8b9431139753136b685c6f593b5b559557e23c1cbb200baba1,7395,11515,163,ready,36.0,2022-11-14,2022-12-09,20,3461.0,3473.0,0.0034672060098237503,9.0,104
226237468d41e56c,MIX,2022-12-13,C:\data_quote\data_finam_MIX_tick_zip\20221213.zip,30728e3f2b79bb62f7782e414cc7836dee91efb797c5dc4c6470ea7b2698e318,9522,15147,170,ready,36.0,2022-11-15,2022-12-12,20,3450.0,3411.0,-0.011304347826086957,11.0,141
226237468d41e56c,MIX,2022-12-14,C:\data_quote\data_finam_MIX_tick_zip\20221214.zip,4296c2f0e76d26f4198dfa66c680205df52770fc143b2f5c5aa1a21ba7e5faf1,4631,6578,173,ready,33.0,2022-11-16,2022-12-13,20,3446.0,3419.0,-0.00783517121300058,10.0,52
226237468d41e56c,MIX,2022-12-15,C:\data_quote\data_finam_MIX_tick_zip\20221215.zip,ca35cba82d6c3c63576dec47c63d61c7c769ed7ecdb147c8dc7e6ba465fa5ea7,11532,21082,174,ready,31.0,2022-11-17,2022-12-14,20,3445.0,3510.0,0.018867924528301886,10.0,292
226237468d41e56c,MIX,2022-12-16,C:\data_quote\data_finam_MIX_tick_zip\20221216.zip,423d573e0aa1da3a7ec6642668871063db64624eb4181bd959640da3df6d90d9,7008,11402,171,ready,32.0,2022-11-18,2022-12-15,20,3445.0,3344.0,-0.029317851959361395,10.0,151
226237468d41e56c,MIX,2022-12-19,C:\data_quote\data_finam_MIX_tick_zip\20221219.zip,1105887c7016194d31e181300c357e03db393fd1f3511dca410c870d17e42324,15813,26993,174,ready,31.0,2022-11-21,2022-12-16,20,3443.0,3532.0,0.025849549811211153,10.0,333
226237468d41e56c,MIX,2022-12-20,C:\data_quote\data_finam_MIX_tick_zip\20221220.zip,fb388763b0cfdc0fab5552e88dac8fc88c81018fe38d27fd50689924792f2569,15868,26273,174,ready,31.0,2022-11-22,2022-12-19,20,3443.0,3533.0,0.026139994191112403,10.0,335
226237468d41e56c,MIX,2022-12-21,C:\data_quote\data_finam_MIX_tick_zip\20221221.zip,ea6c2e4b83e0c3d88ad2652b1b02cff8fea7ff4307f145acddde18db39e58e15,11822,18212,173,ready,32.0,2022-11-23,2022-12-20,20,3444.0,3440.0,-0.0011614401858304297,10.0,199
226237468d41e56c,MIX,2022-12-22,C:\data_quote\data_finam_MIX_tick_zip\20221222.zip,a3c3a06dbdac3cec9fbcb7d5fb484e6e0705a16ef602583eb6c71f1f549fdcdc,11231,16957,174,ready,32.0,2022-11-24,2022-12-21,20,3444.0,3386.0,-0.01684088269454123,10.0,169
226237468d41e56c,MIX,2022-12-23,C:\data_quote\data_finam_MIX_tick_zip\20221223.zip,832a5c751c8e01940b844995382d02b385f71a405077c3480e4fbb8c40755783,8277,12520,171,ready,32.0,2022-11-25,2022-12-22,20,3448.0,3409.0,-0.01131090487238979,10.0,113
226237468d41e56c,MIX,2022-12-26,C:\data_quote\data_finam_MIX_tick_zip\20221226.zip,bb6a46bc22baa3346a81de8e81d49c2fe6444c3b15081a0b186eaa5db11cc118,10198,14417,171,ready,32.0,2022-11-28,2022-12-23,20,3447.0,3365.0,-0.023788801856686973,10.0,155
226237468d41e56c,MIX,2022-12-27,C:\data_quote\data_finam_MIX_tick_zip\20221227.zip,251d98b708c1550e879f3a2f1ba3a9695bf5c168b858e89a87c321ebded795cc,12612,17854,172,ready,32.0,2022-11-29,2022-12-26,20,3445.0,3354.0,-0.026415094339622643,10.0,178
226237468d41e56c,MIX,2022-12-28,C:\data_quote\data_finam_MIX_tick_zip\20221228.zip,a510ee4648e1034c59ec5a4075645b621b123bfc39e2292525557c84c6aa2436,10689,15565,172,ready,32.0,2022-11-30,2022-12-27,20,3446.0,3431.0,-0.004352872896111433,10.0,140
226237468d41e56c,MIX,2022-12-29,C:\data_quote\data_finam_MIX_tick_zip\20221229.zip,6e3cbc5bb695207485b7ff144e6dc99564dd3bd6ad752cfbbef258f57d150121,10776,15717,171,ready,32.0,2022-12-01,2022-12-28,20,3446.0,3465.0,0.005513639001741149,10.0,146
226237468d41e56c,MIX,2022-12-30,C:\data_quote\data_finam_MIX_tick_zip\20221230.zip,41c3c59ef15916946bb1c492d7fa58f8f1202ce583a140ea2400f0dc450f07f2,7702,11353,169,ready,32.0,2022-12-02,2022-12-29,20,3443.0,3504.0,0.017717107173976183,10.0,128
226237468d41e56c,MIX,2023-01-03,C:\data_quote\data_finam_MIX_tick_zip\20230103.zip,0e9605c84fdecb004495fb66e6ba13a38bd321db434eec4fb374b85c2a4cce3c,4699,6946,169,ready,32.0,2022-12-05,2022-12-30,20,3439.0,3495.0,0.01628380343123001,10.0,70
226237468d41e56c,MIX,2023-01-04,C:\data_quote\data_finam_MIX_tick_zip\20230104.zip,8c234ba2a5c985e1001a4dfd9bc64a89c19a2fb4529c2410e10ae1331fe0001e,4505,6919,165,ready,32.0,2022-12-06,2023-01-03,20,3434.0,3366.0,-0.019801980198019802,10.0,72
226237468d41e56c,MIX,2023-01-05,C:\data_quote\data_finam_MIX_tick_zip\20230105.zip,507dd70e20f29de964c236583c44d2009cb8ec2144d323ceda14c645498cb95f,3624,4937,164,ready,31.0,2022-12-07,2023-01-04,20,3425.0,3393.0,-0.009343065693430658,10.0,49
226237468d41e56c,MIX,2023-01-06,C:\data_quote\data_finam_MIX_tick_zip\20230106.zip,6b6588c87f3e981af327030a3db8808ffc3b7c549152e15e4b16eba7ea06d226,3153,4692,166,ready,30.0,2022-12-08,2023-01-05,20,3415.0,3402.0,-0.003806734992679356,10.0,50
226237468d41e56c,MIX,2023-01-09,C:\data_quote\data_finam_MIX_tick_zip\20230109.zip,816344a71ea009b20ade1e3c44f24c9bd1c89f6206491028fd8e56f2b0c8f8b7,5017,7319,162,ready,29.0,2022-12-09,2023-01-06,20,3410.0,3489.0,0.02316715542521994,9.0,84
226237468d41e56c,MIX,2023-01-10,C:\data_quote\data_finam_MIX_tick_zip\20230110.zip,98b0099a3a4d957a64937b07c49aa4f23c52b48fad4368325d8d5813d918e26d,6364,9729,169,ready,29.0,2022-12-12,2023-01-09,20,3398.0,3436.0,0.011183048852266038,9.0,128
226237468d41e56c,MIX,2023-01-11,C:\data_quote\data_finam_MIX_tick_zip\20230111.zip,286a3de602ece57dc08bc0dfdda13e4491e1dbbfc5f0159a85dff831b57d5355,10935,17188,173,ready,29.0,2022-12-13,2023-01-10,20,3404.0,3409.0,0.0014688601645123384,9.0,254
226237468d41e56c,MIX,2023-01-12,C:\data_quote\data_finam_MIX_tick_zip\20230112.zip,3bc846125a2af2178d684004b16f7e0cadb42abb3d50a5566ce85b1e7b81478e,7867,12523,168,ready,29.0,2022-12-14,2023-01-11,20,3407.0,3471.0,0.018784854710889344,9.0,160
226237468d41e56c,MIX,2023-01-13,C:\data_quote\data_finam_MIX_tick_zip\20230113.zip,dad6990d641b2a97e8e10b6aa8413e57fd1d893e3638a988e33ba4a668ac82d5,12084,19429,169,ready,30.0,2022-12-15,2023-01-12,20,3402.0,3372.0,-0.008818342151675485,10.0,264
226237468d41e56c,MIX,2023-01-16,C:\data_quote\data_finam_MIX_tick_zip\20230116.zip,61dda973fafd8eeb7a045e8343be1035c2e4727462d73b0a7dd3de11fca4c48a,8455,13489,170,ready,30.0,2022-12-16,2023-01-13,20,3397.0,3330.0,-0.01972328525169267,10.0,167
226237468d41e56c,MIX,2023-01-17,C:\data_quote\data_finam_MIX_tick_zip\20230117.zip,76030d8d5495d634591de516c03df6adb8aa8c0afe00f5f1f9dc4c33e0987b82,7080,11913,174,ready,30.0,2022-12-19,2023-01-16,20,3396.0,3342.0,-0.015901060070671377,10.0,157
226237468d41e56c,MIX,2023-01-18,C:\data_quote\data_finam_MIX_tick_zip\20230118.zip,c4a8e06a129954a306f032e333b6697084e4d0a80c879f20dc334b4af9bd7c32,8709,13750,174,ready,28.0,2022-12-20,2023-01-17,20,3396.0,3470.0,0.021790341578327443,9.0,211
226237468d41e56c,MIX,2023-01-19,C:\data_quote\data_finam_MIX_tick_zip\20230119.zip,001ac32a82ba35bf1899f0aa509c0110239c5392498e6296dba4359b7628b449,9011,14230,172,ready,27.0,2022-12-21,2023-01-18,20,3396.0,3456.0,0.0176678445229682,9.0,230
226237468d41e56c,MIX,2023-01-20,C:\data_quote\data_finam_MIX_tick_zip\20230120.zip,a87222da061aaa33c81d3c8fe935b430989d60fbd4f9c363c680f1d26a9fd791,7462,11529,172,ready,27.0,2022-12-22,2023-01-19,20,3395.0,3436.0,0.01207658321060383,9.0,167
226237468d41e56c,MIX,2023-01-23,C:\data_quote\data_finam_MIX_tick_zip\20230123.zip,d685bd79e5f34f7609aef821ee43a55024dac09f0a408e4cd6b42d57ca815c7b,7422,12032,170,ready,27.0,2022-12-23,2023-01-20,20,3393.0,3381.0,-0.0035366931918656055,9.0,182
226237468d41e56c,MIX,2023-01-24,C:\data_quote\data_finam_MIX_tick_zip\20230124.zip,a7b264e99873fffb12670c752b0fab1feeb28dbabd84228f1b27b32cc329098e,8016,12702,172,ready,27.0,2022-12-26,2023-01-23,20,3392.0,3396.0,0.0011792452830188679,9.0,167
226237468d41e56c,MIX,2023-01-25,C:\data_quote\data_finam_MIX_tick_zip\20230125.zip,d2c67616806c91ec50abaab3c8b03efaf5e74ba4519fe33e0b4bd8bad1fd6d2a,9738,13843,171,ready,27.0,2022-12-27,2023-01-24,20,3393.0,3374.0,-0.005599764220453876,9.0,160
226237468d41e56c,MIX,2023-01-26,C:\data_quote\data_finam_MIX_tick_zip\20230126.zip,8563ea7748366d24207be1339c8dcf5a888ec37b8abba526f062a3e256b4b2e5,5382,8279,167,ready,27.0,2022-12-28,2023-01-25,20,3392.0,3324.0,-0.020047169811320754,8.0,129
226237468d41e56c,MIX,2023-01-27,C:\data_quote\data_finam_MIX_tick_zip\20230127.zip,2dc8838fe71a84d7d26be0ae822a1096403b3ea46cab7a9c68be7f8740f7b3ab,5297,7853,169,ready,26.0,2022-12-29,2023-01-26,20,3387.0,3454.0,0.019781517567168585,8.0,124
226237468d41e56c,MIX,2023-01-30,C:\data_quote\data_finam_MIX_tick_zip\20230130.zip,5b33dfd28ee4d8f738257cb6ecb28918df916ed263eeb953f14ddf378d46dc91,4940,8018,167,ready,26.0,2022-12-30,2023-01-27,20,3385.0,3356.0,-0.008567208271787297,8.0,110
226237468d41e56c,MIX,2023-01-31,C:\data_quote\data_finam_MIX_tick_zip\20230131.zip,4a6e7c7f33d3dbca8296cc2009918a1a5d373b997bc15660bbd1e62c988e081c,9285,14445,172,ready,26.0,2023-01-03,2023-01-30,20,3383.0,3290.0,-0.027490393142181494,8.0,176
226237468d41e56c,MIX,2023-02-01,C:\data_quote\data_finam_MIX_tick_zip\20230201.zip,3fe2a6c962eee2ee2e00118145dc14349fac014dc54eecc51ce4f3905d4df846,7675,12181,172,ready,26.0,2023-01-04,2023-01-31,20,3386.0,3376.0,-0.0029533372711163615,8.0,186
226237468d41e56c,MIX,2023-02-02,C:\data_quote\data_finam_MIX_tick_zip\20230202.zip,b6a732b8a1ecc2692e9d11d63f4445918a69d0ba6cc7dc8252cda9398be65009,7332,12611,174,ready,26.0,2023-01-05,2023-02-01,20,3393.0,3464.0,0.020925434718538166,8.0,202
226237468d41e56c,MIX,2023-02-03,C:\data_quote\data_finam_MIX_tick_zip\20230203.zip,06ea07a44304f3a6e43ecfc8b880806f3ce81473a20154c3e773d874f9067f3f,9480,16260,173,ready,27.0,2023-01-06,2023-02-02,20,3403.0,3443.0,0.011754334410813987,8.0,256
226237468d41e56c,MIX,2023-02-06,C:\data_quote\data_finam_MIX_tick_zip\20230206.zip,838c05c9d6d2448e48d7b8db1e8e1b1cdfff88f8bc113b7ecee87c1a9859bfb4,8396,13403,174,ready,28.0,2023-01-09,2023-02-03,20,3410.0,3434.0,0.007038123167155425,9.0,191
226237468d41e56c,MIX,2023-02-07,C:\data_quote\data_finam_MIX_tick_zip\20230207.zip,6e777a7ae4eb2fefa36925f329a393d7aca0c52b77b0c97e0f4946ca225cb6c3,10657,17617,172,ready,29.0,2023-01-10,2023-02-06,20,3422.0,3397.0,-0.007305669199298656,9.0,255
226237468d41e56c,MIX,2023-02-08,C:\data_quote\data_finam_MIX_tick_zip\20230208.zip,0cb8b5e7182752c05a64167ef7c73a5d3de0ad26fa27fba2032efa6bad496411,11476,18782,174,ready,30.0,2023-01-11,2023-02-07,20,3425.0,3372.0,-0.015474452554744526,9.0,243
226237468d41e56c,MIX,2023-02-09,C:\data_quote\data_finam_MIX_tick_zip\20230209.zip,d7a22fbe06b01c79c0dd8e2e52ad1936d5a2b5654c2a342fd929d899c5e523fd,11229,19159,171,ready,30.0,2023-01-12,2023-02-08,20,3426.0,3363.0,-0.01838879159369527,9.0,234
226237468d41e56c,MIX,2023-02-10,C:\data_quote\data_finam_MIX_tick_zip\20230210.zip,c6d947038cecb058abcacc47ded05291d01d2646e5adc6404f84b1c6b5abf804,7899,13100,171,ready,30.0,2023-01-13,2023-02-09,20,3429.0,3449.0,0.0058326042578011085,9.0,131
226237468d41e56c,MIX,2023-02-13,C:\data_quote\data_finam_MIX_tick_zip\20230213.zip,0d212a82ea51f07bdee5020fe7d20724b387067dc1aae0959f5a680f4ce2faa7,8097,12193,172,ready,29.0,2023-01-16,2023-02-10,20,3431.0,3481.0,0.01457301078402798,9.0,141
226237468d41e56c,MIX,2023-02-14,C:\data_quote\data_finam_MIX_tick_zip\20230214.zip,08929eac1925bb6bb780f979259e3c9f39556ddeccf0a7c398a390777803d683,12553,21210,169,ready,29.0,2023-01-17,2023-02-13,20,3433.0,3447.0,0.00407806583163414,9.0,247
226237468d41e56c,MIX,2023-02-15,C:\data_quote\data_finam_MIX_tick_zip\20230215.zip,e89999f71b87e0d56e10cd57937a336fadeb76b86641d8d71fab339d0c2e2357,19751,35131,174,ready,30.0,2023-01-18,2023-02-14,20,3428.0,3371.0,-0.01662777129521587,9.0,469
226237468d41e56c,MIX,2023-02-16,C:\data_quote\data_finam_MIX_tick_zip\20230216.zip,fd5582866d663165bf2155a2301fb8fe3b5de55e66a7cea3ccf6e9827fcabdbc,15107,27062,174,ready,31.0,2023-01-19,2023-02-15,20,3428.0,3460.0,0.009334889148191364,10.0,319
226237468d41e56c,MIX,2023-02-17,C:\data_quote\data_finam_MIX_tick_zip\20230217.zip,30b7066a9ba0306faf2e59654cfcdd6fe6325373dfa1aab4e6f28e3557f8629e,9765,16184,174,ready,32.0,2023-01-20,2023-02-16,20,3430.0,3494.0,0.018658892128279883,10.0,190
226237468d41e56c,MIX,2023-02-20,C:\data_quote\data_finam_MIX_tick_zip\20230220.zip,fa0a3883496205dfd26e5bd5abce243aba458eb15b597cab2abcbbed17633d5b,13567,22143,173,ready,33.0,2023-01-23,2023-02-17,20,3432.0,3419.0,-0.003787878787878788,10.0,251
226237468d41e56c,MIX,2023-02-21,C:\data_quote\data_finam_MIX_tick_zip\20230221.zip,9d0194cc45e7d17c25a0b3887dbccd7744af785d3d4b052d2b9d4c552e389c3d,16770,30047,174,ready,34.0,2023-01-24,2023-02-20,20,3435.0,3376.0,-0.01717612809315866,10.0,337
226237468d41e56c,MIX,2023-02-22,C:\data_quote\data_finam_MIX_tick_zip\20230222.zip,bc9b9aa485a6024172bf559a96346e6c055687d5c5a3ee13853bdef3a43a622f,6698,11148,169,ready,35.0,2023-01-25,2023-02-21,20,3437.0,3445.0,0.0023276112889147513,10.0,110
226237468d41e56c,MIX,2023-02-24,C:\data_quote\data_finam_MIX_tick_zip\20230224.zip,9528ded38f3cfd4e6ac1e57a8b41ddf100deb9dc22d98c0702705693f2eca772,5783,8880,167,ready,35.0,2023-01-26,2023-02-22,20,3435.0,3460.0,0.00727802037845706,10.0,89
226237468d41e56c,MIX,2023-02-27,C:\data_quote\data_finam_MIX_tick_zip\20230227.zip,acf9cf53ed05b4760f54feeedba34334a5f06eecfa761179395656b6269d4dfe,12468,20586,172,ready,35.0,2023-01-27,2023-02-24,20,3435.0,3464.0,0.008442503639010189,10.0,163
226237468d41e56c,MIX,2023-02-28,C:\data_quote\data_finam_MIX_tick_zip\20230228.zip,cad08a5be9eaf5d7162c3eba1c3be55cb5420b3d888fe827ed985ab85e642c6f,7725,13259,167,ready,36.0,2023-01-30,2023-02-27,20,3438.0,3423.0,-0.004363001745200698,10.0,120
226237468d41e56c,MIX,2023-03-01,C:\data_quote\data_finam_MIX_tick_zip\20230301.zip,a1971354ce31bef81345207a22186095bbba80c152ee5cab9df15f2f0c123eca,8724,14703,171,ready,36.0,2023-01-31,2023-02-28,20,3438.0,3469.0,0.009016870273414777,11.0,141
226237468d41e56c,MIX,2023-03-02,C:\data_quote\data_finam_MIX_tick_zip\20230302.zip,db79d2bff1e4beaa42c9a32e9ed37f3400382a6f9c5f21a7b5cfd454ccb636bb,14798,26691,174,ready,36.0,2023-02-01,2023-03-01,20,3437.0,3501.0,0.01862089031131801,11.0,281
226237468d41e56c,MIX,2023-03-03,C:\data_quote\data_finam_MIX_tick_zip\20230303.zip,703e8403f3b206d1a68f34d314924a0bb7fe490b6d8e74e586e4ecac1a0d5890,7582,12527,173,ready,37.0,2023-02-02,2023-03-02,20,3439.0,3497.0,0.016865367839488225,11.0,103
226237468d41e56c,MIX,2023-03-06,C:\data_quote\data_finam_MIX_tick_zip\20230306.zip,f1bcb64375f48e2e5359cbd5bdc6b4d36f7440adc907183240388a01c2adb5e7,8174,13603,168,ready,37.0,2023-02-03,2023-03-03,20,3438.0,3466.0,0.008144269924374637,11.0,115
226237468d41e56c,MIX,2023-03-07,C:\data_quote\data_finam_MIX_tick_zip\20230307.zip,1f5069d2d5b725721fbf16b7e8580cde1f5de06007c9a913a61a631be6eba247,7528,11406,172,ready,37.0,2023-02-06,2023-03-06,20,3433.0,3410.0,-0.0066996795805418004,11.0,109
226237468d41e56c,MIX,2023-03-09,C:\data_quote\data_finam_MIX_tick_zip\20230309.zip,39ba468f3aa33a295af1dbd2e64e3129db947e15bd8880b025bb33fc538b7f4e,10559,16434,172,ready,37.0,2023-02-07,2023-03-07,20,3431.0,3381.0,-0.01457301078402798,11.0,155
226237468d41e56c,MIX,2023-03-10,C:\data_quote\data_finam_MIX_tick_zip\20230310.zip,4b1f0f629229c61c6cece140fe8aa94fbcc0b520448b6305d9dfa848b7f3c94a,8100,12172,173,ready,36.0,2023-02-08,2023-03-09,20,3431.0,3500.0,0.020110754881958612,9.0,116
226237468d41e56c,MIX,2023-03-13,C:\data_quote\data_finam_MIX_tick_zip\20230313.zip,e0f65a99cd1ed91a8931faed855bab0f340584b68e2d0b7260169fcf705857b4,14009,20933,166,ready,36.0,2023-02-09,2023-03-10,20,3430.0,3426.0,-0.0011661807580174927,9.0,197
226237468d41e56c,MIX,2023-03-14,C:\data_quote\data_finam_MIX_tick_zip\20230314.zip,90927eb40365a07b40353fcb81e4104b3964873f14dfc61f21a31c05526c183c,9879,13988,170,ready,36.0,2023-02-10,2023-03-13,20,3425.0,3440.0,0.004379562043795621,9.0,111
226237468d41e56c,MIX,2023-03-15,C:\data_quote\data_finam_MIX_tick_zip\20230315.zip,39c20909911647b7e10039ba5dd8bd54864339a1cfc627da4ffb771e787baa82,6074,8283,168,ready,36.0,2023-02-13,2023-03-14,20,3424.0,3446.0,0.006425233644859813,9.0,74
226237468d41e56c,MIX,2023-03-16,C:\data_quote\data_finam_MIX_tick_zip\20230316.zip,18bb8d7d0825d6da43040fb2d2a669da5a922351965b9f51255d99c942a381a6,14460,22030,168,ready,36.0,2023-02-14,2023-03-15,20,3420.0,3424.0,0.0011695906432748538,9.0,198
226237468d41e56c,MIX,2023-03-17,C:\data_quote\data_finam_MIX_tick_zip\20230317.zip,6c945645c674e21088dff2dc21352eb8827d0b6309e970724b9c472bceca7625,23867,39572,169,ready,36.0,2023-02-15,2023-03-16,20,3419.0,3440.0,0.006142146826557473,9.0,357
226237468d41e56c,MIX,2023-03-20,C:\data_quote\data_finam_MIX_tick_zip\20230320.zip,b219f8d978be336bab1064b95e537604ba1d96376174ea8c167a3f52ee7a2903,17777,29041,170,ready,36.0,2023-02-16,2023-03-17,20,3414.0,3423.0,0.0026362038664323375,9.0,279
226237468d41e56c,MIX,2023-03-21,C:\data_quote\data_finam_MIX_tick_zip\20230321.zip,4585054c4560ae72519eb82b3f54d7095a14a01ef2e9e1b9a1a8cca769172a9c,16449,27648,174,ready,36.0,2023-02-17,2023-03-20,20,3410.0,3443.0,0.00967741935483871,9.0,252
226237468d41e56c,MIX,2023-03-22,C:\data_quote\data_finam_MIX_tick_zip\20230322.zip,7238e09ecc17cd83b9abf495d767c8c000276505a5ccac7c7f81cb9a0d6a36be,10213,18353,173,ready,37.0,2023-02-20,2023-03-21,20,3410.0,3380.0,-0.008797653958944282,9.0,170
226237468d41e56c,MIX,2023-03-23,C:\data_quote\data_finam_MIX_tick_zip\20230323.zip,aa4796cfd484443c7494cca3e34707646035b93b4e5ebc6b15c004ed57e5416f,8176,14585,172,ready,36.0,2023-02-21,2023-03-22,20,3410.0,3468.0,0.017008797653958945,10.0,145
226237468d41e56c,MIX,2023-03-24,C:\data_quote\data_finam_MIX_tick_zip\20230324.zip,068f2b53748a258697efe6edfb503031da5359071cf4d1dad27e79b91b7025b6,6814,11151,170,ready,35.0,2023-02-22,2023-03-23,20,3408.0,3419.0,0.003227699530516432,10.0,106
226237468d41e56c,MIX,2023-03-27,C:\data_quote\data_finam_MIX_tick_zip\20230327.zip,0272174aefa859d4649983afe1fe7021d89f9a4f899c3952af5ec9adc5bf1f9a,12670,21869,174,ready,35.0,2023-02-24,2023-03-24,20,3409.0,3415.0,0.0017600469345849222,10.0,220
226237468d41e56c,MIX,2023-03-28,C:\data_quote\data_finam_MIX_tick_zip\20230328.zip,ec08fc036ce52b584485c0f9f11765612528f6e85403bf9cc1f7a5be566113e0,11287,19212,167,ready,36.0,2023-02-27,2023-03-27,20,3416.0,3428.0,0.00351288056206089,9.0,186
226237468d41e56c,MIX,2023-03-29,C:\data_quote\data_finam_MIX_tick_zip\20230329.zip,c5965f9e86e9bf737bc4bac7423b00e08d8dd83ac1a0a5892a6ffbb71d20997a,18103,26046,170,ready,36.0,2023-02-28,2023-03-28,20,3411.0,3449.0,0.011140428026971563,9.0,213
226237468d41e56c,MIX,2023-03-30,C:\data_quote\data_finam_MIX_tick_zip\20230330.zip,db9bbf724eabe13954d8579e6f83455174f8af210e1facb16782ee21e66920d3,11010,16076,173,ready,37.0,2023-03-01,2023-03-29,20,3414.0,3416.0,0.0005858230814294083,10.0,115
226237468d41e56c,MIX,2023-03-31,C:\data_quote\data_finam_MIX_tick_zip\20230331.zip,8edc794827265b12571664cfd312846258c35944ba8c1238404c7d02afc258bd,16380,26620,168,ready,37.0,2023-03-02,2023-03-30,20,3416.0,3405.0,-0.0032201405152224825,10.0,267
226237468d41e56c,MIX,2023-04-03,C:\data_quote\data_finam_MIX_tick_zip\20230403.zip,aea5078f6278f4b1fcc886d7c614eaadfb70687688e822d18b2de7e9acc495fc,13528,22057,173,ready,37.0,2023-03-03,2023-03-31,20,3410.0,3416.0,0.0017595307917888563,10.0,236
226237468d41e56c,MIX,2023-04-04,C:\data_quote\data_finam_MIX_tick_zip\20230404.zip,b95a0f2fcb9a2e69fa58a315178729704129211aa84ba7ed1fdeb3f9f34e77e4,13770,21419,174,ready,38.0,2023-03-06,2023-04-03,20,3410.0,3414.0,0.0011730205278592375,10.0,190
226237468d41e56c,MIX,2023-04-05,C:\data_quote\data_finam_MIX_tick_zip\20230405.zip,3d43a688952524f34d0585999ce2a8c4edf83932905a8d249fc411128113bb9b,14110,22602,174,ready,39.0,2023-03-07,2023-04-04,20,3416.0,3382.0,-0.009953161592505855,10.0,213
226237468d41e56c,MIX,2023-04-06,C:\data_quote\data_finam_MIX_tick_zip\20230406.zip,6c350810947fd8988b73ecac6cbff2bfa0c1b83e07d1d77882b010a7861a215e,16352,24458,173,ready,40.0,2023-03-09,2023-04-05,20,3418.0,3383.0,-0.01023990637799883,10.0,195
226237468d41e56c,MIX,2023-04-07,C:\data_quote\data_finam_MIX_tick_zip\20230407.zip,1d7c8f9dca920cfa4946d502cb6f5ee785d304f1cbeded7d2df848bef05fc04e,17432,26949,171,ready,40.0,2023-03-10,2023-04-06,20,3419.0,3445.0,0.0076045627376425855,12.0,207
226237468d41e56c,MIX,2023-04-10,C:\data_quote\data_finam_MIX_tick_zip\20230410.zip,dd821f286a055eee1522e740a896acaf16faba2be4f730ec8d9b78bf34756d14,14276,21926,171,ready,41.0,2023-03-13,2023-04-07,20,3417.0,3409.0,-0.002341235001463272,11.0,170
226237468d41e56c,MIX,2023-04-11,C:\data_quote\data_finam_MIX_tick_zip\20230411.zip,2257405ff085269957e2722e5b72586c7aefabb13acceb012b028615da2c4108,24111,37664,174,ready,41.0,2023-03-14,2023-04-10,20,3422.0,3405.0,-0.004967855055523086,11.0,327
226237468d41e56c,MIX,2023-04-12,C:\data_quote\data_finam_MIX_tick_zip\20230412.zip,d566dcf4923e0b34d404672d87e8fe55f0523a278c8767d4d944d09ea61fb852,17040,25289,173,ready,43.0,2023-03-15,2023-04-11,20,3426.0,3430.0,0.0011675423234092236,11.0,215
226237468d41e56c,MIX,2023-04-13,C:\data_quote\data_finam_MIX_tick_zip\20230413.zip,ca9c3e822b2f977d44539fa94307ec1c05c13fc48c5f6ef2d59a0b68234a5ffd,12105,17103,172,ready,45.0,2023-03-16,2023-04-12,20,3431.0,3386.0,-0.013115709705625183,12.0,108
226237468d41e56c,MIX,2023-04-14,C:\data_quote\data_finam_MIX_tick_zip\20230414.zip,f281f6767f5544bdbe974fe068032c43b5879980f6e993d13d4200a3b2b2571e,11744,17025,172,ready,44.0,2023-03-17,2023-04-13,20,3435.0,3438.0,0.0008733624454148472,11.0,144
226237468d41e56c,MIX,2023-04-17,C:\data_quote\data_finam_MIX_tick_zip\20230417.zip,5d4410828828c69c38544fafe52d2d7313f69792107d6ddaf6ab07a612d5595d,14738,25575,174,ready,43.0,2023-03-20,2023-04-14,20,3438.0,3407.0,-0.009016870273414777,12.0,242
226237468d41e56c,MIX,2023-04-18,C:\data_quote\data_finam_MIX_tick_zip\20230418.zip,c449412b383d14322e9ac0bd1c2f22927cd0de04977d116677e27dbc264f6a17,14399,23925,171,ready,43.0,2023-03-21,2023-04-17,20,3442.0,3422.0,-0.005810575246949448,12.0,205
226237468d41e56c,MIX,2023-04-19,C:\data_quote\data_finam_MIX_tick_zip\20230419.zip,4a8fc1100f8b0a606d146545deadb5548ccc585d0d7f3b9011b254780b6a035f,21790,35589,174,ready,43.0,2023-03-22,2023-04-18,20,3439.0,3423.0,-0.004652515266065717,10.0,301
226237468d41e56c,MIX,2023-04-20,C:\data_quote\data_finam_MIX_tick_zip\20230420.zip,badaebe61b97dfad808221877899660025571add94492e767890f0b43247675f,19598,33383,174,ready,44.0,2023-03-23,2023-04-19,20,3440.0,3469.0,0.008430232558139536,12.0,266
226237468d41e56c,MIX,2023-04-21,C:\data_quote\data_finam_MIX_tick_zip\20230421.zip,6369cf60dbd7723ce6d17f8f4d5ee03a531f632e3ba9a4df1a143efb3197ebb5,12428,21097,171,ready,46.0,2023-03-24,2023-04-20,20,3442.0,3413.0,-0.0084253341080767,11.0,150
226237468d41e56c,MIX,2023-04-24,C:\data_quote\data_finam_MIX_tick_zip\20230424.zip,ac2d6e480cd52b0d2df6270821fe5dd96d3d7274bdf783bbf6342e9f1cd7771d,7618,12239,165,ready,46.0,2023-03-27,2023-04-21,20,3443.0,3490.0,0.013650885855358699,12.0,83
226237468d41e56c,MIX,2023-04-25,C:\data_quote\data_finam_MIX_tick_zip\20230425.zip,1c8c842a4f2fdf25cb4e9eba215605db2813c931ed0bf5f045fcf8bbced853da,8683,15665,169,ready,46.0,2023-03-28,2023-04-24,20,3434.0,3410.0,-0.006988934187536401,11.0,132
226237468d41e56c,MIX,2023-04-26,C:\data_quote\data_finam_MIX_tick_zip\20230426.zip,722e2939b9a101df9597bd4bc565b46fa7aff29a5413d939ea7d3ef26f2c99b1,8486,14876,174,ready,46.0,2023-03-29,2023-04-25,20,3436.0,3406.0,-0.008731082654249126,11.0,125
226237468d41e56c,MIX,2023-04-27,C:\data_quote\data_finam_MIX_tick_zip\20230427.zip,1890f3c31f713f41de4234105659f073f4d07d7580d57b0705ff0fdb57780d04,9682,15244,174,ready,45.0,2023-03-30,2023-04-26,20,3440.0,3470.0,0.00872093023255814,11.0,92
226237468d41e56c,MIX,2023-04-28,C:\data_quote\data_finam_MIX_tick_zip\20230428.zip,40a2ce560fe674928c44c6d889f7cd59e23fd18bdfdebce546f65c5c56d99251,13889,23079,171,ready,45.0,2023-03-31,2023-04-27,20,3441.0,3466.0,0.007265329845975007,10.0,172
226237468d41e56c,MIX,2023-05-02,C:\data_quote\data_finam_MIX_tick_zip\20230502.zip,3967edc0c3afe887a08d4c3f626d7ce333139481c34bd25947ec9d6307acca68,15297,24307,174,ready,45.0,2023-04-03,2023-04-28,20,3444.0,3438.0,-0.0017421602787456446,10.0,184
226237468d41e56c,MIX,2023-05-03,C:\data_quote\data_finam_MIX_tick_zip\20230503.zip,df5b30292259d731ef1888cf9e35adacb909ba10b01dceb00ae29346433e43d4,23387,39352,174,ready,45.0,2023-04-04,2023-05-02,20,3445.0,3445.0,0.0,10.0,302
226237468d41e56c,MIX,2023-05-04,C:\data_quote\data_finam_MIX_tick_zip\20230504.zip,1b1331cb6a0b08bc4bbd5129dbe72f22381bb6ce3e592638a2d7d3f699b22f3d,17499,29027,173,ready,47.0,2023-04-05,2023-05-03,20,3445.0,3392.0,-0.015384615384615385,11.0,202
226237468d41e56c,MIX,2023-05-05,C:\data_quote\data_finam_MIX_tick_zip\20230505.zip,c405d66c2c514d483bbcd683e55b7b4746f44bccceb437c8707f8469eb57edcc,16754,28048,174,ready,47.0,2023-04-06,2023-05-04,20,3444.0,3425.0,-0.005516840882694541,11.0,198
226237468d41e56c,MIX,2023-05-08,C:\data_quote\data_finam_MIX_tick_zip\20230508.zip,e9abc259a37a9cc69aa7460b87961da0ba28f244b404c98a8ab98b59bc8c1ce6,9183,15011,173,ready,47.0,2023-04-07,2023-05-05,20,3445.0,3481.0,0.010449927431059507,11.0,82
226237468d41e56c,MIX,2023-05-10,C:\data_quote\data_finam_MIX_tick_zip\20230510.zip,aae74f838f1a514ae5ac2477d0304735b70c44d02c880b67360ac9c5bbc18587,23491,38316,174,ready,46.0,2023-04-10,2023-05-08,20,3447.0,3471.0,0.006962576153176675,11.0,274
226237468d41e56c,MIX,2023-05-11,C:\data_quote\data_finam_MIX_tick_zip\20230511.zip,e0fd85859c2947ebbf84e8e6e696b5268b0d6462c16cd28cf12b13d2c18a9d69,34333,59442,174,ready,48.0,2023-04-11,2023-05-10,20,3450.0,3422.0,-0.008115942028985508,11.0,371
226237468d41e56c,MIX,2023-05-12,C:\data_quote\data_finam_MIX_tick_zip\20230512.zip,109af7254dc292183d44cbc29a72722e1e36960e2c11e6e6b6d5e5449f03bd7d,19660,33105,174,ready,49.0,2023-04-12,2023-05-11,20,3450.0,3411.0,-0.011304347826086957,12.0,191
226237468d41e56c,MIX,2023-05-15,C:\data_quote\data_finam_MIX_tick_zip\20230515.zip,6d7269a2e5275849fa6a6597262d1b651101c8f6470516c1ecb3dcc7b367e6fd,18500,30272,174,ready,49.0,2023-04-13,2023-05-12,20,3451.0,3424.0,-0.007823819182845552,12.0,186
226237468d41e56c,MIX,2023-05-16,C:\data_quote\data_finam_MIX_tick_zip\20230516.zip,363704b27555788238fc80c08f970903de62e89bdbd186a0760c21a570abcb20,21551,31997,173,ready,49.0,2023-04-14,2023-05-15,20,3453.0,3514.0,0.017665797856936,12.0,194
226237468d41e56c,MIX,2023-05-17,C:\data_quote\data_finam_MIX_tick_zip\20230517.zip,68d1d8f37b0b5d150e8538e46668f3c770a0914a9bac1938450d7aceed3b18e9,16327,25858,172,ready,50.0,2023-04-17,2023-05-16,20,3454.0,3447.0,-0.002026635784597568,12.0,137
226237468d41e56c,MIX,2023-05-18,C:\data_quote\data_finam_MIX_tick_zip\20230518.zip,20e8a3ace9eec39eb753a9f7a29650eb80ab1dac8a8d3c0654986189f998543a,17745,32305,174,ready,50.0,2023-04-18,2023-05-17,20,3452.0,3396.0,-0.016222479721900347,12.0,205
226237468d41e56c,MIX,2023-05-19,C:\data_quote\data_finam_MIX_tick_zip\20230519.zip,af950e73381107e651bf0f942e8115cb15a226788604d65954bbc7aee84bc820,15438,27558,172,ready,50.0,2023-04-19,2023-05-18,20,3455.0,3431.0,-0.006946454413892909,12.0,183
226237468d41e56c,MIX,2023-05-22,C:\data_quote\data_finam_MIX_tick_zip\20230522.zip,ff7231e50bc13c529a811f295a5348c1e8e590d07b2597406f13c313bec67d2e,11049,18877,171,ready,49.0,2023-04-20,2023-05-19,20,3453.0,3526.0,0.021141036779611933,12.0,129
226237468d41e56c,MIX,2023-05-23,C:\data_quote\data_finam_MIX_tick_zip\20230523.zip,05afc5ec3224da86d6cd44ffc7f813d13f6a1051ac112ac0e0a6b3cd8ecfa819,24884,39519,174,ready,49.0,2023-04-21,2023-05-22,20,3450.0,3427.0,-0.006666666666666667,12.0,225
226237468d41e56c,MIX,2023-05-24,C:\data_quote\data_finam_MIX_tick_zip\20230524.zip,bebd974018457704dcd56ace7119d8a2568a632a8388e44d12afaa14224813af,15199,23963,174,ready,49.0,2023-04-24,2023-05-23,20,3453.0,3522.0,0.01998262380538662,11.0,155
226237468d41e56c,MIX,2023-05-25,C:\data_quote\data_finam_MIX_tick_zip\20230525.zip,e90eed06cb5476e1c3e9bd77499532194209780b98cbb4be31d0b1fe99f95a20,12156,19039,174,ready,50.0,2023-04-25,2023-05-24,20,3462.0,3445.0,-0.004910456383593298,12.0,108
226237468d41e56c,MIX,2023-05-26,C:\data_quote\data_finam_MIX_tick_zip\20230526.zip,04896b8a0d80348e96d21a45795a0e55274e6c319a75e7497cdc652b1ba833f2,11765,18767,174,ready,50.0,2023-04-26,2023-05-25,20,3467.0,3431.0,-0.010383616959907702,12.0,117
226237468d41e56c,MIX,2023-05-29,C:\data_quote\data_finam_MIX_tick_zip\20230529.zip,d6aaff438603e617d938b146599d087dcf6e30a55f84ac5e4d29aab09e18cf8d,15085,24180,173,ready,50.0,2023-04-27,2023-05-26,20,3467.0,3447.0,-0.005768676088837612,12.0,140
226237468d41e56c,MIX,2023-05-30,C:\data_quote\data_finam_MIX_tick_zip\20230530.zip,1e91b0692e294cc7f93601f040fec432cbf177581d0dd10b4261c344c5f30e85,26628,44051,174,ready,50.0,2023-04-28,2023-05-29,20,3466.0,3513.0,0.013560300057703404,12.0,272
226237468d41e56c,MIX,2023-05-31,C:\data_quote\data_finam_MIX_tick_zip\20230531.zip,622491536fcc243710416788c47011d9256c84560f5ac8083799c511af82c756,16818,25805,172,ready,52.0,2023-05-02,2023-05-30,20,3469.0,3479.0,0.0028826751225136927,12.0,148
226237468d41e56c,MIX,2023-06-01,C:\data_quote\data_finam_MIX_tick_zip\20230601.zip,3ab1f188cebd53d15ce974b4cab8ff309a4c724e7baf05ab0e07b7bf0f47cb45,14050,22779,171,ready,52.0,2023-05-03,2023-05-31,20,3467.0,3471.0,0.0011537352177675222,12.0,149
226237468d41e56c,MIX,2023-06-02,C:\data_quote\data_finam_MIX_tick_zip\20230602.zip,2eba26be51f7f41083d88ca725d65ee71864804e41bb14f8a1f73626e5ad4b5e,14201,22279,173,ready,51.0,2023-05-04,2023-06-01,20,3464.0,3457.0,-0.0020207852193995382,12.0,134
226237468d41e56c,MIX,2023-06-05,C:\data_quote\data_finam_MIX_tick_zip\20230605.zip,2e736c5a56b5a4563479d7130925fd8e2d1f4f1d290e85709d7029f69abcf324,23024,37615,174,ready,50.0,2023-05-05,2023-06-02,20,3464.0,3511.0,0.013568129330254041,12.0,255
226237468d41e56c,MIX,2023-06-06,C:\data_quote\data_finam_MIX_tick_zip\20230606.zip,5cf0da5da8fcd91a1c3e176b2d9648b30c482401c6cb4268c952fd73a5ced372,28493,47256,174,ready,51.0,2023-05-08,2023-06-05,20,3464.0,3482.0,0.005196304849884526,12.0,295
226237468d41e56c,MIX,2023-06-07,C:\data_quote\data_finam_MIX_tick_zip\20230607.zip,105b744af277dd735a41740babf68faf5365abfca7bf5157d13890454a725813,19389,31415,173,ready,54.0,2023-05-10,2023-06-06,20,3465.0,3415.0,-0.01443001443001443,11.0,172
226237468d41e56c,MIX,2023-06-08,C:\data_quote\data_finam_MIX_tick_zip\20230608.zip,bc2260cc1f47f1cbcb4a73527230ef7225eb770975b3a81160c00ec8d10fcc2d,14331,20987,172,ready,53.0,2023-05-11,2023-06-07,20,3464.0,3476.0,0.003464203233256351,12.0,93
226237468d41e56c,MIX,2023-06-09,C:\data_quote\data_finam_MIX_tick_zip\20230609.zip,6247c77e3a8e6d94370b633613a814d7b967ff43997d1a2b910bc2b0da575a35,17900,27425,174,ready,50.0,2023-05-12,2023-06-08,20,3462.0,3505.0,0.01242056614673599,12.0,167
226237468d41e56c,MIX,2023-06-13,C:\data_quote\data_finam_MIX_tick_zip\20230613.zip,417bd37910e6e41721b7da778b26612986e5d76b01bddb5bef073aafc808d9d3,24330,39074,174,ready,50.0,2023-05-15,2023-06-09,20,3462.0,3487.0,0.007221259387637204,12.0,218
226237468d41e56c,MIX,2023-06-14,C:\data_quote\data_finam_MIX_tick_zip\20230614.zip,7f3a07e3d467fb10b84ec92e58dfc63497786a250617271814cf6e96cc5a2a2c,15163,25010,174,ready,51.0,2023-05-16,2023-06-13,20,3462.0,3446.0,-0.00462160600808781,12.0,135
226237468d41e56c,MIX,2023-06-15,C:\data_quote\data_finam_MIX_tick_zip\20230615.zip,eb07889fa97b2d2822172417c553b0c616fd1bcf1b51609e7e8bb2cf5a6b066c,24265,39617,174,ready,50.0,2023-05-17,2023-06-14,20,3463.0,3492.0,0.00837424198671672,12.0,222
226237468d41e56c,MIX,2023-06-16,C:\data_quote\data_finam_MIX_tick_zip\20230616.zip,561a0ae6968222e768269a8b8bd704672b4313b7e763af0086a9246d6eb879e2,20577,32116,174,ready,51.0,2023-05-18,2023-06-15,20,3465.0,3492.0,0.007792207792207792,12.0,195
226237468d41e56c,MIX,2023-06-19,C:\data_quote\data_finam_MIX_tick_zip\20230619.zip,626f323f87d4712da2110e95f63f090eb2fa1cc63af4695ec7578b0e4adea16d,20132,34300,172,ready,51.0,2023-05-19,2023-06-16,20,3465.0,3490.0,0.007215007215007215,12.0,237
226237468d41e56c,MIX,2023-06-20,C:\data_quote\data_finam_MIX_tick_zip\20230620.zip,301f1923bf0c565627a1bbe0b1be7e4bde7cb5b3875381292a55b61118e376fa,21976,34994,173,ready,52.0,2023-05-22,2023-06-19,20,3465.0,3441.0,-0.006926406926406926,12.0,205
226237468d41e56c,MIX,2023-06-21,C:\data_quote\data_finam_MIX_tick_zip\20230621.zip,2ad9037097b25b25bf8d4fecf3998084eeaedfeb9c9a1be7650c9e5542720169,18575,28992,170,ready,53.0,2023-05-23,2023-06-20,20,3467.0,3437.0,-0.008653014133256417,11.0,159
226237468d41e56c,MIX,2023-06-22,C:\data_quote\data_finam_MIX_tick_zip\20230622.zip,f453d1c6b3800c4ec1bf011e7a6f0316813918ad8874b14b54fdbb0da5b9c843,16082,26613,174,ready,52.0,2023-05-24,2023-06-21,20,3463.0,3490.0,0.007796708056598325,12.0,187
226237468d41e56c,MIX,2023-06-23,C:\data_quote\data_finam_MIX_tick_zip\20230623.zip,9d6134802833e358660d853fc0999edde24dea770f70da90a9389512988c583d,41373,71973,174,ready,53.0,2023-05-25,2023-06-22,20,3463.0,3438.0,-0.007219174126479931,12.0,455
226237468d41e56c,MIX,2023-06-26,C:\data_quote\data_finam_MIX_tick_zip\20230626.zip,ae143b9c776dafb6a817e716bdf555e508bc2ba12c8c1ec851265ef02e270abe,45659,74250,174,ready,57.0,2023-05-26,2023-06-23,20,3463.0,3432.0,-0.008951775916835113,11.0,428
226237468d41e56c,MIX,2023-06-27,C:\data_quote\data_finam_MIX_tick_zip\20230627.zip,73053e16ca085190f784a926e40989dee835167c555fc88221911f4aa1fe092b,18097,29862,174,ready,61.0,2023-05-29,2023-06-26,20,3463.0,3451.0,-0.0034652035807103665,13.0,148
226237468d41e56c,MIX,2023-06-28,C:\data_quote\data_finam_MIX_tick_zip\20230628.zip,99cbde13f6fd0c282dd4aa5dad481bc393f539cffb95436d84615e8f12729a6a,17436,26260,174,ready,61.0,2023-05-30,2023-06-27,20,3464.0,3491.0,0.00779445727482679,12.0,118
226237468d41e56c,MIX,2023-06-29,C:\data_quote\data_finam_MIX_tick_zip\20230629.zip,924847464e65147a194712f2a70fc363f716023edd85c08fecc3ae3ecf0f24a0,21248,33617,174,ready,60.0,2023-05-31,2023-06-28,20,3464.0,3450.0,-0.0040415704387990765,13.0,176
226237468d41e56c,MIX,2023-06-30,C:\data_quote\data_finam_MIX_tick_zip\20230630.zip,ee5981e43cf3a7638ac9c75b111dd78c7a7286928e3e07cdbf71169f607190e2,21498,36957,174,ready,61.0,2023-06-01,2023-06-29,20,3466.0,3451.0,-0.004327755337564916,13.0,175
226237468d41e56c,MIX,2023-07-03,C:\data_quote\data_finam_MIX_tick_zip\20230703.zip,657e2a3af9f5ea01b6951a9ef6af9b94f9d20cbefac7bcd87a1fffa0644b86bc,14864,25228,173,ready,61.0,2023-06-02,2023-06-30,20,3469.0,3512.0,0.012395503026808878,12.0,111
226237468d41e56c,MIX,2023-07-04,C:\data_quote\data_finam_MIX_tick_zip\20230704.zip,932375658285824d44121cf9e7b122e50f05fd17fdd6e4641bf6f99cc8ee6b8d,19617,32303,174,ready,61.0,2023-06-05,2023-07-03,20,3469.0,3520.0,0.014701643124819834,13.0,168
226237468d41e56c,MIX,2023-07-05,C:\data_quote\data_finam_MIX_tick_zip\20230705.zip,63954ac60996b137af7bef6cced90651262087cbaed189f36db9b590882ed5af,14567,26223,173,ready,61.0,2023-06-06,2023-07-04,20,3469.0,3482.0,0.0037474776592678004,12.0,144
226237468d41e56c,MIX,2023-07-06,C:\data_quote\data_finam_MIX_tick_zip\20230706.zip,621b772535fa360ae6284b8be6962b9d4181635a9065abed4a50ee975bb259a5,19775,32569,172,ready,60.0,2023-06-07,2023-07-05,20,3468.0,3469.0,0.0002883506343713956,13.0,164
226237468d41e56c,MIX,2023-07-07,C:\data_quote\data_finam_MIX_tick_zip\20230707.zip,b4a573743654b9583dbed82d7dff29c7d77f98c2388d8906135c9d824a0b65dc,10071,16123,174,ready,60.0,2023-06-08,2023-07-06,20,3467.0,3492.0,0.007210845111047015,13.0,72
226237468d41e56c,MIX,2023-07-10,C:\data_quote\data_finam_MIX_tick_zip\20230710.zip,3c6f33015c0fa7f9474fd930978e9ba3f90bc41f544617919dc728456277d447,19385,32059,175,ready,60.0,2023-06-09,2023-07-07,20,3469.0,3488.0,0.005477082732776016,13.0,174
226237468d41e56c,MIX,2023-07-11,C:\data_quote\data_finam_MIX_tick_zip\20230711.zip,871032e12d0fc78319f1f8ee8bdd1deeba427b7b59c67b8cd9e671a87bd481fa,14805,22719,175,ready,61.0,2023-06-13,2023-07-10,20,3470.0,3437.0,-0.009510086455331412,13.0,109
226237468d41e56c,MIX,2023-07-12,C:\data_quote\data_finam_MIX_tick_zip\20230712.zip,3da7c28ac8c671eadc3c791091ef114e5607f25df0e23bf01d021aadd8499e24,24526,41812,175,ready,60.0,2023-06-14,2023-07-11,20,3471.0,3472.0,0.0002881014116969173,13.0,221
226237468d41e56c,MIX,2023-07-13,C:\data_quote\data_finam_MIX_tick_zip\20230713.zip,a7c8da7e91e4584db4b52c482701b529cbb2ef8d3775db3c340a300dd09836d8,24000,40183,173,ready,61.0,2023-06-15,2023-07-12,20,3472.0,3492.0,0.00576036866359447,13.0,225
226237468d41e56c,MIX,2023-07-14,C:\data_quote\data_finam_MIX_tick_zip\20230714.zip,20ec33354a9a06cfb4049415e58047930dbac6131a8a38289908525d4d635e1c,14591,24361,172,ready,62.0,2023-06-16,2023-07-13,20,3471.0,3453.0,-0.005185825410544511,12.0,116
226237468d41e56c,MIX,2023-07-17,C:\data_quote\data_finam_MIX_tick_zip\20230717.zip,b68e8e27a69544be468086e185cf1e16bdb87286a3a9a514aa90f3cc54d3606e,23736,39826,175,ready,61.0,2023-06-19,2023-07-14,20,3469.0,3511.0,0.012107235514557509,11.0,197
226237468d41e56c,MIX,2023-07-18,C:\data_quote\data_finam_MIX_tick_zip\20230718.zip,32bd1e5ceb4275f7754a05486f529e7a48a0da3c66e9d6fb36734f43d8c3f7f0,23116,39078,175,ready,62.0,2023-06-20,2023-07-17,20,3472.0,3435.0,-0.01065668202764977,12.0,216
226237468d41e56c,MIX,2023-07-19,C:\data_quote\data_finam_MIX_tick_zip\20230719.zip,d80a8cb8bd6e2e5170e79d3af7dbd4cf9718a2680f55d3cb84032f877d187ab5,20352,32137,173,ready,62.0,2023-06-21,2023-07-18,20,3474.0,3492.0,0.0051813471502590676,11.0,171
226237468d41e56c,MIX,2023-07-20,C:\data_quote\data_finam_MIX_tick_zip\20230720.zip,6cfb3b5a4f5ecaaa47ff36fd25f2e5d9b62be2444ce40a540dbdc09badb2ef35,26607,42633,175,ready,63.0,2023-06-22,2023-07-19,20,3477.0,3485.0,0.0023008340523439745,13.0,221
226237468d41e56c,MIX,2023-07-21,C:\data_quote\data_finam_MIX_tick_zip\20230721.zip,9d5513adfc04ef3362575b9b5ca6d7ca4c28ce8753fee3ce67ef5258637c50d1,23883,38603,175,ready,64.0,2023-06-23,2023-07-20,20,3478.0,3488.0,0.002875215641173088,11.0,205
226237468d41e56c,MIX,2023-07-24,C:\data_quote\data_finam_MIX_tick_zip\20230724.zip,3915b5a4140ea2b9687d95be49e2eaa2b4e72eb1abc17d66ceade35e7c81f2ba,16278,25772,174,ready,62.0,2023-06-26,2023-07-21,20,3479.0,3452.0,-0.0077608508192009195,13.0,120
226237468d41e56c,MIX,2023-07-25,C:\data_quote\data_finam_MIX_tick_zip\20230725.zip,b5a308b20f01ec3d50d09a8322e2267a52092c347b1d2854d364ce2aaf77c58f,17050,28077,174,ready,59.0,2023-06-27,2023-07-24,20,3479.0,3429.0,-0.014371945961483185,13.0,141
226237468d41e56c,MIX,2023-07-26,C:\data_quote\data_finam_MIX_tick_zip\20230726.zip,ad1b914e2d8d0fc31ef7cf6618637dec1ba513004789f8c19d9d632337648d1e,17254,26979,174,ready,58.0,2023-06-28,2023-07-25,20,3479.0,3517.0,0.010922678930727221,12.0,136
226237468d41e56c,MIX,2023-07-27,C:\data_quote\data_finam_MIX_tick_zip\20230727.zip,099af5ba880eababe678fcd9012be3929f9840382a210b3610446271a77c6a3d,18584,30428,175,ready,58.0,2023-06-29,2023-07-26,20,3479.0,3519.0,0.011497556769186549,12.0,171
226237468d41e56c,MIX,2023-07-28,C:\data_quote\data_finam_MIX_tick_zip\20230728.zip,7481efa094235e188a750ff344eacf3c6b4e44dccf2cc05041b6349ccea0a3f8,19142,32968,175,ready,58.0,2023-06-30,2023-07-27,20,3480.0,3500.0,0.005747126436781609,12.0,191
226237468d41e56c,MIX,2023-07-31,C:\data_quote\data_finam_MIX_tick_zip\20230731.zip,4c891cad696a057e7fb4eeaa33472937c0de01a1b1bbf4af24b0d030a8d38166,29554,49827,175,ready,58.0,2023-07-03,2023-07-28,20,3481.0,3502.0,0.006032749209997127,12.0,284
226237468d41e56c,MIX,2023-08-01,C:\data_quote\data_finam_MIX_tick_zip\20230801.zip,a38f544c0b6926cadff5ebb7c9aa7c8db160683b9af7b8156499a089f59c5731,34140,60629,175,ready,60.0,2023-07-04,2023-07-31,20,3483.0,3464.0,-0.005455067470571347,12.0,373
226237468d41e56c,MIX,2023-08-02,C:\data_quote\data_finam_MIX_tick_zip\20230802.zip,cf59a37d82e1dedf5f853b0036e90d72ea963791157aaebcc3fd09c8354f8d41,28998,47293,175,ready,63.0,2023-07-05,2023-08-01,20,3484.0,3463.0,-0.006027554535017222,13.0,234
226237468d41e56c,MIX,2023-08-03,C:\data_quote\data_finam_MIX_tick_zip\20230803.zip,5efd6701ac6ea389c5febd6b60e8120167aa9befae6bbc991e3a77df63738deb,30450,52462,175,ready,64.0,2023-07-06,2023-08-02,20,3486.0,3487.0,0.00028686173264486515,13.0,286
226237468d41e56c,MIX,2023-08-04,C:\data_quote\data_finam_MIX_tick_zip\20230804.zip,643d01c764c6836a0c8628b5976ac00ea49afea5b7028ecc848e8401424793e9,83409,143385,175,ready,66.0,2023-07-07,2023-08-03,20,3489.0,3475.0,-0.004012611063341932,13.0,745
226237468d41e56c,MIX,2023-08-07,C:\data_quote\data_finam_MIX_tick_zip\20230807.zip,21bd5ecdf963bc78cfbbe1d53f83e524a43b24426ac00a65ce970145d985be21,49569,86582,175,ready,75.0,2023-07-10,2023-08-04,20,3490.0,3470.0,-0.0057306590257879654,14.0,345
226237468d41e56c,MIX,2023-08-08,C:\data_quote\data_finam_MIX_tick_zip\20230808.zip,73112342e92422b0cf1f5733d59a599844ab2ff736bd303c45a58b0c4cb32ff4,53381,92888,175,ready,78.0,2023-07-11,2023-08-07,20,3490.0,3474.0,-0.004584527220630372,14.0,396
226237468d41e56c,MIX,2023-08-09,C:\data_quote\data_finam_MIX_tick_zip\20230809.zip,aea89dc4e030ebb8a7af2b99a2ce889992a5eecd171c024da506b3bc8c8abdbc,35017,58495,174,ready,83.0,2023-07-12,2023-08-08,20,3490.0,3512.0,0.006303724928366762,14.0,208
226237468d41e56c,MIX,2023-08-10,C:\data_quote\data_finam_MIX_tick_zip\20230810.zip,66da391538f3e3de28e06c569a1862ee0f100d27343b1b4f32de8f0795ff54a6,28498,50566,175,ready,84.0,2023-07-13,2023-08-09,20,3489.0,3494.0,0.0014330753797649756,12.0,183
226237468d41e56c,MIX,2023-08-11,C:\data_quote\data_finam_MIX_tick_zip\20230811.zip,5a5d1379dff3545d81bf2fe82a52e07577f078ba2ba16f451d2ca120b0e91f98,27398,48241,175,ready,85.0,2023-07-14,2023-08-10,20,3491.0,3483.0,-0.0022916069894013177,12.0,179
226237468d41e56c,MIX,2023-08-14,C:\data_quote\data_finam_MIX_tick_zip\20230814.zip,81208a3782646092c74f3f473b2c1c87ed2751ddd5d4a1c9c67108c06b6e9c25,59637,103196,175,ready,87.0,2023-07-17,2023-08-11,20,3494.0,3504.0,0.0028620492272467086,12.0,299
226237468d41e56c,MIX,2023-08-15,C:\data_quote\data_finam_MIX_tick_zip\20230815.zip,1821baba566edb29956defd473ffff61adaa4266731dc6c867524f0169bb674c,64899,107320,175,ready,90.0,2023-07-18,2023-08-14,20,3494.0,3497.0,0.0008586147681740126,14.0,345
226237468d41e56c,MIX,2023-08-16,C:\data_quote\data_finam_MIX_tick_zip\20230816.zip,938264a1cc3b07dd09fe108aba991d0a4c9f0bd26d5b5a029bfe50832857dd7d,60651,100948,175,ready,93.0,2023-07-19,2023-08-15,20,3494.0,3511.0,0.004865483686319404,11.0,300
226237468d41e56c,MIX,2023-08-17,C:\data_quote\data_finam_MIX_tick_zip\20230817.zip,6011169b7f5281aa544020c94186d0922d8237eca8ed583fc786508511c57d2b,44630,70614,175,ready,97.0,2023-07-20,2023-08-16,20,3496.0,3500.0,0.0011441647597254005,14.0,197
226237468d41e56c,MIX,2023-08-18,C:\data_quote\data_finam_MIX_tick_zip\20230818.zip,56017df0189a231326b10a21644b07d5115e8c36a84108d9dd60977eed35c0c9,33213,52962,171,ready,100.0,2023-07-21,2023-08-17,20,3496.0,3486.0,-0.002860411899313501,16.0,140
226237468d41e56c,MIX,2023-08-21,C:\data_quote\data_finam_MIX_tick_zip\20230821.zip,a340791b85ac42ff159982acdaea4283dffe15a9346336abd35777c8977d9f23,32498,53159,174,ready,100.0,2023-07-24,2023-08-18,20,3492.0,3516.0,0.006872852233676976,13.0,122
226237468d41e56c,MIX,2023-08-22,C:\data_quote\data_finam_MIX_tick_zip\20230822.zip,5fd8195bf17f9c0a40aeef14e98d51743a6f15198f280d10a4d0b4fafdd5b941,28498,47578,175,ready,101.0,2023-07-25,2023-08-21,20,3492.0,3491.0,-0.000286368843069874,15.0,106
226237468d41e56c,MIX,2023-08-23,C:\data_quote\data_finam_MIX_tick_zip\20230823.zip,4034f84689900bc8e73dbd16674d380ab6a87cc44ba33f953963cd96d8d814e1,45233,87343,175,ready,102.0,2023-07-26,2023-08-22,20,3493.0,3473.0,-0.005725737188663041,16.0,273
226237468d41e56c,MIX,2023-08-24,C:\data_quote\data_finam_MIX_tick_zip\20230824.zip,8313d888d53d98282ec2d005617717eaab3ceb58b4ae6b22120ad0042e85e21c,24836,48535,175,ready,106.0,2023-07-27,2023-08-23,20,3494.0,3480.0,-0.004006868918145392,15.0,138
226237468d41e56c,MIX,2023-08-25,C:\data_quote\data_finam_MIX_tick_zip\20230825.zip,0eb1588a083c913b2508c573061d7a7f2143afe8288eb8cbb0d1b9cc40521405,21529,42500,175,ready,108.0,2023-07-28,2023-08-24,20,3494.0,3479.0,-0.004293073840870063,16.0,97
226237468d41e56c,MIX,2023-08-28,C:\data_quote\data_finam_MIX_tick_zip\20230828.zip,41a4699c16b02ea85f3011ad8057addcfaadecb788456df4cfde2ecfc3b6e62b,24795,47834,175,ready,108.0,2023-07-31,2023-08-25,20,3494.0,3488.0,-0.0017172295363480253,15.0,112
226237468d41e56c,MIX,2023-08-29,C:\data_quote\data_finam_MIX_tick_zip\20230829.zip,f88ca1e029cd8dc4622b9ada40b0c3289f2b60cc2534c0009deb7e322aafca3f,23783,44640,175,ready,108.0,2023-08-01,2023-08-28,20,3494.0,3481.0,-0.003720663995420721,15.0,118
226237468d41e56c,MIX,2023-08-30,C:\data_quote\data_finam_MIX_tick_zip\20230830.zip,5ca1a6d673801b51a4a61a9a0fb835f6dbcb159b230ce77d815aa3cc65dd0ab7,21450,40471,175,ready,107.0,2023-08-02,2023-08-29,20,3494.0,3496.0,0.0005724098454493417,15.0,102
226237468d41e56c,MIX,2023-08-31,C:\data_quote\data_finam_MIX_tick_zip\20230831.zip,761f0fb0c19c3bd3d06ec7d180d72060e82754f8f75e905df7f2d9a41731caf3,19562,37331,175,ready,106.0,2023-08-03,2023-08-30,20,3494.0,3505.0,0.0031482541499713796,15.0,98
226237468d41e56c,MIX,2023-09-01,C:\data_quote\data_finam_MIX_tick_zip\20230901.zip,484334d90c005df1c4aa01a0f7c074938e844c55dc99d305c792cdfbcad3578f,16269,28625,174,ready,105.0,2023-08-04,2023-08-31,20,3494.0,3524.0,0.008586147681740127,15.0,63
226237468d41e56c,MIX,2023-09-04,C:\data_quote\data_finam_MIX_tick_zip\20230904.zip,293106874c7b88e85fd2d366d178902b2a0ec728bd63235ed6868dabafd67938,21814,41489,175,ready,99.0,2023-08-07,2023-09-01,20,3493.0,3514.0,0.006012024048096192,14.0,121
226237468d41e56c,MIX,2023-09-05,C:\data_quote\data_finam_MIX_tick_zip\20230905.zip,e1faf9b9b4d3a738ec0d338a1902eae2c95f65febb1b558b5d4ec8872fe5dada,31175,56545,175,ready,97.0,2023-08-08,2023-09-04,20,3493.0,3520.0,0.007729745204695104,12.0,180
226237468d41e56c,MIX,2023-09-06,C:\data_quote\data_finam_MIX_tick_zip\20230906.zip,e227db011cb5001eb1758e09a05ff2d616484049cb8640d52f0c8c890cf1f0c4,25681,44386,174,ready,94.0,2023-08-09,2023-09-05,20,3493.0,3494.0,0.000286286859433152,12.0,135
226237468d41e56c,MIX,2023-09-07,C:\data_quote\data_finam_MIX_tick_zip\20230907.zip,fe86c955823882d44ee46b9272b25f276a4f27be8c68e9359b9170de64b0f983,55447,103739,174,ready,93.0,2023-08-10,2023-09-06,20,3493.0,3491.0,-0.000572573718866304,11.0,347
226237468d41e56c,MIX,2023-09-08,C:\data_quote\data_finam_MIX_tick_zip\20230908.zip,0bc4e5aaa5bb6f39fe0bbc3dc3894cb2e95d07a6177df84e5c47b7a6235b7616,43494,79204,175,ready,98.0,2023-08-11,2023-09-07,20,3492.0,3467.0,-0.00715922107674685,13.0,229
226237468d41e56c,MIX,2023-09-11,C:\data_quote\data_finam_MIX_tick_zip\20230911.zip,288d34cd8475c3a5aff2644ee9f6fc537f3d7b55b1c58ea9ea980d42cc38f775,37428,69384,175,ready,99.0,2023-08-14,2023-09-08,20,3492.0,3481.0,-0.003150057273768614,15.0,209
226237468d41e56c,MIX,2023-09-12,C:\data_quote\data_finam_MIX_tick_zip\20230912.zip,c83dad8aabfaccd207ea8b78454f65c47e03ce0d60cd177c2d8a5aafa3bc647d,40448,77242,175,ready,98.0,2023-08-15,2023-09-11,20,3492.0,3508.0,0.004581901489117984,13.0,244
226237468d41e56c,MIX,2023-09-13,C:\data_quote\data_finam_MIX_tick_zip\20230913.zip,3b277a33bd0fdad6016ea6eda67f95bc19d98d9acd9180d950a75e4cd8571ab1,15478,27765,120,ready,98.0,2023-08-16,2023-09-12,20,3492.0,3463.0,-0.008304696449026346,13.0,75
226237468d41e56c,MIX,2023-09-14,C:\data_quote\data_finam_MIX_tick_zip\20230914.zip,8574681aad27d4d280dd42e3cd31baad4e570d4baa72646fd496b1a583f09265,45422,83243,173,ready,93.0,2023-08-17,2023-09-13,20,3437.0,3457.0,0.005819028222286878,14.0,249
226237468d41e56c,MIX,2023-09-15,C:\data_quote\data_finam_MIX_tick_zip\20230915.zip,ed00dd638ec890aa13d4b101979bbaf41c65d81613d9a2410b3da683a07d71d0,31444,54692,174,ready,94.0,2023-08-18,2023-09-14,20,3435.0,3444.0,0.0026200873362445414,14.0,159
226237468d41e56c,MIX,2023-09-18,C:\data_quote\data_finam_MIX_tick_zip\20230918.zip,380472e681851edf745a934fcaeb08bafdcdee1e5fd7741dbb887366e8353a22,26760,49854,173,ready,96.0,2023-08-21,2023-09-15,20,3438.0,3423.0,-0.004363001745200698,15.0,138
226237468d41e56c,MIX,2023-09-19,C:\data_quote\data_finam_MIX_tick_zip\20230919.zip,5dd58f9cea9a801cf0a184cd7d5cdcb327336a82b91f3973e7526415bb0f3e39,49103,95320,174,ready,95.0,2023-08-22,2023-09-18,20,3437.0,3420.0,-0.004946173988943846,15.0,269
226237468d41e56c,MIX,2023-09-20,C:\data_quote\data_finam_MIX_tick_zip\20230920.zip,47756be294a7bb81a6547ebe5cdae7272afb6ff4b348a8e8efabf045534b2bf9,32565,53029,174,ready,98.0,2023-08-23,2023-09-19,20,3436.0,3443.0,0.002037252619324796,13.0,136
226237468d41e56c,MIX,2023-09-21,C:\data_quote\data_finam_MIX_tick_zip\20230921.zip,d4dd08efc987076c9abb5bbf5297bfc24ca531d55d2470db29909b4fe5f01551,51653,92356,174,ready,96.0,2023-08-24,2023-09-20,20,3435.0,3415.0,-0.005822416302765648,15.0,276
226237468d41e56c,MIX,2023-09-22,C:\data_quote\data_finam_MIX_tick_zip\20230922.zip,e8a5a8fc5493affc0ac6c3d6ac82ec41e9fca2251770aa8f6ae105991ce7f8d6,43344,73867,174,ready,98.0,2023-08-25,2023-09-21,20,3434.0,3418.0,-0.004659289458357601,14.0,237
226237468d41e56c,MIX,2023-09-25,C:\data_quote\data_finam_MIX_tick_zip\20230925.zip,8d652677929c2ed1661c67f89aee4cd51fdbee724c66587e31b619146ecd575d,27703,47794,173,ready,100.0,2023-08-28,2023-09-22,20,3433.0,3440.0,0.00203903291581707,15.0,134
226237468d41e56c,MIX,2023-09-26,C:\data_quote\data_finam_MIX_tick_zip\20230926.zip,ee4ba492a9aa01d330c176aa451602913778336bc36e0645906adb3bf3275e1c,28531,51099,174,ready,100.0,2023-08-29,2023-09-25,20,3431.0,3442.0,0.0032060623724861556,15.0,142
226237468d41e56c,MIX,2023-09-27,C:\data_quote\data_finam_MIX_tick_zip\20230927.zip,22f33d4200dd2f4d3689926d6fdcfb892471785c839596a57cd498286a3523a1,30008,52094,174,ready,101.0,2023-08-30,2023-09-26,20,3430.0,3409.0,-0.006122448979591836,15.0,146
226237468d41e56c,MIX,2023-09-28,C:\data_quote\data_finam_MIX_tick_zip\20230928.zip,d9479c1f4d936c3d5ff6afaf9bc016000bbe37510c976a85334c4b8113a09d8e,30278,52867,174,ready,101.0,2023-08-31,2023-09-27,20,3429.0,3441.0,0.003499562554680665,15.0,158
226237468d41e56c,MIX,2023-09-29,C:\data_quote\data_finam_MIX_tick_zip\20230929.zip,85afafd9b007af4715e970be8f35315654b90026673d1ca977f2787d2a48d14f,36084,70383,174,ready,102.0,2023-09-01,2023-09-28,20,3428.0,3418.0,-0.0029171528588098016,14.0,227
226237468d41e56c,MIX,2023-10-02,C:\data_quote\data_finam_MIX_tick_zip\20231002.zip,684774f122ba9b6c99602ab495e1349c6cc95c4e46f5109e080f681b95d8608a,26293,45607,174,ready,105.0,2023-09-04,2023-09-29,20,3428.0,3436.0,0.002333722287047841,14.0,110
226237468d41e56c,MIX,2023-10-03,C:\data_quote\data_finam_MIX_tick_zip\20231003.zip,81cc70580cfc58bdc3a155936e9d54abbf111213b45c7db39e15c0094818485a,32283,57360,174,ready,105.0,2023-09-05,2023-10-02,20,3427.0,3431.0,0.0011672016340822876,14.0,154
226237468d41e56c,MIX,2023-10-04,C:\data_quote\data_finam_MIX_tick_zip\20231004.zip,000729f081271579d9fe52b03c914f23965e75991e55ecfe92661e18b8c3c9a4,25232,39912,174,ready,105.0,2023-09-06,2023-10-03,20,3426.0,3428.0,0.0005837711617046118,14.0,93
226237468d41e56c,MIX,2023-10-05,C:\data_quote\data_finam_MIX_tick_zip\20231005.zip,af77acabb088e7b096d63d02054e06819e3a038112bdbdd8534e4d947a1e3448,26190,43678,174,ready,105.0,2023-09-07,2023-10-04,20,3426.0,3399.0,-0.00788091068301226,14.0,113
226237468d41e56c,MIX,2023-10-06,C:\data_quote\data_finam_MIX_tick_zip\20231006.zip,ecccfd927ed3fa35a88e70d8dbf63084b51ddcb944792772bd7e873d6a080728,24445,41653,174,ready,101.0,2023-09-08,2023-10-05,20,3426.0,3422.0,-0.0011675423234092236,15.0,106
226237468d41e56c,MIX,2023-10-09,C:\data_quote\data_finam_MIX_tick_zip\20231009.zip,f51e3f21fd3a4844da3d5a3e40dfd791a8b53e25b720777da58502140bb9b7f3,33028,59346,174,ready,98.0,2023-09-11,2023-10-06,20,3425.0,3433.0,0.0023357664233576644,13.0,163
226237468d41e56c,MIX,2023-10-10,C:\data_quote\data_finam_MIX_tick_zip\20231010.zip,6e27a5b44a9a6b259a092afcd6864464ad4dac2459bcb6c14d5d6cb0a816ea8d,21202,36321,171,ready,97.0,2023-09-12,2023-10-09,20,3424.0,3446.0,0.006425233644859813,13.0,101
226237468d41e56c,MIX,2023-10-11,C:\data_quote\data_finam_MIX_tick_zip\20231011.zip,1791cc6720f00af0e6c7a532bad41f8e1790863a3abef03634f7678b58c5772e,29393,55442,174,ready,94.0,2023-09-13,2023-10-10,20,3420.0,3441.0,0.0061403508771929825,14.0,192
226237468d41e56c,MIX,2023-10-12,C:\data_quote\data_finam_MIX_tick_zip\20231012.zip,295f92c01a438ab73e38034a4cbedb8a720a398d8b6e84a7d0f982b03ad40305,26138,48143,173,ready,95.0,2023-09-14,2023-10-11,20,3474.0,3504.0,0.008635578583765112,14.0,138
226237468d41e56c,MIX,2023-10-13,C:\data_quote\data_finam_MIX_tick_zip\20231013.zip,599299a68a4f2fd50846072cf599e09c5b1b592335533c394f9e706b843b4073,18729,31366,174,ready,94.0,2023-09-15,2023-10-12,20,3474.0,3461.0,-0.003742084052964882,13.0,92
226237468d41e56c,MIX,2023-10-16,C:\data_quote\data_finam_MIX_tick_zip\20231016.zip,4a98c61dfbb583c0cef3ea38173a7aae8422570822143589613ac68728925825,19812,36051,174,ready,92.0,2023-09-18,2023-10-13,20,3474.0,3478.0,0.0011514104778353484,14.0,104
226237468d41e56c,MIX,2023-10-17,C:\data_quote\data_finam_MIX_tick_zip\20231017.zip,fe03c629d3da6b4586b403e93987a7b36f33c9b079ff54089a0ad722362cb06a,22903,47721,173,ready,91.0,2023-09-19,2023-10-16,20,3475.0,3473.0,-0.0005755395683453237,15.0,188
226237468d41e56c,MIX,2023-10-18,C:\data_quote\data_finam_MIX_tick_zip\20231018.zip,eefddf47fcb4f5eb54e9e54e5d010b682f96760e59ad4b4dde40336e4f305400,25467,43847,174,ready,89.0,2023-09-20,2023-10-17,20,3474.0,3467.0,-0.0020149683362118594,14.0,154
226237468d41e56c,MIX,2023-10-19,C:\data_quote\data_finam_MIX_tick_zip\20231019.zip,34c4642947c71c3b774cbffb8aa1b2de681413a4395f987e5b147a4b353e1fb8,19871,33630,174,ready,89.0,2023-09-21,2023-10-18,20,3474.0,3466.0,-0.002302820955670697,14.0,109
226237468d41e56c,MIX,2023-10-20,C:\data_quote\data_finam_MIX_tick_zip\20231020.zip,04c7d21b5288764724d38cdfecf218c335e43753d221c88f9faef62a2e067711,23903,42665,174,ready,86.0,2023-09-22,2023-10-19,20,3474.0,3427.0,-0.013529073114565342,15.0,151
226237468d41e56c,MIX,2023-10-23,C:\data_quote\data_finam_MIX_tick_zip\20231023.zip,cc95c225850e1b8815237448da365f555e9471fbee42bbeea37b7b10dbcfec55,20422,37999,174,ready,83.0,2023-09-25,2023-10-20,20,3474.0,3492.0,0.0051813471502590676,12.0,133
226237468d41e56c,MIX,2023-10-24,C:\data_quote\data_finam_MIX_tick_zip\20231024.zip,bb54ad63ae62e47a1f636037abb42a24ae4cba8e6670c48e37061bcb7a3c1eea,17908,31367,173,ready,82.0,2023-09-26,2023-10-23,20,3475.0,3494.0,0.005467625899280576,12.0,124
226237468d41e56c,MIX,2023-10-25,C:\data_quote\data_finam_MIX_tick_zip\20231025.zip,759c3e795844be23913ef6e7a91b43b57a01991c70b00eac0fc261de4173adb8,16473,27485,173,ready,81.0,2023-09-27,2023-10-24,20,3474.0,3493.0,0.005469199769717904,12.0,97
226237468d41e56c,MIX,2023-10-26,C:\data_quote\data_finam_MIX_tick_zip\20231026.zip,b0084f1223928db573f5df48847e411a3540907a3f8fe4bfbd6be0e931e9a9ad,31894,55252,174,ready,79.0,2023-09-28,2023-10-25,20,3473.0,3495.0,0.006334581053843939,14.0,210
226237468d41e56c,MIX,2023-10-27,C:\data_quote\data_finam_MIX_tick_zip\20231027.zip,713925bc097f282ce13ed2327de5b30ff4fbeb7e147e2a9d8393d5b321700f5b,35266,59995,174,ready,79.0,2023-09-29,2023-10-26,20,3473.0,3490.0,0.0048949035416066804,14.0,220
226237468d41e56c,MIX,2023-10-30,C:\data_quote\data_finam_MIX_tick_zip\20231030.zip,91f7f4a16da3eb23e62a4d1ec4f808c32b4e5d7d3d654f856d5ab657579ff90c,20823,35006,174,ready,78.0,2023-10-02,2023-10-27,20,3473.0,3488.0,0.004319032536711776,11.0,125
226237468d41e56c,MIX,2023-10-31,C:\data_quote\data_finam_MIX_tick_zip\20231031.zip,a8f6aead8b649352ae210854a1c42b109fb252edc6849534b1d4bed0ddd21dd9,31223,56332,175,ready,77.0,2023-10-03,2023-10-30,20,3473.0,3499.0,0.007486323063633746,14.0,260
226237468d41e56c,MIX,2023-11-01,C:\data_quote\data_finam_MIX_tick_zip\20231101.zip,03752b48f0bc77ef9b279e4ed5b1f553cd6a8e05a4325002093229cbf534bd4f,14551,23803,174,ready,78.0,2023-10-04,2023-10-31,20,3474.0,3448.0,-0.007484168105929764,11.0,83
226237468d41e56c,MIX,2023-11-02,C:\data_quote\data_finam_MIX_tick_zip\20231102.zip,443ed30213893e75ea9fc5fcd4d5929a761446ceb03a5d43d64442e1e7b45ca0,22395,38515,175,ready,76.0,2023-10-05,2023-11-01,20,3474.0,3491.0,0.00489349453080023,13.0,159
226237468d41e56c,MIX,2023-11-03,C:\data_quote\data_finam_MIX_tick_zip\20231103.zip,93ced35221046f12379318f9dbd1d30f1fb4e8e49c726b413936eadea9aba2fa,21032,35665,173,ready,76.0,2023-10-06,2023-11-02,20,3475.0,3471.0,-0.0011510791366906475,13.0,144
226237468d41e56c,MIX,2023-11-06,C:\data_quote\data_finam_MIX_tick_zip\20231106.zip,78dd0aba9386159c26988062141ad086748a31bad119c0681c9490775cfcb211,11406,19529,175,ready,76.0,2023-10-09,2023-11-03,20,3474.0,3461.0,-0.003742084052964882,13.0,75
226237468d41e56c,MIX,2023-11-07,C:\data_quote\data_finam_MIX_tick_zip\20231107.zip,5014d00ad5a6f6bba685aa98a871b94802b0aa0385474f223df028713be65adb,14402,23763,175,ready,74.0,2023-10-10,2023-11-06,20,3475.0,3428.0,-0.013525179856115108,13.0,82
226237468d41e56c,MIX,2023-11-08,C:\data_quote\data_finam_MIX_tick_zip\20231108.zip,03c5ac2afc19e327a46a5d4a4df9c522fdb093bb30f75cc36f6775bbfd4b7044,16904,26923,175,ready,73.0,2023-10-11,2023-11-07,20,3479.0,3477.0,-0.0005748778384593274,13.0,109
226237468d41e56c,MIX,2023-11-09,C:\data_quote\data_finam_MIX_tick_zip\20231109.zip,9c4e24533112be9fb7a6849812a7620003928bc9e12b6864bd837d450c7327f8,16483,27108,174,ready,70.0,2023-10-12,2023-11-08,20,3480.0,3478.0,-0.0005747126436781609,13.0,124
226237468d41e56c,MIX,2023-11-10,C:\data_quote\data_finam_MIX_tick_zip\20231110.zip,c22a27ff2ffcb6a91e19e594edb6ce989e3e21ba8fe519fe5676a416711b1a45,13146,20962,173,ready,69.0,2023-10-13,2023-11-09,20,3481.0,3435.0,-0.013214593507612756,13.0,99
226237468d41e56c,MIX,2023-11-13,C:\data_quote\data_finam_MIX_tick_zip\20231113.zip,5505597cb7314972cfc6d9141097cbfd4face70b2201f9377de08a6013510eef,13604,21707,171,ready,68.0,2023-10-16,2023-11-10,20,3480.0,3511.0,0.008908045977011494,13.0,89
226237468d41e56c,MIX,2023-11-14,C:\data_quote\data_finam_MIX_tick_zip\20231114.zip,9abd7af527ad9862cc354bf36dd546eec06fe195d1e422360eb443790fe03bec,26875,46771,174,ready,67.0,2023-10-17,2023-11-13,20,3477.0,3499.0,0.006327293643945931,13.0,243
226237468d41e56c,MIX,2023-11-15,C:\data_quote\data_finam_MIX_tick_zip\20231115.zip,909fa2a20e4cf738fc417b5dd7804c1e5ba86bd83cf41c0207cd20ce6f5e48b2,22202,39751,175,ready,67.0,2023-10-18,2023-11-14,20,3478.0,3464.0,-0.0040253018976423235,13.0,192
226237468d41e56c,MIX,2023-11-16,C:\data_quote\data_finam_MIX_tick_zip\20231116.zip,ee7f980e4a4dd0b7a36ab77f796d3b58aa9997d8305c64b5eed2a4fbbe3be616,20657,34555,175,ready,66.0,2023-10-19,2023-11-15,20,3479.0,3496.0,0.004886461626904283,13.0,188
226237468d41e56c,MIX,2023-11-17,C:\data_quote\data_finam_MIX_tick_zip\20231117.zip,44cb0da1841cc4da78203cb4922f66d097f4d4d1cb4e7bbd1c547f06fc1bc05f,27410,51522,174,ready,66.0,2023-10-20,2023-11-16,20,3480.0,3516.0,0.010344827586206896,13.0,296
226237468d41e56c,MIX,2023-11-20,C:\data_quote\data_finam_MIX_tick_zip\20231120.zip,689e3e449962b6834f47333a7e8b8f8e2aeecc79fcf47123eb800df3bd8f17b5,18218,29240,174,ready,67.0,2023-10-23,2023-11-17,20,3480.0,3510.0,0.008620689655172414,13.0,153
226237468d41e56c,MIX,2023-11-21,C:\data_quote\data_finam_MIX_tick_zip\20231121.zip,2b69c8b8dc553d334febbaa1fe4e01c18755ae9a77161bdfc15f6deb7e990e52,15166,24483,174,ready,67.0,2023-10-24,2023-11-20,20,3480.0,3481.0,0.00028735632183908046,13.0,114
226237468d41e56c,MIX,2023-11-22,C:\data_quote\data_finam_MIX_tick_zip\20231122.zip,da2aa0d1c9ed765416123d1f570f5b168f2beb895106b74da5c94ca48c983571,16680,25902,175,ready,66.0,2023-10-25,2023-11-21,20,3481.0,3504.0,0.006607296753806378,13.0,116
226237468d41e56c,MIX,2023-11-23,C:\data_quote\data_finam_MIX_tick_zip\20231123.zip,0395489b48a78d4dddd51b12851835d552ffff29486909fddc452702836f0222,14503,23055,175,ready,66.0,2023-10-26,2023-11-22,20,3483.0,3493.0,0.002871088142405972,13.0,118
226237468d41e56c,MIX,2023-11-24,C:\data_quote\data_finam_MIX_tick_zip\20231124.zip,f469a4380477481f7509ec293c36d5ef39ec0fb50050c9d897d374ae7185aa65,16196,27413,173,ready,64.0,2023-10-27,2023-11-23,20,3484.0,3491.0,0.0020091848450057405,13.0,132
226237468d41e56c,MIX,2023-11-27,C:\data_quote\data_finam_MIX_tick_zip\20231127.zip,bc5ab94b841c461f6918e7215cc94d955f8f8f109b1b2a941b03b1bb7e4b4486,21223,35022,175,ready,62.0,2023-10-30,2023-11-24,20,3483.0,3422.0,-0.01751363766867643,12.0,211
226237468d41e56c,MIX,2023-11-28,C:\data_quote\data_finam_MIX_tick_zip\20231128.zip,276e642df69ffed62f8f2bb672cb68d7721bca0fe61d1e8d16b68c50fc530fe2,20024,34143,175,ready,62.0,2023-10-31,2023-11-27,20,3484.0,3461.0,-0.006601607347876005,12.0,192
226237468d41e56c,MIX,2023-11-29,C:\data_quote\data_finam_MIX_tick_zip\20231129.zip,bf31b2776f122f13395b9bb06064e6ef1288a81ddd0e7a7253c75b2af9ba523a,19084,33544,175,ready,60.0,2023-11-01,2023-11-28,20,3484.0,3458.0,-0.007462686567164179,12.0,174
226237468d41e56c,MIX,2023-11-30,C:\data_quote\data_finam_MIX_tick_zip\20231130.zip,cbf87bbee247f6991049c7cf0a2b9cc7a8dbad657a92ffa5c62e196d70f359a3,28049,52685,174,ready,61.0,2023-11-02,2023-11-29,20,3485.0,3488.0,0.000860832137733142,12.0,313
226237468d41e56c,MIX,2023-12-01,C:\data_quote\data_finam_MIX_tick_zip\20231201.zip,260306334dc534ad1e1507577c4b88cb8954ad47e8e528cb5e3af18fc3e8a927,21822,38546,175,ready,62.0,2023-11-03,2023-11-30,20,3484.0,3437.0,-0.0134902411021814,12.0,208
226237468d41e56c,MIX,2023-12-04,C:\data_quote\data_finam_MIX_tick_zip\20231204.zip,a699e2b3dea2fd4e6574d8d39e5192f797850d74896938b086eb2e41e463af7a,23490,42400,175,ready,62.0,2023-11-06,2023-12-01,20,3486.0,3454.0,-0.009179575444635685,11.0,223
226237468d41e56c,MIX,2023-12-05,C:\data_quote\data_finam_MIX_tick_zip\20231205.zip,4857801c8ca29a84fcb9ae76903068f0361c382bb6ff9fdf2fb75072b7e38eff,26618,48410,175,ready,64.0,2023-11-07,2023-12-04,20,3486.0,3483.0,-0.0008605851979345956,11.0,261
226237468d41e56c,MIX,2023-12-06,C:\data_quote\data_finam_MIX_tick_zip\20231206.zip,3f891149ea95447d8e28b4665d671ca191fc3fcb87ae9193dfee1a5ec7ee28e0,39135,70564,174,ready,66.0,2023-11-08,2023-12-05,20,3486.0,3488.0,0.0005737234652897303,13.0,387
226237468d41e56c,MIX,2023-12-07,C:\data_quote\data_finam_MIX_tick_zip\20231207.zip,45c0807d3d8775503f62c2c0ff9ba02c2444c4fed2bf6d690e91418b7840644c,33372,59918,175,ready,69.0,2023-11-09,2023-12-06,20,3485.0,3489.0,0.0011477761836441894,13.0,296
226237468d41e56c,MIX,2023-12-08,C:\data_quote\data_finam_MIX_tick_zip\20231208.zip,bc0478a98c0d3f111c7dd3cc35043cb841c1d1fb8b5f08311f6db743a892af5e,20802,38242,174,ready,71.0,2023-11-10,2023-12-07,20,3486.0,3465.0,-0.006024096385542169,12.0,186
226237468d41e56c,MIX,2023-12-11,C:\data_quote\data_finam_MIX_tick_zip\20231211.zip,41dc24327d6844c1cd6706d1f806701e78db5c558604fe84b85224ff25f80957,37299,67832,175,ready,72.0,2023-11-13,2023-12-08,20,3487.0,3487.0,0.0,12.0,288
226237468d41e56c,MIX,2023-12-12,C:\data_quote\data_finam_MIX_tick_zip\20231212.zip,d1437aea9f45be41fa80d98c36786293f41c65bd5dfa45735359b00712f0cf76,32530,60688,175,ready,75.0,2023-11-14,2023-12-11,20,3491.0,3487.0,-0.0011458034947006588,13.0,258
226237468d41e56c,MIX,2023-12-13,C:\data_quote\data_finam_MIX_tick_zip\20231213.zip,8da99a041272dd9651b003987dd52ba92640c360819575c8fa076392a09fcc81,19936,37401,175,ready,76.0,2023-11-15,2023-12-12,20,3492.0,3501.0,0.002577319587628866,13.0,149
226237468d41e56c,MIX,2023-12-14,C:\data_quote\data_finam_MIX_tick_zip\20231214.zip,cd90d67ea0ecf608f87a800eff8d88a36dcbe498b84e30b9974ce6ddff46f62b,27944,56600,175,ready,76.0,2023-11-16,2023-12-13,20,3492.0,3479.0,-0.0037227949599083618,13.0,246
226237468d41e56c,MIX,2023-12-15,C:\data_quote\data_finam_MIX_tick_zip\20231215.zip,ddb97235c3d7e48f478c03974865ffef608ae6750c5aba7206cfbe850b75fe61,33386,70622,175,ready,78.0,2023-11-17,2023-12-14,20,3492.0,3452.0,-0.011454753722794959,13.0,320
226237468d41e56c,MIX,2023-12-18,C:\data_quote\data_finam_MIX_tick_zip\20231218.zip,6f74a23407a1307ac205111631ae54296f32773850940bc69917958e61af6424,22838,44341,175,ready,79.0,2023-11-20,2023-12-15,20,3493.0,3504.0,0.0031491554537646724,14.0,157
226237468d41e56c,MIX,2023-12-19,C:\data_quote\data_finam_MIX_tick_zip\20231219.zip,65ea4f0d9073df9d81a437baa7af929226ac5a42773c83e1244c389e1fac5d0a,24423,40667,175,ready,79.0,2023-11-21,2023-12-18,20,3494.0,3537.0,0.012306811677160847,14.0,138
226237468d41e56c,MIX,2023-12-20,C:\data_quote\data_finam_MIX_tick_zip\20231220.zip,27f1fafcb1fe21e8e4f6ed33a7796ff0f01d950b42853f0f0dce8363ba8fbd76,14035,21661,173,ready,80.0,2023-11-22,2023-12-19,20,3495.0,3504.0,0.002575107296137339,12.0,71
226237468d41e56c,MIX,2023-12-21,C:\data_quote\data_finam_MIX_tick_zip\20231221.zip,7b4d86f26d188b9f54315e649df80aebe11b57e2eb54d9ae9e6b698387d7f4f1,24307,44086,173,ready,80.0,2023-11-23,2023-12-20,20,3493.0,3490.0,-0.0008588605782994561,12.0,157
226237468d41e56c,MIX,2023-12-22,C:\data_quote\data_finam_MIX_tick_zip\20231222.zip,6a63c0b562f12e19073c3182a1313448aaf32ac0587afdf92f9c802f2d5dc270,14958,24381,174,ready,81.0,2023-11-24,2023-12-21,20,3491.0,3499.0,0.0022916069894013177,13.0,90
226237468d41e56c,MIX,2023-12-25,C:\data_quote\data_finam_MIX_tick_zip\20231225.zip,057ee2834a77caeb5d39dfbece9e90c84161bfb534ebbd2766286b84c55bc9c9,13954,22605,172,ready,81.0,2023-11-27,2023-12-22,20,3492.0,3487.0,-0.0014318442153493699,12.0,63
226237468d41e56c,MIX,2023-12-26,C:\data_quote\data_finam_MIX_tick_zip\20231226.zip,51c198739de59461293a85839adc920f4fb749f5915ba53b4e3ac6856c2f664b,13118,21667,171,ready,80.0,2023-11-28,2023-12-25,20,3489.0,3470.0,-0.005445686443106907,13.0,70
226237468d41e56c,MIX,2023-12-27,C:\data_quote\data_finam_MIX_tick_zip\20231227.zip,8d63b4f89f5a1e40af762f15338d00a19780753f6f287d1ecf4e3497da2b77f4,10802,17018,171,ready,79.0,2023-11-29,2023-12-26,20,3485.0,3491.0,0.001721664275466284,11.0,58
226237468d41e56c,MIX,2023-12-28,C:\data_quote\data_finam_MIX_tick_zip\20231228.zip,6b2ae02bb1837fc12b89869dd490cbcf51ad8b803026fbd0886534707203f53c,14492,24361,175,ready,78.0,2023-11-30,2023-12-27,20,3481.0,3469.0,-0.0034472852628555013,14.0,95
226237468d41e56c,MIX,2023-12-29,C:\data_quote\data_finam_MIX_tick_zip\20231229.zip,432834eb283a83f9cd704e6026d2b86288c4e8b4e40d0f99c1ab4e55d35e8d5d,9002,14143,175,ready,75.0,2023-12-01,2023-12-28,20,3482.0,3498.0,0.004595060310166571,11.0,54
226237468d41e56c,MIX,2024-01-03,C:\data_quote\data_finam_MIX_tick_zip\20240103.zip,a72b61e7275a6e4f452909bc1b6c43efc843a565803eb5c8683f9361e88dc0f8,7997,13752,172,ready,74.0,2023-12-04,2023-12-29,20,3482.0,3466.0,-0.004595060310166571,13.0,57
226237468d41e56c,MIX,2024-01-04,C:\data_quote\data_finam_MIX_tick_zip\20240104.zip,79309f7e9a2c4b7af2e21fec504ccf4055e1b6397716eeee4531b2bcba145c1d,6875,10795,168,ready,72.0,2023-12-05,2024-01-03,20,3479.0,3498.0,0.0054613394653636104,13.0,44
226237468d41e56c,MIX,2024-01-05,C:\data_quote\data_finam_MIX_tick_zip\20240105.zip,1e64880cdd4a45b75b2af124f9d8335e29352af7bbbe4828137061102c5bdfcb,5844,9241,170,ready,70.0,2023-12-06,2024-01-04,20,3472.0,3440.0,-0.009216589861751152,13.0,36
226237468d41e56c,MIX,2024-01-08,C:\data_quote\data_finam_MIX_tick_zip\20240108.zip,cca39c2ea893c477ae27e6c175d71aafcbb5de7c123580d320ab5ef1264c40d3,8815,13857,169,ready,65.0,2023-12-07,2024-01-05,20,3468.0,3443.0,-0.00720876585928489,12.0,69
226237468d41e56c,MIX,2024-01-09,C:\data_quote\data_finam_MIX_tick_zip\20240109.zip,eb0b3ac375edd9c39adc9d9f3f6cf5b01508b0c3631e1c6dcaa688e64f23ea28,12787,21461,174,ready,62.0,2023-12-08,2024-01-08,20,3462.0,3473.0,0.0031773541305603697,13.0,113
226237468d41e56c,MIX,2024-01-10,C:\data_quote\data_finam_MIX_tick_zip\20240110.zip,4d7655b9338fa4c2448a08e53b2537eae9183b78b30e526d0e581ab3b6f26b65,9212,14378,170,ready,61.0,2023-12-11,2024-01-09,20,3462.0,3427.0,-0.010109763142692086,13.0,85
226237468d41e56c,MIX,2024-01-11,C:\data_quote\data_finam_MIX_tick_zip\20240111.zip,914349efe8184da5b2d1b7b4769188a083020582b89bf474b56346632ca591c0,11216,18488,173,ready,57.0,2023-12-12,2024-01-10,20,3457.0,3429.0,-0.00809950824414232,12.0,98
226237468d41e56c,MIX,2024-01-12,C:\data_quote\data_finam_MIX_tick_zip\20240112.zip,7ee769903f77c49660701ff4fd6e08b3968d1a578de18114bb5d90b8497eb9db,10707,17451,171,ready,53.0,2023-12-13,2024-01-11,20,3455.0,3455.0,0.0,10.0,111
226237468d41e56c,MIX,2024-01-15,C:\data_quote\data_finam_MIX_tick_zip\20240115.zip,180aa3e713b6059f5bebf4a7beaae149dcc73c3cf363eb6c225faf49b4bd42e0,11486,17583,166,ready,52.0,2023-12-14,2024-01-12,20,3451.0,3439.0,-0.0034772529701535787,12.0,108
226237468d41e56c,MIX,2024-01-16,C:\data_quote\data_finam_MIX_tick_zip\20240116.zip,ed0332d39881b045af09b593f65adc798fbaa6a7fbad8e1b8180b881ff4df8f6,12893,20964,174,ready,48.0,2023-12-15,2024-01-15,20,3442.0,3457.0,0.004357931435212086,11.0,157
226237468d41e56c,MIX,2024-01-17,C:\data_quote\data_finam_MIX_tick_zip\20240117.zip,a35b59e6bc62d7f36781de677b46a261090afca2000e19e5b96a1c282e4235b7,11353,18056,171,ready,44.0,2023-12-18,2024-01-16,20,3441.0,3439.0,-0.0005812263876780006,11.0,157
226237468d41e56c,MIX,2024-01-18,C:\data_quote\data_finam_MIX_tick_zip\20240118.zip,b6b2702a2b17a2bedbf3a028155794e44cb96cb5a14884374d953b0ce234ff33,8647,13593,172,ready,42.0,2023-12-19,2024-01-17,20,3437.0,3446.0,0.002618562700029095,11.0,119
226237468d41e56c,MIX,2024-01-19,C:\data_quote\data_finam_MIX_tick_zip\20240119.zip,c309394616c5db0b501b940971cfa334fb89adb9dc0bb8d00a72df3077294323,12455,20372,167,ready,41.0,2023-12-20,2024-01-18,20,3434.0,3366.0,-0.019801980198019802,11.0,191
226237468d41e56c,MIX,2024-01-22,C:\data_quote\data_finam_MIX_tick_zip\20240122.zip,0e98e69bf09b3dca855803539606afcf2044f1aa6573c4925e3abcf47c6f9b2c,9129,14614,170,ready,41.0,2023-12-21,2024-01-19,20,3428.0,3398.0,-0.008751458576429404,11.0,136
226237468d41e56c,MIX,2024-01-23,C:\data_quote\data_finam_MIX_tick_zip\20240123.zip,6658fdc9c6616b113ad6666471a3fd85c1cb1cc73c02e2e7811d424a546f5665,9232,14420,168,ready,39.0,2023-12-22,2024-01-22,20,3425.0,3409.0,-0.004671532846715329,10.0,132
226237468d41e56c,MIX,2024-01-24,C:\data_quote\data_finam_MIX_tick_zip\20240124.zip,566636c0b6853c1705e648fa3d87f1f1430b719646b0b52008f16aad3897c64f,13491,24691,168,ready,38.0,2023-12-25,2024-01-23,20,3419.0,3391.0,-0.008189529102076631,10.0,270
226237468d41e56c,MIX,2024-01-25,C:\data_quote\data_finam_MIX_tick_zip\20240125.zip,d8b07cc7f7f38a09ed28c7ca61446075d539dfa83b79e1e322b1a0f171f33eb5,11268,18819,170,ready,38.0,2023-12-26,2024-01-24,20,3415.0,3445.0,0.008784773060029283,10.0,198
226237468d41e56c,MIX,2024-01-26,C:\data_quote\data_finam_MIX_tick_zip\20240126.zip,82dd1a1d2360ad5978a6a8f56095f54c5934515d6ab7c5411b5b1ab2b9704c8f,8953,14377,173,ready,38.0,2023-12-27,2024-01-25,20,3414.0,3431.0,0.00497949619214997,10.0,137
226237468d41e56c,MIX,2024-01-29,C:\data_quote\data_finam_MIX_tick_zip\20240129.zip,92cd06ee09d97929684e5b0a622810bf69ccf70392101125653a7b875a5f50d2,10666,17891,168,ready,38.0,2023-12-28,2024-01-26,20,3416.0,3408.0,-0.00234192037470726,10.0,172
226237468d41e56c,MIX,2024-01-30,C:\data_quote\data_finam_MIX_tick_zip\20240130.zip,4a18537e3487d59099788e8ea93d4b00ab5d513045979c097f493b878ef0349a,22439,32534,173,ready,37.0,2023-12-29,2024-01-29,20,3409.0,3432.0,0.0067468465825755355,10.0,343
226237468d41e56c,MIX,2024-01-31,C:\data_quote\data_finam_MIX_tick_zip\20240131.zip,dccdb61f73b6fa0f48458a42d4dd6ad57ce83af56a812b3875a4f228b79fa70f,14528,28067,174,ready,39.0,2024-01-03,2024-01-30,20,3407.0,3398.0,-0.0026416201937188143,10.0,296
226237468d41e56c,MIX,2024-02-01,C:\data_quote\data_finam_MIX_tick_zip\20240201.zip,d876500d8deb5e333e725b4a320b24efe2f004ce32c3ca11f842a54cacaa8118,10748,18351,171,ready,40.0,2024-01-04,2024-01-31,20,3409.0,3408.0,-0.0002933411557641537,11.0,172
226237468d41e56c,MIX,2024-02-02,C:\data_quote\data_finam_MIX_tick_zip\20240202.zip,40a95e820987bc14c4fec87d9c32e5eb5de71bbd506308a4a1490144878f340c,9940,17388,173,ready,40.0,2024-01-05,2024-02-01,20,3412.0,3484.0,0.021101992966002344,12.0,166
226237468d41e56c,MIX,2024-02-05,C:\data_quote\data_finam_MIX_tick_zip\20240205.zip,a2063a67c523166bb6fde97275bf070457729f2c048fe4b89d7a4d1e5a999b36,8437,15026,166,ready,41.0,2024-01-08,2024-02-02,20,3415.0,3407.0,-0.002342606149341142,11.0,137
226237468d41e56c,MIX,2024-02-06,C:\data_quote\data_finam_MIX_tick_zip\20240206.zip,ed952b579e1e64ed3601b8968e3400f8b748e70d2a952d4f079b9f2e81236d26,6262,11304,170,ready,41.0,2024-01-09,2024-02-05,20,3412.0,3418.0,0.0017584994138335288,12.0,123
226237468d41e56c,MIX,2024-02-07,C:\data_quote\data_finam_MIX_tick_zip\20240207.zip,aa64aac12a2f80e3b78fc3272a0ce9c685b485afe9ded28bba2cce49ce066667,8482,15539,171,ready,41.0,2024-01-10,2024-02-06,20,3408.0,3342.0,-0.01936619718309859,11.0,172
226237468d41e56c,MIX,2024-02-08,C:\data_quote\data_finam_MIX_tick_zip\20240208.zip,4174cd607fd95d29db3a305f70501bff371aa8a5f12b20f1bb3537be016a238f,14246,25108,174,ready,41.0,2024-01-11,2024-02-07,20,3409.0,3373.0,-0.010560281607509533,11.0,244
226237468d41e56c,MIX,2024-02-09,C:\data_quote\data_finam_MIX_tick_zip\20240209.zip,9df48ead96f56acc4974d2f77730b90305989da02a46e949de26d03444886f21,10050,17072,168,ready,42.0,2024-01-12,2024-02-08,20,3410.0,3382.0,-0.008211143695014663,11.0,155
226237468d41e56c,MIX,2024-02-12,C:\data_quote\data_finam_MIX_tick_zip\20240212.zip,40aa73c63f0f93d2656ed18ab78a81af3614a253b7ad5456dd44955aa8738813,11765,21189,172,ready,42.0,2024-01-15,2024-02-09,20,3407.0,3382.0,-0.00733783387144115,11.0,224
226237468d41e56c,MIX,2024-02-13,C:\data_quote\data_finam_MIX_tick_zip\20240213.zip,2e07b0406d8839deb20edc17f672d522805fceace4c8899372f6b10ba67dcc15,11179,22700,167,ready,42.0,2024-01-16,2024-02-12,20,3413.0,3466.0,0.015528860240257838,11.0,270
226237468d41e56c,MIX,2024-02-14,C:\data_quote\data_finam_MIX_tick_zip\20240214.zip,4e1091d9bf30505bf0bea43b936d90850cf4e209f1c9d7a1ba8557df1067c183,10506,20306,172,ready,43.0,2024-01-17,2024-02-13,20,3406.0,3412.0,0.0017615971814445098,11.0,201
226237468d41e56c,MIX,2024-02-15,C:\data_quote\data_finam_MIX_tick_zip\20240215.zip,cfaeb15ef89ba2435712f3aaff9fb4cfe821144a8679f985f909b34316bc64b5,12053,22491,170,ready,44.0,2024-01-18,2024-02-14,20,3407.0,3386.0,-0.006163780452010567,11.0,216
226237468d41e56c,MIX,2024-02-16,C:\data_quote\data_finam_MIX_tick_zip\20240216.zip,f0548f3a7522f71c148cb7b7184072500cef27eb94d4f3ea9ffcb46efacf25a9,17650,39933,173,ready,45.0,2024-01-19,2024-02-15,20,3405.0,3382.0,-0.006754772393538913,11.0,389
226237468d41e56c,MIX,2024-02-19,C:\data_quote\data_finam_MIX_tick_zip\20240219.zip,a53808c8058aa92249d29e2ca3e7fb3aea12783499b871201bcd9927954172f6,11721,21942,175,ready,47.0,2024-01-22,2024-02-16,20,3411.0,3410.0,-0.0002931691586045148,11.0,180
226237468d41e56c,MIX,2024-02-20,C:\data_quote\data_finam_MIX_tick_zip\20240220.zip,da213f6ba80fb1a26696d08859e0ae7df9fafe6a0788cc473e40af8e651061e1,22663,43891,174,ready,48.0,2024-01-23,2024-02-19,20,3416.0,3403.0,-0.0038056206088992973,12.0,412
226237468d41e56c,MIX,2024-02-21,C:\data_quote\data_finam_MIX_tick_zip\20240221.zip,f310d30bcb8bb508d03591ad63b17ad00c11108726bafcdadef0fc677d4d6285,35291,68171,175,ready,51.0,2024-01-24,2024-02-20,20,3422.0,3420.0,-0.0005844535359438924,11.0,626
226237468d41e56c,MIX,2024-02-22,C:\data_quote\data_finam_MIX_tick_zip\20240222.zip,c8ed76219c72bc1f50b267b931db2968feb0a121ecfeb6007153dd4aef700819,17285,32635,175,ready,56.0,2024-01-25,2024-02-21,20,3429.0,3412.0,-0.004957713619130942,12.0,243
226237468d41e56c,MIX,2024-02-26,C:\data_quote\data_finam_MIX_tick_zip\20240226.zip,b174d256c4432141ee46467a72a2fc65f9062476411e2a6aac19429ab824894f,20514,37549,174,ready,57.0,2024-01-26,2024-02-22,20,3434.0,3435.0,0.00029120559114735004,12.0,242
226237468d41e56c,MIX,2024-02-27,C:\data_quote\data_finam_MIX_tick_zip\20240227.zip,1681294f1f4666d1a0f21afbc443223270e1b5ed8cbe3b58f4da251ef852a69d,12363,23383,171,ready,59.0,2024-01-29,2024-02-26,20,3435.0,3445.0,0.002911208151382824,12.0,158
226237468d41e56c,MIX,2024-02-28,C:\data_quote\data_finam_MIX_tick_zip\20240228.zip,2f4c1f5aff0e1b310880fd94a3b92ad91c9473e68954451716a91c1325ca1c38,16046,29930,174,ready,60.0,2024-01-30,2024-02-27,20,3438.0,3449.0,0.0031995346131471784,12.0,188
226237468d41e56c,MIX,2024-02-29,C:\data_quote\data_finam_MIX_tick_zip\20240229.zip,194307680bb8d10decd9bdd41bca823e0ff7cf4cb63252f8232058aa9bb2cd7c,15510,29592,174,ready,60.0,2024-01-31,2024-02-28,20,3439.0,3444.0,0.0014539110206455365,12.0,189
226237468d41e56c,MIX,2024-03-01,C:\data_quote\data_finam_MIX_tick_zip\20240301.zip,3a600201eee4b6a620d2240da35e788011dd74797ba7e5a842d6c866dae005e3,9778,15731,171,ready,60.0,2024-02-01,2024-02-29,20,3439.0,3456.0,0.004943297470194824,12.0,82
226237468d41e56c,MIX,2024-03-04,C:\data_quote\data_finam_MIX_tick_zip\20240304.zip,fc98cb69f56cc801ef6e75e6f7718abd2ae464deecbd23216af833441defeb2d,12955,23909,175,ready,60.0,2024-02-02,2024-03-01,20,3439.0,3452.0,0.003780168653678395,12.0,155
226237468d41e56c,MIX,2024-03-05,C:\data_quote\data_finam_MIX_tick_zip\20240305.zip,7c17f1a2826b10b2b27fc75642049eeb067b114f22ec499aa49904db2de7f9e2,12174,22543,171,ready,61.0,2024-02-05,2024-03-04,20,3441.0,3442.0,0.0002906131938390003,12.0,146
226237468d41e56c,MIX,2024-03-06,C:\data_quote\data_finam_MIX_tick_zip\20240306.zip,baa93ad9ae41c57b68799a84a0aee66f93c1d10313a3b051d4bd69e7b2f72ad1,12115,21968,170,ready,62.0,2024-02-06,2024-03-05,20,3446.0,3424.0,-0.006384213580963436,12.0,142
226237468d41e56c,MIX,2024-03-07,C:\data_quote\data_finam_MIX_tick_zip\20240307.zip,30b8cc7ba423a246bea7ed3b6278daabe127a76cf208102dd59a2d382f76f882,8098,13285,174,ready,63.0,2024-02-07,2024-03-06,20,3446.0,3431.0,-0.004352872896111433,12.0,65
226237468d41e56c,MIX,2024-03-11,C:\data_quote\data_finam_MIX_tick_zip\20240311.zip,0bad82d559b3fff23cccd55a4359f95f267c99de6c9c219ab9dccdbfbbeea44b,11625,23970,171,ready,62.0,2024-02-08,2024-03-07,20,3449.0,3477.0,0.008118295158016816,12.0,175
226237468d41e56c,MIX,2024-03-12,C:\data_quote\data_finam_MIX_tick_zip\20240312.zip,57c8607e80d91a8ec964e4daead47aef7b6db26e8bc23cab92553dab6858671a,13804,29175,175,ready,63.0,2024-02-09,2024-03-11,20,3446.0,3430.0,-0.0046430644225188625,12.0,209
226237468d41e56c,MIX,2024-03-13,C:\data_quote\data_finam_MIX_tick_zip\20240313.zip,9aa2575b65ce5e1983d943b8b981484a13f04174f51d1d46035a1a4100a384ff,16100,31356,172,ready,65.0,2024-02-12,2024-03-12,20,3453.0,3439.0,-0.00405444540978859,13.0,181
226237468d41e56c,MIX,2024-03-14,C:\data_quote\data_finam_MIX_tick_zip\20240314.zip,94ddd76ad57967115a2ca3e12fafd1b6ec9ad281e59afca09ab83362dcdf9301,25990,48635,174,ready,65.0,2024-02-13,2024-03-13,20,3453.0,3482.0,0.008398494063133507,12.0,241
226237468d41e56c,MIX,2024-03-15,C:\data_quote\data_finam_MIX_tick_zip\20240315.zip,28c91d3118991dca3b6e94f83793366c59aaad800aaef6270d3f0f02eecf05ae,18221,30516,174,ready,67.0,2024-02-14,2024-03-14,20,3460.0,3456.0,-0.0011560693641618498,12.0,135
226237468d41e56c,MIX,2024-03-18,C:\data_quote\data_finam_MIX_tick_zip\20240318.zip,e3f4371a767d0540c98d06441b7ed199ae74cb566e414189249b21b4eff1cb83,17036,32560,175,ready,67.0,2024-02-15,2024-03-15,20,3462.0,3464.0,0.0005777007510109763,12.0,158
226237468d41e56c,MIX,2024-03-19,C:\data_quote\data_finam_MIX_tick_zip\20240319.zip,d41d349db9c875cffe6145b1d73643123035c2c9b4a8b67a39d4768395b0a6c2,25466,47456,175,ready,67.0,2024-02-16,2024-03-18,20,3467.0,3494.0,0.007787712719930776,12.0,217
226237468d41e56c,MIX,2024-03-20,C:\data_quote\data_finam_MIX_tick_zip\20240320.zip,2ac40727512c1fdc3df90ce2d114e6e177d06af7cabdc075047c41723dc457d9,14219,20906,174,ready,67.0,2024-02-19,2024-03-19,20,3469.0,3475.0,0.0017296050735082155,13.0,87
226237468d41e56c,MIX,2024-03-21,C:\data_quote\data_finam_MIX_tick_zip\20240321.zip,54c450fd6051515a5971b25db0b777915b4978ff3185921d4d0edc156b30ebaa,16394,26915,175,ready,67.0,2024-02-20,2024-03-20,20,3468.0,3444.0,-0.006920415224913495,12.0,135
226237468d41e56c,MIX,2024-03-22,C:\data_quote\data_finam_MIX_tick_zip\20240322.zip,113452be75d85d0568db17c92f1b730e21d0649eae2f821ee17d6e040f460be9,30933,48308,175,ready,64.0,2024-02-21,2024-03-21,20,3469.0,3492.0,0.006630152781781493,13.0,286
226237468d41e56c,MIX,2024-03-25,C:\data_quote\data_finam_MIX_tick_zip\20240325.zip,96f45767164595037e702a2c4c27b07cbf44199f53a300c16c6e7495b878838b,22450,42425,175,ready,62.0,2024-02-22,2024-03-22,20,3469.0,3481.0,0.003459210147016431,13.0,289
226237468d41e56c,MIX,2024-03-26,C:\data_quote\data_finam_MIX_tick_zip\20240326.zip,4fda9f02c9aa6107d2b745da6a162730806eb3f51b5aaeaa9b0077b594192097,12403,19745,171,ready,63.0,2024-02-26,2024-03-25,20,3469.0,3439.0,-0.008648025367541078,13.0,107
226237468d41e56c,MIX,2024-03-27,C:\data_quote\data_finam_MIX_tick_zip\20240327.zip,d4c8aab7da209d19d4b6bf010fae7e55d21bf5a5ffa20b411525acca53878c6e,13063,19389,174,ready,61.0,2024-02-27,2024-03-26,20,3466.0,3490.0,0.006924408540103866,13.0,101
226237468d41e56c,MIX,2024-03-28,C:\data_quote\data_finam_MIX_tick_zip\20240328.zip,35c8804e8601d00e1ea5d29b9faf698dd3c771312d72fc29f61e39a3b5e2a5b4,10513,16404,170,ready,61.0,2024-02-28,2024-03-27,20,3469.0,3440.0,-0.00835975785528971,13.0,86
226237468d41e56c,MIX,2024-03-29,C:\data_quote\data_finam_MIX_tick_zip\20240329.zip,fa6a1523fad6e96f752f077a269566034fd8114347d91f548c8a53fcc1209c22,10254,18389,171,ready,60.0,2024-02-29,2024-03-28,20,3465.0,3440.0,-0.007215007215007215,13.0,112
226237468d41e56c,MIX,2024-04-01,C:\data_quote\data_finam_MIX_tick_zip\20240401.zip,3761869b36227bc4054627839ad88671232bc2620baa179df8e66cf5fa1985f7,13375,25278,175,ready,59.0,2024-03-01,2024-03-29,20,3462.0,3438.0,-0.006932409012131715,12.0,180
226237468d41e56c,MIX,2024-04-02,C:\data_quote\data_finam_MIX_tick_zip\20240402.zip,e0e16e4adf33746a65d4af075843bec690353b238f005807acb5ffb5f89000ae,8974,15917,171,ready,60.0,2024-03-04,2024-04-01,20,3466.0,3454.0,-0.003462204270051933,13.0,109
226237468d41e56c,MIX,2024-04-03,C:\data_quote\data_finam_MIX_tick_zip\20240403.zip,eac403adf91a3917d675b1f47855d4ec55e7a835c2a40fdd524b957442536728,10118,17320,173,ready,59.0,2024-03-05,2024-04-02,20,3462.0,3484.0,0.006354708261120739,12.0,99
226237468d41e56c,MIX,2024-04-04,C:\data_quote\data_finam_MIX_tick_zip\20240404.zip,da6c7f227da111ffc0dbcc6e0b417cdc890224a1f39bd5d6da868cf5b44fc8cb,13526,25618,175,ready,59.0,2024-03-06,2024-04-03,20,3464.0,3433.0,-0.00894919168591224,12.0,169
226237468d41e56c,MIX,2024-04-05,C:\data_quote\data_finam_MIX_tick_zip\20240405.zip,705b65ba4b415c62b7ec0b63cecef6d28a033219a85b993a4acee7fd8030be9a,12161,20552,174,ready,59.0,2024-03-07,2024-04-04,20,3469.0,3453.0,-0.004612280196021909,12.0,120
226237468d41e56c,MIX,2024-04-08,C:\data_quote\data_finam_MIX_tick_zip\20240408.zip,9034ff95088485fcc1892277b798c6765cc6a27e6764bc092aed1f241e8cec24,10471,19248,169,ready,59.0,2024-03-11,2024-04-05,20,3469.0,3493.0,0.006918420294032862,12.0,122
226237468d41e56c,MIX,2024-04-09,C:\data_quote\data_finam_MIX_tick_zip\20240409.zip,3f5da751b0d9ccd829181633c0cced8ea589271ecc718fb022da15f10580bee4,14309,28091,173,ready,59.0,2024-03-12,2024-04-08,20,3467.0,3432.0,-0.010095183155465821,12.0,195
226237468d41e56c,MIX,2024-04-10,C:\data_quote\data_finam_MIX_tick_zip\20240410.zip,613331179bce6a9ca5a91d88e4ac9d197b8cd983cc01a44e082bb56eb8468cd9,14255,23644,171,ready,58.0,2024-03-13,2024-04-09,20,3465.0,3482.0,0.004906204906204906,12.0,137
226237468d41e56c,MIX,2024-04-11,C:\data_quote\data_finam_MIX_tick_zip\20240411.zip,797e0b8bdde9a67c31bb2e664b9477c60e411db38676df5a8db702f861518c54,11936,20357,173,ready,57.0,2024-03-14,2024-04-10,20,3464.0,3486.0,0.006351039260969977,12.0,130
226237468d41e56c,MIX,2024-04-12,C:\data_quote\data_finam_MIX_tick_zip\20240412.zip,a5c29ec99a85e947d8071a0dd9d1764e342ebbbc805047e9cfb03ab3df2d390c,14654,25001,175,ready,55.0,2024-03-15,2024-04-11,20,3463.0,3491.0,0.008085475021657523,12.0,168
226237468d41e56c,MIX,2024-04-15,C:\data_quote\data_finam_MIX_tick_zip\20240415.zip,ad5a6e36845d6a8794af4a5d69a648cd1b0b0dd827bcbbaea315295e056e43fe,13487,23264,173,ready,55.0,2024-03-18,2024-04-12,20,3464.0,3496.0,0.009237875288683603,12.0,155
226237468d41e56c,MIX,2024-04-16,C:\data_quote\data_finam_MIX_tick_zip\20240416.zip,761d041312ded42a6a094b9266e34e2691ffbd381d6c20e4b32e40fd190738bf,12147,20620,172,ready,55.0,2024-03-19,2024-04-15,20,3462.0,3441.0,-0.006065857885615251,12.0,143
226237468d41e56c,MIX,2024-04-17,C:\data_quote\data_finam_MIX_tick_zip\20240417.zip,f562aae29e0ba06b99a4d21dec871a8c47639a10d021d2022e6990c8fa1617cc,15584,27758,170,ready,53.0,2024-03-20,2024-04-16,20,3459.0,3496.0,0.010696733159872795,11.0,190
226237468d41e56c,MIX,2024-04-18,C:\data_quote\data_finam_MIX_tick_zip\20240418.zip,04ea3aec9ad545af62981b8d1ccc7a8d826d39cdcce698cc7ec90ded33390f9f,12191,19630,174,ready,54.0,2024-03-21,2024-04-17,20,3455.0,3428.0,-0.007814761215629523,11.0,131
226237468d41e56c,MIX,2024-04-19,C:\data_quote\data_finam_MIX_tick_zip\20240419.zip,03ccd801e05a98ba56f7ae4c25b608926be2bedf73504206e39800678c074c48,13330,23782,172,ready,54.0,2024-03-22,2024-04-18,20,3454.0,3386.0,-0.019687319050376375,12.0,177
226237468d41e56c,MIX,2024-04-22,C:\data_quote\data_finam_MIX_tick_zip\20240422.zip,9f4f2b95b21033d9ed01a8aad5f56932d81338b872f1d412ab405fbb65f97831,12906,22523,173,ready,52.0,2024-03-25,2024-04-19,20,3451.0,3422.0,-0.008403361344537815,12.0,184
226237468d41e56c,MIX,2024-04-23,C:\data_quote\data_finam_MIX_tick_zip\20240423.zip,0066fd16c06d8475b4c121eaa27b98e3f22055367cc78c881bab726897f37e92,24699,41735,174,ready,50.0,2024-03-26,2024-04-22,20,3449.0,3407.0,-0.012177442737025224,12.0,342
226237468d41e56c,MIX,2024-04-24,C:\data_quote\data_finam_MIX_tick_zip\20240424.zip,dd9cd527877d5dd79a6d8887f20fc92a7420061cd80ff2a03815ddaf39f1a2e1,17988,29769,169,ready,52.0,2024-03-27,2024-04-23,20,3452.0,3422.0,-0.00869061413673233,12.0,204
226237468d41e56c,MIX,2024-04-25,C:\data_quote\data_finam_MIX_tick_zip\20240425.zip,3f7c8eab4a82c4e5886e74294dd28ca7891cc1da81c93f6c73ad113780544212,19222,29112,173,ready,53.0,2024-03-28,2024-04-24,20,3447.0,3432.0,-0.004351610095735422,11.0,177
226237468d41e56c,MIX,2024-04-26,C:\data_quote\data_finam_MIX_tick_zip\20240426.zip,0e5e10073dc8576e8f73d4b00e6151793b2d52c772236ed010412d304daa2c92,23358,38506,172,ready,53.0,2024-03-29,2024-04-25,20,3450.0,3502.0,0.015072463768115942,11.0,259
226237468d41e56c,MIX,2024-04-27,C:\data_quote\data_finam_MIX_tick_zip\20240427.zip,c93b4031446fe50cc5eaeb3c6e6a14354dc9ffeacf1ee4ec895e92718fe1dfb2,6611,10844,172,ready,55.0,2024-04-01,2024-04-26,20,3451.0,3452.0,0.0002897710808461316,12.0,61
226237468d41e56c,MIX,2024-04-29,C:\data_quote\data_finam_MIX_tick_zip\20240429.zip,855724889755ba7afa00b50a4ae9e9f03aaaa8045fb54e3b9d651f1d587efa67,6139,9434,167,ready,55.0,2024-04-01,2024-04-26,20,3451.0,3452.0,0.0002897710808461316,12.0,55
226237468d41e56c,MIX,2024-04-30,C:\data_quote\data_finam_MIX_tick_zip\20240430.zip,b82c0d10d8ba5aae258ed82ef33ef960b25a527019607084fae5f99dbc1cf018,7994,11940,172,ready,53.0,2024-04-02,2024-04-29,20,3443.0,3468.0,0.007261109497531223,11.0,74
226237468d41e56c,MIX,2024-05-02,C:\data_quote\data_finam_MIX_tick_zip\20240502.zip,f8163c5fb0f632e1fe1d86ac40a35176899682ce2c13c2c36871261c0ce0a283,13231,22900,171,ready,53.0,2024-04-03,2024-04-30,20,3444.0,3411.0,-0.009581881533101045,11.0,168
226237468d41e56c,MIX,2024-05-03,C:\data_quote\data_finam_MIX_tick_zip\20240503.zip,d9c9b72f590a1c141bcb86eb3477f56d572c5b0aacd6851600c30e11a6e9fe2e,9721,18296,170,ready,53.0,2024-04-04,2024-05-02,20,3442.0,3466.0,0.006972690296339338,12.0,138
226237468d41e56c,MIX,2024-05-06,C:\data_quote\data_finam_MIX_tick_zip\20240506.zip,3bedb6b41ffcaf399875426cf1de7d23b04c4943ddedfefedf31639f933bacea,17691,27525,175,ready,53.0,2024-04-05,2024-05-03,20,3437.0,3404.0,-0.009601396566773349,11.0,159
226237468d41e56c,MIX,2024-05-07,C:\data_quote\data_finam_MIX_tick_zip\20240507.zip,ca41a922d0692b677e8f33df7f6397931bb3ce82ac39075b70a87f68d1407887,14222,22834,169,ready,53.0,2024-04-08,2024-05-06,20,3438.0,3428.0,-0.0029086678301337987,12.0,124
226237468d41e56c,MIX,2024-05-08,C:\data_quote\data_finam_MIX_tick_zip\20240508.zip,b3c93b430f3fb40cf714e893e4154751e253ebde9fdccb2e6225a569785beca0,7652,14466,171,ready,53.0,2024-04-09,2024-05-07,20,3438.0,3403.0,-0.010180337405468295,12.0,96
226237468d41e56c,MIX,2024-05-10,C:\data_quote\data_finam_MIX_tick_zip\20240510.zip,b1e1c385ab02daded8029665bd6a92ef0c4c7615708af459100812cc547c7f68,5880,10157,165,ready,51.0,2024-04-10,2024-05-08,20,3436.0,3432.0,-0.0011641443538998836,12.0,83
226237468d41e56c,MIX,2024-05-13,C:\data_quote\data_finam_MIX_tick_zip\20240513.zip,e1665baa1e6365b790f13fb57b7f688b7406666ae76f3ee8301229d053ed7cbc,12447,25023,171,ready,50.0,2024-04-11,2024-05-10,20,3430.0,3436.0,0.001749271137026239,12.0,209
226237468d41e56c,MIX,2024-05-14,C:\data_quote\data_finam_MIX_tick_zip\20240514.zip,d3516eaa83452d7f57130a58da9fa994cef814f00eb20ebaf9a4063698ee925e,11993,17809,163,ready,51.0,2024-04-12,2024-05-13,20,3428.0,3403.0,-0.007292882147024504,12.0,98
226237468d41e56c,MIX,2024-05-15,C:\data_quote\data_finam_MIX_tick_zip\20240515.zip,a60fba9ed5bfa1447c877d2aa6e8883f63fc5ced953e572a688deb14f8f4aceb,10732,17501,171,ready,50.0,2024-04-15,2024-05-14,20,3416.0,3399.0,-0.004976580796252928,12.0,110
226237468d41e56c,MIX,2024-05-16,C:\data_quote\data_finam_MIX_tick_zip\20240516.zip,2619a46b6e01f088f207f58a086d48c9a97de1f9c4f6d68821f2d3d85cf85582,13690,21505,167,ready,49.0,2024-04-16,2024-05-15,20,3414.0,3414.0,0.0,10.0,126
226237468d41e56c,MIX,2024-05-17,C:\data_quote\data_finam_MIX_tick_zip\20240517.zip,f0adee251c71f48bf3b4c067bbbf5f617d4f17fe9fb49286d8ad614628108d01,27343,39934,172,ready,49.0,2024-04-17,2024-05-16,20,3409.0,3373.0,-0.010560281607509533,11.0,213
226237468d41e56c,MIX,2024-05-20,C:\data_quote\data_finam_MIX_tick_zip\20240520.zip,ff7bf622743051d5c40fec6ff877389a15e007e725a37de06feac2075a703eca,39535,69548,175,ready,48.0,2024-04-18,2024-05-17,20,3411.0,3455.0,0.01289944297859865,12.0,553
226237468d41e56c,MIX,2024-05-21,C:\data_quote\data_finam_MIX_tick_zip\20240521.zip,63ef6633b3510ce0cc16e67fb56e4fde3de251000495893ffbff6a96a7998e85,40484,66747,174,ready,53.0,2024-04-19,2024-05-20,20,3412.0,3397.0,-0.004396248534583822,12.0,444
226237468d41e56c,MIX,2024-05-22,C:\data_quote\data_finam_MIX_tick_zip\20240522.zip,9fe7e9e5502602d27f90f6fc0b3075ec68020fc1af45b1551443ea629a960ec0,15094,24277,175,ready,56.0,2024-04-22,2024-05-21,20,3414.0,3364.0,-0.014645577035735208,12.0,146
226237468d41e56c,MIX,2024-05-23,C:\data_quote\data_finam_MIX_tick_zip\20240523.zip,0f1ef2f390bd7ff8432bd0fd1eeba712ff181b721cb83c0c4cd691ea9df48436,18415,32227,173,ready,56.0,2024-04-23,2024-05-22,20,3416.0,3363.0,-0.015515222482435597,12.0,211
226237468d41e56c,MIX,2024-05-24,C:\data_quote\data_finam_MIX_tick_zip\20240524.zip,43d5a4d356fa81aa2ef520f6f61bb5a060cf674cc579861d2db3c5439bd3c3c3,32311,59337,174,ready,55.0,2024-04-24,2024-05-23,20,3415.0,3386.0,-0.00849194729136164,11.0,369
226237468d41e56c,MIX,2024-05-27,C:\data_quote\data_finam_MIX_tick_zip\20240527.zip,4a28b3ee8d18af3af5055aefd0c569c7f26cee7766d25a7772610f87f3fc75d3,35120,73444,175,ready,57.0,2024-04-25,2024-05-24,20,3420.0,3392.0,-0.008187134502923977,12.0,545
226237468d41e56c,MIX,2024-05-28,C:\data_quote\data_finam_MIX_tick_zip\20240528.zip,7e46961ebcfe936351ee5f9ee56b82bf345df1cd8685000463fe3f5e7f51aa09,31227,59863,175,ready,61.0,2024-04-26,2024-05-27,20,3422.0,3451.0,0.00847457627118644,13.0,377
226237468d41e56c,MIX,2024-05-29,C:\data_quote\data_finam_MIX_tick_zip\20240529.zip,1b39dc5c8b886aa13a6b1598f109974cab533a67539468c582166ff679be217c,26328,44680,175,ready,63.0,2024-04-29,2024-05-28,20,3425.0,3413.0,-0.0035036496350364962,13.0,236
226237468d41e56c,MIX,2024-05-30,C:\data_quote\data_finam_MIX_tick_zip\20240530.zip,58273c651f2a0f136a2e04eb1cba926587d3f683d28bbec24d28c3e317419a3f,31213,53961,175,ready,66.0,2024-04-30,2024-05-29,20,3433.0,3435.0,0.0005825808330905913,13.0,271
226237468d41e56c,MIX,2024-05-31,C:\data_quote\data_finam_MIX_tick_zip\20240531.zip,9c6680986465eb3ba9b6633f6bd75f2f7b79aefa5afdf98a71cef6e50ba15a1f,48759,87601,175,ready,69.0,2024-05-02,2024-05-30,20,3436.0,3417.0,-0.005529685681024447,13.0,414
226237468d41e56c,MIX,2024-06-03,C:\data_quote\data_finam_MIX_tick_zip\20240603.zip,953e70fd82a064a452a4a511c63c0fc2d5b74f509a31fc43887d492f8f746e22,68354,137489,175,ready,73.0,2024-05-03,2024-05-31,20,3440.0,3461.0,0.006104651162790698,13.0,550
226237468d41e56c,MIX,2024-06-04,C:\data_quote\data_finam_MIX_tick_zip\20240604.zip,c9192744e1dc03ccad043f25e2edd13dd8ee89e562ff63c994ecac6475ca1cea,35250,67545,174,ready,80.0,2024-05-06,2024-06-03,20,3445.0,3482.0,0.010740203193033381,13.0,270
226237468d41e56c,MIX,2024-06-05,C:\data_quote\data_finam_MIX_tick_zip\20240605.zip,2bd64a43dfe6b17c4e477d38cd25369f1dcd09b5573b146cbe89ed40de33864e,40844,81715,175,ready,83.0,2024-05-07,2024-06-04,20,3444.0,3481.0,0.010743321718931475,14.0,305
226237468d41e56c,MIX,2024-06-06,C:\data_quote\data_finam_MIX_tick_zip\20240606.zip,a2386752fd412a0b54dab4bfc46791a9a30d8c42c3b77ef86769e5e4e8af99c8,28727,51658,172,ready,88.0,2024-05-08,2024-06-05,20,3450.0,3451.0,0.0002898550724637681,14.0,175
226237468d41e56c,MIX,2024-06-07,C:\data_quote\data_finam_MIX_tick_zip\20240607.zip,f81898b628c12618681a92ded185570b1cdb20d3773add1034dc9a59db4b9415,48480,94907,175,ready,90.0,2024-05-10,2024-06-06,20,3451.0,3476.0,0.007244277021153289,14.0,347
226237468d41e56c,MIX,2024-06-10,C:\data_quote\data_finam_MIX_tick_zip\20240610.zip,c8da78b2be84924a25ee2b80c882acbf994913fd8eabc1fcc713904492a204a4,33005,61836,175,ready,95.0,2024-05-13,2024-06-07,20,3461.0,3488.0,0.007801213522103438,13.0,181
226237468d41e56c,MIX,2024-06-11,C:\data_quote\data_finam_MIX_tick_zip\20240611.zip,d0543d3d15459e8fea1e29e5e5044f5274d24de48d1140bcb466a310cbd9f2a1,31271,61095,175,ready,97.0,2024-05-14,2024-06-10,20,3465.0,3475.0,0.002886002886002886,13.0,167
226237468d41e56c,MIX,2024-06-13,C:\data_quote\data_finam_MIX_tick_zip\20240613.zip,1fb213409a943c011abc5b204e7703ff9689f2d1420edcb74e5a7fcc52590674,39849,74597,163,ready,100.0,2024-05-15,2024-06-11,20,3477.0,3479.0,0.0005752085130859936,15.0,230
226237468d41e56c,MIX,2024-06-14,C:\data_quote\data_finam_MIX_tick_zip\20240614.zip,ef089840c44c3edb0d5e2c168e4376356aa8c54fc9f36536f8b5d562b5943358,23956,50288,163,ready,103.0,2024-05-16,2024-06-13,20,3469.0,3482.0,0.0037474776592678004,14.0,135
226237468d41e56c,MIX,2024-06-17,C:\data_quote\data_finam_MIX_tick_zip\20240617.zip,134fdc00cf6c4a81c7135101f8f0388f7358f5aad04a64590d0f7661da4a94b9,20302,40438,163,ready,105.0,2024-05-17,2024-06-14,20,3465.0,3466.0,0.0002886002886002886,14.0,104
226237468d41e56c,MIX,2024-06-18,C:\data_quote\data_finam_MIX_tick_zip\20240618.zip,3b33104af2c86086397a972c2c488c53583058debfad3db45ea9a2d3f19ed245,34851,68374,163,ready,106.0,2024-05-20,2024-06-17,20,3456.0,3463.0,0.002025462962962963,14.0,153
226237468d41e56c,MIX,2024-06-19,C:\data_quote\data_finam_MIX_tick_zip\20240619.zip,281e0a8bd3eebd8029b6e84b5b5913552d07e3abc64c46eae350cdf2d05c5abe,34587,55642,163,ready,104.0,2024-05-21,2024-06-18,20,3444.0,3452.0,0.0023228803716608595,16.0,132
226237468d41e56c,MIX,2024-06-20,C:\data_quote\data_finam_MIX_tick_zip\20240620.zip,3b6ef06ddb5badb98399a3e17648eaee737e2fe29cb5cf3fa019eef50672a1aa,72826,127024,163,ready,104.0,2024-05-22,2024-06-19,20,3433.0,3402.0,-0.009030002912904166,16.0,353
226237468d41e56c,MIX,2024-06-21,C:\data_quote\data_finam_MIX_tick_zip\20240621.zip,42191841e629770b8cd393d7b33f44fdfb0475457411b6f2ab6ced1e5b3dee50,46072,72888,163,ready,111.0,2024-05-23,2024-06-20,20,3421.0,3417.0,-0.001169248757673195,15.0,179
226237468d41e56c,MIX,2024-06-24,C:\data_quote\data_finam_MIX_tick_zip\20240624.zip,2b3ee0d635bcdd9852baeaeaae6b6e381852bd644c690215494e103fa094bdcf,23576,41702,162,ready,113.0,2024-05-24,2024-06-21,20,3411.0,3406.0,-0.001465845793022574,16.0,102
226237468d41e56c,MIX,2024-06-25,C:\data_quote\data_finam_MIX_tick_zip\20240625.zip,959071af7f3ee79280ec74fb7d52d1f1c3b1cafdd8b6f9f4ac2088fdb8b22b6f,27134,48004,163,ready,113.0,2024-05-27,2024-06-24,20,3399.0,3368.0,-0.009120329508679022,15.0,118
226237468d41e56c,MIX,2024-06-26,C:\data_quote\data_finam_MIX_tick_zip\20240626.zip,28a8179c0d997195e601128490b0efc8a2d96838c49dd4008c0fa7ed5235970d,23841,43848,163,ready,111.0,2024-05-28,2024-06-25,20,3387.0,3365.0,-0.006495423678771774,15.0,115
226237468d41e56c,MIX,2024-06-27,C:\data_quote\data_finam_MIX_tick_zip\20240627.zip,7db539c4b970eaceeb9ed405f19fb08d3e1bae93a69eeef63d2bf4f0275519d2,21476,38561,163,ready,109.0,2024-05-29,2024-06-26,20,3375.0,3386.0,0.003259259259259259,16.0,107
226237468d41e56c,MIX,2024-06-28,C:\data_quote\data_finam_MIX_tick_zip\20240628.zip,5c462e727e0e58b895e570079abfb4d8c80b283762ff78279a90c6908433c7ce,14502,25251,160,ready,109.0,2024-05-30,2024-06-27,20,3363.0,3393.0,0.008920606601248885,15.0,63
226237468d41e56c,MIX,2024-07-01,C:\data_quote\data_finam_MIX_tick_zip\20240701.zip,22b68b6f0b520ab0d72975ee717562038113839b5478545d26f4450d15bf184f,14331,25372,163,ready,110.0,2024-05-31,2024-06-28,20,3348.0,3341.0,-0.002090800477897252,14.0,56
226237468d41e56c,MIX,2024-07-02,C:\data_quote\data_finam_MIX_tick_zip\20240702.zip,d7384b806cdf937372bbb2d6e71cbd45ab563dce57de0856c2273de9067675b2,15326,31713,163,ready,104.0,2024-06-03,2024-07-01,20,3336.0,3337.0,0.00029976019184652276,15.0,109
226237468d41e56c,MIX,2024-07-03,C:\data_quote\data_finam_MIX_tick_zip\20240703.zip,d5fe763492ddb904567ab4e0ef8cd48dd39080a3818533941fdd784c6f22540d,19265,41427,163,ready,100.0,2024-06-04,2024-07-02,20,3324.0,3298.0,-0.007821901323706379,15.0,152
226237468d41e56c,MIX,2024-07-04,C:\data_quote\data_finam_MIX_tick_zip\20240704.zip,3bdc11307171412ed869fa6052d9afa50c69f24722cbb55569bf30a0c65feb25,30721,62934,163,ready,99.0,2024-06-05,2024-07-03,20,3313.0,3310.0,-0.0009055236945366737,13.0,214
226237468d41e56c,MIX,2024-07-05,C:\data_quote\data_finam_MIX_tick_zip\20240705.zip,1b297edfdef134f9d8a92b72afa4d0f9058575f73e1f3336f1dc71afc362dc04,31744,66569,163,ready,98.0,2024-06-06,2024-07-04,20,3301.0,3313.0,0.0036352620418055137,13.0,249
226237468d41e56c,MIX,2024-07-08,C:\data_quote\data_finam_MIX_tick_zip\20240708.zip,852dd12ab8e7b757c5a8b4376c24e6d830f1a46987b7dabdb572cbf2580fc86e,21851,44237,162,ready,101.0,2024-06-07,2024-07-05,20,3292.0,3281.0,-0.003341433778857837,15.0,139
226237468d41e56c,MIX,2024-07-09,C:\data_quote\data_finam_MIX_tick_zip\20240709.zip,661c2f33e10d657316c34958377dbc86cae35725c8f4d46ca6d2d535baa66239,27466,54817,163,ready,97.0,2024-06-10,2024-07-08,20,3279.0,3281.0,0.000609942055504727,14.0,188
226237468d41e56c,MIX,2024-07-10,C:\data_quote\data_finam_MIX_tick_zip\20240710.zip,dd2b631235218c6dba85444afca7cd747795eb3db273aa0c4d341ed1b34d7b10,47220,102549,163,ready,98.0,2024-06-11,2024-07-09,20,3267.0,3260.0,-0.0021426385062748698,12.0,346
226237468d41e56c,MIX,2024-07-11,C:\data_quote\data_finam_MIX_tick_zip\20240711.zip,10063936f5582476b7ba3f4689df3575d9bda0bcd7ba661c0d1667aff7dea5f5,50253,107052,163,ready,102.0,2024-06-13,2024-07-10,20,3255.0,3258.0,0.0009216589861751152,15.0,351
226237468d41e56c,MIX,2024-07-12,C:\data_quote\data_finam_MIX_tick_zip\20240712.zip,5bbf0af3481dc25eef5c39957c50ceb658a4c36158c529130462476f34377892,45608,99308,163,ready,106.0,2024-06-14,2024-07-11,20,3255.0,3239.0,-0.004915514592933948,15.0,315
226237468d41e56c,MIX,2024-07-15,C:\data_quote\data_finam_MIX_tick_zip\20240715.zip,3651ce8025bf33789da3cc17bf570b2262b28f5b1f432f6de9ffb4beb738e72d,36787,82803,163,ready,110.0,2024-06-17,2024-07-12,20,3255.0,3243.0,-0.003686635944700461,15.0,242
226237468d41e56c,MIX,2024-07-16,C:\data_quote\data_finam_MIX_tick_zip\20240716.zip,eaa45e89055e8ad99e047b770a31ffbc75142f77f707da44e657702c0b94d793,61481,133030,162,ready,113.0,2024-06-18,2024-07-15,20,3255.0,3253.0,-0.0006144393241167435,14.0,369
226237468d41e56c,MIX,2024-07-17,C:\data_quote\data_finam_MIX_tick_zip\20240717.zip,9730acb3b81ba4bca1dc1c11c4d69de36e7941ac8c35fce6e61a9bac82616ddf,38451,80582,163,ready,120.0,2024-06-19,2024-07-16,20,3254.0,3250.0,-0.001229256299938537,15.0,178
226237468d41e56c,MIX,2024-07-18,C:\data_quote\data_finam_MIX_tick_zip\20240718.zip,b5b0b26b2d4190798a7ce3bf8b2b0ac59b0a12d6ed6ec5fc4b287abc701423d5,37600,80994,163,ready,122.0,2024-06-20,2024-07-17,20,3254.0,3235.0,-0.005838967424708051,15.0,180
226237468d41e56c,MIX,2024-07-19,C:\data_quote\data_finam_MIX_tick_zip\20240719.zip,bd87b9354d0f4f16ce0f105550157b1dac1a8f00a15f6744a5489dadb5bb752b,29282,59563,163,ready,119.0,2024-06-21,2024-07-18,20,3254.0,3245.0,-0.0027658266748617085,16.0,157
226237468d41e56c,MIX,2024-07-22,C:\data_quote\data_finam_MIX_tick_zip\20240722.zip,83d71189326855f6322148ec0bb872ae9efd5364cd533532354b1886671cbc39,26377,53279,163,ready,118.0,2024-06-24,2024-07-19,20,3254.0,3266.0,0.0036877688998156115,16.0,118
226237468d41e56c,MIX,2024-07-23,C:\data_quote\data_finam_MIX_tick_zip\20240723.zip,70db6c4445af20bcd8e22997f7a4c650f935c29fa288a2621106514ee22944bd,21467,45500,162,ready,119.0,2024-06-25,2024-07-22,20,3255.0,3261.0,0.0018433179723502304,16.0,112
226237468d41e56c,MIX,2024-07-24,C:\data_quote\data_finam_MIX_tick_zip\20240724.zip,1291fe323a9ee52e34df0e8aaa824b90c0149f51843065c9bc197b7a7024b3f8,22833,46423,163,ready,119.0,2024-06-26,2024-07-23,20,3254.0,3271.0,0.005224339274738783,16.0,116
226237468d41e56c,MIX,2024-07-25,C:\data_quote\data_finam_MIX_tick_zip\20240725.zip,9403e7f3a1f97e0d7f06afafb19fe9bf9422f5d2eaaa8ead7165057763e3261f,24304,45750,163,ready,120.0,2024-06-27,2024-07-24,20,3254.0,3241.0,-0.003995082974800246,15.0,119
226237468d41e56c,MIX,2024-07-26,C:\data_quote\data_finam_MIX_tick_zip\20240726.zip,942ed96718af20e36db5fcd0797f92278e243053a680454185e6f449777b4323,50528,104647,163,ready,121.0,2024-06-28,2024-07-25,20,3254.0,3244.0,-0.003073140749846343,15.0,274
226237468d41e56c,MIX,2024-07-29,C:\data_quote\data_finam_MIX_tick_zip\20240729.zip,14d6f431dc8bd3a8d7f769964fc0675f131a75407f7c31565093479dec86c79b,40824,84330,163,ready,126.0,2024-07-01,2024-07-26,20,3257.0,3227.0,-0.0092109303039607,15.0,199
226237468d41e56c,MIX,2024-07-30,C:\data_quote\data_finam_MIX_tick_zip\20240730.zip,7b61401475794f62dc7a2f9f40b7195041935f8c58b5f770772616961f6cb4f4,33207,70027,162,ready,129.0,2024-07-02,2024-07-29,20,3257.0,3269.0,0.00368437212158428,16.0,158
226237468d41e56c,MIX,2024-07-31,C:\data_quote\data_finam_MIX_tick_zip\20240731.zip,307b3d626ffd0a27bc63a20f470aabcce9843675c4822bc1bf74645723079437,34593,74609,163,ready,132.0,2024-07-03,2024-07-30,20,3256.0,3259.0,0.0009213759213759214,15.0,184
226237468d41e56c,MIX,2024-08-01,C:\data_quote\data_finam_MIX_tick_zip\20240801.zip,a3e5eda6722ef384320bf51e557fbd7037d8cc812b50ca7a0c06d336556d877d,21385,44344,163,ready,135.0,2024-07-04,2024-07-31,20,3256.0,3253.0,-0.0009213759213759214,15.0,96
226237468d41e56c,MIX,2024-08-02,C:\data_quote\data_finam_MIX_tick_zip\20240802.zip,122e6b454d0f90cb096cbe454d629193bcbe5537e44405464bc6daf2ae53981e,32448,70102,162,ready,133.0,2024-07-05,2024-08-01,20,3256.0,3255.0,-0.0003071253071253071,15.0,162
226237468d41e56c,MIX,2024-08-05,C:\data_quote\data_finam_MIX_tick_zip\20240805.zip,8c0d0bd9bc0152831b8797900050cdb42e04f83abd74ad2fe923a03ed1571461,43972,95393,163,ready,133.0,2024-07-08,2024-08-02,20,3255.0,3259.0,0.001228878648233487,15.0,187
226237468d41e56c,MIX,2024-08-06,C:\data_quote\data_finam_MIX_tick_zip\20240806.zip,ac8d035b494ede01b83e75e0d1bb51146cce29c9dc600b4057d3d6053b0fcc31,37624,73126,163,ready,137.0,2024-07-09,2024-08-05,20,3256.0,3239.0,-0.005221130221130221,15.0,146
226237468d41e56c,MIX,2024-08-07,C:\data_quote\data_finam_MIX_tick_zip\20240807.zip,f4ee011913e1b85b3a858afa93d119324316776ad77e38b889208c528845ed24,53523,103458,163,ready,136.0,2024-07-10,2024-08-06,20,3256.0,3270.0,0.0042997542997543,16.0,197
226237468d41e56c,MIX,2024-08-08,C:\data_quote\data_finam_MIX_tick_zip\20240808.zip,42c1cfade790b7c8e405b50c438659f3e84ace5757479aaa733b4498faac7d1e,34375,65878,163,ready,137.0,2024-07-11,2024-08-07,20,3256.0,3253.0,-0.0009213759213759214,16.0,132
226237468d41e56c,MIX,2024-08-09,C:\data_quote\data_finam_MIX_tick_zip\20240809.zip,91f2da4da26d1352a9a1389d34d3e787ca92f5774038c8e461b16a162d5bd3b8,33021,64862,163,ready,132.0,2024-07-12,2024-08-08,20,3256.0,3265.0,0.002764127764127764,14.0,124
226237468d41e56c,MIX,2024-08-12,C:\data_quote\data_finam_MIX_tick_zip\20240812.zip,1ae3c439990f1a9f48f37ceb45b299d31f12b7ddd605ed817aa7c83549e4020a,34520,69873,163,ready,129.0,2024-07-15,2024-08-09,20,3256.0,3282.0,0.007985257985257985,14.0,147
226237468d41e56c,MIX,2024-08-13,C:\data_quote\data_finam_MIX_tick_zip\20240813.zip,119a808b7b586e41074c31e1c97e6673d8b9c04b1a48ad97537ce3e5c5f8274b,27327,55226,163,ready,128.0,2024-07-16,2024-08-12,20,3256.0,3276.0,0.006142506142506142,14.0,114
226237468d41e56c,MIX,2024-08-14,C:\data_quote\data_finam_MIX_tick_zip\20240814.zip,03fba2da2700fb3dedadb773398538b7799f54d2f35fd0634674ebfa7aba42d9,34115,65977,163,ready,123.0,2024-07-17,2024-08-13,20,3257.0,3261.0,0.0012281240405280934,15.0,148
226237468d41e56c,MIX,2024-08-15,C:\data_quote\data_finam_MIX_tick_zip\20240815.zip,74da55c8e71cbbe112cf3158c24b0bfba85f91431f1d65db5da63427e50d9fc4,31506,62982,163,ready,122.0,2024-07-18,2024-08-14,20,3257.0,3278.0,0.00644765121277249,15.0,164
226237468d41e56c,MIX,2024-08-16,C:\data_quote\data_finam_MIX_tick_zip\20240816.zip,35bfca9b7fb27cde9f460450ac236c9d42c1d263224fa58b733484c0d18bc28b,25327,50947,163,ready,122.0,2024-07-19,2024-08-15,20,3257.0,3262.0,0.0015351550506601166,15.0,119
226237468d41e56c,MIX,2024-08-19,C:\data_quote\data_finam_MIX_tick_zip\20240819.zip,77faa6384e2c96bcb17768b97ae19e7d3c29c77c913950d069d9ebda052b2550,37855,83276,163,ready,122.0,2024-07-22,2024-08-16,20,3257.0,3235.0,-0.006754682222904513,14.0,206
226237468d41e56c,MIX,2024-08-20,C:\data_quote\data_finam_MIX_tick_zip\20240820.zip,e57ba6278d1ad6e202fb50e34223d0f3f0f3abeef9333cd93e4ac8080038c307,41296,89571,163,ready,123.0,2024-07-23,2024-08-19,20,3257.0,3268.0,0.0033773411114522566,15.0,226
226237468d41e56c,MIX,2024-08-21,C:\data_quote\data_finam_MIX_tick_zip\20240821.zip,9a6cd19a384a63c52338c5fb2d4ab25e8225c25d465f05fedeaf24d84f9b0ed5,39159,86028,163,ready,127.0,2024-07-24,2024-08-20,20,3258.0,3280.0,0.006752608962553714,15.0,198
226237468d41e56c,MIX,2024-08-22,C:\data_quote\data_finam_MIX_tick_zip\20240822.zip,a0f00aca721f4682ddba0748c9eb85d053797e6b973cb33c6fde468afb4c6ddf,43829,94386,163,ready,130.0,2024-07-25,2024-08-21,20,3258.0,3244.0,-0.004297114794352364,16.0,186
226237468d41e56c,MIX,2024-08-23,C:\data_quote\data_finam_MIX_tick_zip\20240823.zip,85c7d0e1c7dc7c9ca634a7213b9600b161c86a6b9d1ef6e430d36d40f6d0fd99,55373,124539,163,ready,133.0,2024-07-26,2024-08-22,20,3258.0,3261.0,0.0009208103130755065,16.0,283
226237468d41e56c,MIX,2024-08-26,C:\data_quote\data_finam_MIX_tick_zip\20240826.zip,c26dde43b79ca9b9402c89a32822326e516ded025c40d23d90ab235e006c268f,49395,117607,163,ready,134.0,2024-07-29,2024-08-23,20,3258.0,3247.0,-0.003376304481276857,16.0,280
226237468d41e56c,MIX,2024-08-27,C:\data_quote\data_finam_MIX_tick_zip\20240827.zip,abfbc0fb9072a864b2f951d225f3d5cd264b9c9d6bf08d4b21e394601a5bcf6d,42034,94430,163,ready,138.0,2024-07-30,2024-08-26,20,3258.0,3247.0,-0.003376304481276857,16.0,202
226237468d41e56c,MIX,2024-08-28,C:\data_quote\data_finam_MIX_tick_zip\20240828.zip,65574665046f8e986b3a3d3a2ced6d6de22da0c0bc97ea69c94d7151afc03f66,63593,136598,163,ready,139.0,2024-07-31,2024-08-27,20,3259.0,3255.0,-0.00122737035900583,16.0,284
226237468d41e56c,MIX,2024-08-29,C:\data_quote\data_finam_MIX_tick_zip\20240829.zip,edcacc5276127c26187ef9af25165ddbf4097a34fbd638f96e3fe2517eb34d50,51598,116389,163,ready,142.0,2024-08-01,2024-08-28,20,3259.0,3262.0,0.0009205277692543725,15.0,206
226237468d41e56c,MIX,2024-08-30,C:\data_quote\data_finam_MIX_tick_zip\20240830.zip,1c4622969b5287554b18735b8812a35d83c0577ef1235d9e09658db834c3ea5d,79843,178695,163,ready,146.0,2024-08-02,2024-08-29,20,3259.0,3264.0,0.0015342129487572874,15.0,349
226237468d41e56c,MIX,2024-09-02,C:\data_quote\data_finam_MIX_tick_zip\20240902.zip,27d3abb7333b1b5cebd7f6fc187a2cbaeff3db2cc415eee13e7f4238e5538205,85079,206382,163,ready,153.0,2024-08-05,2024-08-30,20,3260.0,3263.0,0.0009202453987730061,16.0,419
226237468d41e56c,MIX,2024-09-03,C:\data_quote\data_finam_MIX_tick_zip\20240903.zip,e6cb488ed23931c622b08b4651c3a73739788c3b86f7695bf7769775cb4ecdab,100355,234322,163,ready,161.0,2024-08-06,2024-09-02,20,3260.0,3253.0,-0.002147239263803681,17.0,459
226237468d41e56c,MIX,2024-09-04,C:\data_quote\data_finam_MIX_tick_zip\20240904.zip,ca6520a7abb9e7b75f4f4b0cafa055140c21369dae4af2f1518cce9255fcaa3c,66948,157731,163,ready,174.0,2024-08-07,2024-09-03,20,3260.0,3259.0,-0.00030674846625766873,16.0,274
226237468d41e56c,MIX,2024-09-05,C:\data_quote\data_finam_MIX_tick_zip\20240905.zip,ca707eae18e0ccf2abf168aaaae875cdb61d8aa096fbba45e16e3b3fbcbb400c,64321,133473,163,ready,178.0,2024-08-08,2024-09-04,20,3260.0,3255.0,-0.0015337423312883436,16.0,193
226237468d41e56c,MIX,2024-09-06,C:\data_quote\data_finam_MIX_tick_zip\20240906.zip,5bbbd0869b9ecc97bc0a5b25a7870c6aec5e56a7262cd48a2ddafef1ba6391ee,51740,104060,163,ready,183.0,2024-08-09,2024-09-05,20,3260.0,3258.0,-0.0006134969325153375,16.0,146
226237468d41e56c,MIX,2024-09-09,C:\data_quote\data_finam_MIX_tick_zip\20240909.zip,f4eeeb19449377f35c87dea1aaf8f857caf0dd1ca2748c85440a9cf3783453b5,52602,108058,163,ready,186.0,2024-08-12,2024-09-06,20,3260.0,3247.0,-0.003987730061349694,16.0,140
226237468d41e56c,MIX,2024-09-10,C:\data_quote\data_finam_MIX_tick_zip\20240910.zip,7e6d21e5636d7e6362bb7d328cd3237eabb2d7f0aa3e736200ec60aab7f4c7fe,63305,126732,163,ready,188.0,2024-08-13,2024-09-09,20,3260.0,3273.0,0.003987730061349694,16.0,176
226237468d41e56c,MIX,2024-09-11,C:\data_quote\data_finam_MIX_tick_zip\20240911.zip,0a14a146eceb00d3db2ca4bd8351d2ad5883bbb3e2db27a4ed2d48499e5667b9,52056,109342,163,ready,192.0,2024-08-14,2024-09-10,20,3260.0,3267.0,0.002147239263803681,17.0,148
226237468d41e56c,MIX,2024-09-12,C:\data_quote\data_finam_MIX_tick_zip\20240912.zip,1d7ebbd8c7ac7a22a8969f0904b667a86e13df256d275c1d13170bb79020118f,63037,132152,163,ready,194.0,2024-08-15,2024-09-11,20,3260.0,3255.0,-0.0015337423312883436,16.0,196
226237468d41e56c,MIX,2024-09-13,C:\data_quote\data_finam_MIX_tick_zip\20240913.zip,52803c51dadf74b8e696cb19295ca9d808c43a78f8f65f58ad1292c054c476c0,112206,239338,163,ready,199.0,2024-08-16,2024-09-12,20,3260.0,3262.0,0.0006134969325153375,16.0,353
226237468d41e56c,MIX,2024-09-16,C:\data_quote\data_finam_MIX_tick_zip\20240916.zip,13fdd041b2011d9daa949b0dd8cd4f2b21da47970dc3a77c3084e6ca0a110d70,66875,130827,163,ready,211.0,2024-08-19,2024-09-13,20,3260.0,3257.0,-0.0009202453987730061,17.0,153
226237468d41e56c,MIX,2024-09-17,C:\data_quote\data_finam_MIX_tick_zip\20240917.zip,edbe215abcddfbe23269d03de5eafcc1d0205712513ceee23fb086a27ab9e708,63207,127591,163,ready,214.0,2024-08-20,2024-09-16,20,3260.0,3270.0,0.003067484662576687,17.0,150
226237468d41e56c,MIX,2024-09-18,C:\data_quote\data_finam_MIX_tick_zip\20240918.zip,352159cf8e42e59adc8ff2f1d67929e0c3547eb8dae006e9f79af43e1909b978,41777,72719,163,ready,216.0,2024-08-21,2024-09-17,20,3260.0,3264.0,0.001226993865030675,16.0,83
226237468d41e56c,MIX,2024-09-19,C:\data_quote\data_finam_MIX_tick_zip\20240919.zip,66d50523f1a999fe826a0b7a30d9eb021e13c36b6baceec4120f69f1bfc04d7a,47170,93048,160,ready,215.0,2024-08-22,2024-09-18,20,3260.0,3263.0,0.0009202453987730061,16.0,90
226237468d41e56c,MIX,2024-09-20,C:\data_quote\data_finam_MIX_tick_zip\20240920.zip,c2c7e3508316edfe31ace8b26f4fa0a590bb5f21f726c8f133e56761f4f97d50,46266,86999,163,ready,215.0,2024-08-23,2024-09-19,20,3257.0,3259.0,0.0006140620202640467,16.0,74
226237468d41e56c,MIX,2024-09-23,C:\data_quote\data_finam_MIX_tick_zip\20240923.zip,bb9231de82f1a328661169ea339ece41e680de2ae764e47ebe178b46e8fa16e8,39374,79970,163,ready,211.0,2024-08-26,2024-09-20,20,3257.0,3248.0,-0.00276327909118821,16.0,88
226237468d41e56c,MIX,2024-09-24,C:\data_quote\data_finam_MIX_tick_zip\20240924.zip,132e9e81c54018ea78cd5d5d553fb2ecadb12ca06c173d70120e12ae1b95a37c,50196,106786,163,ready,207.0,2024-08-27,2024-09-23,20,3257.0,3261.0,0.0012281240405280934,18.0,137
226237468d41e56c,MIX,2024-09-25,C:\data_quote\data_finam_MIX_tick_zip\20240925.zip,7e5ead96fcfc587b056be8c1ad742350fbfc7aa2a403a316f771c61305fa649a,55415,118151,163,ready,210.0,2024-08-28,2024-09-24,20,3257.0,3244.0,-0.003991403131716303,17.0,139
226237468d41e56c,MIX,2024-09-26,C:\data_quote\data_finam_MIX_tick_zip\20240926.zip,aa3f825fcf59543495d2e4530de8b0b12be5b7e7325fdc82d013c192dfd26f37,45795,90636,163,ready,207.0,2024-08-29,2024-09-25,20,3257.0,3259.0,0.0006140620202640467,17.0,99
226237468d41e56c,MIX,2024-09-27,C:\data_quote\data_finam_MIX_tick_zip\20240927.zip,0b8d5adaeb72b4b2c7fcae60ef2a489cf3ab6ba96aee9817b5846990548a2be0,28803,57470,163,ready,207.0,2024-08-30,2024-09-26,20,3257.0,3241.0,-0.004912496162112374,16.0,54
226237468d41e56c,MIX,2024-09-30,C:\data_quote\data_finam_MIX_tick_zip\20240930.zip,27eb6572fdac9942151e6c225cd972a840347c0aa31710ecb1e6d8a6878a9b9a,55511,122388,163,ready,199.0,2024-09-02,2024-09-27,20,3257.0,3260.0,0.00092109303039607,16.0,184
226237468d41e56c,MIX,2024-10-01,C:\data_quote\data_finam_MIX_tick_zip\20241001.zip,4731cdcb38665cee24ee3f92db6b003eecdda7ffae6a8a7a8bd63db0250c22ed,60838,128173,163,ready,196.0,2024-09-03,2024-09-30,20,3257.0,3243.0,-0.004298434141848327,17.0,184
226237468d41e56c,MIX,2024-10-02,C:\data_quote\data_finam_MIX_tick_zip\20241002.zip,33a71539f63d67226992242df32258bdb36e97b09c657e78f1add6aa0eb7cb11,57667,136777,163,ready,188.0,2024-09-04,2024-10-01,20,3257.0,3262.0,0.0015351550506601166,17.0,207
226237468d41e56c,MIX,2024-10-03,C:\data_quote\data_finam_MIX_tick_zip\20241003.zip,b2de70af4d66885cf950ad556be7083488295f08354871ae764b2987c1a20ac8,66031,143934,163,ready,187.0,2024-09-05,2024-10-02,20,3257.0,3258.0,0.00030703101013202335,17.0,226
226237468d41e56c,MIX,2024-10-04,C:\data_quote\data_finam_MIX_tick_zip\20241004.zip,47d5a9f7d899825205772cc6bbf3609a6974c06ef71cba6d347d40ca43635a05,45825,102528,163,ready,188.0,2024-09-06,2024-10-03,20,3257.0,3254.0,-0.00092109303039607,17.0,162
226237468d41e56c,MIX,2024-10-07,C:\data_quote\data_finam_MIX_tick_zip\20241007.zip,45e4ff219779c595533ec6edfb5c9a0484c0bf8c4d639f92eb33da796f3b5a15,42999,90088,163,ready,190.0,2024-09-09,2024-10-04,20,3257.0,3251.0,-0.00184218606079214,15.0,139
226237468d41e56c,MIX,2024-10-08,C:\data_quote\data_finam_MIX_tick_zip\20241008.zip,4f8d49ac94a105a7cae2a2ee6d01ee2b233cf49321e755b7315bb1fe05a0930c,41465,79365,163,ready,190.0,2024-09-10,2024-10-07,20,3257.0,3257.0,0.0,16.0,103
226237468d41e56c,MIX,2024-10-09,C:\data_quote\data_finam_MIX_tick_zip\20241009.zip,c18c386c3594419e15366e1b74eb125417a68e83ca00c3d69d2829203697e2db,42150,87427,163,ready,187.0,2024-09-11,2024-10-08,20,3257.0,3246.0,-0.0033773411114522566,17.0,133
226237468d41e56c,MIX,2024-10-10,C:\data_quote\data_finam_MIX_tick_zip\20241010.zip,a610164f24e9322c5d82444a619902efe1796151f7bf045ec60ba9802364984c,38572,77220,163,ready,186.0,2024-09-12,2024-10-09,20,3257.0,3259.0,0.0006140620202640467,17.0,92
226237468d41e56c,MIX,2024-10-11,C:\data_quote\data_finam_MIX_tick_zip\20241011.zip,9d7ec31acbd2b3b32b899cca6ca30ba7edbcb7107ccaf7163f4ca9f6c2f198dc,31636,63430,163,ready,181.0,2024-09-13,2024-10-10,20,3257.0,3269.0,0.00368437212158428,17.0,85
226237468d41e56c,MIX,2024-10-14,C:\data_quote\data_finam_MIX_tick_zip\20241014.zip,c2f6cd0016f83215a4a6584f7797cf38216b12ffd79c84bd1b97dfd570c6490f,48462,101768,162,ready,169.0,2024-09-16,2024-10-11,20,3257.0,3235.0,-0.006754682222904513,15.0,149
226237468d41e56c,MIX,2024-10-15,C:\data_quote\data_finam_MIX_tick_zip\20241015.zip,5faa407488526462e214704ccaa0ef5f003351ce48f6efc45328bf2cd2c4055e,41657,85573,163,ready,167.0,2024-09-17,2024-10-14,20,3256.0,3260.0,0.0012285012285012285,16.0,138
226237468d41e56c,MIX,2024-10-16,C:\data_quote\data_finam_MIX_tick_zip\20241016.zip,2db53365b80304de0973cec5e810ff850fd7d09181424f95bf1ecf5a86a26e2e,44242,95527,163,ready,164.0,2024-09-18,2024-10-15,20,3256.0,3288.0,0.009828009828009828,16.0,177
226237468d41e56c,MIX,2024-10-17,C:\data_quote\data_finam_MIX_tick_zip\20241017.zip,f1a48a9120f358d44f9e06958affe7af2dfeca1610dbee4ad38abe1f9b566e87,36852,80415,163,ready,166.0,2024-09-19,2024-10-16,20,3256.0,3265.0,0.002764127764127764,16.0,143
226237468d41e56c,MIX,2024-10-18,C:\data_quote\data_finam_MIX_tick_zip\20241018.zip,642f332de1c4aef72bb8576652efd4f67ba9b618feb160a74feb04d196d81b06,34494,74134,163,ready,167.0,2024-09-20,2024-10-17,20,3259.0,3260.0,0.0003068425897514575,14.0,118
226237468d41e56c,MIX,2024-10-21,C:\data_quote\data_finam_MIX_tick_zip\20241021.zip,6a66feddfc63ccad2ea98c474d92d9a2b8452fae35973abe566606ead167021e,23670,49714,163,ready,167.0,2024-09-23,2024-10-18,20,3259.0,3280.0,0.006443694384780607,16.0,77
226237468d41e56c,MIX,2024-10-22,C:\data_quote\data_finam_MIX_tick_zip\20241022.zip,d8ff4c920e8daecd2e03795e00fc7dc077a24bab81a4ee13bd5edba14a3badc2,26493,55367,163,ready,166.0,2024-09-24,2024-10-21,20,3259.0,3250.0,-0.0027615833077631177,16.0,73
226237468d41e56c,MIX,2024-10-23,C:\data_quote\data_finam_MIX_tick_zip\20241023.zip,3c4aaa353586df70c76c46e0581ff87c4fe425e387ec63f54d64ab40eb16f6a5,35815,76403,163,ready,161.0,2024-09-25,2024-10-22,20,3259.0,3275.0,0.00490948143602332,15.0,137
226237468d41e56c,MIX,2024-10-24,C:\data_quote\data_finam_MIX_tick_zip\20241024.zip,a86ab316832b317d61f5fb3d427c8c42f10dbfe9ac8065c13a7193935b155a7d,40822,91113,163,ready,159.0,2024-09-26,2024-10-23,20,3259.0,3275.0,0.00490948143602332,15.0,186
226237468d41e56c,MIX,2024-10-25,C:\data_quote\data_finam_MIX_tick_zip\20241025.zip,3fe763a40d135b6a5ad29ecaf52c677713ba23cf1a4338d9603d75ffb114cb34,90042,217345,163,ready,160.0,2024-09-27,2024-10-24,20,3259.0,3255.0,-0.00122737035900583,17.0,443
226237468d41e56c,MIX,2024-10-28,C:\data_quote\data_finam_MIX_tick_zip\20241028.zip,b98007b8b7431661f525f0dfd0852fb633ba3bb1fd8cad537da778bc5d574d16,72999,175649,163,ready,172.0,2024-09-30,2024-10-25,20,3259.0,3253.0,-0.001841055538508745,17.0,325
226237468d41e56c,MIX,2024-10-29,C:\data_quote\data_finam_MIX_tick_zip\20241029.zip,6615655eb526a8a99370d55b38225cc12d92f4ddb33ab6baa2513dab3a008f37,71840,167950,163,ready,177.0,2024-10-01,2024-10-28,20,3259.0,3254.0,-0.0015342129487572874,17.0,310
226237468d41e56c,MIX,2024-10-30,C:\data_quote\data_finam_MIX_tick_zip\20241030.zip,0e65ede825d1f7c2e27e972d1b8ed1bcaa9c24778f03a44649805ea7a4721c38,61975,139735,163,ready,181.0,2024-10-02,2024-10-29,20,3259.0,3244.0,-0.0046026388462718625,17.0,226
226237468d41e56c,MIX,2024-10-31,C:\data_quote\data_finam_MIX_tick_zip\20241031.zip,38dd4104f247d54fee828c4f5526951c4e825ce630704fb8cb85a6eb0f9df3d9,69708,162394,163,ready,181.0,2024-10-03,2024-10-30,20,3259.0,3242.0,-0.005216324025774778,17.0,282
226237468d41e56c,MIX,2024-11-01,C:\data_quote\data_finam_MIX_tick_zip\20241101.zip,3269b2d78a649a26f5727d8d806d6bb863569fe10a704f04b30aa86885949e07,52158,124033,163,ready,182.0,2024-10-04,2024-10-31,20,3259.0,3260.0,0.0003068425897514575,17.0,211
226237468d41e56c,MIX,2024-11-02,C:\data_quote\data_finam_MIX_tick_zip\20241102.zip,70db7f42160d3b69d1647f9b15a39e603076e82b190ec4f63f62109eba4f78f8,17453,38671,163,ready,184.0,2024-10-07,2024-11-01,20,3259.0,3247.0,-0.00368211107701749,17.0,54
226237468d41e56c,MIX,2024-11-05,C:\data_quote\data_finam_MIX_tick_zip\20241105.zip,da81a6ab3697b93c94af71840eca9d7ce080bf307fdae2ebf59d35827391a717,40547,95893,163,ready,184.0,2024-10-07,2024-11-01,20,3259.0,3247.0,-0.00368211107701749,17.0,137
226237468d41e56c,MIX,2024-11-06,C:\data_quote\data_finam_MIX_tick_zip\20241106.zip,882c188e861b1c52cb58660e6298a6764fad68934baf5d243521f2d865ad791c,77541,202837,163,ready,183.0,2024-10-08,2024-11-05,20,3259.0,3271.0,0.00368211107701749,15.0,362
226237468d41e56c,MIX,2024-11-07,C:\data_quote\data_finam_MIX_tick_zip\20241107.zip,b8d82062d3a9591876d14d48d76b1bf020745a1b40696bb9379938f6be51acc0,59025,151499,163,ready,194.0,2024-10-09,2024-11-06,20,3259.0,3257.0,-0.000613685179502915,16.0,226
226237468d41e56c,MIX,2024-11-08,C:\data_quote\data_finam_MIX_tick_zip\20241108.zip,d43f2f7defa51dbc81011eb0dc14c8b2b39cdeb8619ce6024bd44823d1f07140,74824,194673,163,ready,198.0,2024-10-10,2024-11-07,20,3259.0,3265.0,0.001841055538508745,16.0,309
226237468d41e56c,MIX,2024-11-11,C:\data_quote\data_finam_MIX_tick_zip\20241111.zip,4c4e2a16e40206b6822f1d28b6b0210ef5eb5dc4ab5a275c8c3c157659dfb408,62924,145712,163,ready,206.0,2024-10-11,2024-11-08,20,3259.0,3253.0,-0.001841055538508745,17.0,197
226237468d41e56c,MIX,2024-11-12,C:\data_quote\data_finam_MIX_tick_zip\20241112.zip,aaf493c5cf85fbfc9f44255b34082f475279ce4a5fba593177bce9f6e592e55c,56090,144080,163,ready,213.0,2024-10-14,2024-11-11,20,3259.0,3269.0,0.003068425897514575,17.0,216
226237468d41e56c,MIX,2024-11-13,C:\data_quote\data_finam_MIX_tick_zip\20241113.zip,5b16894d119f57aacee196f32e075ccbb1f62e608a6f98cf8740ff0506e07837,58387,144439,163,ready,219.0,2024-10-15,2024-11-12,20,3260.0,3255.0,-0.0015337423312883436,18.0,188
226237468d41e56c,MIX,2024-11-14,C:\data_quote\data_finam_MIX_tick_zip\20241114.zip,65205f09c1934494b72c53e2137166f1492d210d7fd1081be775bd867db764e4,53227,131889,163,ready,223.0,2024-10-16,2024-11-13,20,3260.0,3254.0,-0.0018404907975460123,16.0,160
226237468d41e56c,MIX,2024-11-15,C:\data_quote\data_finam_MIX_tick_zip\20241115.zip,bf1431542ff7e60299c9548462955bd187d7fe202a83d137f707b701c2e029cd,54051,133295,163,ready,224.0,2024-10-17,2024-11-14,20,3260.0,3275.0,0.004601226993865031,17.0,159
226237468d41e56c,MIX,2024-11-18,C:\data_quote\data_finam_MIX_tick_zip\20241118.zip,719b45ea7f6a2498f97802482145bb7751c21ad03162d84e7c01d82dca9c5f77,62993,173879,163,ready,227.0,2024-10-18,2024-11-15,20,3260.0,3252.0,-0.00245398773006135,15.0,208
226237468d41e56c,MIX,2024-11-19,C:\data_quote\data_finam_MIX_tick_zip\20241119.zip,1b7529a080d0432fa26edfcbb8a99661c5ad1d54e762c6b13ff90cfbd6db2637,84926,222951,157,ready,236.0,2024-10-21,2024-11-18,20,3260.0,3248.0,-0.0036809815950920245,17.0,256
226237468d41e56c,MIX,2024-11-20,C:\data_quote\data_finam_MIX_tick_zip\20241120.zip,b490d4fd7f9a3d43a4439582ec162eab83eb86293f385ebe6f59e300f2899ff2,96003,276739,163,ready,246.0,2024-10-22,2024-11-19,20,3254.0,3250.0,-0.001229256299938537,17.0,334
226237468d41e56c,MIX,2024-11-21,C:\data_quote\data_finam_MIX_tick_zip\20241121.zip,06b49f42b6de748f81e01167f1c3a0a5e0732988fce4a012e7cb14d26321b1c8,105978,284715,163,ready,261.0,2024-10-23,2024-11-20,20,3254.0,3272.0,0.005531653349723417,18.0,302
226237468d41e56c,MIX,2024-11-22,C:\data_quote\data_finam_MIX_tick_zip\20241122.zip,84b993194f7466a14c7b43c180128d9a13e5f8562afdb45885afc1afb36110de,67183,175779,163,ready,274.0,2024-10-24,2024-11-21,20,3254.0,3271.0,0.005224339274738783,17.0,131
226237468d41e56c,MIX,2024-11-25,C:\data_quote\data_finam_MIX_tick_zip\20241125.zip,4d60afe0bad9ba2912c28a04ef1130a88b2298fd505e5a8b09f98802091d6798,84607,210301,163,ready,277.0,2024-10-25,2024-11-22,20,3254.0,3256.0,0.0006146281499692685,18.0,186
226237468d41e56c,MIX,2024-11-26,C:\data_quote\data_finam_MIX_tick_zip\20241126.zip,b213008f742e8f2bf4c97d9721a33f596e0f8c35d4c4ab7e6ce2576449bd9b99,99069,258431,163,ready,275.0,2024-10-28,2024-11-25,20,3254.0,3241.0,-0.003995082974800246,18.0,270
226237468d41e56c,MIX,2024-11-27,C:\data_quote\data_finam_MIX_tick_zip\20241127.zip,5daed20720d1e76caf98eb935b660feae210d01f81ea940f698b6ca3c9903703,150571,375515,163,ready,280.0,2024-10-29,2024-11-26,20,3254.0,3249.0,-0.0015365703749231714,18.0,325
226237468d41e56c,MIX,2024-11-28,C:\data_quote\data_finam_MIX_tick_zip\20241128.zip,3365ca4c0d7a39ff53806a8f2b13f71691972b548d02b49cdea8e23145c1c4db,100464,247223,163,ready,289.0,2024-10-30,2024-11-27,20,3254.0,3240.0,-0.0043023970497848806,17.0,205
226237468d41e56c,MIX,2024-11-29,C:\data_quote\data_finam_MIX_tick_zip\20241129.zip,fbf282cc1166786eac42f723bfcf721c2c85112c7a8d014333dc42a64e3cc84b,68275,159494,163,ready,296.0,2024-10-31,2024-11-28,20,3254.0,3258.0,0.001229256299938537,18.0,123
226237468d41e56c,MIX,2024-12-02,C:\data_quote\data_finam_MIX_tick_zip\20241202.zip,dae4309886561219b34bf694e4a661cc195866cb8aba51ed6fa2c470d4c4d3f4,48348,110463,163,ready,294.0,2024-11-01,2024-11-29,20,3254.0,3266.0,0.0036877688998156115,18.0,74
226237468d41e56c,MIX,2024-12-03,C:\data_quote\data_finam_MIX_tick_zip\20241203.zip,aee70f1fb41b37452ec790a6ecbe7c4eb1ff0d7d516627d944820d87e1e926f5,62713,153232,163,ready,293.0,2024-11-05,2024-12-02,20,3254.0,3255.0,0.00030731407498463427,18.0,151
226237468d41e56c,MIX,2024-12-04,C:\data_quote\data_finam_MIX_tick_zip\20241204.zip,df6e2f7b668d7c23b841dc74a61f44bba733fc368150ff90e0631ccf746a1dd2,99536,256583,163,ready,301.0,2024-11-06,2024-12-03,20,3254.0,3254.0,0.0,18.0,210
226237468d41e56c,MIX,2024-12-05,C:\data_quote\data_finam_MIX_tick_zip\20241205.zip,6fdc7e267fed037a01e179a6be1e6139e21e4b0cdc83b03b8a23da8de2a299a2,130976,328516,163,ready,302.0,2024-11-07,2024-12-04,20,3254.0,3249.0,-0.0015365703749231714,18.0,251
226237468d41e56c,MIX,2024-12-06,C:\data_quote\data_finam_MIX_tick_zip\20241206.zip,205b157a08e2ac29d9d3a590208785f4f96e4c4ec5ff39ac6791f94fa1afb997,83117,207167,163,ready,310.0,2024-11-08,2024-12-05,20,3254.0,3260.0,0.0018438844499078057,18.0,157
226237468d41e56c,MIX,2024-12-09,C:\data_quote\data_finam_MIX_tick_zip\20241209.zip,a75243e153837ee1ba798f1fc0445f8cf53849ef8fd1cee7a64e9904b1255bcd,62579,139570,163,ready,311.0,2024-11-11,2024-12-06,20,3254.0,3246.0,-0.002458512599877074,18.0,97
226237468d41e56c,MIX,2024-12-10,C:\data_quote\data_finam_MIX_tick_zip\20241210.zip,cec2279f3842ba03ac2c5d1c2740057b3195fccd32c0b703a7ad202f70e2f2a1,82383,199570,163,ready,310.0,2024-11-12,2024-12-09,20,3254.0,3262.0,0.002458512599877074,18.0,155
226237468d41e56c,MIX,2024-12-11,C:\data_quote\data_finam_MIX_tick_zip\20241211.zip,f333dca279015640b6cd96e6879f29855263026aa9e0377a14f100cfa0fb15c8,81476,192676,163,ready,311.0,2024-11-13,2024-12-10,20,3254.0,3260.0,0.0018438844499078057,16.0,143
226237468d41e56c,MIX,2024-12-12,C:\data_quote\data_finam_MIX_tick_zip\20241212.zip,aba6321ab63c3edfa3558b602a4d56bf5abf4da119f3aecf57d1a1439a29f116,71159,169856,163,ready,313.0,2024-11-14,2024-12-11,20,3254.0,3245.0,-0.0027658266748617085,18.0,118
226237468d41e56c,MIX,2024-12-13,C:\data_quote\data_finam_MIX_tick_zip\20241213.zip,b8c663d635d159b93cae16b13d08b47e01c63611185a8013189580f776ef3655,50130,117455,163,ready,314.0,2024-11-15,2024-12-12,20,3254.0,3261.0,0.0021511985248924403,18.0,71
226237468d41e56c,MIX,2024-12-16,C:\data_quote\data_finam_MIX_tick_zip\20241216.zip,422893d0c507260b894a1c4221191ec1be4fe6d2fcdf7849427a0509e0110af7,73326,181685,163,ready,313.0,2024-11-18,2024-12-13,20,3254.0,3236.0,-0.005531653349723417,18.0,138
226237468d41e56c,MIX,2024-12-17,C:\data_quote\data_finam_MIX_tick_zip\20241217.zip,aac25432ee99a3f5cd834dfd6dd10293b0c5ecad99adc8be420c8b7d010e082f,64125,147330,163,ready,313.0,2024-11-19,2024-12-16,20,3254.0,3242.0,-0.0036877688998156115,18.0,97
226237468d41e56c,MIX,2024-12-18,C:\data_quote\data_finam_MIX_tick_zip\20241218.zip,e5458166880c52c90f2a26bf1f2d3cdc99b9cd0c59452ecb2d1df6134412d9f3,49753,122191,163,ready,309.0,2024-11-20,2024-12-17,20,3260.0,3254.0,-0.0018404907975460123,18.0,83
226237468d41e56c,MIX,2024-12-19,C:\data_quote\data_finam_MIX_tick_zip\20241219.zip,db9bee8dee2a95146290e88649c63fa2a6563b7dfa82f31ea788def0385d176b,21317,69539,106,ready,298.0,2024-11-21,2024-12-18,20,3260.0,3258.0,-0.0006134969325153375,18.0,69
226237468d41e56c,MIX,2024-12-20,C:\data_quote\data_finam_MIX_tick_zip\20241220.zip,9f03c21af20f0e967740865ad3b70fb81cd6ea0ec0013e492a083b8cbd175ad5,13298,31866,57,ready,287.0,2024-11-22,2024-12-19,20,3203.0,3198.0,-0.0015610365282547611,18.0,23
226237468d41e56c,MIX,2024-12-23,C:\data_quote\data_finam_MIX_tick_zip\20241223.zip,5c9325aa014b363055132d3422fb1924c8b8b6c660883d1e7f6681c50c942e45,102381,230567,163,ready,287.0,2024-11-25,2024-12-20,20,3097.0,3097.0,0.0,16.0,215
226237468d41e56c,MIX,2024-12-24,C:\data_quote\data_finam_MIX_tick_zip\20241224.zip,c54315623d5518fd339e542359071ab72ad554fcd23099063bb07373b3d8ef3c,76959,164694,163,ready,293.0,2024-11-26,2024-12-23,20,3097.0,3095.0,-0.0006457862447529867,16.0,137
226237468d41e56c,MIX,2024-12-25,C:\data_quote\data_finam_MIX_tick_zip\20241225.zip,915d374e5ef0a79fa88757b2bc9f9500f5a8aafe8cae1d0221264f80451c5e01,80417,184322,163,ready,284.0,2024-11-27,2024-12-24,20,3097.0,3103.0,0.0019373587342589602,18.0,172
226237468d41e56c,MIX,2024-12-26,C:\data_quote\data_finam_MIX_tick_zip\20241226.zip,9ceb59d3febc21ca56d8a0cfe0bd89d981dee42cd6eb994c4d00cc707074b9b9,67086,143968,163,ready,275.0,2024-11-28,2024-12-25,20,3097.0,3083.0,-0.004520503713270907,18.0,116
226237468d41e56c,MIX,2024-12-27,C:\data_quote\data_finam_MIX_tick_zip\20241227.zip,d58f72492c6d316d2adf27a84d4c19545e12c775ecdb64ca41826b49de0a3e00,41241,90759,163,ready,269.0,2024-11-29,2024-12-26,20,3097.0,3096.0,-0.00032289312237649337,18.0,70
226237468d41e56c,MIX,2024-12-28,C:\data_quote\data_finam_MIX_tick_zip\20241228.zip,76cc1bb9bf5bdac775e6dbc171a5864a121b92b5e7a70319858a35b8e75cfa49,33514,75993,163,ready,263.0,2024-12-02,2024-12-27,20,3097.0,3101.0,0.0012915724895059735,18.0,67
226237468d41e56c,MIX,2024-12-30,C:\data_quote\data_finam_MIX_tick_zip\20241230.zip,2674dd32831a794c83bc2e1fd2cc958ca63bb9564fc0a8de6566af12980a3b0a,47958,111523,163,ready,263.0,2024-12-02,2024-12-27,20,3097.0,3101.0,0.0012915724895059735,18.0,108
226237468d41e56c,MIX,2025-01-03,C:\data_quote\data_finam_MIX_tick_zip\20250103.zip,882776467cf5be0949703ea7524c533fdc2ce26a3fcb3ff9953711cbbacb0ddf,44684,106893,163,ready,264.0,2024-12-03,2024-12-30,20,3097.0,3094.0,-0.0009686793671294801,15.0,119
226237468d41e56c,MIX,2025-01-06,C:\data_quote\data_finam_MIX_tick_zip\20250106.zip,90e89ad5599fded8b48dd4e9617a449e0dc2b6b6f1a9facf19daced9803f5c5b,32402,69306,163,ready,262.0,2024-12-04,2025-01-03,20,3097.0,3091.0,-0.0019373587342589602,18.0,69
226237468d41e56c,MIX,2025-01-08,C:\data_quote\data_finam_MIX_tick_zip\20250108.zip,4d41c5b014a4aa363785cfc68aeefa419f4145d87590d97794565ecdab2d8f58,28884,63375,163,ready,248.0,2024-12-05,2025-01-06,20,3097.0,3109.0,0.0038747174685179204,16.0,57
226237468d41e56c,MIX,2025-01-09,C:\data_quote\data_finam_MIX_tick_zip\20250109.zip,1d1ed12b798e9ff15b05742e47904a10408d13a637fa369717730df204fb9997,73358,169827,163,ready,232.0,2024-12-06,2025-01-08,20,3097.0,3095.0,-0.0006457862447529867,17.0,211
226237468d41e56c,MIX,2025-01-10,C:\data_quote\data_finam_MIX_tick_zip\20250110.zip,64718d31c97049377893c376d471b23d24d9d6c18424619cb503d166cc709b4e,92404,238398,163,ready,230.0,2024-12-09,2025-01-09,20,3097.0,3098.0,0.00032289312237649337,17.0,320
226237468d41e56c,MIX,2025-01-13,C:\data_quote\data_finam_MIX_tick_zip\20250113.zip,33b498805a53b79d6f9a6e9171403a7d41b3b383264bb0c8a26605d19f086aeb,87843,210084,163,ready,239.0,2024-12-10,2025-01-10,20,3097.0,3096.0,-0.00032289312237649337,17.0,244
226237468d41e56c,MIX,2025-01-14,C:\data_quote\data_finam_MIX_tick_zip\20250114.zip,bf2a270a6937014c2aa3700605f2bac78c640f610d345d0133fcca64ae94744c,61848,133981,163,ready,241.0,2024-12-11,2025-01-13,20,3097.0,3096.0,-0.00032289312237649337,17.0,141
226237468d41e56c,MIX,2025-01-15,C:\data_quote\data_finam_MIX_tick_zip\20250115.zip,6645567ddd29fbbe78eb3b516914971f34b014571d5cccaf33519e36a8c4403f,71318,160429,163,ready,238.0,2024-12-12,2025-01-14,20,3097.0,3088.0,-0.0029060381013884403,16.0,186
226237468d41e56c,MIX,2025-01-16,C:\data_quote\data_finam_MIX_tick_zip\20250116.zip,f6d2e68753c8fa03b2483d0e630acdefb3704f151e35be21e6b8b86cdc5cd863,64657,151166,163,ready,238.0,2024-12-13,2025-01-15,20,3097.0,3095.0,-0.0006457862447529867,16.0,162
226237468d41e56c,MIX,2025-01-17,C:\data_quote\data_finam_MIX_tick_zip\20250117.zip,3593b694be8a3de24cc48fa6f299c75d9b5986bb549a8e7ce3e074780a8bbc90,57145,137836,163,ready,239.0,2024-12-16,2025-01-16,20,3097.0,3092.0,-0.0016144656118824668,17.0,150
226237468d41e56c,MIX,2025-01-20,C:\data_quote\data_finam_MIX_tick_zip\20250120.zip,4f6297819aff16a67b4e339c74aa9a8d6e497e709e540aa38cc1ef157dcbcf72,101311,242570,163,ready,237.0,2024-12-17,2025-01-17,20,3097.0,3097.0,0.0,15.0,276
226237468d41e56c,MIX,2025-01-21,C:\data_quote\data_finam_MIX_tick_zip\20250121.zip,8f559773369614086cca569958543f5efed600bca8195f5501d75812c5299d16,72040,174563,163,ready,245.0,2024-12-18,2025-01-20,20,3097.0,3091.0,-0.0019373587342589602,17.0,195
226237468d41e56c,MIX,2025-01-22,C:\data_quote\data_finam_MIX_tick_zip\20250122.zip,457d91c3890d692057d64c225862039f6b540bd30a88f687de3e18bbc77f3838,82322,209557,163,ready,248.0,2024-12-19,2025-01-21,20,3097.0,3106.0,0.0029060381013884403,17.0,248
226237468d41e56c,MIX,2025-01-23,C:\data_quote\data_finam_MIX_tick_zip\20250123.zip,214eae3c5fb9fa48ed3e5b7819fbcdf8817393072b5bd769360b49959bdb2155,77975,195136,163,ready,254.0,2024-12-20,2025-01-22,20,3154.0,3155.0,0.0003170577045022194,18.0,226
226237468d41e56c,MIX,2025-01-24,C:\data_quote\data_finam_MIX_tick_zip\20250124.zip,c7d2cd0304bc703f9d6d7a1c1ec0c0e278ba8a2d38ca8871dc3dc0a75c533052,65525,158781,163,ready,261.0,2024-12-23,2025-01-23,20,3260.0,3268.0,0.00245398773006135,15.0,160
226237468d41e56c,MIX,2025-01-27,C:\data_quote\data_finam_MIX_tick_zip\20250127.zip,8a9888def00fbd6db7a8305ac16840c7a3581bd381e9a9827968c0c7842dbf65,79909,201448,175,ready,255.0,2024-12-24,2025-01-24,20,3260.0,3270.0,0.003067484662576687,16.0,209
226237468d41e56c,MIX,2025-01-28,C:\data_quote\data_finam_MIX_tick_zip\20250128.zip,9b712b5c7a35ba6ee703405fe40afa451e6a7992f3289357ee9949bbf1de90dd,75559,191674,175,ready,256.0,2024-12-25,2025-01-27,20,3272.0,3274.0,0.0006112469437652812,17.0,210
226237468d41e56c,MIX,2025-01-29,C:\data_quote\data_finam_MIX_tick_zip\20250129.zip,e0b553e26906eddc21754cf8d60cd41c73bbeabd8b46aff502e437bb4a735fee,57442,142475,175,ready,256.0,2024-12-26,2025-01-28,20,3284.0,3283.0,-0.0003045066991473812,17.0,146
226237468d41e56c,MIX,2025-01-30,C:\data_quote\data_finam_MIX_tick_zip\20250130.zip,ce8d4f30b279a92af6c08eb8db63d869740589f1de331ced2852ce84aa5aa3c3,46708,118510,175,ready,256.0,2024-12-27,2025-01-29,20,3296.0,3297.0,0.00030339805825242716,16.0,133
226237468d41e56c,MIX,2025-01-31,C:\data_quote\data_finam_MIX_tick_zip\20250131.zip,39dd99be06976a293cb4cedb3ea12cf991e46c926c9e94b968debd3924efa3f6,63493,154069,175,ready,261.0,2024-12-30,2025-01-30,20,3308.0,3299.0,-0.002720677146311971,17.0,158
226237468d41e56c,MIX,2025-02-03,C:\data_quote\data_finam_MIX_tick_zip\20250203.zip,a2924453e9bb074fe0d41adf43a17272dc3dc5668b1adce15edb27afcb91f8d6,58141,146662,175,ready,262.0,2025-01-03,2025-01-31,20,3320.0,3324.0,0.0012048192771084338,17.0,144
226237468d41e56c,MIX,2025-02-04,C:\data_quote\data_finam_MIX_tick_zip\20250204.zip,fcd1b53adc57677f911c2e3d3344c1c0d99082f8a2ce758581bc041049be29a0,49523,120288,175,ready,264.0,2025-01-06,2025-02-03,20,3332.0,3325.0,-0.0021008403361344537,17.0,127
226237468d41e56c,MIX,2025-02-05,C:\data_quote\data_finam_MIX_tick_zip\20250205.zip,c8b0791daf37b8197180bc95cc791836e77d5b6438ac08be02c3d2a290d13dd0,75092,202365,175,ready,266.0,2025-01-08,2025-02-04,20,3344.0,3341.0,-0.0008971291866028708,15.0,224
226237468d41e56c,MIX,2025-02-06,C:\data_quote\data_finam_MIX_tick_zip\20250206.zip,837922b1a6240f525fe8226d0ebb96192d77d975828507d28a62a2426e95cc75,54065,139111,175,ready,274.0,2025-01-09,2025-02-05,20,3356.0,3355.0,-0.0002979737783075089,17.0,135
226237468d41e56c,MIX,2025-02-07,C:\data_quote\data_finam_MIX_tick_zip\20250207.zip,1bca11616412a0038274f3873e430ad702cf90cfa51e260e9103d76ef23935d1,45136,109949,175,ready,272.0,2025-01-10,2025-02-06,20,3368.0,3375.0,0.0020783847980997625,15.0,93
226237468d41e56c,MIX,2025-02-10,C:\data_quote\data_finam_MIX_tick_zip\20250210.zip,c3e1663574e00f14507bd6887a6301778c9bf7585e80883bdf1224a0468b36a5,57989,150770,175,ready,263.0,2025-01-13,2025-02-07,20,3380.0,3378.0,-0.000591715976331361,18.0,165
226237468d41e56c,MIX,2025-02-11,C:\data_quote\data_finam_MIX_tick_zip\20250211.zip,ca8acd1ab939faf04de4d09f3fa420c18f52f785dfe57bee5ebe484f017d838e,56840,131605,175,ready,258.0,2025-01-14,2025-02-10,20,3392.0,3396.0,0.0011792452830188679,17.0,140
226237468d41e56c,MIX,2025-02-12,C:\data_quote\data_finam_MIX_tick_zip\20250212.zip,6452cad793b3b0750644f1db07268e10cb59ab5e9af893898eab7cf35f80cb70,122987,303455,175,ready,259.0,2025-01-15,2025-02-11,20,3404.0,3402.0,-0.0005875440658049354,17.0,336
226237468d41e56c,MIX,2025-02-13,C:\data_quote\data_finam_MIX_tick_zip\20250213.zip,570aecff466662dd1cc09b6e5dc1da368347ed62f1b902ae1aee8b7e0c644a59,106961,264718,175,ready,267.0,2025-01-16,2025-02-12,20,3416.0,3397.0,-0.0055620608899297425,16.0,258
226237468d41e56c,MIX,2025-02-14,C:\data_quote\data_finam_MIX_tick_zip\20250214.zip,ec92de1095ab1ae5ca946980396fc065d68d14d7dd9da41a89e6d974d6d62d69,148758,357713,175,ready,273.0,2025-01-17,2025-02-13,20,3428.0,3430.0,0.0005834305717619603,18.0,357
226237468d41e56c,MIX,2025-02-17,C:\data_quote\data_finam_MIX_tick_zip\20250217.zip,4dc090d18434b37712b3383475210b5323b748c9b8987ed547f5f561f6a79806,92643,218933,175,ready,285.0,2025-01-20,2025-02-14,20,3440.0,3444.0,0.0011627906976744186,17.0,168
226237468d41e56c,MIX,2025-02-18,C:\data_quote\data_finam_MIX_tick_zip\20250218.zip,8e8bfb543b4a431093980dfcc8ecf129333830b041c99349ce9e14569e7e7be3,165501,390228,175,ready,282.0,2025-01-21,2025-02-17,20,3452.0,3441.0,-0.003186558516801854,17.0,359
226237468d41e56c,MIX,2025-02-19,C:\data_quote\data_finam_MIX_tick_zip\20250219.zip,fd5c6520482b07fd9075f96a62dece43ff621660330e4a77cd4c2d7db574dc18,90820,212957,175,ready,294.0,2025-01-22,2025-02-18,20,3464.0,3468.0,0.0011547344110854503,17.0,160
226237468d41e56c,MIX,2025-02-20,C:\data_quote\data_finam_MIX_tick_zip\20250220.zip,67797bd6025cd32d4320a6f8afb2f27ea7c85df4b2e044465cdcb0590a249bdc,66356,160076,175,ready,293.0,2025-01-23,2025-02-19,20,3476.0,3475.0,-0.00028768699654775604,18.0,133
226237468d41e56c,MIX,2025-02-21,C:\data_quote\data_finam_MIX_tick_zip\20250221.zip,4dc1bc18eadd36388694c88dea3e430b3432c9d17e5372c9384566d3266743bd,65211,164964,175,ready,286.0,2025-01-24,2025-02-20,20,3488.0,3476.0,-0.0034403669724770644,17.0,140
226237468d41e56c,MIX,2025-02-24,C:\data_quote\data_finam_MIX_tick_zip\20250224.zip,de8e505422da9a653d941916f3bce708f3bfe57d0eed13f10ff8005af660fa79,66124,153061,175,ready,285.0,2025-01-27,2025-02-21,20,3500.0,3502.0,0.0005714285714285715,18.0,143
226237468d41e56c,MIX,2025-02-25,C:\data_quote\data_finam_MIX_tick_zip\20250225.zip,054866537b082c89c4008fceaea7ce116d53394b1137e69ccb3c5cce57ec83fb,76856,171154,175,ready,284.0,2025-01-28,2025-02-24,20,3500.0,3500.0,0.0,17.0,153
226237468d41e56c,MIX,2025-02-26,C:\data_quote\data_finam_MIX_tick_zip\20250226.zip,579bec1e7a8ac113b81f91baa83adc564b787c3106f929cfc9f6916bc26bb7b0,131419,295861,175,ready,282.0,2025-01-29,2025-02-25,20,3500.0,3501.0,0.00028571428571428574,18.0,281
226237468d41e56c,MIX,2025-02-27,C:\data_quote\data_finam_MIX_tick_zip\20250227.zip,7e4acbf9b8b5f7e2743f36ba111b3a2d1572269b0f3e0a7109833e8917d84c28,120996,266439,175,ready,291.0,2025-01-30,2025-02-26,20,3500.0,3497.0,-0.0008571428571428571,18.0,214
226237468d41e56c,MIX,2025-02-28,C:\data_quote\data_finam_MIX_tick_zip\20250228.zip,63bba7fc9b77633ecd156e1319e52890f046fb2c75477de1ec0f38579cffa290,146232,309778,175,ready,297.0,2025-01-31,2025-02-27,20,3500.0,3508.0,0.002285714285714286,16.0,223
226237468d41e56c,MIX,2025-03-03,C:\data_quote\data_finam_MIX_tick_zip\20250303.zip,385b35f6ed850a8b6a8ec8b49816c99ecc1f047f1d579cff3c0deec9318ab39f,129773,288137,175,ready,303.0,2025-02-03,2025-02-28,20,3500.0,3511.0,0.003142857142857143,18.0,225
226237468d41e56c,MIX,2025-03-04,C:\data_quote\data_finam_MIX_tick_zip\20250304.zip,046177b1741ee0b1046f3fc9714319575a4ee91a24f8282629044ce9c2b3cbaa,99375,220190,175,ready,311.0,2025-02-04,2025-03-03,20,3500.0,3510.0,0.002857142857142857,16.0,168
226237468d41e56c,MIX,2025-03-05,C:\data_quote\data_finam_MIX_tick_zip\20250305.zip,b76641de24bc9c2417e7078e24612558305f5f7ff3b83f4617ae5be793fc56f5,114225,236421,175,ready,316.0,2025-02-05,2025-03-04,20,3500.0,3501.0,0.00028571428571428574,17.0,167
226237468d41e56c,MIX,2025-03-06,C:\data_quote\data_finam_MIX_tick_zip\20250306.zip,f8bd3df8fa92b126840aca8f09c953a9d71718c283d2e4ad971fdf02095d4687,88208,189038,175,ready,316.0,2025-02-06,2025-03-05,20,3500.0,3499.0,-0.00028571428571428574,18.0,130
226237468d41e56c,MIX,2025-03-07,C:\data_quote\data_finam_MIX_tick_zip\20250307.zip,f9b1b295ce622bc9ee9e12eb43bbb2c0e6da5c2f2b890cbdd44421cbfe638f66,115145,258166,175,ready,317.0,2025-02-07,2025-03-06,20,3500.0,3509.0,0.0025714285714285713,18.0,197
226237468d41e56c,MIX,2025-03-10,C:\data_quote\data_finam_MIX_tick_zip\20250310.zip,605f8c0600cc84426e6329348d60baf1080c44b10935e7eaf975351d4dac2028,62914,123187,175,ready,324.0,2025-02-10,2025-03-07,20,3500.0,3493.0,-0.002,19.0,70
226237468d41e56c,MIX,2025-03-11,C:\data_quote\data_finam_MIX_tick_zip\20250311.zip,ec7b32a2258843ba1c2ed476573b56562f49674063369f69a1ded3155b621331,95418,194234,175,ready,322.0,2025-02-11,2025-03-10,20,3500.0,3500.0,0.0,18.0,126
226237468d41e56c,MIX,2025-03-12,C:\data_quote\data_finam_MIX_tick_zip\20250312.zip,c09930e4cbd5ef9fdc55af76700dcfc774d8774000278b9ac158ce832648d82d,65033,131839,175,ready,323.0,2025-02-12,2025-03-11,20,3500.0,3500.0,0.0,18.0,82
226237468d41e56c,MIX,2025-03-13,C:\data_quote\data_finam_MIX_tick_zip\20250313.zip,f28dce87594f77bb6f315bd4174913be988f810c20c0895d7715773e69cf3111,145406,309433,175,ready,310.0,2025-02-13,2025-03-12,20,3500.0,3496.0,-0.001142857142857143,18.0,233
226237468d41e56c,MIX,2025-03-14,C:\data_quote\data_finam_MIX_tick_zip\20250314.zip,3a8a8f209d022059d58bfc68daeaef358c362b54e910a562513fb9bfe8fc9a3b,73986,141330,175,ready,311.0,2025-02-14,2025-03-13,20,3500.0,3503.0,0.0008571428571428571,18.0,79
226237468d41e56c,MIX,2025-03-17,C:\data_quote\data_finam_MIX_tick_zip\20250317.zip,2542d588ee07873a726001df585224c05eac2fe71680235aaf10054caa8bbfe8,69630,132140,175,ready,296.0,2025-02-17,2025-03-14,20,3500.0,3498.0,-0.0005714285714285715,18.0,84
226237468d41e56c,MIX,2025-03-18,C:\data_quote\data_finam_MIX_tick_zip\20250318.zip,f34ed62c1793f9d590b5188c114ba25e599e1562143256870b323d18916fd05d,120897,231764,175,ready,290.0,2025-02-18,2025-03-17,20,3500.0,3512.0,0.0034285714285714284,17.0,162
226237468d41e56c,MIX,2025-03-19,C:\data_quote\data_finam_MIX_tick_zip\20250319.zip,e4c3e8d0f3d0c6482f71957e272c28810d2e30c0645a10dc269766c7fc32d803,37438,69024,175,ready,282.0,2025-02-19,2025-03-18,20,3500.0,3502.0,0.0005714285714285715,18.0,45
226237468d41e56c,MIX,2025-03-20,C:\data_quote\data_finam_MIX_tick_zip\20250320.zip,a6ae8153766d59c83c9118d8bc8d3a632356fb7d8bd1ae3076b10ba2be91577b,58805,117789,175,ready,274.0,2025-02-20,2025-03-19,20,3500.0,3494.0,-0.0017142857142857142,17.0,81
226237468d41e56c,MIX,2025-03-21,C:\data_quote\data_finam_MIX_tick_zip\20250321.zip,714000bb447f4b5a1a063e9cb3a6e2f6fa87db8e2d621ab836855913e0c95cbd,51622,115146,175,ready,268.0,2025-02-21,2025-03-20,20,3500.0,3489.0,-0.003142857142857143,17.0,106
226237468d41e56c,MIX,2025-03-24,C:\data_quote\data_finam_MIX_tick_zip\20250324.zip,a19346446478a4114c9f8c8220f6ab16b557c996ab5949582117276a302fcee3,46661,96391,175,ready,265.0,2025-02-24,2025-03-21,20,3500.0,3486.0,-0.004,17.0,69
226237468d41e56c,MIX,2025-03-25,C:\data_quote\data_finam_MIX_tick_zip\20250325.zip,f914089d1f73c35367b860fbbb8cc766333beb56c2df0d3d423830475d9aca5f,66613,155498,172,ready,261.0,2025-02-25,2025-03-24,20,3500.0,3501.0,0.00028571428571428574,17.0,159
226237468d41e56c,MIX,2025-03-26,C:\data_quote\data_finam_MIX_tick_zip\20250326.zip,140d27776433fe17466576a4016a2d8fbd1c3ee1b48b41e4be5fdf846de24081,46580,107167,175,ready,260.0,2025-02-26,2025-03-25,20,3497.0,3505.0,0.002287675150128682,17.0,103
226237468d41e56c,MIX,2025-03-27,C:\data_quote\data_finam_MIX_tick_zip\20250327.zip,b1b04137b64e6b1cb3381cb6398aca0370fc65e9f0c5a28fba6d453c05d14243,61707,137049,175,ready,251.0,2025-02-27,2025-03-26,20,3497.0,3480.0,-0.004861309694023448,18.0,136
226237468d41e56c,MIX,2025-03-28,C:\data_quote\data_finam_MIX_tick_zip\20250328.zip,ac5b01a76c084b735cd8b301477c3a0142ec31fe15b71ad1355cf936931670c1,83336,176694,175,ready,243.0,2025-02-28,2025-03-27,20,3497.0,3488.0,-0.002573634543894767,17.0,161
226237468d41e56c,MIX,2025-03-31,C:\data_quote\data_finam_MIX_tick_zip\20250331.zip,163acea96c7195fd1c774c6027036f63babdbf51ccf138115aeba1c0f85b1659,73615,147179,175,ready,238.0,2025-03-03,2025-03-28,20,3497.0,3495.0,-0.0005719187875321705,17.0,133
226237468d41e56c,MIX,2025-04-01,C:\data_quote\data_finam_MIX_tick_zip\20250401.zip,6ccf47b2d1313d63ee616e688ead28c4cd0466b9b976331ee5cd5f09027c3598,96112,199512,175,ready,230.0,2025-03-04,2025-03-31,20,3497.0,3470.0,-0.007720903631684301,17.0,218
226237468d41e56c,MIX,2025-04-02,C:\data_quote\data_finam_MIX_tick_zip\20250402.zip,c30f51f155c2ed1378ca4aece0bfd06a181440316bcc70f622e356cb6823e35b,93604,192172,175,ready,225.0,2025-03-05,2025-04-01,20,3497.0,3501.0,0.001143837575064341,16.0,195
226237468d41e56c,MIX,2025-04-03,C:\data_quote\data_finam_MIX_tick_zip\20250403.zip,ade5fb1bdf6c824ff5288cc4543a12b27667c6db15e7f0212c4017ff85c06f57,128141,259912,175,ready,222.0,2025-03-06,2025-04-02,20,3497.0,3500.0,0.0008578781812982557,17.0,253
226237468d41e56c,MIX,2025-04-04,C:\data_quote\data_finam_MIX_tick_zip\20250404.zip,90449eaf8051ce53498559c0cf4bea11a0ad026a96cd44821197ee2744a591ce,136678,286518,175,ready,223.0,2025-03-07,2025-04-03,20,3497.0,3501.0,0.001143837575064341,17.0,310
226237468d41e56c,MIX,2025-04-07,C:\data_quote\data_finam_MIX_tick_zip\20250407.zip,751e79da8e520674d81ea4a47a58837ea4bfc00e1f920d551906411807fd8653,197672,395068,175,ready,223.0,2025-03-10,2025-04-04,20,3497.0,3491.0,-0.0017157563625965113,17.0,382
226237468d41e56c,MIX,2025-04-08,C:\data_quote\data_finam_MIX_tick_zip\20250408.zip,490791aeaabd4d8e680d620407a75ed62afb323d4b6d5e6c852320a1b58040c5,119237,234668,175,ready,234.0,2025-03-11,2025-04-07,20,3497.0,3504.0,0.0020017157563625965,17.0,191
226237468d41e56c,MIX,2025-04-09,C:\data_quote\data_finam_MIX_tick_zip\20250409.zip,9118e81a4616d1bb230a3aa5d9e56efa3e848662e0090c3c25367697d2a4d1f2,190886,385409,175,ready,234.0,2025-03-12,2025-04-08,20,3497.0,3491.0,-0.0017157563625965113,17.0,373
226237468d41e56c,MIX,2025-04-10,C:\data_quote\data_finam_MIX_tick_zip\20250410.zip,2c6beeaa283f52c5477577e62cd92acd8c98e85272d37cdf9c02488ec1d95116,132088,242322,175,ready,243.0,2025-03-13,2025-04-09,20,3497.0,3503.0,0.0017157563625965113,17.0,202
226237468d41e56c,MIX,2025-04-11,C:\data_quote\data_finam_MIX_tick_zip\20250411.zip,d1720989524ef1dbce7f19df106515257580adc5b39a073e306b817181897d23,116674,220307,175,ready,238.0,2025-03-14,2025-04-10,20,3497.0,3510.0,0.0037174721189591076,17.0,206
226237468d41e56c,MIX,2025-04-14,C:\data_quote\data_finam_MIX_tick_zip\20250414.zip,7dc75d9b3fd3454c9798a80a0b8f4777eb1f36087180c04a7265d13f1c1ea901,80924,160528,175,ready,243.0,2025-03-17,2025-04-11,20,3497.0,3501.0,0.001143837575064341,17.0,146
226237468d41e56c,MIX,2025-04-15,C:\data_quote\data_finam_MIX_tick_zip\20250415.zip,bfd3202c30c2a90f2c1a80d11bf41b2b9575e547147e96729303f7bd974e6c5b,73839,141569,175,ready,244.0,2025-03-18,2025-04-14,20,3497.0,3506.0,0.002573634543894767,17.0,128
226237468d41e56c,MIX,2025-04-16,C:\data_quote\data_finam_MIX_tick_zip\20250416.zip,626a6bd53ea19086c81bb697e87ee19a9f7d1ce2b4719ff0966bf9570e43b7f6,86170,161215,175,ready,240.0,2025-03-19,2025-04-15,20,3497.0,3485.0,-0.0034315127251930227,17.0,126
226237468d41e56c,MIX,2025-04-17,C:\data_quote\data_finam_MIX_tick_zip\20250417.zip,78514aee69c79a0f1e944a49b494bf0fd1578a5e9a0276387ed6d803067a6a2a,82285,167708,175,ready,244.0,2025-03-20,2025-04-16,20,3497.0,3504.0,0.0020017157563625965,17.0,158
226237468d41e56c,MIX,2025-04-18,C:\data_quote\data_finam_MIX_tick_zip\20250418.zip,4b6c83760b391d0d2797f40bb1795dec20c2e884d4b2de8cd3103dd1e221161f,101087,198177,175,ready,248.0,2025-03-21,2025-04-17,20,3497.0,3502.0,0.0014297969688304261,17.0,176
226237468d41e56c,MIX,2025-04-21,C:\data_quote\data_finam_MIX_tick_zip\20250421.zip,7ce0657d7a58e875c8198f78acee6decf6d5ab37fea66411a15bc9176c98f687,77588,151654,175,ready,252.0,2025-03-24,2025-04-18,20,3497.0,3497.0,0.0,18.0,129
226237468d41e56c,MIX,2025-04-22,C:\data_quote\data_finam_MIX_tick_zip\20250422.zip,246619a545c556fecfc1d932999111115b1db95eeb6e85ebbd52bf13640a9121,103940,208365,169,ready,253.0,2025-03-25,2025-04-21,20,3497.0,3504.0,0.0020017157563625965,17.0,181
226237468d41e56c,MIX,2025-04-23,C:\data_quote\data_finam_MIX_tick_zip\20250423.zip,23b7b5524469612ca7a61d41893ed1decc4eda711678b3aa83dc4135c8f97adc,111660,223676,175,ready,254.0,2025-03-26,2025-04-22,20,3494.0,3491.0,-0.0008586147681740126,18.0,202
226237468d41e56c,MIX,2025-04-24,C:\data_quote\data_finam_MIX_tick_zip\20250424.zip,2c4a3bcf25a755450d309d77a727fa55195e39216f7fcc1671faad0256eae795,58410,120154,175,ready,260.0,2025-03-27,2025-04-23,20,3494.0,3486.0,-0.0022896393817973667,18.0,106
226237468d41e56c,MIX,2025-04-25,C:\data_quote\data_finam_MIX_tick_zip\20250425.zip,1468042cd1e318a0006bcb1959cb50669ca6789bc40d01cb3e4ad468c32d7dfc,95871,198583,175,ready,259.0,2025-03-28,2025-04-24,20,3494.0,3486.0,-0.0022896393817973667,18.0,192
226237468d41e56c,MIX,2025-04-28,C:\data_quote\data_finam_MIX_tick_zip\20250428.zip,dfe9dc99898f117aabb75bf32f2e1310d23d93b6433450850c9b8b5374c3f706,117268,244285,164,ready,260.0,2025-03-31,2025-04-25,20,3494.0,3501.0,0.002003434459072696,19.0,209
226237468d41e56c,MIX,2025-04-29,C:\data_quote\data_finam_MIX_tick_zip\20250429.zip,3e6019dc44be9307c755b51f9bd7e3caeced6ce88d219325c8cceb8b9af59fa1,89350,171959,175,ready,265.0,2025-04-01,2025-04-28,20,3483.0,3483.0,0.0,16.0,153
226237468d41e56c,MIX,2025-04-30,C:\data_quote\data_finam_MIX_tick_zip\20250430.zip,d142b4614446278e32c3a1dea3ace25895e8663e7146cd4255e09f9381a338dc,108817,223220,175,ready,263.0,2025-04-02,2025-04-29,20,3483.0,3487.0,0.0011484352569623888,17.0,208
226237468d41e56c,MIX,2025-05-02,C:\data_quote\data_finam_MIX_tick_zip\20250502.zip,568c195a2f3bb11f3c746e571ceafc136e37e40a4a7dbfd31376076914c65eab,64156,128143,175,ready,269.0,2025-04-03,2025-04-30,20,3483.0,3475.0,-0.0022968705139247776,18.0,107
226237468d41e56c,MIX,2025-05-05,C:\data_quote\data_finam_MIX_tick_zip\20250505.zip,0731f5f9da28d5368d771b031bfc98ffdb3eb7ffa161bf0648605ad9b46130fc,95551,192627,175,ready,262.0,2025-04-04,2025-05-02,20,3483.0,3478.0,-0.001435544071202986,17.0,171
226237468d41e56c,MIX,2025-05-06,C:\data_quote\data_finam_MIX_tick_zip\20250506.zip,7a59201247108150b66837ad3dae5c4c6359192a11af325ae4750de74d435ca2,106381,224778,175,ready,260.0,2025-04-07,2025-05-05,20,3483.0,3478.0,-0.001435544071202986,18.0,206
226237468d41e56c,MIX,2025-05-07,C:\data_quote\data_finam_MIX_tick_zip\20250507.zip,81e03e175c2cf76bfb7032ac606fa3d975a7076b54e43c45a25b060d74edd87e,104574,221630,175,ready,254.0,2025-04-08,2025-05-06,20,3483.0,3480.0,-0.0008613264427217916,17.0,201
226237468d41e56c,MIX,2025-05-08,C:\data_quote\data_finam_MIX_tick_zip\20250508.zip,62f053f2852b41bac7ccd6bcf99c2249bdc53087aef2167c925644ef6d02ec41,63583,121917,175,ready,256.0,2025-04-09,2025-05-07,20,3483.0,3485.0,0.0005742176284811944,17.0,109
226237468d41e56c,MIX,2025-05-12,C:\data_quote\data_finam_MIX_tick_zip\20250512.zip,a3773afe5fa7feaf510d8eec31d51641d597ede9070e532aab0882fd96afc4bf,77227,163072,175,ready,245.0,2025-04-10,2025-05-08,20,3483.0,3489.0,0.0017226528854435831,16.0,151
226237468d41e56c,MIX,2025-05-13,C:\data_quote\data_finam_MIX_tick_zip\20250513.zip,ac17673c09ac406aac26ab503a08af3c2b929b86c9bfe123e4db737ee0244e29,67194,137369,175,ready,243.0,2025-04-11,2025-05-12,20,3483.0,3464.0,-0.005455067470571347,17.0,118
226237468d41e56c,MIX,2025-05-14,C:\data_quote\data_finam_MIX_tick_zip\20250514.zip,907c5983a56a38e8b0f278690d0d2ac2d4a9bbb390bb1c783a83a75a5ef61feb,78250,163281,175,ready,239.0,2025-04-14,2025-05-13,20,3483.0,3483.0,0.0,15.0,172
226237468d41e56c,MIX,2025-05-15,C:\data_quote\data_finam_MIX_tick_zip\20250515.zip,3904d664ccc22c2ec2f49fb49810f4f96c78076610cbecde27b66743137cca98,115234,242008,175,ready,240.0,2025-04-15,2025-05-14,20,3483.0,3490.0,0.0020097616996841805,17.0,250
226237468d41e56c,MIX,2025-05-16,C:\data_quote\data_finam_MIX_tick_zip\20250516.zip,f87f7e925d34a20bb93e88f5536ed230d2bb872c5010a6fa9dbf56026036e95e,134425,297392,175,ready,245.0,2025-04-16,2025-05-15,20,3483.0,3504.0,0.006029285099052541,17.0,371
226237468d41e56c,MIX,2025-05-19,C:\data_quote\data_finam_MIX_tick_zip\20250519.zip,e89deb37c96898fe88e4521d59e33926fd2af224af7759c8a1618445418172b6,121526,251629,175,ready,257.0,2025-04-17,2025-05-16,20,3483.0,3484.0,0.0002871088142405972,18.0,237
226237468d41e56c,MIX,2025-05-20,C:\data_quote\data_finam_MIX_tick_zip\20250520.zip,0c0d03157f6c5220b0921f0b7c71bc7201d22569fd9d3c13f969e99fe2e3558d,52361,106799,175,ready,262.0,2025-04-18,2025-05-19,20,3483.0,3484.0,0.0002871088142405972,18.0,105
226237468d41e56c,MIX,2025-05-21,C:\data_quote\data_finam_MIX_tick_zip\20250521.zip,38bd7f67a6ef1a5f079e85faddac0ccc678931e4ca29b6bb3726318e800df644,55347,110694,175,ready,259.0,2025-04-21,2025-05-20,20,3483.0,3476.0,-0.0020097616996841805,18.0,104
226237468d41e56c,MIX,2025-05-22,C:\data_quote\data_finam_MIX_tick_zip\20250522.zip,bfe02e6cc9cfca75398f37d2200bb4f0291440ca6f72172282eaaefecc3926e7,96844,202763,175,ready,258.0,2025-04-22,2025-05-21,20,3483.0,3477.0,-0.0017226528854435831,18.0,183
226237468d41e56c,MIX,2025-05-23,C:\data_quote\data_finam_MIX_tick_zip\20250523.zip,5cab3c5a3345aa6bf9fee139a322ce131ef22ab9882999454bf9f137bbbfcfa9,56470,113089,175,ready,258.0,2025-04-23,2025-05-22,20,3489.0,3483.0,-0.0017196904557179708,17.0,102
226237468d41e56c,MIX,2025-05-26,C:\data_quote\data_finam_MIX_tick_zip\20250526.zip,1fe7f683b4098d4354d78dd146de7efa978ac619cedbffd8ab57d6dbbfbd6826,62569,139971,175,ready,252.0,2025-04-24,2025-05-23,20,3489.0,3495.0,0.0017196904557179708,19.0,145
226237468d41e56c,MIX,2025-05-27,C:\data_quote\data_finam_MIX_tick_zip\20250527.zip,1c662950f9bf3a981b59289d8d257eb9f93d42f0c7de453f289a2801b3bc4b27,62732,140598,175,ready,255.0,2025-04-25,2025-05-26,20,3489.0,3482.0,-0.002006305531670966,17.0,129
226237468d41e56c,MIX,2025-05-28,C:\data_quote\data_finam_MIX_tick_zip\20250528.zip,264a8c021bd304f9a0d7a1f43aec6aaec4e0cf1e1631321bead1122f10655edb,80724,196028,175,ready,251.0,2025-04-28,2025-05-27,20,3489.0,3474.0,-0.004299226139294927,17.0,199
226237468d41e56c,MIX,2025-05-29,C:\data_quote\data_finam_MIX_tick_zip\20250529.zip,03a28a196b6489a3bf252a514d33abefb07a7439fd5576120a39b1c2cb1e9aa8,71748,158924,175,ready,250.0,2025-04-29,2025-05-28,20,3500.0,3501.0,0.00028571428571428574,15.0,154
226237468d41e56c,MIX,2025-05-30,C:\data_quote\data_finam_MIX_tick_zip\20250530.zip,8d72be350bef265c0e19149be21a2d57de8715a1588c25bd6ce84ae8654d5bf6,60855,126794,175,ready,248.0,2025-04-30,2025-05-29,20,3500.0,3495.0,-0.0014285714285714286,15.0,112
226237468d41e56c,MIX,2025-06-02,C:\data_quote\data_finam_MIX_tick_zip\20250602.zip,74dd537ed18352e71164b7909625de8b529ffb476e0b017d0b211c8e7ccef56e,89428,207801,175,ready,244.0,2025-05-02,2025-05-30,20,3500.0,3511.0,0.003142857142857143,17.0,200
226237468d41e56c,MIX,2025-06-03,C:\data_quote\data_finam_MIX_tick_zip\20250603.zip,00d6f516cce916ec6410ee79ac64f618e8ab5644b786e317efba6e372177ac76,62344,134496,175,ready,246.0,2025-05-05,2025-06-02,20,3500.0,3518.0,0.005142857142857143,17.0,129
226237468d41e56c,MIX,2025-06-04,C:\data_quote\data_finam_MIX_tick_zip\20250604.zip,5f65db05c4981569cbf4ed3f929902ff66b25b659ca020bcca60d39ab615a81c,89783,203154,175,ready,245.0,2025-05-06,2025-06-03,20,3500.0,3515.0,0.004285714285714286,18.0,222
226237468d41e56c,MIX,2025-06-05,C:\data_quote\data_finam_MIX_tick_zip\20250605.zip,dc510cfcad7a73e619161c9bd1203636d333d87f43fbd1971f455218cfabee0f,44474,94647,175,ready,245.0,2025-05-07,2025-06-04,20,3500.0,3502.0,0.0005714285714285715,17.0,86
226237468d41e56c,MIX,2025-06-06,C:\data_quote\data_finam_MIX_tick_zip\20250606.zip,0f92de52a2f8323b4cf70c14a25a183e5915a2194d156bc08c09861a987d9492,189038,418253,175,ready,236.0,2025-05-08,2025-06-05,20,3500.0,3504.0,0.001142857142857143,17.0,467
226237468d41e56c,MIX,2025-06-09,C:\data_quote\data_finam_MIX_tick_zip\20250609.zip,0f1d9218e2928f98938e828397eb2f77304de7b5d806e7a312bd4b0e4b10667b,74102,160439,175,ready,254.0,2025-05-12,2025-06-06,20,3500.0,3483.0,-0.004857142857142857,18.0,149
226237468d41e56c,MIX,2025-06-10,C:\data_quote\data_finam_MIX_tick_zip\20250610.zip,ff74a7bfd3b24270908ff3e252d441b012e3d708daf0e8968d0fef8ec648404c,71254,155964,175,ready,254.0,2025-05-13,2025-06-09,20,3500.0,3489.0,-0.003142857142857143,18.0,135
226237468d41e56c,MIX,2025-06-11,C:\data_quote\data_finam_MIX_tick_zip\20250611.zip,0ca8f823b18e3b25de4c96eef45b28f54c48b4e73c651ea21a82d77e7d8f3a7f,61967,130858,175,ready,254.0,2025-05-14,2025-06-10,20,3500.0,3509.0,0.0025714285714285713,19.0,122
226237468d41e56c,MIX,2025-06-13,C:\data_quote\data_finam_MIX_tick_zip\20250613.zip,d2a3651588aa02ef19b117a44a80bc8084391c3828c8fd5b293b5ffc7eb1d4c0,40512,83374,175,ready,253.0,2025-05-15,2025-06-11,20,3500.0,3496.0,-0.001142857142857143,16.0,64
226237468d41e56c,MIX,2025-06-16,C:\data_quote\data_finam_MIX_tick_zip\20250616.zip,eba2e0e4f5371e0c74651d38269f46c0e7a92e86c17b93af24af28eccbb36f0e,54288,112731,175,ready,245.0,2025-05-16,2025-06-13,20,3500.0,3491.0,-0.0025714285714285713,17.0,99
226237468d41e56c,MIX,2025-06-17,C:\data_quote\data_finam_MIX_tick_zip\20250617.zip,72c3b778b2e988afae04070998a089e748205f670a1570f607b990e2d44d341d,65408,138857,175,ready,230.0,2025-05-19,2025-06-16,20,3500.0,3495.0,-0.0014285714285714286,18.0,131
226237468d41e56c,MIX,2025-06-18,C:\data_quote\data_finam_MIX_tick_zip\20250618.zip,43e4edddce5af9a76672890c1aa23edb933900c554ced1aa67271560d3280efc,41314,78511,175,ready,225.0,2025-05-20,2025-06-17,20,3500.0,3496.0,-0.001142857142857143,17.0,68
226237468d41e56c,MIX,2025-06-19,C:\data_quote\data_finam_MIX_tick_zip\20250619.zip,4ecacd830e35f2be7681ed5f7de36e47c8c2da471ebc08f9d416cffadc2a48e2,53858,118744,175,ready,222.0,2025-05-21,2025-06-18,20,3500.0,3498.0,-0.0005714285714285715,17.0,140
226237468d41e56c,MIX,2025-06-20,C:\data_quote\data_finam_MIX_tick_zip\20250620.zip,acd6f4f10af0dffe221599f4e7e070bdf779acc84c492e716919325e4aab28be,46917,106131,175,ready,223.0,2025-05-22,2025-06-19,20,3500.0,3507.0,0.002,17.0,133
226237468d41e56c,MIX,2025-06-23,C:\data_quote\data_finam_MIX_tick_zip\20250623.zip,9169a4057ab64df61ac6f2e040aa3723d2c255f10621de0d6386bc0c4812963e,54509,123166,175,ready,218.0,2025-05-23,2025-06-20,20,3500.0,3523.0,0.006571428571428572,16.0,142
226237468d41e56c,MIX,2025-06-24,C:\data_quote\data_finam_MIX_tick_zip\20250624.zip,8f255a9cf3a7a6695ed0251f1245bef81674f8d736dad7379c13c0a194d1c69d,57613,133111,175,ready,219.0,2025-05-26,2025-06-23,20,3500.0,3482.0,-0.005142857142857143,17.0,158
226237468d41e56c,MIX,2025-06-25,C:\data_quote\data_finam_MIX_tick_zip\20250625.zip,5d6cdb2863e672a4afddb4f08a79f785a61b6b26ce036d429404192a45249c49,42598,100844,175,ready,219.0,2025-05-27,2025-06-24,20,3500.0,3483.0,-0.004857142857142857,16.0,119
226237468d41e56c,MIX,2025-06-26,C:\data_quote\data_finam_MIX_tick_zip\20250626.zip,8817d19ff8acc69c7ee99b9358764bc64af0ea387e0223247cc4ca421aa27570,37113,84942,175,ready,218.0,2025-05-28,2025-06-25,20,3500.0,3486.0,-0.004,16.0,104
226237468d41e56c,MIX,2025-06-27,C:\data_quote\data_finam_MIX_tick_zip\20250627.zip,b49844f8db16f1f32126e982cad69d659d793721a9005dd43fab75384a6fa9b8,49238,116601,175,ready,210.0,2025-05-29,2025-06-26,20,3500.0,3494.0,-0.0017142857142857142,17.0,157
226237468d41e56c,MIX,2025-06-30,C:\data_quote\data_finam_MIX_tick_zip\20250630.zip,a39c3ae29ae51d104df78aff777b476a481de3c09b645dd9ffe7ce953a7c74d9,49326,111312,175,ready,209.0,2025-05-30,2025-06-27,20,3500.0,3474.0,-0.0074285714285714285,17.0,131
226237468d41e56c,MIX,2025-07-01,C:\data_quote\data_finam_MIX_tick_zip\20250701.zip,2f058a1ed005d05de1a6eb9be556b66e4071e80cba4807bb825ca553a0434dc6,50844,114975,175,ready,208.0,2025-06-02,2025-06-30,20,3500.0,3518.0,0.005142857142857143,16.0,160
226237468d41e56c,MIX,2025-07-02,C:\data_quote\data_finam_MIX_tick_zip\20250702.zip,a337b21bb748a263c90da5acaceec86a89c2873dc9ba183c5007b3dda46646f3,61237,139395,175,ready,205.0,2025-06-03,2025-07-01,20,3500.0,3502.0,0.0005714285714285715,17.0,199
226237468d41e56c,MIX,2025-07-03,C:\data_quote\data_finam_MIX_tick_zip\20250703.zip,a8c82575df0553e0075a0df6aa2a9ae1337e83b450ce3d1240c24f92e5f88a4b,65823,144739,175,ready,207.0,2025-06-04,2025-07-02,20,3500.0,3505.0,0.0014285714285714286,17.0,202
226237468d41e56c,MIX,2025-07-04,C:\data_quote\data_finam_MIX_tick_zip\20250704.zip,8dcac2a03c03ddabc2b46880e19a40533e0b52aa2a683e43c4042e2719f914f5,56699,129331,175,ready,203.0,2025-06-05,2025-07-03,20,3500.0,3514.0,0.004,15.0,176
226237468d41e56c,MIX,2025-07-07,C:\data_quote\data_finam_MIX_tick_zip\20250707.zip,5017c9dc0b192314373c5715ac665a0fcc8c0f3af05f49bb7ba2528622d6a8be,54662,120367,175,ready,205.0,2025-06-06,2025-07-04,20,3500.0,3499.0,-0.00028571428571428574,18.0,157
226237468d41e56c,MIX,2025-07-08,C:\data_quote\data_finam_MIX_tick_zip\20250708.zip,a5de8ac188bce0c2a0a81f9a63e83c24bd6c1184083e59c2177382c6d51032b1,65566,149098,175,ready,189.0,2025-06-09,2025-07-07,20,3500.0,3507.0,0.002,14.0,238
226237468d41e56c,MIX,2025-07-09,C:\data_quote\data_finam_MIX_tick_zip\20250709.zip,d56b042e2f5242f4a71d92275b87f04253eee557023ef2973bfb8ef1253ad529,78431,177315,175,ready,189.0,2025-06-10,2025-07-08,20,3500.0,3500.0,0.0,16.0,264
226237468d41e56c,MIX,2025-07-10,C:\data_quote\data_finam_MIX_tick_zip\20250710.zip,e384329927ed5ab2543d2ace7476dd38ec49557fcd0614ea59bf7d0025a19554,55596,124058,175,ready,190.0,2025-06-11,2025-07-09,20,3500.0,3490.0,-0.002857142857142857,16.0,192
226237468d41e56c,MIX,2025-07-11,C:\data_quote\data_finam_MIX_tick_zip\20250711.zip,f703caaf3d9e7b756e9a45180afcb253d8535984d952e70d6217f44a48f5a7a7,87624,197613,175,ready,190.0,2025-06-13,2025-07-10,20,3500.0,3503.0,0.0008571428571428571,15.0,300
226237468d41e56c,MIX,2025-07-14,C:\data_quote\data_finam_MIX_tick_zip\20250714.zip,df2462262ae68a7c288cb1ab4fb849372fb0ce4cffa0668100ef9866235cc42e,118729,266428,175,ready,198.0,2025-06-16,2025-07-11,20,3500.0,3478.0,-0.006285714285714286,17.0,376
226237468d41e56c,MIX,2025-07-15,C:\data_quote\data_finam_MIX_tick_zip\20250715.zip,13dc2d4eb17d2deadbc97a509552dc8e78eb6510dacfe67c6783fae5dd07697a,51750,114290,175,ready,208.0,2025-06-17,2025-07-14,20,3500.0,3496.0,-0.001142857142857143,18.0,159
226237468d41e56c,MIX,2025-07-16,C:\data_quote\data_finam_MIX_tick_zip\20250716.zip,e664f15c5132a1c6808c5829ada3aa8f7381e009545fc18940bb40c918aa001c,58795,136150,175,ready,206.0,2025-06-18,2025-07-15,20,3500.0,3512.0,0.0034285714285714284,17.0,190
226237468d41e56c,MIX,2025-07-17,C:\data_quote\data_finam_MIX_tick_zip\20250717.zip,6d906649004d44c07037d6ab1f1c4c08d6a8c1f6d6d5b902269a3008db29ef4d,57032,121453,175,ready,212.0,2025-06-19,2025-07-16,20,3500.0,3497.0,-0.0008571428571428571,17.0,144
226237468d41e56c,MIX,2025-07-18,C:\data_quote\data_finam_MIX_tick_zip\20250718.zip,7e9da7b8e2bc1f16d278994f7a6c9c20358f8079980ba243e66622f7ac795187,82099,184579,175,ready,212.0,2025-06-20,2025-07-17,20,3500.0,3497.0,-0.0008571428571428571,17.0,233
226237468d41e56c,MIX,2025-07-21,C:\data_quote\data_finam_MIX_tick_zip\20250721.zip,ccb6dc232fb780544d3b5b97157dc06a375f73906e7a3d8a32e68a92cd653077,59494,132608,175,ready,215.0,2025-06-23,2025-07-18,20,3500.0,3505.0,0.0014285714285714286,16.0,160
226237468d41e56c,MIX,2025-07-22,C:\data_quote\data_finam_MIX_tick_zip\20250722.zip,4866c883b4d66eda9f60f7577a4de26e8f39054e4aac756554b3ba13faa336b6,49564,110846,175,ready,216.0,2025-06-24,2025-07-21,20,3500.0,3492.0,-0.002285714285714286,17.0,140
226237468d41e56c,MIX,2025-07-23,C:\data_quote\data_finam_MIX_tick_zip\20250723.zip,99f544bd4c4b57c68f46387e5520ebd8ecf340b857f57597b2fa643beb5d8e34,55998,131612,175,ready,215.0,2025-06-25,2025-07-22,20,3500.0,3495.0,-0.0014285714285714286,17.0,166
226237468d41e56c,MIX,2025-07-24,C:\data_quote\data_finam_MIX_tick_zip\20250724.zip,dadada878b933f7ab47b6db9c939ba17739c4db7614407f18a5c8a74c9c60bf7,46636,109925,175,ready,216.0,2025-06-26,2025-07-23,20,3500.0,3516.0,0.004571428571428572,16.0,145
226237468d41e56c,MIX,2025-07-25,C:\data_quote\data_finam_MIX_tick_zip\20250725.zip,9c1a43f58d5a9b264a96124a04526a883e7e53343e26e8ff490c229f039e49ee,108215,263630,175,ready,217.0,2025-06-27,2025-07-24,20,3500.0,3502.0,0.0005714285714285715,16.0,338
226237468d41e56c,MIX,2025-07-28,C:\data_quote\data_finam_MIX_tick_zip\20250728.zip,d65c878387be10443605e3e26b7757633e1e6aec6ed0d5dea72be27b2a521cf1,99397,236063,175,ready,227.0,2025-06-30,2025-07-25,20,3500.0,3491.0,-0.0025714285714285713,15.0,298
226237468d41e56c,MIX,2025-07-29,C:\data_quote\data_finam_MIX_tick_zip\20250729.zip,098bcb6f24e4c05637549c735b7fd181dab7426d30c012ad9be7f9e2ff125d52,68450,164166,175,ready,236.0,2025-07-01,2025-07-28,20,3500.0,3495.0,-0.0014285714285714286,17.0,193
226237468d41e56c,MIX,2025-07-30,C:\data_quote\data_finam_MIX_tick_zip\20250730.zip,5ba6bb95b1a06e6e32e7f6891d2f731b66b14b013c1e23df681ad852d786e973,51268,122175,175,ready,239.0,2025-07-02,2025-07-29,20,3500.0,3513.0,0.0037142857142857142,17.0,126
226237468d41e56c,MIX,2025-07-31,C:\data_quote\data_finam_MIX_tick_zip\20250731.zip,bde39a2dfd6ade3cd84ebe00e3fd063a407cdebb61144df5af3d7fd9da39b7de,46786,108062,175,ready,238.0,2025-07-03,2025-07-30,20,3500.0,3496.0,-0.001142857142857143,17.0,109
226237468d41e56c,MIX,2025-08-01,C:\data_quote\data_finam_MIX_tick_zip\20250801.zip,2cb169a804929706e4125114158caf6cc5bba4496d5cb8afa37161cbd354007c,52595,126250,175,ready,233.0,2025-07-04,2025-07-31,20,3500.0,3503.0,0.0008571428571428571,17.0,146
226237468d41e56c,MIX,2025-08-04,C:\data_quote\data_finam_MIX_tick_zip\20250804.zip,107141799b54a75c504e303db24d0420a6e98b25e1caf6aee1479fe2c79ffebc,50808,120562,175,ready,233.0,2025-07-07,2025-08-01,20,3500.0,3497.0,-0.0008571428571428571,17.0,142
226237468d41e56c,MIX,2025-08-05,C:\data_quote\data_finam_MIX_tick_zip\20250805.zip,bbad0e1e49189b0aee1907ba6cf4eee7dd2779eb5539ae20398720f635180348,57240,137253,175,ready,233.0,2025-07-08,2025-08-04,20,3500.0,3506.0,0.0017142857142857142,17.0,189
226237468d41e56c,MIX,2025-08-06,C:\data_quote\data_finam_MIX_tick_zip\20250806.zip,5cc2a8347414a3d304e737a449d2f554e479ec3288992186fd0a40ae2d987035,193174,462439,175,ready,234.0,2025-07-09,2025-08-05,20,3500.0,3500.0,0.0,17.0,554
226237468d41e56c,MIX,2025-08-07,C:\data_quote\data_finam_MIX_tick_zip\20250807.zip,16df71d7d90f9c21ff894cbcb9b576de9ae2a1e0364c103aad4c7f80cc383955,163121,411300,175,ready,251.0,2025-07-10,2025-08-06,20,3500.0,3510.0,0.002857142857142857,18.0,462
226237468d41e56c,MIX,2025-08-08,C:\data_quote\data_finam_MIX_tick_zip\20250808.zip,cdaea5c81c17f9c68d78fdc20cdbd5800a557e9f2dbd552b2f37034f7fff67ef,85756,203513,175,ready,272.0,2025-07-11,2025-08-07,20,3500.0,3492.0,-0.002285714285714286,16.0,201
226237468d41e56c,MIX,2025-08-11,C:\data_quote\data_finam_MIX_tick_zip\20250811.zip,5f3227064f4d171e03e32da91259cc907f1473f9652f0ac23b625a183896d66d,83309,187138,175,ready,273.0,2025-07-14,2025-08-08,20,3500.0,3495.0,-0.0014285714285714286,18.0,195
226237468d41e56c,MIX,2025-08-12,C:\data_quote\data_finam_MIX_tick_zip\20250812.zip,bcbde7805f6547a945cadb4a1059900e0cc27d56a9210ca1581b467cb3868b82,44795,94248,175,ready,269.0,2025-07-15,2025-08-11,20,3500.0,3491.0,-0.0025714285714285713,18.0,79
226237468d41e56c,MIX,2025-08-13,C:\data_quote\data_finam_MIX_tick_zip\20250813.zip,f1f2ae521a8052f805269828695f4e38a1eecdda06eca166343699b050aaacec,63183,140354,175,ready,266.0,2025-07-16,2025-08-12,20,3500.0,3498.0,-0.0005714285714285715,16.0,148
226237468d41e56c,MIX,2025-08-14,C:\data_quote\data_finam_MIX_tick_zip\20250814.zip,d03269a8be1281ef25bb4024f3090f46a0c04351f0d22a7988ac59e289ea5cdc,66740,157464,175,ready,267.0,2025-07-17,2025-08-13,20,3500.0,3507.0,0.002,17.0,157
226237468d41e56c,MIX,2025-08-15,C:\data_quote\data_finam_MIX_tick_zip\20250815.zip,96edd2f2dfc2b1b9919e2de8fa862bc40eae8471bd95fc2f533e29b476e9b1f8,56585,134695,175,ready,273.0,2025-07-18,2025-08-14,20,3500.0,3496.0,-0.001142857142857143,18.0,116
226237468d41e56c,MIX,2025-08-16,C:\data_quote\data_finam_MIX_tick_zip\20250816.zip,bc5aa340ab1ed4496bb19d79c99a2abe590cfc3ef00fc829b220f4dd5e159911,19529,56986,109,ready,267.0,2025-07-21,2025-08-15,20,3500.0,3512.0,0.0034285714285714284,17.0,63
226237468d41e56c,MIX,2025-08-17,C:\data_quote\data_finam_MIX_tick_zip\20250817.zip,4b92bae6b8aeee711d8de7bad6cc07001c47bd4373d8a210cdaa4bca9293c2f0,6447,16505,109,ready,267.0,2025-07-21,2025-08-15,20,3500.0,3512.0,0.0034285714285714284,17.0,20
226237468d41e56c,MIX,2025-08-18,C:\data_quote\data_finam_MIX_tick_zip\20250818.zip,06caa189d369da7bac90b5f3b31080da130bd1f2987de70c15620d95d3b8cb21,114224,241130,175,ready,267.0,2025-07-21,2025-08-15,20,3500.0,3512.0,0.0034285714285714284,17.0,221
226237468d41e56c,MIX,2025-08-19,C:\data_quote\data_finam_MIX_tick_zip\20250819.zip,8b26098cf00daa127bfaf44c7b617a4d46f2dc4738ba8356dbf782c908ae647f,70756,169789,175,ready,274.0,2025-07-22,2025-08-18,20,3500.0,3509.0,0.0025714285714285713,15.0,196
226237468d41e56c,MIX,2025-08-20,C:\data_quote\data_finam_MIX_tick_zip\20250820.zip,8410c2cfb46753621d20f61670cc3b292fe87f179500c36372c565da9ec49e94,61912,140181,175,ready,279.0,2025-07-23,2025-08-19,20,3500.0,3505.0,0.0014285714285714286,18.0,137
226237468d41e56c,MIX,2025-08-21,C:\data_quote\data_finam_MIX_tick_zip\20250821.zip,f20412de69ed32e83771f280c69db89b0e1fc7152a2754f2fdf77aa48fe89c53,106795,246988,175,ready,281.0,2025-07-24,2025-08-20,20,3500.0,3508.0,0.002285714285714286,17.0,240
226237468d41e56c,MIX,2025-08-22,C:\data_quote\data_finam_MIX_tick_zip\20250822.zip,c15bc3304404b7deefe3b953f864b5b9a9d044d0323037394913b4eba832d9d1,73914,158165,175,ready,289.0,2025-07-25,2025-08-21,20,3500.0,3486.0,-0.004,16.0,145
226237468d41e56c,MIX,2025-08-23,C:\data_quote\data_finam_MIX_tick_zip\20250823.zip,743062b17bf942d19897f721c32b0833e547252443f82255b73f89fbb2c0f0e7,1249,2459,92,ready,284.0,2025-07-28,2025-08-22,20,3500.0,3500.0,0.0,15.0,1
226237468d41e56c,MIX,2025-08-24,C:\data_quote\data_finam_MIX_tick_zip\20250824.zip,7acd24176ed35d188558de4323acdd2e1ef8febd8184e7e28161306188a31964,3287,8765,104,ready,284.0,2025-07-28,2025-08-22,20,3500.0,3500.0,0.0,15.0,10
226237468d41e56c,MIX,2025-08-25,C:\data_quote\data_finam_MIX_tick_zip\20250825.zip,356a217d8c7ba40cfc1f0f0469696ef5d5c71efd543b7ee0329dab87ce04b53b,68429,158416,175,ready,284.0,2025-07-28,2025-08-22,20,3500.0,3500.0,0.0,15.0,163
226237468d41e56c,MIX,2025-08-26,C:\data_quote\data_finam_MIX_tick_zip\20250826.zip,dc23c2a196998b7fecc03365ba1f4fa54e85320e04562a830e5ae6586377603a,59538,133924,175,ready,280.0,2025-07-29,2025-08-25,20,3500.0,3512.0,0.0034285714285714284,17.0,138
226237468d41e56c,MIX,2025-08-27,C:\data_quote\data_finam_MIX_tick_zip\20250827.zip,466afc4ef747ee29181b6f56fa4194812a05562585d9f6929bae3213fa1e3643,52485,116706,175,ready,280.0,2025-07-30,2025-08-26,20,3500.0,3502.0,0.0005714285714285715,18.0,105
226237468d41e56c,MIX,2025-08-28,C:\data_quote\data_finam_MIX_tick_zip\20250828.zip,0779fc588892bf4f62e7c7e062d7220eab8c5bc55f92a03471285cf63eca94f9,74040,168235,167,ready,280.0,2025-07-31,2025-08-27,20,3500.0,3508.0,0.002285714285714286,18.0,162
226237468d41e56c,MIX,2025-08-29,C:\data_quote\data_finam_MIX_tick_zip\20250829.zip,98df5685686feffceb4a9ceabfbff3fb6678b6e68b7ba0063ae16a718d9cda8a,62065,142397,175,ready,286.0,2025-08-01,2025-08-28,20,3492.0,3500.0,0.002290950744558992,16.0,123
226237468d41e56c,MIX,2025-08-30,C:\data_quote\data_finam_MIX_tick_zip\20250830.zip,504fd9835f5d90d93598faba5fb03ef790fa114a3217bfa13905ad2f12118958,2537,6121,99,ready,287.0,2025-08-04,2025-08-29,20,3492.0,3474.0,-0.005154639175257732,16.0,9
226237468d41e56c,MIX,2025-08-31,C:\data_quote\data_finam_MIX_tick_zip\20250831.zip,d7b37977128fd4a7384f64c98e3223fcdd1e5ba5b7b8f630ca72a87671ca4492,3756,7938,108,ready,287.0,2025-08-04,2025-08-29,20,3492.0,3474.0,-0.005154639175257732,16.0,4
226237468d41e56c,MIX,2025-09-01,C:\data_quote\data_finam_MIX_tick_zip\20250901.zip,ff4651ca8015f043b357eface7e705a7b27ea57954a472527accb8009b4c1084,44825,95816,175,ready,287.0,2025-08-04,2025-08-29,20,3492.0,3474.0,-0.005154639175257732,16.0,84
226237468d41e56c,MIX,2025-09-02,C:\data_quote\data_finam_MIX_tick_zip\20250902.zip,a3ebe75c9bd1d177be246238dfcab67f3aebf0a1392c64ecd2bf4fa8ca8ca2e5,85578,184967,175,ready,285.0,2025-08-05,2025-09-01,20,3492.0,3487.0,-0.0014318442153493699,16.0,174
226237468d41e56c,MIX,2025-09-03,C:\data_quote\data_finam_MIX_tick_zip\20250903.zip,95fe18bbf6427e0b8222ac3ba857aef06432e60eb1e9fe2365a1e91ed7845e28,62452,141070,175,ready,287.0,2025-08-06,2025-09-02,20,3492.0,3486.0,-0.001718213058419244,15.0,125
226237468d41e56c,MIX,2025-09-04,C:\data_quote\data_finam_MIX_tick_zip\20250904.zip,97c489686b525433b232c9f1be7f5e4bd7d976abebca527d70fc8fcc27741b5c,65336,151793,175,ready,268.0,2025-08-07,2025-09-03,20,3492.0,3503.0,0.003150057273768614,17.0,141
226237468d41e56c,MIX,2025-09-05,C:\data_quote\data_finam_MIX_tick_zip\20250905.zip,8048b6121602134ea323f1466b7633cabc78efadb2f64906337008fc35491930,45460,96299,175,ready,252.0,2025-08-08,2025-09-04,20,3492.0,3502.0,0.0028636884306987398,16.0,85
226237468d41e56c,MIX,2025-09-06,C:\data_quote\data_finam_MIX_tick_zip\20250906.zip,8255e6e4662adf13cb9714dfcd4be31b1f9b1310d4d1fca269d35478b6624262,1087,2173,87,ready,248.0,2025-08-11,2025-09-05,20,3492.0,3492.0,0.0,16.0,1
226237468d41e56c,MIX,2025-09-07,C:\data_quote\data_finam_MIX_tick_zip\20250907.zip,d488f59c83e4ed472c09dcef7e882a465b4490bf2ca44d8e4ea15674cf707d2b,1990,5464,106,ready,248.0,2025-08-11,2025-09-05,20,3492.0,3492.0,0.0,16.0,6
226237468d41e56c,MIX,2025-09-08,C:\data_quote\data_finam_MIX_tick_zip\20250908.zip,cfc6d69f2288d3134fc1a33e7dec19899049f16fb0c5ffa1d0e6a3bfe3bb9afb,36447,78234,175,ready,248.0,2025-08-11,2025-09-05,20,3492.0,3492.0,0.0,16.0,74
226237468d41e56c,MIX,2025-09-09,C:\data_quote\data_finam_MIX_tick_zip\20250909.zip,2a68388dab07d522934debe4f10432e4dd9293e62632d7f44697dcb91eabab7c,49483,110623,175,ready,240.0,2025-08-12,2025-09-08,20,3492.0,3499.0,0.002004581901489118,17.0,126
226237468d41e56c,MIX,2025-09-10,C:\data_quote\data_finam_MIX_tick_zip\20250910.zip,d7e1a7c4e947c5130851bcd8418ee3ace577eb977e3d62f5b19fad93573164dc,64156,145884,175,ready,241.0,2025-08-13,2025-09-09,20,3492.0,3501.0,0.002577319587628866,16.0,168
226237468d41e56c,MIX,2025-09-11,C:\data_quote\data_finam_MIX_tick_zip\20250911.zip,f0b7af6840bcdb88698d2baee33fdc40362c015084f6b8ff22918b43905ef30d,52100,112689,169,ready,242.0,2025-08-14,2025-09-10,20,3492.0,3489.0,-0.000859106529209622,16.0,114
226237468d41e56c,MIX,2025-09-12,C:\data_quote\data_finam_MIX_tick_zip\20250912.zip,b10e56a6bfd3e8da9bd7ae73536d799f29b24bb88ef0e8468860d5073d049d46,120830,290542,175,ready,240.0,2025-08-15,2025-09-11,20,3486.0,3480.0,-0.0017211703958691911,17.0,334
226237468d41e56c,MIX,2025-09-13,C:\data_quote\data_finam_MIX_tick_zip\20250913.zip,20fd797e9bdb705aa4ba48156c78c10454e0d66b7fc333380e267016e1e9e3b8,2286,5544,106,ready,250.0,2025-08-18,2025-09-12,20,3486.0,3487.0,0.00028686173264486515,15.0,7
226237468d41e56c,MIX,2025-09-14,C:\data_quote\data_finam_MIX_tick_zip\20250914.zip,bd0128091652690e2f123e396b86ed9b4f2f1da8e4464cd9b33742bc92b884d3,4035,8414,109,ready,250.0,2025-08-18,2025-09-12,20,3486.0,3487.0,0.00028686173264486515,15.0,10
226237468d41e56c,MIX,2025-09-15,C:\data_quote\data_finam_MIX_tick_zip\20250915.zip,59785bb172054862c91b2f46c30918858055262a36d0e687b2fb05d6ea7a30e2,63654,137337,175,ready,250.0,2025-08-18,2025-09-12,20,3486.0,3487.0,0.00028686173264486515,15.0,143
226237468d41e56c,MIX,2025-09-16,C:\data_quote\data_finam_MIX_tick_zip\20250916.zip,4641b72a6795edf175ecbc5977184115cda999983067550b37e1e87868f8e4c8,93611,186789,175,ready,242.0,2025-08-19,2025-09-15,20,3486.0,3480.0,-0.0017211703958691911,17.0,182
226237468d41e56c,MIX,2025-09-17,C:\data_quote\data_finam_MIX_tick_zip\20250917.zip,97c4a84ec9a847ee5b41eeedba42ae92788a3782e613aae1237024ae1358d655,56944,124611,175,ready,240.0,2025-08-20,2025-09-16,20,3486.0,3485.0,-0.00028686173264486515,17.0,120
226237468d41e56c,MIX,2025-09-18,C:\data_quote\data_finam_MIX_tick_zip\20250918.zip,56ff0fb4e0893d4cea986543add810847f2422003980e72d972cdd5e10554a3c,85997,197902,175,ready,237.0,2025-08-21,2025-09-17,20,3486.0,3482.0,-0.0011474469305794606,17.0,232
226237468d41e56c,MIX,2025-09-19,C:\data_quote\data_finam_MIX_tick_zip\20250919.zip,8943f7f3481b73c0bc05848b209db632a34a0bcf0eb8737dd2465ced703b6d4c,112616,236631,175,ready,231.0,2025-08-22,2025-09-18,20,3486.0,3487.0,0.00028686173264486515,17.0,310
226237468d41e56c,MIX,2025-09-22,C:\data_quote\data_finam_MIX_tick_zip\20250922.zip,b8e1ca912d83e0cf4a5a36c659d2571a97177f26fb857f4860ef4cf2c0b74ffa,136513,283261,175,ready,239.0,2025-08-25,2025-09-19,20,3486.0,3492.0,0.0017211703958691911,15.0,346
226237468d41e56c,MIX,2025-09-23,C:\data_quote\data_finam_MIX_tick_zip\20250923.zip,a487498542b3f41bf59e4319634b421f2e35a648fa1257bedd9ebd6020e0a962,121207,257297,175,ready,244.0,2025-08-26,2025-09-22,20,3486.0,3495.0,0.0025817555938037868,17.0,296
226237468d41e56c,MIX,2025-09-24,C:\data_quote\data_finam_MIX_tick_zip\20250924.zip,3c1b006d9ddfbe06e233c3de3beccb4fdbd85cc34d93ee8b49c07669731537b8,118937,264507,175,ready,254.0,2025-08-27,2025-09-23,20,3486.0,3480.0,-0.0017211703958691911,18.0,304
226237468d41e56c,MIX,2025-09-25,C:\data_quote\data_finam_MIX_tick_zip\20250925.zip,05736874f8e360de3682540d792ba1405649a23c53ccc92c74e5a5b8611aebef,74811,165392,175,ready,261.0,2025-08-28,2025-09-24,20,3486.0,3489.0,0.0008605851979345956,15.0,175
226237468d41e56c,MIX,2025-09-26,C:\data_quote\data_finam_MIX_tick_zip\20250926.zip,4491ccb752e5c7c27ad8c19aa190234b44d683b3057e1716e782d136b7c1c862,76994,174302,175,ready,260.0,2025-08-29,2025-09-25,20,3494.0,3500.0,0.0017172295363480253,15.0,177
226237468d41e56c,MIX,2025-09-27,C:\data_quote\data_finam_MIX_tick_zip\20250927.zip,206d22eb2017faa12a630b9bd6f1552025bfad92205a2e7eb0c50049ed9b6785,1646,3527,99,ready,262.0,2025-09-01,2025-09-26,20,3494.0,3479.0,-0.004293073840870063,15.0,3
226237468d41e56c,MIX,2025-09-28,C:\data_quote\data_finam_MIX_tick_zip\20250928.zip,12c3477f69ba056519cfad2401db6689374bdd4c5a3af6098175962b16f5fbf2,1805,4431,93,ready,262.0,2025-09-01,2025-09-26,20,3494.0,3479.0,-0.004293073840870063,15.0,8
226237468d41e56c,MIX,2025-09-29,C:\data_quote\data_finam_MIX_tick_zip\20250929.zip,1155643f579ff3b2bc64163accf622b9f4dae234f5fa2c8007a1d6bdb22ec827,97992,227332,175,ready,262.0,2025-09-01,2025-09-26,20,3494.0,3479.0,-0.004293073840870063,15.0,234
226237468d41e56c,MIX,2025-09-30,C:\data_quote\data_finam_MIX_tick_zip\20250930.zip,3a2ccccc8c2f6d1176d2ef0cd29f71fcfe160f9b0cab05619dec9522c2376a54,97844,225357,175,ready,268.0,2025-09-02,2025-09-29,20,3494.0,3502.0,0.0022896393817973667,17.0,207
226237468d41e56c,MIX,2025-10-01,C:\data_quote\data_finam_MIX_tick_zip\20251001.zip,2aaaf2d0e1a147c58ec9df8daaccfc6ed61d6506946b94457a7630a25625d397,83707,194931,175,ready,271.0,2025-09-03,2025-09-30,20,3494.0,3490.0,-0.0011448196908986834,15.0,196
226237468d41e56c,MIX,2025-10-02,C:\data_quote\data_finam_MIX_tick_zip\20251002.zip,a22cd1f5db37b09d024d797c6c3ca84db18260d95e654d37e73a0442555c4752,81303,178320,175,ready,274.0,2025-09-04,2025-10-01,20,3494.0,3489.0,-0.0014310246136233543,18.0,166
226237468d41e56c,MIX,2025-10-03,C:\data_quote\data_finam_MIX_tick_zip\20251003.zip,15637749db65ef8d501f5dbe45f20f37b00c132134cd955986a4ec2b3ccaa2cd,78049,185207,175,ready,276.0,2025-09-05,2025-10-02,20,3494.0,3494.0,0.0,18.0,175
226237468d41e56c,MIX,2025-10-04,C:\data_quote\data_finam_MIX_tick_zip\20251004.zip,309b0f6524eae8073025a97a4d58126b89bfb4f40181587739c9bb66e386d581,12701,30438,109,ready,279.0,2025-09-08,2025-10-03,20,3494.0,3511.0,0.004865483686319404,17.0,31
226237468d41e56c,MIX,2025-10-05,C:\data_quote\data_finam_MIX_tick_zip\20251005.zip,f21bccbfbf823db7ac0baffa9d3fa6cb3fe217aa3119d485ea78c8a14e217ebe,6733,16393,109,ready,279.0,2025-09-08,2025-10-03,20,3494.0,3511.0,0.004865483686319404,17.0,17
226237468d41e56c,MIX,2025-10-06,C:\data_quote\data_finam_MIX_tick_zip\20251006.zip,4640dbdbf9aae10f0beeb7d03b810c47c7dfc52dcac92eea5115cd56cc4b2b15,135455,321861,175,ready,279.0,2025-09-08,2025-10-03,20,3494.0,3511.0,0.004865483686319404,17.0,333
226237468d41e56c,MIX,2025-10-07,C:\data_quote\data_finam_MIX_tick_zip\20251007.zip,5313f2c8076f669fa86d24b9d92f50116509667a7c0f11e9e7e9e961cf502c16,83805,193548,175,ready,298.0,2025-09-09,2025-10-06,20,3494.0,3471.0,-0.00658271322266743,18.0,175
226237468d41e56c,MIX,2025-10-08,C:\data_quote\data_finam_MIX_tick_zip\20251008.zip,62783f7f82b01646d0bfdc5615e137199c2bcad2df86231ce87054438a11c928,161389,375875,175,ready,301.0,2025-09-10,2025-10-07,20,3494.0,3488.0,-0.0017172295363480253,18.0,356
226237468d41e56c,MIX,2025-10-09,C:\data_quote\data_finam_MIX_tick_zip\20251009.zip,fd6963b3c65a48ffc102160fc79ed5011c8d1f41f9f940a47fdefddfe8d2f554,215462,505271,175,ready,317.0,2025-09-11,2025-10-08,20,3494.0,3499.0,0.0014310246136233543,17.0,426
226237468d41e56c,MIX,2025-10-10,C:\data_quote\data_finam_MIX_tick_zip\20251010.zip,3cd62e0c08f900223944fd10e17402a54b5ae8266e3f27650ccf610435628688,147474,317268,175,ready,334.0,2025-09-12,2025-10-09,20,3500.0,3493.0,-0.002,19.0,252
226237468d41e56c,MIX,2025-10-11,C:\data_quote\data_finam_MIX_tick_zip\20251011.zip,209121c17dbf2714deb48842e1cae403147ff99fb0f4e19121405d224b9370e2,7816,20128,109,ready,336.0,2025-09-15,2025-10-10,20,3500.0,3496.0,-0.001142857142857143,19.0,20
226237468d41e56c,MIX,2025-10-12,C:\data_quote\data_finam_MIX_tick_zip\20251012.zip,95f7a67bdf98986fbf80ed30e2518ada8db087b778086493a18330dbd2a7d04f,5065,13701,109,ready,336.0,2025-09-15,2025-10-10,20,3500.0,3496.0,-0.001142857142857143,19.0,17
226237468d41e56c,MIX,2025-10-13,C:\data_quote\data_finam_MIX_tick_zip\20251013.zip,7201c7e62310e1abbe055557a6f8d4c9409655e030a4d554cf7e347f318e46eb,144273,306489,175,ready,336.0,2025-09-15,2025-10-10,20,3500.0,3496.0,-0.001142857142857143,19.0,229
226237468d41e56c,MIX,2025-10-14,C:\data_quote\data_finam_MIX_tick_zip\20251014.zip,3d30828f297223f78729a42eea5949b76c340117c5933d85b02f7622781e158e,89679,191685,175,ready,348.0,2025-09-16,2025-10-13,20,3500.0,3502.0,0.0005714285714285715,18.0,124
226237468d41e56c,MIX,2025-10-15,C:\data_quote\data_finam_MIX_tick_zip\20251015.zip,b97829be3f16cecb3df9b8b312694b97841db84380a366940f58d74d9da69f2e,84324,182737,175,ready,349.0,2025-09-17,2025-10-14,20,3500.0,3496.0,-0.001142857142857143,18.0,130
226237468d41e56c,MIX,2025-10-16,C:\data_quote\data_finam_MIX_tick_zip\20251016.zip,43f1153db87a24f0c834467f802e77c6a9011298128ffc3ceca0c50b9c13f2fe,236872,543245,175,ready,355.0,2025-09-18,2025-10-15,20,3500.0,3501.0,0.00028571428571428574,18.0,378
226237468d41e56c,MIX,2025-10-17,C:\data_quote\data_finam_MIX_tick_zip\20251017.zip,86a4a26ef75cc7b167a3b4b9d201bfd69fcc42e1863f087f0cde878f6a57c8dd,147548,318074,175,ready,373.0,2025-09-19,2025-10-16,20,3500.0,3491.0,-0.0025714285714285713,17.0,176
226237468d41e56c,MIX,2025-10-18,C:\data_quote\data_finam_MIX_tick_zip\20251018.zip,9dd3070af2342eda275dcf26436af2e805a1cef9b6c135a302f374795659306d,8376,23468,109,ready,373.0,2025-09-22,2025-10-17,20,3500.0,3504.0,0.001142857142857143,18.0,14
226237468d41e56c,MIX,2025-10-19,C:\data_quote\data_finam_MIX_tick_zip\20251019.zip,79b0a85d5b13967f146e28e4f82c5235714a109b821cb7af7ae84e9c483c0aa2,9218,24440,109,ready,373.0,2025-09-22,2025-10-17,20,3500.0,3504.0,0.001142857142857143,18.0,18
226237468d41e56c,MIX,2025-10-20,C:\data_quote\data_finam_MIX_tick_zip\20251020.zip,628dbda0d60f6771d73341e88bab83637bd7d4e0c5c0b2f60a3d3d45bd10c0b0,78220,174935,175,ready,373.0,2025-09-22,2025-10-17,20,3500.0,3504.0,0.001142857142857143,18.0,93
226237468d41e56c,MIX,2025-10-21,C:\data_quote\data_finam_MIX_tick_zip\20251021.zip,2f253c2363f25090cdda5e0ef8fb3c3606bc2dd56e2134f8829ee9460505a0b0,205061,474200,175,ready,369.0,2025-09-23,2025-10-20,20,3500.0,3500.0,0.0,18.0,352
226237468d41e56c,MIX,2025-10-22,C:\data_quote\data_finam_MIX_tick_zip\20251022.zip,5a9ebd7882feb4903f067eb7798652e8980810a01c37bf0016d44e8c020e4530,166640,366414,175,ready,377.0,2025-09-24,2025-10-21,20,3500.0,3512.0,0.0034285714285714284,18.0,219
226237468d41e56c,MIX,2025-10-23,C:\data_quote\data_finam_MIX_tick_zip\20251023.zip,50f85dc8e100dc6fde391297d138f803c2a95feb9662db065c67cdab686ee503,122294,270962,175,ready,381.0,2025-09-25,2025-10-22,20,3500.0,3503.0,0.0008571428571428571,17.0,147
226237468d41e56c,MIX,2025-10-24,C:\data_quote\data_finam_MIX_tick_zip\20251024.zip,8054b0444bd9ac56acb8fec8e8c5c88f5fa6fe5f582700b0661003e9d1cf9f32,150819,350260,175,ready,383.0,2025-09-26,2025-10-23,20,3500.0,3512.0,0.0034285714285714284,18.0,224
226237468d41e56c,MIX,2025-10-27,C:\data_quote\data_finam_MIX_tick_zip\20251027.zip,4bc50d1649404138fa54931cc3f45389f99c6cf466e9735bd9c0a7a12b51671d,131444,301431,175,ready,394.0,2025-09-29,2025-10-24,20,3500.0,3500.0,0.0,15.0,164
226237468d41e56c,MIX,2025-10-28,C:\data_quote\data_finam_MIX_tick_zip\20251028.zip,79c4c5a9b430629c8549802745cb8781da40e1d704e54bd988b061d96c536c28,102044,241455,175,ready,396.0,2025-09-30,2025-10-27,20,3500.0,3509.0,0.0025714285714285713,19.0,149
226237468d41e56c,MIX,2025-10-29,C:\data_quote\data_finam_MIX_tick_zip\20251029.zip,df8f7a2297328d19b65d740c93c6856028fc37ce5ea32e6db255bb2eae5a4a89,75400,164785,175,ready,401.0,2025-10-01,2025-10-28,20,3500.0,3500.0,0.0,15.0,87
226237468d41e56c,MIX,2025-10-30,C:\data_quote\data_finam_MIX_tick_zip\20251030.zip,6435748a5994d8621103e83c1347bc9989367567f20fa29573775703eb1e6a80,83920,176289,175,ready,397.0,2025-10-02,2025-10-29,20,3500.0,3495.0,-0.0014285714285714286,19.0,101
226237468d41e56c,MIX,2025-10-31,C:\data_quote\data_finam_MIX_tick_zip\20251031.zip,cfc3f6772b0041849a810a4a74fb4731b79568bd86eeceb0fbc5d962c3543d8e,92951,203049,175,ready,397.0,2025-10-03,2025-10-30,20,3500.0,3492.0,-0.002285714285714286,18.0,110
226237468d41e56c,MIX,2025-11-01,C:\data_quote\data_finam_MIX_tick_zip\20251101.zip,5a56d00fc433bf056aac7ca845d7e38e9b045b221ca9a1678a6d68ae345d136a,24533,53482,175,ready,397.0,2025-10-06,2025-10-31,20,3500.0,3491.0,-0.0025714285714285713,18.0,26
226237468d41e56c,MIX,2025-11-03,C:\data_quote\data_finam_MIX_tick_zip\20251103.zip,0bb869f42d5e2911e24a56915d3b983a3ee0a0fc98ff0189cefd4a4606ea17fe,40218,87292,175,ready,397.0,2025-10-06,2025-10-31,20,3500.0,3491.0,-0.0025714285714285713,18.0,45
226237468d41e56c,MIX,2025-11-05,C:\data_quote\data_finam_MIX_tick_zip\20251105.zip,23d936eead5241eaf6ad2eb43d04c4a8f82f233602cd7be6090db317e4f94894,92908,214598,175,ready,384.0,2025-10-07,2025-11-03,20,3500.0,3501.0,0.00028571428571428574,18.0,135
226237468d41e56c,MIX,2025-11-06,C:\data_quote\data_finam_MIX_tick_zip\20251106.zip,244fc6ab6d8d1b7d656cd3dfcbfc25de91d8e6a3186f84b9d8ad21337bd5d88c,51342,108669,163,ready,385.0,2025-10-08,2025-11-05,20,3500.0,3503.0,0.0008571428571428571,18.0,59
226237468d41e56c,MIX,2025-11-07,C:\data_quote\data_finam_MIX_tick_zip\20251107.zip,346a41e10f46efb46384d92859c7c05afd39ef73bce904d91ffdf904cae6b675,76322,167481,175,ready,373.0,2025-10-09,2025-11-06,20,3488.0,3485.0,-0.0008600917431192661,18.0,109
226237468d41e56c,MIX,2025-11-08,C:\data_quote\data_finam_MIX_tick_zip\20251108.zip,b76b4405e549a83956629e887cdb93982975cccb5db3ead0f094a4816ed0d022,2459,5625,108,ready,356.0,2025-10-10,2025-11-07,20,3488.0,3474.0,-0.0040137614678899085,18.0,4
226237468d41e56c,MIX,2025-11-09,C:\data_quote\data_finam_MIX_tick_zip\20251109.zip,20b3a0ba954f657e01ed45e42f0b6d3d1a75b998b1701b796656edb2b1b503cf,2031,5173,100,ready,356.0,2025-10-10,2025-11-07,20,3488.0,3474.0,-0.0040137614678899085,18.0,4
226237468d41e56c,MIX,2025-11-10,C:\data_quote\data_finam_MIX_tick_zip\20251110.zip,cb0a7c0b73f6d46741967391b492793ab52f8ad07df19c601e1da26624c47181,69389,162290,175,ready,356.0,2025-10-10,2025-11-07,20,3488.0,3474.0,-0.0040137614678899085,18.0,116
226237468d41e56c,MIX,2025-11-11,C:\data_quote\data_finam_MIX_tick_zip\20251111.zip,321e6364e552fc096a2474c1c72e6977d81ef6931383eb38f6f9393254af5866,53572,112872,175,ready,348.0,2025-10-13,2025-11-10,20,3488.0,3487.0,-0.00028669724770642203,17.0,60
226237468d41e56c,MIX,2025-11-12,C:\data_quote\data_finam_MIX_tick_zip\20251112.zip,9047a7296cdf98c4469643f55336e93bbe7b0c9d57f11c66f4706854bc9aace8,70146,155635,175,ready,337.0,2025-10-14,2025-11-11,20,3488.0,3482.0,-0.0017201834862385322,18.0,124
226237468d41e56c,MIX,2025-11-13,C:\data_quote\data_finam_MIX_tick_zip\20251113.zip,a550053742a0152ef5b50854574e2c25e0b6e520cde1cf67a6669933452ed3c6,52090,116970,175,ready,330.0,2025-10-15,2025-11-12,20,3488.0,3491.0,0.0008600917431192661,18.0,76
226237468d41e56c,MIX,2025-11-14,C:\data_quote\data_finam_MIX_tick_zip\20251114.zip,d4f9a3e42e959fec0aaff62cba694923b89d3464e63c1e595fe2641decb6fae8,51113,111741,175,ready,327.0,2025-10-16,2025-11-13,20,3488.0,3489.0,0.00028669724770642203,18.0,75
226237468d41e56c,MIX,2025-11-15,C:\data_quote\data_finam_MIX_tick_zip\20251115.zip,259f2a73a3a104b16e0e1565c7344ca276151ac3c9a8d9e0a0749067cbb327f3,2183,4678,102,ready,307.0,2025-10-17,2025-11-14,20,3488.0,3488.0,0.0,19.0,3
226237468d41e56c,MIX,2025-11-16,C:\data_quote\data_finam_MIX_tick_zip\20251116.zip,49b597baeb1d68802fe8d330b22d52bcd2d6b2b4a0b67a2a5aefd68ce6c3b31b,2779,6700,108,ready,307.0,2025-10-17,2025-11-14,20,3488.0,3488.0,0.0,19.0,4
226237468d41e56c,MIX,2025-11-17,C:\data_quote\data_finam_MIX_tick_zip\20251117.zip,533d679311bf235f6ef7d6cdbc18c5c163a6c9f5de6f5988e25efe81e2940416,47754,108298,175,ready,307.0,2025-10-17,2025-11-14,20,3488.0,3488.0,0.0,19.0,84
226237468d41e56c,MIX,2025-11-18,C:\data_quote\data_finam_MIX_tick_zip\20251118.zip,295aaf40f288b0e7db67dadbe8d850af41378fbe0d799dc59f136aefc1948f53,149282,376093,175,ready,296.0,2025-10-20,2025-11-17,20,3488.0,3504.0,0.0045871559633027525,16.0,358
226237468d41e56c,MIX,2025-11-19,C:\data_quote\data_finam_MIX_tick_zip\20251119.zip,9a807fc35f93cf86387f53e0f63ec58c8b16435da7754b03088160daa5795c29,244578,597715,175,ready,310.0,2025-10-21,2025-11-18,20,3488.0,3483.0,-0.0014334862385321102,17.0,501
226237468d41e56c,MIX,2025-11-20,C:\data_quote\data_finam_MIX_tick_zip\20251120.zip,b2002cd57973cc5d2e87638f3cde4cfad97a1c8005c696527fd09a128e8e2be0,184028,418058,175,ready,315.0,2025-10-22,2025-11-19,20,3488.0,3492.0,0.0011467889908256881,17.0,320
226237468d41e56c,MIX,2025-11-21,C:\data_quote\data_finam_MIX_tick_zip\20251121.zip,f544585ee78722052622942e0bc06e53b7dfe9173b508a6a1a02dbaa0856d9ff,133145,319991,175,ready,317.0,2025-10-23,2025-11-20,20,3488.0,3493.0,0.0014334862385321102,18.0,280
226237468d41e56c,MIX,2025-11-24,C:\data_quote\data_finam_MIX_tick_zip\20251124.zip,8f9bd0153afa6439f883cfcc8af238e72f5f4e2d95e83e647823dd2781451ff8,116385,277213,175,ready,321.0,2025-10-24,2025-11-21,20,3488.0,3488.0,0.0,18.0,231
226237468d41e56c,MIX,2025-11-25,C:\data_quote\data_finam_MIX_tick_zip\20251125.zip,954548a73234ea67083318f479054f39178b3705fa72635a7d1e167333cf16d1,151366,359828,175,ready,317.0,2025-10-27,2025-11-24,20,3488.0,3502.0,0.0040137614678899085,17.0,308
226237468d41e56c,MIX,2025-11-26,C:\data_quote\data_finam_MIX_tick_zip\20251126.zip,b4d85f8d1439ecea0ce443673d3b4b60f9b3668572cd0ac781628f888eeb5174,51951,115175,175,ready,322.0,2025-10-28,2025-11-25,20,3488.0,3485.0,-0.0008600917431192661,17.0,87
226237468d41e56c,MIX,2025-11-27,C:\data_quote\data_finam_MIX_tick_zip\20251127.zip,4951192436cd306ea309432a7bb970fffd33bebc01d304be94827283f9735cf1,90805,209387,175,ready,316.0,2025-10-29,2025-11-26,20,3488.0,3486.0,-0.0005733944954128441,17.0,170
226237468d41e56c,MIX,2025-11-28,C:\data_quote\data_finam_MIX_tick_zip\20251128.zip,b5fc966144dffcbf29a2454b9359339f99878f8efb6efb39ec7c4e2fa3cd64e9,86301,208358,175,ready,317.0,2025-10-30,2025-11-27,20,3488.0,3503.0,0.0043004587155963305,18.0,182
226237468d41e56c,MIX,2025-11-29,C:\data_quote\data_finam_MIX_tick_zip\20251129.zip,a23b86d834e3be12425daf4909e10937ae4a80485042b7469568bf72675543b8,2430,5917,108,ready,322.0,2025-10-31,2025-11-28,20,3488.0,3467.0,-0.006020642201834863,17.0,5
226237468d41e56c,MIX,2025-11-30,C:\data_quote\data_finam_MIX_tick_zip\20251130.zip,2ec51a0bb7e823e7678990d6474bcbfc5508b9111917b01245b531e204ede7c9,3802,9860,109,ready,322.0,2025-10-31,2025-11-28,20,3488.0,3467.0,-0.006020642201834863,17.0,9
226237468d41e56c,MIX,2025-12-01,C:\data_quote\data_finam_MIX_tick_zip\20251201.zip,46851375ae124e6ed1d2a4f6ffbf587bb004ff86dc858593b1211f574c930dd4,81744,198504,175,ready,322.0,2025-10-31,2025-11-28,20,3488.0,3467.0,-0.006020642201834863,17.0,176
226237468d41e56c,MIX,2025-12-02,C:\data_quote\data_finam_MIX_tick_zip\20251202.zip,810c98b7a71492d1b37ddfc873fd8032d1861407a9ee3607e01498146140eee2,75887,165426,175,ready,322.0,2025-11-03,2025-12-01,20,3488.0,3493.0,0.0014334862385321102,17.0,119
226237468d41e56c,MIX,2025-12-03,C:\data_quote\data_finam_MIX_tick_zip\20251203.zip,ca44be96e818aa07de43a026f2246c72c5a644be052dac16b81a4ac8e9a2755d,76906,184579,175,ready,327.0,2025-11-05,2025-12-02,20,3488.0,3494.0,0.0017201834862385322,18.0,116
226237468d41e56c,MIX,2025-12-04,C:\data_quote\data_finam_MIX_tick_zip\20251204.zip,87d635d2009a9210c3a395f3e4cd0da7340f9021a6b19f85bd0cf62977094343,41282,90052,175,ready,323.0,2025-11-06,2025-12-03,20,3488.0,3490.0,0.0005733944954128441,18.0,59
226237468d41e56c,MIX,2025-12-05,C:\data_quote\data_finam_MIX_tick_zip\20251205.zip,85ec2404f008c22bf7dbfe1ace33323200e5984b3b5e3f07ebdbc3e8c5ff97ff,94190,221458,175,ready,322.0,2025-11-07,2025-12-04,20,3500.0,3501.0,0.00028571428571428574,18.0,170
226237468d41e56c,MIX,2025-12-08,C:\data_quote\data_finam_MIX_tick_zip\20251208.zip,63be51e62bba68759a1237e20183937243d8e762199815c0011938dd36ce2186,91643,223773,175,ready,323.0,2025-11-10,2025-12-05,20,3500.0,3514.0,0.004,17.0,173
226237468d41e56c,MIX,2025-12-09,C:\data_quote\data_finam_MIX_tick_zip\20251209.zip,9818d3fc4447af36aec7ce4ca64dd60e8157e0ed34b68d7b18891b4784b97b60,97506,227391,175,ready,326.0,2025-11-11,2025-12-08,20,3500.0,3493.0,-0.002,18.0,170
226237468d41e56c,MIX,2025-12-10,C:\data_quote\data_finam_MIX_tick_zip\20251210.zip,5ab107fe1fa3b456fbdea61d0479e4e60f8002657c59baac5bd87b6dc392d918,55502,121463,175,ready,331.0,2025-11-12,2025-12-09,20,3500.0,3498.0,-0.0005714285714285715,19.0,79
226237468d41e56c,MIX,2025-12-11,C:\data_quote\data_finam_MIX_tick_zip\20251211.zip,75e7fdc3598f1e6a3e130c660dd6736c22fbded060cdb721532df062cfc677f2,128971,293458,175,ready,330.0,2025-11-13,2025-12-10,20,3500.0,3508.0,0.002285714285714286,18.0,197
226237468d41e56c,MIX,2025-12-12,C:\data_quote\data_finam_MIX_tick_zip\20251212.zip,ac27607c8dd046beba8d53fcc318b3383ad1fbba35561cb11ce3de43e7bc5e26,79837,183513,175,ready,339.0,2025-11-14,2025-12-11,20,3500.0,3507.0,0.002,17.0,129
226237468d41e56c,MIX,2025-12-13,C:\data_quote\data_finam_MIX_tick_zip\20251213.zip,03e578ad40274973e7da091c48bfb39973d1f9e66f0f87b4316421be87643a96,3115,6997,105,ready,342.0,2025-11-17,2025-12-12,20,3500.0,3511.0,0.003142857142857143,18.0,5
226237468d41e56c,MIX,2025-12-14,C:\data_quote\data_finam_MIX_tick_zip\20251214.zip,372e85ff4e3fd94eccd331fd8ece6567f163264f75e84cb129ca577ea1fec48b,3001,6738,107,ready,342.0,2025-11-17,2025-12-12,20,3500.0,3511.0,0.003142857142857143,18.0,4
226237468d41e56c,MIX,2025-12-15,C:\data_quote\data_finam_MIX_tick_zip\20251215.zip,b0ca8cf6a94e2eb1d73e8a1456abf1b9538a24e8b5324988342ada3233e1cc40,93741,206021,175,ready,342.0,2025-11-17,2025-12-12,20,3500.0,3511.0,0.003142857142857143,18.0,128
226237468d41e56c,MIX,2025-12-16,C:\data_quote\data_finam_MIX_tick_zip\20251216.zip,2a0c45fb324c85514ee680e231731736fe4f5d09f0293497fc5ba8a5fd8d776b,58418,121691,175,ready,346.0,2025-11-18,2025-12-15,20,3500.0,3497.0,-0.0008571428571428571,18.0,64
226237468d41e56c,MIX,2025-12-17,C:\data_quote\data_finam_MIX_tick_zip\20251217.zip,3826332bdd0ff40d329df0407401c95d51fbefdccf6ffebed93cf024da1cb6ef,64225,129424,175,ready,330.0,2025-11-19,2025-12-16,20,3500.0,3492.0,-0.002285714285714286,18.0,80
226237468d41e56c,MIX,2025-12-18,C:\data_quote\data_finam_MIX_tick_zip\20251218.zip,cd5f37e5e7dd4ad441ce75d280f71de91d84e45f203bca3d1b56a6494f9ac299,89468,200538,175,ready,303.0,2025-11-20,2025-12-17,20,3500.0,3502.0,0.0005714285714285715,18.0,124
226237468d41e56c,MIX,2025-12-19,C:\data_quote\data_finam_MIX_tick_zip\20251219.zip,4cc168a7b74cf531b357371c25ff767c421a2bd15f6aaac2c8ab391bb54e8b1d,119520,297887,175,ready,291.0,2025-11-21,2025-12-18,20,3500.0,3486.0,-0.004,18.0,241
226237468d41e56c,MIX,2025-12-20,C:\data_quote\data_finam_MIX_tick_zip\20251220.zip,262a62686c9becc5631cc502bd9bb732588f3a120598601896d2bdb33707e7c1,2382,5315,98,ready,288.0,2025-11-24,2025-12-19,20,3500.0,3492.0,-0.002285714285714286,18.0,1
226237468d41e56c,MIX,2025-12-21,C:\data_quote\data_finam_MIX_tick_zip\20251221.zip,572ce2d764a097c37cf4aa0fc11a293e362759d32450f276e89d674d526ef85a,1854,4936,106,ready,288.0,2025-11-24,2025-12-19,20,3500.0,3492.0,-0.002285714285714286,18.0,6
226237468d41e56c,MIX,2025-12-22,C:\data_quote\data_finam_MIX_tick_zip\20251222.zip,75eab47bf168f56993126661cf095b293f92584803bff54dfe205e710e05b2df,58876,143956,175,ready,288.0,2025-11-24,2025-12-19,20,3500.0,3492.0,-0.002285714285714286,18.0,134
226237468d41e56c,MIX,2025-12-23,C:\data_quote\data_finam_MIX_tick_zip\20251223.zip,4b4f658272bc01f1cd0c2425c9f9fcaa54367ec2d2be420f53e97b33ce9e3aee,54318,123738,175,ready,279.0,2025-11-25,2025-12-22,20,3500.0,3504.0,0.001142857142857143,17.0,119
226237468d41e56c,MIX,2025-12-24,C:\data_quote\data_finam_MIX_tick_zip\20251224.zip,044fe8a40297613e0223716d1f122401a4fc4618827c7ebf1439b8431e588a2a,46151,100836,175,ready,264.0,2025-11-26,2025-12-23,20,3500.0,3503.0,0.0008571428571428571,15.0,88
226237468d41e56c,MIX,2025-12-25,C:\data_quote\data_finam_MIX_tick_zip\20251225.zip,c1e17d8ba76f17e2ccb495877e1ab08c5c8fc13ad2a360f3b0817ae9ab22b6f3,29821,64807,175,ready,263.0,2025-11-27,2025-12-24,20,3500.0,3495.0,-0.0014285714285714286,15.0,61
226237468d41e56c,MIX,2025-12-26,C:\data_quote\data_finam_MIX_tick_zip\20251226.zip,9d87fd0057a82b5737c973ac9f3da9e8905f4fba138f80b57daff3a3b3306ac8,55425,131013,175,ready,254.0,2025-11-28,2025-12-25,20,3500.0,3506.0,0.0017142857142857142,17.0,135
226237468d41e56c,MIX,2025-12-27,C:\data_quote\data_finam_MIX_tick_zip\20251227.zip,adab6105109f2f067d4d8f91fe09280196c849d7af0e91cab88f58c223257163,3648,9634,109,ready,249.0,2025-12-01,2025-12-26,20,3500.0,3504.0,0.001142857142857143,18.0,9
226237468d41e56c,MIX,2025-12-28,C:\data_quote\data_finam_MIX_tick_zip\20251228.zip,be0b8a5a818285fa7f0e03841925b3212c59f43e124e7828d5e116f4e4b965df,7430,18206,109,ready,249.0,2025-12-01,2025-12-26,20,3500.0,3504.0,0.001142857142857143,18.0,21
226237468d41e56c,MIX,2025-12-29,C:\data_quote\data_finam_MIX_tick_zip\20251229.zip,321ed06cfd9276f1c0fd0ce429bebca803e2c5412c959ebc8f6e99f20933770f,114407,278578,175,ready,249.0,2025-12-01,2025-12-26,20,3500.0,3504.0,0.001142857142857143,18.0,288
226237468d41e56c,MIX,2025-12-30,C:\data_quote\data_finam_MIX_tick_zip\20251230.zip,f0ccbdc3055b8524ee2e38b5719938abbe73d6eca51a3d83780dde4654ce4735,51951,116419,175,ready,253.0,2025-12-02,2025-12-29,20,3500.0,3499.0,-0.00028571428571428574,17.0,89
226237468d41e56c,MIX,2026-01-05,C:\data_quote\data_finam_MIX_tick_zip\20260105.zip,c2b41e781dcc2a5ebf0b93d6fa875c82c135f5013b70d01ed337ac57e90ed633,30920,67134,175,ready,247.0,2025-12-03,2025-12-30,20,3500.0,3500.0,0.0,11.0,54
226237468d41e56c,MIX,2026-01-06,C:\data_quote\data_finam_MIX_tick_zip\20260106.zip,3876a97a5af40a3b69ff4ae66a2954f0c985eeaa861865f306c06129f692f821,28975,54426,175,ready,242.0,2025-12-04,2026-01-05,20,3500.0,3489.0,-0.003142857142857143,16.0,42
226237468d41e56c,MIX,2026-01-08,C:\data_quote\data_finam_MIX_tick_zip\20260108.zip,f8d15283f292b1ee035b237c1239a4d47eb9b42cbe02075f0bd911435c0a8463,28176,66967,175,ready,239.0,2025-12-05,2026-01-06,20,3500.0,3508.0,0.002285714285714286,16.0,80
226237468d41e56c,MIX,2026-01-09,C:\data_quote\data_finam_MIX_tick_zip\20260109.zip,1911fd0bb37c0a6e6f6b4deb9582cee21b9516043b7fbdd914af106a6f4f82a2,26539,55289,175,ready,231.0,2025-12-08,2026-01-08,20,3500.0,3480.0,-0.005714285714285714,17.0,63
226237468d41e56c,MIX,2026-01-12,C:\data_quote\data_finam_MIX_tick_zip\20260112.zip,bbd3527046ac2a1967684282e4ece8074784fdccb3acbd1a1b259006a321b912,44307,96028,175,ready,219.0,2025-12-09,2026-01-09,20,3500.0,3504.0,0.001142857142857143,17.0,94
226237468d41e56c,MIX,2026-01-13,C:\data_quote\data_finam_MIX_tick_zip\20260113.zip,b97216fdaf095201bc4b350f05e8baa045b08a5ac6bf07f8a1388fdb44df770a,37740,85607,175,ready,209.0,2025-12-10,2026-01-12,20,3500.0,3506.0,0.0017142857142857142,17.0,109
226237468d41e56c,MIX,2026-01-14,C:\data_quote\data_finam_MIX_tick_zip\20260114.zip,ca0ac63ca289498c85fe9dd50490402347b4f12908e34d8c7a63d3d8fb8946eb,69778,164727,175,ready,208.0,2025-12-11,2026-01-13,20,3500.0,3506.0,0.0017142857142857142,17.0,248
226237468d41e56c,MIX,2026-01-15,C:\data_quote\data_finam_MIX_tick_zip\20260115.zip,049b3a67bde036f5e1539171fa6322d3a54af3802e733e8127d77ad76fefc325,45805,102369,175,ready,202.0,2025-12-12,2026-01-14,20,3500.0,3497.0,-0.0008571428571428571,15.0,148
226237468d41e56c,MIX,2026-01-16,C:\data_quote\data_finam_MIX_tick_zip\20260116.zip,dbad3e23b61784f156000bd4aa90ab5cfd272d1ebdd17fdf77e94b7fc0c1ef06,44982,106200,175,ready,198.0,2025-12-15,2026-01-15,20,3500.0,3516.0,0.004571428571428572,17.0,155
226237468d41e56c,MIX,2026-01-17,C:\data_quote\data_finam_MIX_tick_zip\20260117.zip,f6b501f4c78ab72747e97b5f09ad8e6a9d3a6067d95f261919876cab5f9c30b2,1633,3317,103,ready,193.0,2025-12-16,2026-01-16,20,3500.0,3517.0,0.004857142857142857,16.0,2
226237468d41e56c,MIX,2026-01-18,C:\data_quote\data_finam_MIX_tick_zip\20260118.zip,757f5c4903f4f3fefd0cfd0404f7f880414d9d9d35e44d7962b2fdda885b7d3b,1972,4397,102,ready,193.0,2025-12-16,2026-01-16,20,3500.0,3517.0,0.004857142857142857,16.0,8
226237468d41e56c,MIX,2026-01-19,C:\data_quote\data_finam_MIX_tick_zip\20260119.zip,cfd0a8e2adacf2b76b6a6b64a29254803e675ef735b193b737811592a7918882,39485,98126,175,ready,193.0,2025-12-16,2026-01-16,20,3500.0,3517.0,0.004857142857142857,16.0,170
226237468d41e56c,MIX,2026-01-20,C:\data_quote\data_finam_MIX_tick_zip\20260120.zip,f8016afb1abd118d36f97905616ad2d3a81945463605e7ba25cb77cd9c5d1e62,39064,92867,175,ready,194.0,2025-12-17,2026-01-19,20,3500.0,3500.0,0.0,17.0,144
226237468d41e56c,MIX,2026-01-21,C:\data_quote\data_finam_MIX_tick_zip\20260121.zip,fbbf246814671d0c5667ae092d81690efd48638713c872ef503c53388e23120e,52502,141647,175,ready,193.0,2025-12-18,2026-01-20,20,3500.0,3514.0,0.004,15.0,233
226237468d41e56c,MIX,2026-01-22,C:\data_quote\data_finam_MIX_tick_zip\20260122.zip,2c0693107a1b10bc92e9fc812154caaec80e6c11a393f690971d6897ffe501be,62925,172137,175,ready,194.0,2025-12-19,2026-01-21,20,3500.0,3485.0,-0.004285714285714286,16.0,300
226237468d41e56c,MIX,2026-01-23,C:\data_quote\data_finam_MIX_tick_zip\20260123.zip,aa361c859866abadb12757078c3bae7a581b27c26eaaf3425e1514101411af20,37711,94216,175,ready,189.0,2025-12-22,2026-01-22,20,3500.0,3512.0,0.0034285714285714284,16.0,149
226237468d41e56c,MIX,2026-01-24,C:\data_quote\data_finam_MIX_tick_zip\20260124.zip,ba2cda7553b1f5452e12f61556edbd03252a88014531ad118a2f3ddb75160663,12344,34465,108,ready,186.0,2025-12-23,2026-01-23,20,3500.0,3496.0,-0.001142857142857143,16.0,65
226237468d41e56c,MIX,2026-01-25,C:\data_quote\data_finam_MIX_tick_zip\20260125.zip,86b667147bd51b68ccccf2519016b6301f6b0ae76ce4954a395068c9c7b09e8c,5872,16445,109,ready,186.0,2025-12-23,2026-01-23,20,3500.0,3496.0,-0.001142857142857143,16.0,31
226237468d41e56c,MIX,2026-01-26,C:\data_quote\data_finam_MIX_tick_zip\20260126.zip,d727f714d82cf8c11d884456d918f84bfe1128dde8feef3965e846e204df5d37,45688,120358,175,ready,186.0,2025-12-23,2026-01-23,20,3500.0,3496.0,-0.001142857142857143,16.0,222
226237468d41e56c,MIX,2026-01-27,C:\data_quote\data_finam_MIX_tick_zip\20260127.zip,78a0c63f3255758b4ee9ab260f3481494714a6cf3c156b45a5b96830e2fd6e2b,38646,97985,175,ready,187.0,2025-12-24,2026-01-26,20,3500.0,3511.0,0.003142857142857143,15.0,155
226237468d41e56c,MIX,2026-01-28,C:\data_quote\data_finam_MIX_tick_zip\20260128.zip,9dec5fd90915c236e98475c282cc0a2d1b61b0332c64b6bd5156e13accf2661d,35095,84812,175,ready,187.0,2025-12-25,2026-01-27,20,3500.0,3513.0,0.0037142857142857142,15.0,139
226237468d41e56c,MIX,2026-01-29,C:\data_quote\data_finam_MIX_tick_zip\20260129.zip,58072403e6959ec8707251e088325a2f703ae5743d986565833cf1268f2ad1f5,97009,254493,175,ready,188.0,2025-12-26,2026-01-28,20,3500.0,3510.0,0.002857142857142857,17.0,416
226237468d41e56c,MIX,2026-01-30,C:\data_quote\data_finam_MIX_tick_zip\20260130.zip,dccb421f30888145aa0ae6a723c8f02c0d0bfd520585ca8cb1c3afdcfa52bb41,57134,139081,175,ready,195.0,2025-12-29,2026-01-29,20,3500.0,3504.0,0.001142857142857143,16.0,202
226237468d41e56c,MIX,2026-01-31,C:\data_quote\data_finam_MIX_tick_zip\20260131.zip,57ec0ac49845ae0aaed2becab75600c6ceffdbe9733053e964362ca1e893828d,2420,5836,101,ready,188.0,2025-12-30,2026-01-30,20,3500.0,3509.0,0.0025714285714285713,16.0,13
226237468d41e56c,MIX,2026-02-01,C:\data_quote\data_finam_MIX_tick_zip\20260201.zip,0e37a647bc64897deab04715ee9ae646b0337da9bd400683c1e6ae63e1b9123e,4226,14078,109,ready,188.0,2025-12-30,2026-01-30,20,3500.0,3509.0,0.0025714285714285713,16.0,35
226237468d41e56c,MIX,2026-02-02,C:\data_quote\data_finam_MIX_tick_zip\20260202.zip,5ae2a35fd6411ee3cce8b18dc0614fd54518d97e0c3151a4bf6993954ec3d44c,48504,111994,175,ready,188.0,2025-12-30,2026-01-30,20,3500.0,3509.0,0.0025714285714285713,16.0,184
226237468d41e56c,MIX,2026-02-03,C:\data_quote\data_finam_MIX_tick_zip\20260203.zip,8160c1affda4634030bbc78fad34e155f51378938691b2f13bb42062e19a171e,35335,85382,175,ready,191.0,2026-01-05,2026-02-02,20,3500.0,3485.0,-0.004285714285714286,17.0,141
226237468d41e56c,MIX,2026-02-04,C:\data_quote\data_finam_MIX_tick_zip\20260204.zip,ae713c02bfea6293f1435471e328d0d7222e41901d5ea0d85c2cb85738980ce9,50478,123102,175,ready,193.0,2026-01-06,2026-02-03,20,3500.0,3486.0,-0.004,16.0,211
226237468d41e56c,MIX,2026-02-05,C:\data_quote\data_finam_MIX_tick_zip\20260205.zip,92ca679031d6db4484a476cfdd0949295f6ce5eb11da320df3f10162a0794f22,64402,156406,175,ready,199.0,2026-01-08,2026-02-04,20,3500.0,3484.0,-0.004571428571428572,17.0,238
226237468d41e56c,MIX,2026-02-06,C:\data_quote\data_finam_MIX_tick_zip\20260206.zip,54d3f30068127f843a7b3c8e3f7ad0212e337dd60d61d6091e97d6b34f32c7e6,25377,57455,175,ready,205.0,2026-01-09,2026-02-05,20,3500.0,3522.0,0.006285714285714286,16.0,73
226237468d41e56c,MIX,2026-02-07,C:\data_quote\data_finam_MIX_tick_zip\20260207.zip,513d505e09fa08b315653ddb17091f38ac1cf26c77e278e9baef30264ccaf71b,1491,3369,100,ready,205.0,2026-01-12,2026-02-06,20,3500.0,3518.0,0.005142857142857143,16.0,3
226237468d41e56c,MIX,2026-02-08,C:\data_quote\data_finam_MIX_tick_zip\20260208.zip,9a37c396cc383a4feb5678890220d8428bca6004d2c64c1111d26913520a74f1,1901,5299,107,ready,205.0,2026-01-12,2026-02-06,20,3500.0,3518.0,0.005142857142857143,16.0,8
226237468d41e56c,MIX,2026-02-09,C:\data_quote\data_finam_MIX_tick_zip\20260209.zip,f8f11e51e0506a68f4281eb69d2e17c3e77a051291e999ba6aa300d97d9dac2b,30948,70668,175,ready,205.0,2026-01-12,2026-02-06,20,3500.0,3518.0,0.005142857142857143,16.0,89
226237468d41e56c,MIX,2026-02-10,C:\data_quote\data_finam_MIX_tick_zip\20260210.zip,ae5fb3e55dbd6cfc2d20c288515fab4408504417f09a4b15530a350326729221,35151,86439,175,ready,205.0,2026-01-13,2026-02-09,20,3500.0,3507.0,0.002,17.0,118
226237468d41e56c,MIX,2026-02-11,C:\data_quote\data_finam_MIX_tick_zip\20260211.zip,daa56518bc2113d1bbef5e53392e2f3fd368b633af9fc2682a6aafd1e9b87ac0,58491,156745,175,ready,205.0,2026-01-14,2026-02-10,20,3500.0,3509.0,0.0025714285714285713,17.0,237
226237468d41e56c,MIX,2026-02-12,C:\data_quote\data_finam_MIX_tick_zip\20260212.zip,008055766b023a2d20b592e55da7ccbc851fb83d89362c1f964f11d525b915f8,40229,105657,175,ready,204.0,2026-01-15,2026-02-11,20,3500.0,3502.0,0.0005714285714285715,17.0,155
226237468d41e56c,MIX,2026-02-13,C:\data_quote\data_finam_MIX_tick_zip\20260213.zip,ec4f5b9d202a8c59f97f419b4b0dcc56ad7add905974ebb3c29a0082f31a8021,57335,151510,175,ready,205.0,2026-01-16,2026-02-12,20,3500.0,3499.0,-0.00028571428571428574,17.0,213
226237468d41e56c,MIX,2026-02-16,C:\data_quote\data_finam_MIX_tick_zip\20260216.zip,9d0e35361f219aae6850c9636b89bfb503a850f93018102b1071f0bc9553f577,24006,59499,175,ready,206.0,2026-01-19,2026-02-13,20,3500.0,3500.0,0.0,17.0,69
226237468d41e56c,MIX,2026-02-17,C:\data_quote\data_finam_MIX_tick_zip\20260217.zip,ac24dbf8845777ef34894a4b6f2b2c19cea4ef9ba3217d8b4173b75e67f3a80d,30719,73525,174,ready,203.0,2026-01-20,2026-02-16,20,3500.0,3492.0,-0.002285714285714286,16.0,102
226237468d41e56c,MIX,2026-02-18,C:\data_quote\data_finam_MIX_tick_zip\20260218.zip,c2a406ed5450637394b0e21c39b0c6feac5ed434f0cc99d44a93a31ccaf88b96,38989,102046,175,ready,201.0,2026-01-21,2026-02-17,20,3499.0,3502.0,0.0008573878250928837,16.0,171
226237468d41e56c,MIX,2026-02-19,C:\data_quote\data_finam_MIX_tick_zip\20260219.zip,8d8896381a9307cafa2f1dc70145973fe8070b8c8b18d28d9d41adbebf117101,26163,62489,175,ready,199.0,2026-01-22,2026-02-18,20,3499.0,3503.0,0.0011431837667905116,16.0,101
226237468d41e56c,MIX,2026-02-20,C:\data_quote\data_finam_MIX_tick_zip\20260220.zip,721f985eafb6cb28aca6835730bb1308a390d5a97f63764604bb3548f7f94eaa,24740,55804,174,ready,192.0,2026-01-23,2026-02-19,20,3499.0,3492.0,-0.002000571591883395,16.0,78
226237468d41e56c,MIX,2026-02-21,C:\data_quote\data_finam_MIX_tick_zip\20260221.zip,b15dcb2eb6e7eb3604013ccae2adeaf6e072fdb65bf4e44d9eee035658e1cc18,599,1339,84,ready,189.0,2026-01-26,2026-02-20,20,3498.0,3504.0,0.0017152658662092624,16.0,1
226237468d41e56c,MIX,2026-02-22,C:\data_quote\data_finam_MIX_tick_zip\20260222.zip,8e14cc5f99ec958f4f7aa03f4688a8a7845578825375de58a55a9c79ae6fcae7,2087,5809,97,ready,189.0,2026-01-26,2026-02-20,20,3498.0,3504.0,0.0017152658662092624,16.0,11
226237468d41e56c,MIX,2026-02-23,C:\data_quote\data_finam_MIX_tick_zip\20260223.zip,f2cd5d075146ee664959f96a432db5c49aed01ad21a8743387b584feb118576b,4619,9527,108,ready,189.0,2026-01-26,2026-02-20,20,3498.0,3504.0,0.0017152658662092624,16.0,8
226237468d41e56c,MIX,2026-02-24,C:\data_quote\data_finam_MIX_tick_zip\20260224.zip,da188307dee38ae727130a7cec6df1f7a15f5f2acb97cff2bbc839618fe22dce,36302,95703,175,ready,182.0,2026-01-27,2026-02-23,20,3431.0,3425.0,-0.0017487612940833576,16.0,175
226237468d41e56c,MIX,2026-02-25,C:\data_quote\data_finam_MIX_tick_zip\20260225.zip,bb095827973852fe6db7162efd2de265dfd2634f2e1d93aa7aea29fc8c0d9920,26777,63770,175,ready,182.0,2026-01-28,2026-02-24,20,3431.0,3436.0,0.001457301078402798,16.0,104
226237468d41e56c,MIX,2026-02-26,C:\data_quote\data_finam_MIX_tick_zip\20260226.zip,98c30b3d10db03add8532adb71b511601f66aa797d873813ab7c70bbe28667ee,22113,56800,175,ready,181.0,2026-01-29,2026-02-25,20,3431.0,3413.0,-0.0052462838822500725,16.0,104
226237468d41e56c,MIX,2026-02-27,C:\data_quote\data_finam_MIX_tick_zip\20260227.zip,4a335a304492e88c04fbd1cd10f9f6e4be789b9e6cb2569138e4ce6784472e80,25793,65880,175,ready,168.0,2026-01-30,2026-02-26,20,3431.0,3436.0,0.001457301078402798,15.0,131
226237468d41e56c,MIX,2026-02-28,C:\data_quote\data_finam_MIX_tick_zip\20260228.zip,2c9d085f6a0185a85de9826c5c9dcdc1a46cf44262e19c8e9bca73a32e3b3522,7898,20038,109,ready,162.0,2026-02-02,2026-02-27,20,3431.0,3441.0,0.002914602156805596,15.0,43
226237468d41e56c,MIX,2026-03-01,C:\data_quote\data_finam_MIX_tick_zip\20260301.zip,19dc25bf00127b5a3134f4cb098b61cf2a9e07533e7934fdaf4ad1e1ebae56b3,8809,24340,109,ready,162.0,2026-02-02,2026-02-27,20,3431.0,3441.0,0.002914602156805596,15.0,58
226237468d41e56c,MIX,2026-03-02,C:\data_quote\data_finam_MIX_tick_zip\20260302.zip,0b21942fef426200dc4f8427b7ba54309b18258cff1bad399a4297ccd562ccae,51596,138922,175,ready,162.0,2026-02-02,2026-02-27,20,3431.0,3441.0,0.002914602156805596,15.0,292
226237468d41e56c,MIX,2026-03-03,C:\data_quote\data_finam_MIX_tick_zip\20260303.zip,79fc8bde8a6527acac346108ebd3c49753fb27531552b413f0c36a0576363c37,40142,99603,175,ready,166.0,2026-02-03,2026-03-02,20,3431.0,3427.0,-0.0011658408627222385,15.0,196
226237468d41e56c,MIX,2026-03-04,C:\data_quote\data_finam_MIX_tick_zip\20260304.zip,b646de19c9892dfcf5c6db6788d4dcaf4dc862d9e32694271b2e297e4e0a93ca,34613,82352,175,ready,167.0,2026-02-04,2026-03-03,20,3431.0,3441.0,0.002914602156805596,15.0,136
226237468d41e56c,MIX,2026-03-05,C:\data_quote\data_finam_MIX_tick_zip\20260305.zip,2f0db3442ebaeb4992c938ba2a6acb23c46de845eb2064ac1aff262d91bb9b51,30676,74031,175,ready,161.0,2026-02-05,2026-03-04,20,3431.0,3446.0,0.004371903235208394,17.0,129
226237468d41e56c,MIX,2026-03-06,C:\data_quote\data_finam_MIX_tick_zip\20260306.zip,3bd641f76b776eb0dd4cfa7e6f0c6107f3548147bdf65e961c73784e86d780c9,32768,78894,175,ready,156.0,2026-02-06,2026-03-05,20,3431.0,3443.0,0.0034975225881667153,17.0,139
226237468d41e56c,MIX,2026-03-09,C:\data_quote\data_finam_MIX_tick_zip\20260309.zip,5e9b2d97e4b11b1ceacfefeef49683bc8834cd60e411b635324f5f39a90264a4,50034,116884,175,ready,157.0,2026-02-09,2026-03-06,20,3431.0,3429.0,-0.0005829204313611193,15.0,209
226237468d41e56c,MIX,2026-03-10,C:\data_quote\data_finam_MIX_tick_zip\20260310.zip,6577868d459c56491740790b345fb550e79c252b36cbf51b2d9935a604138199,42105,102489,175,ready,159.0,2026-02-10,2026-03-09,20,3431.0,3433.0,0.0005829204313611193,17.0,195
226237468d41e56c,MIX,2026-03-11,C:\data_quote\data_finam_MIX_tick_zip\20260311.zip,e8e8dd6bf89264738b9e7dfc5f0066abadecd35d40cb8c32aba6ca1a75861672,27136,61161,175,ready,160.0,2026-02-11,2026-03-10,20,3431.0,3428.0,-0.0008743806470416788,15.0,117
226237468d41e56c,MIX,2026-03-12,C:\data_quote\data_finam_MIX_tick_zip\20260312.zip,e967b090ed5d05191517850002ecc600d58abb2681839d8998179003d7b7f64d,25485,54724,175,ready,153.0,2026-02-12,2026-03-11,20,3431.0,3431.0,0.0,15.0,101
226237468d41e56c,MIX,2026-03-13,C:\data_quote\data_finam_MIX_tick_zip\20260313.zip,f366f7956cad2ca6b249810d24605787f511f68cb394142da92d5ae0312c6afc,30471,67819,175,ready,149.0,2026-02-13,2026-03-12,20,3431.0,3430.0,-0.0002914602156805596,16.0,124
226237468d41e56c,MIX,2026-03-14,C:\data_quote\data_finam_MIX_tick_zip\20260314.zip,8615eabf3f1ababb24131112f5cca0415796740d865594102f76c1173fd2c193,1366,3293,105,ready,142.0,2026-02-16,2026-03-13,20,3431.0,3440.0,0.0026231419411250363,15.0,6
226237468d41e56c,MIX,2026-03-15,C:\data_quote\data_finam_MIX_tick_zip\20260315.zip,531a124cb523bbc4389a83fca2d8bcab657b8aaa11411696ada57fc3363bd994,1156,3455,95,ready,142.0,2026-02-16,2026-03-13,20,3431.0,3440.0,0.0026231419411250363,15.0,8
226237468d41e56c,MIX,2026-03-16,C:\data_quote\data_finam_MIX_tick_zip\20260316.zip,28feaa512218a7beadf88c5e5af235c77527882c80e1697c4ae7da1ef69db5e9,46098,100978,175,ready,142.0,2026-02-16,2026-03-13,20,3431.0,3440.0,0.0026231419411250363,15.0,192
226237468d41e56c,MIX,2026-03-17,C:\data_quote\data_finam_MIX_tick_zip\20260317.zip,01c1273288bdcdd0d548fffdcdde781f73b1058509238a62ea4639dac2fd07a1,37072,86781,174,ready,144.0,2026-02-17,2026-03-16,20,3431.0,3431.0,0.0,16.0,135
226237468d41e56c,MIX,2026-03-18,C:\data_quote\data_finam_MIX_tick_zip\20260318.zip,23c08e22ffae55b9fb6695dacf64f1855d587da1e9d851c1cb7fab35f00ad728,32370,71087,175,ready,144.0,2026-02-18,2026-03-17,20,3431.0,3403.0,-0.00816088603905567,15.0,121
226237468d41e56c,MIX,2026-03-19,C:\data_quote\data_finam_MIX_tick_zip\20260319.zip,6116b15509f7746e9764ffbe3c921edf21df1a17d7a77e0a993df60abce72dfe,49109,134892,175,ready,138.0,2026-02-19,2026-03-18,20,3431.0,3435.0,0.0011658408627222385,15.0,200
226237468d41e56c,MIX,2026-03-20,C:\data_quote\data_finam_MIX_tick_zip\20260320.zip,33c1f77aafd87de557151d08347a893daca82620ee26f9576b794747854977c8,33359,82449,118,ready,139.0,2026-02-20,2026-03-19,20,3431.0,3433.0,0.0005829204313611193,16.0,188
226237468d41e56c,MIX,2026-03-23,C:\data_quote\data_finam_MIX_tick_zip\20260323.zip,f652995f6ed2a1d2e13247a71445549aff3b4c2708fa3ab33f769a80d651464f,54889,125339,179,ready,144.0,2026-02-23,2026-03-20,20,3375.0,3366.0,-0.0026666666666666666,15.0,248
226237468d41e56c,MIX,2026-03-24,C:\data_quote\data_finam_MIX_tick_zip\20260324.zip,600bc72f766059b604b08b70ad998125505074d912f65690f338400019fd3fcf,26859,58499,179,ready,149.0,2026-02-24,2026-03-23,20,3446.0,3433.0,-0.0037724898432965758,15.0,115
226237468d41e56c,MIX,2026-03-25,C:\data_quote\data_finam_MIX_tick_zip\20260325.zip,34e1f9e1b3da3dce49780ad3cecb07576759948f41609bcfdef89c748f50167a,16340,35171,179,ready,145.0,2026-02-25,2026-03-24,20,3450.0,3447.0,-0.0008695652173913044,15.0,66
226237468d41e56c,MIX,2026-03-26,C:\data_quote\data_finam_MIX_tick_zip\20260326.zip,03dc0e9e6f8e1b2aed3a88e3cef4dba4276fafbd4a7fadbae4c1fed00a6796b7,29711,66663,179,ready,143.0,2026-02-26,2026-03-25,20,3454.0,3453.0,-0.00028951939779965256,16.0,135
226237468d41e56c,MIX,2026-03-27,C:\data_quote\data_finam_MIX_tick_zip\20260327.zip,ff72c752d7644a97421927aa09eb9d14bf33d3d990add5259ee54129bfda24ca,36554,91962,179,ready,143.0,2026-02-27,2026-03-26,20,3458.0,3446.0,-0.003470213996529786,15.0,202
226237468d41e56c,MIX,2026-03-28,C:\data_quote\data_finam_MIX_tick_zip\20260328.zip,030f299853fd2a806e1f0e51c796a766a10d56075cce3a18973b21c2511fc686,920,2293,94,ready,144.0,2026-03-02,2026-03-27,20,3462.0,3454.0,-0.002310803004043905,16.0,6
226237468d41e56c,MIX,2026-03-29,C:\data_quote\data_finam_MIX_tick_zip\20260329.zip,9d81111c6814a6cfe0f83912b605dfecdf0c70b912a3a007c7cccdbcb79b45e9,2306,4887,109,ready,144.0,2026-03-02,2026-03-27,20,3462.0,3454.0,-0.002310803004043905,16.0,8
226237468d41e56c,MIX,2026-03-30,C:\data_quote\data_finam_MIX_tick_zip\20260330.zip,f4a904889230c01e89e2131874ca0522d28ae6bb2f51442f567aea1feb58e82d,42342,103924,178,ready,144.0,2026-03-02,2026-03-27,20,3462.0,3454.0,-0.002310803004043905,16.0,233
226237468d41e56c,MIX,2026-03-31,C:\data_quote\data_finam_MIX_tick_zip\20260331.zip,dd31083c7e80250c3e08d2b5998a79528dfbce01a95fe59c1062c38c18c424b2,32714,77070,179,ready,141.0,2026-03-03,2026-03-30,20,3465.0,3470.0,0.001443001443001443,16.0,184
226237468d41e56c,MIX,2026-04-01,C:\data_quote\data_finam_MIX_tick_zip\20260401.zip,417797e501c3a89ba91749f485bda92b7385c53307e357af95dbba17e03e1363,28241,67124,179,ready,139.0,2026-03-04,2026-03-31,20,3469.0,3451.0,-0.0051888152205246466,16.0,166
226237468d41e56c,MIX,2026-04-02,C:\data_quote\data_finam_MIX_tick_zip\20260402.zip,07298cec4e74bc5fc975dec6b6912bfd1b9702778f77bdb30236c991cac16aed,23087,50585,179,ready,138.0,2026-03-05,2026-04-01,20,3473.0,3478.0,0.0014396775122372588,15.0,108
226237468d41e56c,MIX,2026-04-03,C:\data_quote\data_finam_MIX_tick_zip\20260403.zip,00645f60c1609940d6cab4e7cac7328dc5f6d908ed51ea36c2e66c5888b2a6e9,29452,78532,179,ready,137.0,2026-03-06,2026-04-02,20,3477.0,3483.0,0.001725625539257981,15.0,208
226237468d41e56c,MIX,2026-04-04,C:\data_quote\data_finam_MIX_tick_zip\20260404.zip,550ea090e8f00ea7a77b870d838684ca2bfc6d59a79f4cb4bbe3fa758ec10404,1591,3682,92,ready,138.0,2026-03-09,2026-04-03,20,3481.0,3479.0,-0.0005745475438092502,16.0,8
226237468d41e56c,MIX,2026-04-05,C:\data_quote\data_finam_MIX_tick_zip\20260405.zip,2fbcb141b7290db197134f4f2ced6e46d9618ec1ccdbcf791319f48c5eba33e0,1345,3355,96,ready,138.0,2026-03-09,2026-04-03,20,3481.0,3479.0,-0.0005745475438092502,16.0,9
226237468d41e56c,MIX,2026-04-06,C:\data_quote\data_finam_MIX_tick_zip\20260406.zip,5dd1e68383b8106d7ceb94f3b4957385003ebb674cd1d721544d991fcb9ae770,34294,76894,179,ready,138.0,2026-03-09,2026-04-03,20,3481.0,3479.0,-0.0005745475438092502,16.0,171
226237468d41e56c,MIX,2026-04-07,C:\data_quote\data_finam_MIX_tick_zip\20260407.zip,6fc45eaf251f56f5c8076fb1a312dd26c6a9dbe9639f1352ef87b6866bf59721,31735,72333,179,ready,135.0,2026-03-10,2026-04-06,20,3485.0,3494.0,0.002582496413199426,16.0,162
226237468d41e56c,MIX,2026-04-08,C:\data_quote\data_finam_MIX_tick_zip\20260408.zip,15b065e8ccff691a3dd57c450b4dc9a9dc685d8ee56b7ad440e5cd5921564b0b,30708,69171,179,ready,133.0,2026-03-11,2026-04-07,20,3489.0,3481.0,-0.002292920607623961,16.0,156
226237468d41e56c,MIX,2026-04-09,C:\data_quote\data_finam_MIX_tick_zip\20260409.zip,53f624be638f5fbc8539154c72a7d11edd673c4c7820f7a435064a6b53f728b8,43602,104504,179,ready,133.0,2026-03-12,2026-04-08,20,3493.0,3497.0,0.001145147437732608,16.0,258
226237468d41e56c,MIX,2026-04-10,C:\data_quote\data_finam_MIX_tick_zip\20260410.zip,cba82f40c3d206c40e028ddf5a69ec6f916cfa58cea09a69fd4634954b7c9552,37148,91152,179,ready,138.0,2026-03-13,2026-04-09,20,3497.0,3494.0,-0.0008578781812982557,14.0,201
226237468d41e56c,MIX,2026-04-11,C:\data_quote\data_finam_MIX_tick_zip\20260411.zip,8b71cdbf3e72c4b5c680c191f82d4159c7f25859089ea759562a7691b7496b96,1720,3892,105,ready,139.0,2026-03-16,2026-04-10,20,3501.0,3504.0,0.000856898029134533,16.0,9
226237468d41e56c,MIX,2026-04-12,C:\data_quote\data_finam_MIX_tick_zip\20260412.zip,aca45280467179cd87c4398a0db8201231e80a8b9cca5bd537ca2ef055aa705d,5373,13560,109,ready,139.0,2026-03-16,2026-04-10,20,3501.0,3504.0,0.000856898029134533,16.0,29
226237468d41e56c,MIX,2026-04-13,C:\data_quote\data_finam_MIX_tick_zip\20260413.zip,508bf0199ff8056fbb30d9e2b09e82b064816fd4165921b9f8a0fec87b125f6d,39802,86705,179,ready,139.0,2026-03-16,2026-04-10,20,3501.0,3504.0,0.000856898029134533,16.0,178
226237468d41e56c,MIX,2026-04-14,C:\data_quote\data_finam_MIX_tick_zip\20260414.zip,84a24721279151054084f610536f5165159045ca27908ecfa204aac7ba8ed25c,39842,94180,179,ready,139.0,2026-03-17,2026-04-13,20,3505.0,3489.0,-0.00456490727532097,14.0,231
226237468d41e56c,MIX,2026-04-15,C:\data_quote\data_finam_MIX_tick_zip\20260415.zip,354c7713593db80f6dce73887fa1878da6395d478c2d90c0708beee76b33d03f,43093,99721,179,ready,141.0,2026-03-18,2026-04-14,20,3510.0,3516.0,0.0017094017094017094,16.0,249
226237468d41e56c,MIX,2026-04-16,C:\data_quote\data_finam_MIX_tick_zip\20260416.zip,70fe27e6a682f91e52c2feb0d0aedb39d53b0148d9444a47437af4c73c0e4310,39251,98586,179,ready,144.0,2026-03-19,2026-04-15,20,3514.0,3514.0,0.0,16.0,243
226237468d41e56c,MIX,2026-04-17,C:\data_quote\data_finam_MIX_tick_zip\20260417.zip,854bc278983e356e1856516dbfdd1c668b8ec58b465af81982b52e4bc1a27cfb,55705,132412,179,ready,146.0,2026-03-20,2026-04-16,20,3518.0,3526.0,0.0022740193291642978,15.0,305
226237468d41e56c,MIX,2026-04-18,C:\data_quote\data_finam_MIX_tick_zip\20260418.zip,d52fbe5fca3b7f40b0b64e1ac44866f04971bff4acd7495a9760dd5a8a7a7b6c,3117,8400,109,ready,148.0,2026-03-23,2026-04-17,20,3579.0,3583.0,0.0011176306230790724,15.0,19
226237468d41e56c,MIX,2026-04-19,C:\data_quote\data_finam_MIX_tick_zip\20260419.zip,ff83a133c8a9fe7c77f797dfb19c04538a0cacafd94a5e04fe777a7481a7c358,1945,4750,103,ready,148.0,2026-03-23,2026-04-17,20,3579.0,3583.0,0.0011176306230790724,15.0,9
226237468d41e56c,MIX,2026-04-20,C:\data_quote\data_finam_MIX_tick_zip\20260420.zip,2038b5a4b61c5eed58e11bbd45137ba4ce71499ad61a724ea900f9f507fe2949,40318,88268,179,ready,148.0,2026-03-23,2026-04-17,20,3579.0,3583.0,0.0011176306230790724,15.0,182
226237468d41e56c,MIX,2026-04-21,C:\data_quote\data_finam_MIX_tick_zip\20260421.zip,747081f67695c5bf05249a95a061ee29fe209a4e057297199898ac2f7391fcf5,37502,88437,179,ready,147.0,2026-03-24,2026-04-20,20,3579.0,3568.0,-0.003073484213467449,15.0,216
226237468d41e56c,MIX,2026-04-22,C:\data_quote\data_finam_MIX_tick_zip\20260422.zip,f50c6ee20d714f98bdf13fb2eff4d266d817a55dbc1c9dd66a25c09c91150c32,28654,62880,178,ready,149.0,2026-03-25,2026-04-21,20,3579.0,3583.0,0.0011176306230790724,16.0,126
226237468d41e56c,MIX,2026-04-23,C:\data_quote\data_finam_MIX_tick_zip\20260423.zip,c113260f3ffdd3c205f8131e497594a5814b410345ea8b18643f13fb028498aa,31960,72051,179,ready,150.0,2026-03-26,2026-04-22,20,3578.0,3595.0,0.0047512576858580215,16.0,153
226237468d41e56c,MIX,2026-04-24,C:\data_quote\data_finam_MIX_tick_zip\20260424.zip,a38ce0eb9a41b08b8a0805d4414bbaab679cae5be9b406d0a6523a3cbe16382d,59416,153744,179,ready,151.0,2026-03-27,2026-04-23,20,3578.0,3556.0,-0.006148686416992733,16.0,360
226237468d41e56c,MIX,2026-04-25,C:\data_quote\data_finam_MIX_tick_zip\20260425.zip,8350a11bcab66676ce1a47d5b6c02661037461f21998f811155f2b5ac7ca6d1d,624,1493,86,ready,156.0,2026-03-30,2026-04-24,20,3578.0,3593.0,0.004192286193404136,16.0,2
226237468d41e56c,MIX,2026-04-26,C:\data_quote\data_finam_MIX_tick_zip\20260426.zip,ad5aa3fc39be1f37eade8ab7a35a1ae40c027856dd150e48f028809e5350bf2b,1514,4320,104,ready,156.0,2026-03-30,2026-04-24,20,3578.0,3593.0,0.004192286193404136,16.0,9
226237468d41e56c,MIX,2026-04-27,C:\data_quote\data_finam_MIX_tick_zip\20260427.zip,23c433c98cc5f8ac17259fa6e4ad8ea4d97024fa5a2c09136d4a6da21ab744fc,37480,89249,179,ready,156.0,2026-03-30,2026-04-24,20,3578.0,3593.0,0.004192286193404136,16.0,178
226237468d41e56c,MIX,2026-04-28,C:\data_quote\data_finam_MIX_tick_zip\20260428.zip,fb30c45d2c8188c0f17f8d87c85bdcfaa61a0e755eda3e3625e5660500470988,43058,106920,179,ready,156.0,2026-03-31,2026-04-27,20,3579.0,3568.0,-0.003073484213467449,15.0,231
226237468d41e56c,MIX,2026-04-29,C:\data_quote\data_finam_MIX_tick_zip\20260429.zip,5620f8ed4a7238d59f86ac5eca8194ecd3d23f86d57e37addbe578306abfee48,87972,229062,179,ready,157.0,2026-04-01,2026-04-28,20,3579.0,3593.0,0.003911707180776753,16.0,504
226237468d41e56c,MIX,2026-04-30,C:\data_quote\data_finam_MIX_tick_zip\20260430.zip,7cbd9b7311eccdb729917068d5bf2d66d5b3e3bf12edc4ecd375ea7aef99a5a9,49027,114046,179,ready,169.0,2026-04-02,2026-04-29,20,3579.0,3592.0,0.0036322995250069852,16.0,203
226237468d41e56c,MIX,2026-05-01,C:\data_quote\data_finam_MIX_tick_zip\20260501.zip,856651809fc75b6258109342b2895e5e0b8bffccdb60847a81fc20f796f6d5fb,5410,11298,159,ready,173.0,2026-04-03,2026-04-30,20,3579.0,3597.0,0.005029337803855826,16.0,12
226237468d41e56c,MIX,2026-05-02,C:\data_quote\data_finam_MIX_tick_zip\20260502.zip,9690ece4902dc3e3e8a84588726bb9a01520dbaf0ebe6d13c1bf0f8a8160258c,609,1194,89,ready,169.0,2026-04-06,2026-05-01,20,3559.0,3568.0,0.002528800224782242,15.0,2
226237468d41e56c,MIX,2026-05-03,C:\data_quote\data_finam_MIX_tick_zip\20260503.zip,fcfe62ff7ae0c41c360c722dd5b18daabc3021b80ef823b2efa4d325bac10e4a,1123,2862,82,ready,169.0,2026-04-06,2026-05-01,20,3559.0,3568.0,0.002528800224782242,15.0,8
226237468d41e56c,MIX,2026-05-04,C:\data_quote\data_finam_MIX_tick_zip\20260504.zip,047c2d212c663246f7c254ce0689dcc524e07594bce53a8301d9ac055487a4bf,55762,132869,179,ready,169.0,2026-04-06,2026-05-01,20,3559.0,3568.0,0.002528800224782242,15.0,246
226237468d41e56c,MIX,2026-05-05,C:\data_quote\data_finam_MIX_tick_zip\20260505.zip,2d1976e7fc3611856b9f6ca89ed24fb3192b01efbd3ccba6ccc936a99691c784,64396,158944,178,ready,173.0,2026-04-07,2026-05-04,20,3559.0,3553.0,-0.0016858668165214948,16.0,280
226237468d41e56c,MIX,2026-05-06,C:\data_quote\data_finam_MIX_tick_zip\20260506.zip,307518632e2344ee1705f3b8c8982751497a94c7525201c1170566fb22a83d70,56821,127203,179,ready,178.0,2026-04-08,2026-05-05,20,3558.0,3558.0,0.0,16.0,204
226237468d41e56c,MIX,2026-05-07,C:\data_quote\data_finam_MIX_tick_zip\20260507.zip,37a32e13adc09e31fe30eec200327d0b9ab0b3db18dd6487e2747e99e8a776b5,30035,68881,179,ready,181.0,2026-04-09,2026-05-06,20,3558.0,3553.0,-0.001405283867341203,17.0,111
226237468d41e56c,MIX,2026-05-08,C:\data_quote\data_finam_MIX_tick_zip\20260508.zip,2ac56d22332d55db3e2f3ce77ab800faa56aa75a89883002404ba16d607247ac,34634,83555,179,ready,178.0,2026-04-10,2026-05-07,20,3558.0,3582.0,0.006745362563237774,16.0,147
226237468d41e56c,MIX,2026-05-11,C:\data_quote\data_finam_MIX_tick_zip\20260511.zip,82fe66b00d4ce4fa3e7328755d7f4292874919a62bf11243dbc743c8cbc7809d,29244,65492,179,ready,179.0,2026-04-13,2026-05-08,20,3558.0,3531.0,-0.007588532883642495,16.0,94
226237468d41e56c,MIX,2026-05-12,C:\data_quote\data_finam_MIX_tick_zip\20260512.zip,03552387c582067c4598045fbd5bc88a63a20ead2189df01d96c170b7eb5b5b6,54754,146321,179,ready,178.0,2026-04-14,2026-05-11,20,3558.0,3567.0,0.002529510961214165,16.0,266
226237468d41e56c,MIX,2026-05-13,C:\data_quote\data_finam_MIX_tick_zip\20260513.zip,2b873245a2d466f1c3fbad6895d9025daf59f333081524537260572f0ed34e00,28102,70791,179,ready,183.0,2026-04-15,2026-05-12,20,3558.0,3554.0,-0.0011242270938729624,16.0,125
226237468d41e56c,MIX,2026-05-14,C:\data_quote\data_finam_MIX_tick_zip\20260514.zip,6ac63ef41bdb4d657461c66285442f63ddd1a3e36aa1408dda21318597c5f9df,42256,105481,179,ready,179.0,2026-04-16,2026-05-13,20,3558.0,3561.0,0.0008431703204047217,17.0,202
226237468d41e56c,MIX,2026-05-15,C:\data_quote\data_finam_MIX_tick_zip\20260515.zip,6ca01e1998e916ee4c0b29814dfe4ac9d75d896bd3e4f9da7948721388bdf47a,38027,92176,179,ready,180.0,2026-04-17,2026-05-14,20,3558.0,3570.0,0.003372681281618887,17.0,162
226237468d41e56c,MIX,2026-05-16,C:\data_quote\data_finam_MIX_tick_zip\20260516.zip,dca586bcd12f11358f09cfdf86604141efb7fd776fbe0692102740d8e4863fd1,864,2092,88,ready,178.0,2026-04-20,2026-05-15,20,3558.0,3587.0,0.008150646430578976,16.0,3
226237468d41e56c,MIX,2026-05-17,C:\data_quote\data_finam_MIX_tick_zip\20260517.zip,0d3ad80d56369886309d505baecc9d1adfad08af9fc6ae78d2d75b406a2f92e2,1853,6919,104,ready,178.0,2026-04-20,2026-05-15,20,3558.0,3587.0,0.008150646430578976,16.0,19
226237468d41e56c,MIX,2026-05-18,C:\data_quote\data_finam_MIX_tick_zip\20260518.zip,ae82d82f8bfa24892efb00ae6754eb935a024a1cd8f38e7bc20154ce86d6b763,47368,115591,179,ready,178.0,2026-04-20,2026-05-15,20,3558.0,3587.0,0.008150646430578976,16.0,209
226237468d41e56c,MIX,2026-05-19,C:\data_quote\data_finam_MIX_tick_zip\20260519.zip,4b4d3ac11127fd5c41a76ad290e40c1eb4b20131a3d6e46aa3e6ba73df12b4f7,29341,66484,179,ready,183.0,2026-04-21,2026-05-18,20,3558.0,3551.0,-0.0019673974142776843,15.0,103
226237468d41e56c,MIX,2026-05-20,C:\data_quote\data_finam_MIX_tick_zip\20260520.zip,6908f1b148fa053481b68b41067060805ee85c82b81db1b8fe697b11a5336bd3,51747,122961,179,ready,179.0,2026-04-22,2026-05-19,20,3558.0,3559.0,0.0002810567734682406,16.0,221
226237468d41e56c,MIX,2026-05-21,C:\data_quote\data_finam_MIX_tick_zip\20260521.zip,a3882fbca95c8a0e5bda70979a72847cb47c682b2240e3406984f90ea8b18037,62340,145891,179,ready,184.0,2026-04-23,2026-05-20,20,3559.0,3581.0,0.0061815116605788145,16.0,249
226237468d41e56c,MIX,2026-05-22,C:\data_quote\data_finam_MIX_tick_zip\20260522.zip,d0d888537c8bfab76553dc7d12db2fa1c5fba38be67269f16efedf0c579484bb,58704,136526,179,ready,190.0,2026-04-24,2026-05-21,20,3559.0,3562.0,0.0008429334082607474,16.0,227
226237468d41e56c,MIX,2026-05-23,C:\data_quote\data_finam_MIX_tick_zip\20260523.zip,ca594a5b785bdca29bbf4f55fe6d8bea6018aa49d0fdca2b559419b11395f05b,1058,2409,97,ready,186.0,2026-04-27,2026-05-22,20,3559.0,3567.0,0.00224782242202866,17.0,1
226237468d41e56c,MIX,2026-05-24,C:\data_quote\data_finam_MIX_tick_zip\20260524.zip,3fcda6882ecc023c6d688379b4b0bbd6ea353413e3ab62a2e6de092e38d872ac,2328,6557,107,ready,186.0,2026-04-27,2026-05-22,20,3559.0,3567.0,0.00224782242202866,17.0,9
226237468d41e56c,MIX,2026-05-25,C:\data_quote\data_finam_MIX_tick_zip\20260525.zip,3cd87319f0ecf41f1b104541ac29b182ac1f2d022e73cb7324f71126e7e8f3a7,75488,187308,179,ready,186.0,2026-04-27,2026-05-22,20,3559.0,3567.0,0.00224782242202866,17.0,324
226237468d41e56c,MIX,2026-05-26,C:\data_quote\data_finam_MIX_tick_zip\20260526.zip,a4674ffc1ad846b77ba670f9accbda538f6d34513e8013538ace5430944e8209,63907,148749,179,ready,195.0,2026-04-28,2026-05-25,20,3559.0,3571.0,0.0033717336330429896,17.0,198
226237468d41e56c,MIX,2026-05-27,C:\data_quote\data_finam_MIX_tick_zip\20260527.zip,b989dfc24d86e5b5e24ef03bd95e0d4c3d8f3eeddcbe77b7768260098a241e5b,52594,125953,179,ready,196.0,2026-04-29,2026-05-26,20,3559.0,3567.0,0.00224782242202866,16.0,189
226237468d41e56c,MIX,2026-05-28,C:\data_quote\data_finam_MIX_tick_zip\20260528.zip,2ec4fccb524834d9b775c381aa8e366221cf5de97c5b9fb4aa967e2e28de8abf,41906,93738,179,ready,188.0,2026-04-30,2026-05-27,20,3559.0,3569.0,0.0028097780275358245,16.0,138
226237468d41e56c,MIX,2026-05-29,C:\data_quote\data_finam_MIX_tick_zip\20260529.zip,49d9402c6d26ad7b0effdde7c4f24f919c61a32c16b7e50da4eccc4e5edb2598,39539,95754,179,ready,187.0,2026-05-01,2026-05-28,20,3559.0,3560.0,0.0002809778027535825,17.0,151
226237468d41e56c,MIX,2026-05-30,C:\data_quote\data_finam_MIX_tick_zip\20260530.zip,7abda7a817ced05b0ad38e97c7401237c2ef7ebe6902dc557cdb2b2f78cb59ff,623,1382,84,ready,193.0,2026-05-04,2026-05-29,20,3579.0,3592.0,0.0036322995250069852,16.0,2
226237468d41e56c,MIX,2026-05-31,C:\data_quote\data_finam_MIX_tick_zip\20260531.zip,a51173bc30918a2d344a9afb0a7d68ca09b2aefbd98a5675ab8e576b87d2a331,763,1710,91,ready,193.0,2026-05-04,2026-05-29,20,3579.0,3592.0,0.0036322995250069852,16.0,1
226237468d41e56c,MIX,2026-06-01,C:\data_quote\data_finam_MIX_tick_zip\20260601.zip,ed6f3adad1cb063f00d78b5a143fc3b8aed63f2c1f061f8bd938e2cdb1428a6c,52654,121861,179,ready,193.0,2026-05-04,2026-05-29,20,3579.0,3592.0,0.0036322995250069852,16.0,176
226237468d41e56c,MIX,2026-06-02,C:\data_quote\data_finam_MIX_tick_zip\20260602.zip,9a489d1008bee7149fe8f0e6f63fd1f5e8e0b99c35a17539b76028e9fe9154fa,72845,190343,179,ready,191.0,2026-05-05,2026-06-01,20,3579.0,3593.0,0.003911707180776753,16.0,328
226237468d41e56c,MIX,2026-06-03,C:\data_quote\data_finam_MIX_tick_zip\20260603.zip,da94f6b206cad2f7871ad7806cdff08593c1e2f95dc9c4b63f74a0d2a7699dd0,53941,130340,179,ready,194.0,2026-05-06,2026-06-02,20,3580.0,3587.0,0.0019553072625698325,16.0,207
226237468d41e56c,MIX,2026-06-04,C:\data_quote\data_finam_MIX_tick_zip\20260604.zip,d275983e8fd9bb1f273cc0006934e61594467eb65276a7792821d1d93c1dafe4,48392,113688,179,ready,195.0,2026-05-07,2026-06-03,20,3580.0,3596.0,0.004469273743016759,17.0,178
226237468d41e56c,MIX,2026-06-05,C:\data_quote\data_finam_MIX_tick_zip\20260605.zip,1575d82b12d739b1c13be7c430b85941affc78189b4fed3e77368d58da05fd7a,36655,93373,179,ready,199.0,2026-05-08,2026-06-04,20,3580.0,3570.0,-0.002793296089385475,17.0,155
226237468d41e56c,MIX,2026-06-06,C:\data_quote\data_finam_MIX_tick_zip\20260606.zip,dc4e5690db526210fbb3521c30fcc1fe30bc6cc8bed3a019bf8165d8a8a46364,896,1694,92,ready,199.0,2026-05-11,2026-06-05,20,3580.0,3601.0,0.005865921787709497,17.0,1
226237468d41e56c,MIX,2026-06-07,C:\data_quote\data_finam_MIX_tick_zip\20260607.zip,407cbdd6089f02475b7e485fa8120442c2710f35a283008a90d42ae136459a5a,654,1652,92,ready,199.0,2026-05-11,2026-06-05,20,3580.0,3601.0,0.005865921787709497,17.0,3
226237468d41e56c,MIX,2026-06-08,C:\data_quote\data_finam_MIX_tick_zip\20260608.zip,66bd79d7c00885574f12dfd25b32095272e65d9beb554984346c145ed2c65d53,62591,147426,179,ready,199.0,2026-05-11,2026-06-05,20,3580.0,3601.0,0.005865921787709497,17.0,215
226237468d41e56c,MIX,2026-06-09,C:\data_quote\data_finam_MIX_tick_zip\20260609.zip,13c2f7796068f6e29da532fd858699b408d4f051d8f0008d3c946e9c7ddca6ec,87407,208516,179,ready,205.0,2026-05-12,2026-06-08,20,3580.0,3580.0,0.0,17.0,297
226237468d41e56c,MIX,2026-06-10,C:\data_quote\data_finam_MIX_tick_zip\20260610.zip,a11828f55c4244a52b8b5cefe58199abf0f4fb62a35aad1f2bb7d073b9be31f4,85435,201690,178,ready,207.0,2026-05-13,2026-06-09,20,3580.0,3581.0,0.00027932960893854746,17.0,287
226237468d41e56c,MIX,2026-06-11,C:\data_quote\data_finam_MIX_tick_zip\20260611.zip,0d58b676c7d85934494f7c4575b7f596867f9cdfb428fef4767c2be505fa2682,43954,98220,179,ready,217.0,2026-05-14,2026-06-10,20,3579.0,3570.0,-0.002514668901927913,16.0,123
226237468d41e56c,MIX,2026-06-12,C:\data_quote\data_finam_MIX_tick_zip\20260612.zip,49845ced365581f07fd44e3b3f0aca80a30f3ab2b4f2f5e4c4acda1d72696fee,3526,6043,146,ready,215.0,2026-05-15,2026-06-11,20,3579.0,3575.0,-0.0011176306230790724,18.0,5
226237468d41e56c,MIX,2026-06-13,C:\data_quote\data_finam_MIX_tick_zip\20260613.zip,4d2ee6e20df31591ff6f2fdd97e93f3243b710221969c66c46af62fcfae021e7,590,1287,80,ready,209.0,2026-05-18,2026-06-12,20,3546.0,3552.0,0.001692047377326565,17.0,1
226237468d41e56c,MIX,2026-06-14,C:\data_quote\data_finam_MIX_tick_zip\20260614.zip,789945e18f17763f3c837db438b2872e76deae4c07607fde5c1970ac7b0582ef,2588,6776,95,ready,209.0,2026-05-18,2026-06-12,20,3546.0,3552.0,0.001692047377326565,17.0,10
226237468d41e56c,MIX,2026-06-15,C:\data_quote\data_finam_MIX_tick_zip\20260615.zip,a663776edcc6d83e92e47a92f4b29e850992643b43c0a7f903117c2129985f49,64905,141801,179,ready,209.0,2026-05-18,2026-06-12,20,3546.0,3552.0,0.001692047377326565,17.0,171
226237468d41e56c,MIX,2026-06-16,C:\data_quote\data_finam_MIX_tick_zip\20260616.zip,d747f2437ff742dc76d1fc620bb94405e40f896969d48feed83e7e66d25c1534,84763,193552,179,ready,209.0,2026-05-19,2026-06-15,20,3546.0,3559.0,0.0036661026508742244,17.0,216
226237468d41e56c,MIX,2026-06-17,C:\data_quote\data_finam_MIX_tick_zip\20260617.zip,cb7fd0390df53a92a4ba37fa7a72501a966ca6d24fb32a6a2702dcd807090e9e,43124,80668,179,ready,218.0,2026-05-20,2026-06-16,20,3546.0,3540.0,-0.001692047377326565,17.0,86
226237468d41e56c,MIX,2026-06-18,C:\data_quote\data_finam_MIX_tick_zip\20260618.zip,145519f41de2ac55da133d2a9e48e51a86a3c884863800ed8cd99f154fca51cf,81352,171548,179,ready,214.0,2026-05-21,2026-06-17,20,3546.0,3535.0,-0.003102086858432036,16.0,186
226237468d41e56c,MIX,2026-06-19,C:\data_quote\data_finam_MIX_tick_zip\20260619.zip,d98446d1cab87147c59ba2394f8405d578d9b19519493e37e79f9b2fb97fb210,90914,244180,179,ready,212.0,2026-05-22,2026-06-18,20,3546.0,3549.0,0.0008460236886632825,17.0,309
226237468d41e56c,MIX,2026-06-22,C:\data_quote\data_finam_MIX_tick_zip\20260622.zip,b008d1b527064464bb2b274a566dde4fa2e95de7d30ad1cb2ae0713aae2e031f,160391,472913,179,ready,219.0,2026-05-25,2026-06-19,20,3546.0,3530.0,-0.0045121263395375075,15.0,726
226237468d41e56c,MIX,2026-06-23,C:\data_quote\data_finam_MIX_tick_zip\20260623.zip,6fa69fb3b9f4e551a8a2a52460e1096ad8e35e3920728d05f14fb0a5c15b7660,138633,359661,179,ready,238.0,2026-05-26,2026-06-22,20,3546.0,3549.0,0.0008460236886632825,17.0,407
226237468d41e56c,MIX,2026-06-24,C:\data_quote\data_finam_MIX_tick_zip\20260624.zip,f581c1b05ea648eb6359bcd8b3295d72a33464317786b8d7b278d14cab0d3d15,158493,432017,179,ready,248.0,2026-05-27,2026-06-23,20,3546.0,3531.0,-0.004230118443316413,17.0,524
226237468d41e56c,MIX,2026-06-25,C:\data_quote\data_finam_MIX_tick_zip\20260625.zip,926fe755ebb713a7c54fd789c077b2ad959af4e82233818736e909c70945aeeb,136088,374417,179,ready,267.0,2026-05-28,2026-06-24,20,3546.0,3546.0,0.0,17.0,385
226237468d41e56c,MIX,2026-06-26,C:\data_quote\data_finam_MIX_tick_zip\20260626.zip,215b7b7bda581ba44ff9354101ecb1e7bae9b9108e5d0ff24fa7d7a93a5661bc,209703,597316,179,ready,283.0,2026-05-29,2026-06-25,20,3546.0,3537.0,-0.0025380710659898475,18.0,582
226237468d41e56c,MIX,2026-06-27,C:\data_quote\data_finam_MIX_tick_zip\20260627.zip,4528a10eea9c189f941476c33eb120fa27aa0690b1e3a3b382ad5e72cc58f7c7,3124,7576,108,ready,308.0,2026-06-01,2026-06-26,20,3546.0,3538.0,-0.0022560631697687537,19.0,7
226237468d41e56c,MIX,2026-06-28,C:\data_quote\data_finam_MIX_tick_zip\20260628.zip,db1328ed079c2de11bf5fd2a171e7bdd935852ca741beb7b86e777605c6a63df,2422,6002,109,ready,308.0,2026-06-01,2026-06-26,20,3546.0,3538.0,-0.0022560631697687537,19.0,6
226237468d41e56c,MIX,2026-06-29,C:\data_quote\data_finam_MIX_tick_zip\20260629.zip,f41601b9ae141a7095300bf9f7b9564e8d0ec1249add15cb4f9498dab4235708,179412,424395,179,ready,308.0,2026-06-01,2026-06-26,20,3546.0,3538.0,-0.0022560631697687537,19.0,364
226237468d41e56c,MIX,2026-06-30,C:\data_quote\data_finam_MIX_tick_zip\20260630.zip,e4e5cfb1656adc6c6ab02058e0f8131c9fb48c2d8a9c07a8cee2c3445c0a6a00,132807,331064,179,ready,324.0,2026-06-02,2026-06-29,20,3546.0,3552.0,0.001692047377326565,18.0,270
226237468d41e56c,MIX,2026-07-01,C:\data_quote\data_finam_MIX_tick_zip\20260701.zip,b27ebe926e914129774a193614e8a5cff1189a54512435a5015d777c0b7317b8,102925,238146,179,ready,331.0,2026-06-03,2026-06-30,20,3546.0,3555.0,0.0025380710659898475,18.0,163
226237468d41e56c,MIX,2026-07-02,C:\data_quote\data_finam_MIX_tick_zip\20260702.zip,f3c80975a4c180aab95ac366f65c0adf6742614dad06bd7be6e33dfa19c2d796,161014,406982,179,ready,336.0,2026-06-04,2026-07-01,20,3546.0,3555.0,0.0025380710659898475,19.0,306
226237468d41e56c,MIX,2026-07-03,C:\data_quote\data_finam_MIX_tick_zip\20260703.zip,1c16c5a590ee1746fbcab32c20fcda4fbc950890904eb9e85c6e00ffe2746062,160947,395456,179,ready,349.0,2026-06-05,2026-07-02,20,3546.0,3542.0,-0.0011280315848843769,18.0,299
226237468d41e56c,MIX,2026-07-04,C:\data_quote\data_finam_MIX_tick_zip\20260704.zip,3a06f9ee218fd401c5703365fc2025480ca830f3b0f04fd83fb2ad0c4865e8e3,3700,8095,108,ready,367.0,2026-06-08,2026-07-03,20,3546.0,3545.0,-0.0002820078962210942,19.0,6
226237468d41e56c,MIX,2026-07-05,C:\data_quote\data_finam_MIX_tick_zip\20260705.zip,4a33ee0636714b3acf0214ae24a82a50fa34b01110f56d7d7e7dd408c5d53658,7512,20532,109,ready,367.0,2026-06-08,2026-07-03,20,3546.0,3545.0,-0.0002820078962210942,19.0,13
226237468d41e56c,MIX,2026-07-06,C:\data_quote\data_finam_MIX_tick_zip\20260706.zip,c6a99ca478fb4ebdd9547d0e821b04188d067449640685228021c7c6d784ae00,149963,354843,179,ready,367.0,2026-06-08,2026-07-03,20,3546.0,3545.0,-0.0002820078962210942,19.0,231
226237468d41e56c,MIX,2026-07-07,C:\data_quote\data_finam_MIX_tick_zip\20260707.zip,2e15fc873dd6d620990299df524233a0b829112bb14914320dd8fe368f6c689a,221474,523588,179,ready,375.0,2026-06-09,2026-07-06,20,3546.0,3547.0,0.0002820078962210942,19.0,366
226237468d41e56c,MIX,2026-07-08,C:\data_quote\data_finam_MIX_tick_zip\20260708.zip,c8b3645b9b5dd2b4312c36f3d3636cb53b9e9d85cd9a49244b164fc30b95bdb1,172679,398114,179,ready,391.0,2026-06-10,2026-07-07,20,3546.0,3542.0,-0.0011280315848843769,17.0,241
226237468d41e56c,MIX,2026-07-09,C:\data_quote\data_finam_MIX_tick_zip\20260709.zip,0f712389f657a636caf3b0a6fa4b0718558eb939b93c23f2e02751d352463fbd,112726,279229,179,ready,404.0,2026-06-11,2026-07-08,20,3547.0,3550.0,0.0008457851705666761,17.0,187
226237468d41e56c,MIX,2026-07-10,C:\data_quote\data_finam_MIX_tick_zip\20260710.zip,5c9f075bb360d3730d029ee398b81f4b046464c0aa2598e38e18a466ea4e185d,91050,241217,179,ready,412.0,2026-06-12,2026-07-09,20,3547.0,3540.0,-0.0019734987313222443,19.0,152
226237468d41e56c,MIX,2026-07-11,C:\data_quote\data_finam_MIX_tick_zip\20260711.zip,bec0f403975b565c26bf4149653a933cb03e0a843a5a53bda3df45465702d088,2736,6437,107,ready,423.0,2026-06-15,2026-07-10,20,3580.0,3571.0,-0.0025139664804469273,18.0,4
226237468d41e56c,MIX,2026-07-12,C:\data_quote\data_finam_MIX_tick_zip\20260712.zip,1109f0d311b9c3695649461dbe170c04c886a017e41f421c8a72d9de0f93adbf,5151,13270,109,ready,423.0,2026-06-15,2026-07-10,20,3580.0,3571.0,-0.0025139664804469273,18.0,8
226237468d41e56c,MIX,2026-07-13,C:\data_quote\data_finam_MIX_tick_zip\20260713.zip,b9eafa5c6a06b85c680bf8b1563d72aa4f1d02693b1680b59f66b478a207325b,235586,656138,179,ready,423.0,2026-06-15,2026-07-10,20,3580.0,3571.0,-0.0025139664804469273,18.0,228
226237468d41e56c,MIX,2026-07-14,C:\data_quote\data_finam_MIX_tick_zip\20260714.zip,fcac629b8888054bb71938fa0c753d5725dfdd6104a38c6efc5357713009f366,88652,225258,203,ready,437.0,2026-06-16,2026-07-13,20,3580.0,3588.0,0.0022346368715083797,18.0,112
226237468d41e56c,MIX,2026-07-15,C:\data_quote\data_finam_MIX_tick_zip\20260715.zip,0fc9544e6cf0157fb2995d947013aa1191f634bbbc92001eacf0937aaf58b1ed,140078,354722,203,ready,438.0,2026-06-17,2026-07-14,20,3604.0,3607.0,0.000832408435072142,18.0,196
226237468d41e56c,MIX,2026-07-16,C:\data_quote\data_finam_MIX_tick_zip\20260716.zip,06c3717f08f37d2b34cbc34e32048d807229f05a57acdde5176c8669c93468e4,195224,531803,203,ready,448.0,2026-06-18,2026-07-15,20,3628.0,3631.0,0.0008269018743109151,19.0,286
226237468d41e56c,MIX,2026-07-17,C:\data_quote\data_finam_MIX_tick_zip\20260717.zip,523d51cd81541179e8bb919052bbf172379398a683f7ab12a9d2b5327353307f,212019,573161,203,ready,468.0,2026-06-19,2026-07-16,20,3652.0,3665.0,0.0035596933187294635,19.0,283
226237468d41e56c,MIX,2026-07-18,C:\data_quote\data_finam_MIX_tick_zip\20260718.zip,4dbd474033af46d8aa519d8df4dec2fc2065cf6622ab60d4d74aeb3418d3422e,15572,45071,109,ready,478.0,2026-06-22,2026-07-17,20,3676.0,3683.0,0.0019042437431991295,19.0,24
226237468d41e56c,MIX,2026-07-19,C:\data_quote\data_finam_MIX_tick_zip\20260719.zip,651aab4e1b38fceef7205a6bf46e0b2c5caf0b2f1442155e55c8d9643cdb0954,9570,27434,109,ready,478.0,2026-06-22,2026-07-17,20,3676.0,3683.0,0.0019042437431991295,19.0,14
226237468d41e56c,MIX,2026-07-20,C:\data_quote\data_finam_MIX_tick_zip\20260720.zip,d82fb2dd017334267c33587f1fac79bda7d2b8896d93b12547b30825bcca9706,246209,637233,202,ready,478.0,2026-06-22,2026-07-17,20,3676.0,3683.0,0.0019042437431991295,19.0,308
226237468d41e56c,MIX,2026-07-21,C:\data_quote\data_finam_MIX_tick_zip\20260721.zip,0a066f7add4dd50724ce8ea610169cf6601215c81896e9b86ca721e9f6bedde3,312013,804113,203,ready,484.0,2026-06-23,2026-07-20,20,3699.0,3700.0,0.0002703433360367667,18.0,397
226237468d41e56c,MIX,2026-07-22,C:\data_quote\data_finam_MIX_tick_zip\20260722.zip,d7a0635ef650c8d003dbedb5b0540acc39ec1732f102e327d0f8589765d3e39a,221448,589854,203,ready,510.0,2026-06-24,2026-07-21,20,3723.0,3731.0,0.0021488047273704003,19.0,270
226237468d41e56c,MIX,2026-07-23,C:\data_quote\data_finam_MIX_tick_zip\20260723.zip,2671b2a8dd2ba7e2041ce8700dc81b67b62a5c38f9d1c728c61707472f6de7f4,210968,567674,203,ready,514.0,2026-06-25,2026-07-22,20,3747.0,3731.0,-0.004270082732852949,19.0,253
226237468d41e56c,MIX,2026-07-24,C:\data_quote\data_finam_MIX_tick_zip\20260724.zip,c60b36cbf2a3de98efe18c430478cba79ca7cd1e08d1af450cfd4de82f350068,280858,800350,203,ready,521.0,2026-06-26,2026-07-23,20,3771.0,3771.0,0.0,19.0,388
226237468d41e56c,MIX,2026-07-25,C:\data_quote\data_finam_MIX_tick_zip\20260725.zip,2db01e1c9204a62c4f062444dd77bac1c5035a1c9971c3700f3136f0a4fec797,6994,16214,109,ready,530.0,2026-06-29,2026-07-24,20,3795.0,3799.0,0.001054018445322793,19.0,4
226237468d41e56c,MIX,2026-07-26,C:\data_quote\data_finam_MIX_tick_zip\20260726.zip,fcdce2ce51e779e21cd2ebe982ffff2af224876571b955c42763e34e95cfdc93,11743,29059,109,ready,530.0,2026-06-29,2026-07-24,20,3795.0,3799.0,0.001054018445322793,19.0,18
226237468d41e56c,MIX,2026-07-27,C:\data_quote\data_finam_MIX_tick_zip\20260727.zip,14e1f46c1a3f4229f3fff59cdf28d76ab894f0f7b541dfac212cf054ecfe9c11,163779,455636,203,ready,530.0,2026-06-29,2026-07-24,20,3795.0,3799.0,0.001054018445322793,19.0,205
226237468d41e56c,MIX,2026-07-28,C:\data_quote\data_finam_MIX_tick_zip\20260728.zip,f8a4235316b79301457520ac7fbcac2b50def6ba7c0a64c81359b3da47220157,139556,393569,203,ready,531.0,2026-06-30,2026-07-27,20,3819.0,3823.0,0.0010473946059177796,19.0,174
226237468d41e56c,MIX,2026-07-29,C:\data_quote\data_finam_MIX_tick_zip\20260729.zip,29f27ea7047c35902f7d348eb8636deebad1f580126b3a3644e84ddb52012f10,96935,277471,203,ready,533.0,2026-07-01,2026-07-28,20,3843.0,3840.0,-0.00078064012490242,19.0,125
226237468d41e56c,MIX,2026-07-30,C:\data_quote\data_finam_MIX_tick_zip\20260730.zip,6751487afbb34131c37e90ced978666d168a9db03588b2254a98734b053d06c9,139205,408968,203,ready,535.0,2026-07-02,2026-07-29,20,3867.0,3854.0,-0.0033617791569692267,18.0,190
226237468d41e56c,MIX,2026-07-31,C:\data_quote\data_finam_MIX_tick_zip\20260731.zip,6db7ca63ac09a1347c35b4aa0b01ec7e8c370cd90caa597b7c63b1a2291e1576,122865,356492,203,ready,535.0,2026-07-03,2026-07-30,20,3891.0,3887.0,-0.0010280133641737343,18.0,171
226237468d41e56c,MIX,2026-08-03,C:\data_quote\data_finam_MIX_tick_zip\20260803.zip,a2e1a991d066ca8a42cb27d7b915bc44df4f510ff15dc234ddaa1532c6c0f8c2,81155,234006,203,ready,534.0,2026-07-06,2026-07-31,20,3915.0,3920.0,0.001277139208173691,19.0,107
226237468d41e56c,MIX,2026-08-04,C:\data_quote\data_finam_MIX_tick_zip\20260804.zip,5795701f0c9648f7865e32becfd0076aa8e8999a55c47b5b840ddf22a95006b8,105520,311993,203,ready,524.0,2026-07-07,2026-08-03,20,3939.0,3941.0,0.0005077430820005078,20.0,154
226237468d41e56c,MIX,2026-08-05,C:\data_quote\data_finam_MIX_tick_zip\20260805.zip,96a7a8e5244273a85f7fedf2f3b0c2a41d9bc8f5003c42f00da7b9b47c195683,83472,241570,203,ready,520.0,2026-07-08,2026-08-04,20,3963.0,3953.0,-0.0025233409033560434,18.0,110
226237468d41e56c,MIX,2026-08-06,C:\data_quote\data_finam_MIX_tick_zip\20260806.zip,5614b02f9374f306df53f8fc4d0c39e8ef8c7e947c77a9b4374174c5b87d08ab,120365,352594,203,ready,512.0,2026-07-09,2026-08-05,20,3987.0,3999.0,0.0030097817908201654,18.0,155
226237468d41e56c,MIX,2026-08-07,C:\data_quote\data_finam_MIX_tick_zip\20260807.zip,5c46a7ee32a61b447b1e09404a1e9ebac267c107b0aadffa9a9f7512c6f82029,93914,261398,203,ready,513.0,2026-07-10,2026-08-06,20,4011.0,3999.0,-0.0029917726252804786,19.0,124
226237468d41e56c,MIX,2026-08-08,C:\data_quote\data_finam_MIX_tick_zip\20260808.zip,6e8cf239d9aabea1ff9f3684e684ea4d1d027b49192b8c4ff7593cfa3890c30b,11437,31135,108,ready,512.0,2026-07-13,2026-08-07,20,4035.0,4037.0,0.0004956629491945477,19.0,17
226237468d41e56c,MIX,2026-08-09,C:\data_quote\data_finam_MIX_tick_zip\20260809.zip,7f97c4ede1e73793e709246716985638e347e0dbb7ecbdb9054952a5aa6e9804,4671,12531,108,ready,512.0,2026-07-13,2026-08-07,20,4035.0,4037.0,0.0004956629491945477,19.0,7
226237468d41e56c,MIX,2026-08-10,C:\data_quote\data_finam_MIX_tick_zip\20260810.zip,ea487f2616751b2bcfa39e19d2e775e938ea8f4ce730f33acdda611efaeaf227,77301,214358,203,ready,512.0,2026-07-13,2026-08-07,20,4035.0,4037.0,0.0004956629491945477,19.0,104
226237468d41e56c,MIX,2026-08-11,C:\data_quote\data_finam_MIX_tick_zip\20260811.zip,add683e0bbd2e8d60d1be4ca7273adf6298fbce21a3aa0cf758b8941b1128ce6,74395,216437,203,ready,505.0,2026-07-14,2026-08-10,20,4059.0,4060.0,0.0002463661000246366,18.0,95
226237468d41e56c,MIX,2026-08-12,C:\data_quote\data_finam_MIX_tick_zip\20260812.zip,7b4adeac2cd03ad8162a12902b887d6dd8354e78c98a344d703cb579bbb132ad,89044,259638,203,ready,505.0,2026-07-15,2026-08-11,20,4059.0,4067.0,0.001970928800197093,18.0,128
226237468d41e56c,MIX,2026-08-13,C:\data_quote\data_finam_MIX_tick_zip\20260813.zip,1a3a8731153e4c59bf7ffa962909282d44ce347cb0e92dd89c46c548f5ce0b6c,143647,428911,203,ready,503.0,2026-07-16,2026-08-12,20,4059.0,4073.0,0.0034491254003449125,19.0,224
226237468d41e56c,MIX,2026-08-14,C:\data_quote\data_finam_MIX_tick_zip\20260814.zip,4a9e2fb9286015a962dbc3cd1c4e3a2f68e03c86028875462c5484bee3efcdc5,205181,594239,203,ready,499.0,2026-07-17,2026-08-13,20,4059.0,4058.0,-0.0002463661000246366,19.0,315
226237468d41e56c,MIX,2026-08-17,C:\data_quote\data_finam_MIX_tick_zip\20260817.zip,fdc97fecef38430dcfe2747da6a192319290d601592223c14016247f9d4f4e7a,220037,684065,203,ready,504.0,2026-07-20,2026-08-14,20,4059.0,4060.0,0.0002463661000246366,19.0,312
226237468d41e56c,MIX,2026-08-18,C:\data_quote\data_finam_MIX_tick_zip\20260818.zip,d3b90595586e70d86dfaaa34ba99764fc80433524626bce1a4c8f680246ec714,196007,582161,203,ready,505.0,2026-07-21,2026-08-17,20,4060.0,4058.0,-0.0004926108374384236,18.0,311
226237468d41e56c,MIX,2026-08-19,C:\data_quote\data_finam_MIX_tick_zip\20260819.zip,407fb37994d1c30f0d82023e40df7f215b6e03f8add932d56f797269c0857d1b,142025,400117,203,ready,500.0,2026-07-22,2026-08-18,20,4060.0,4069.0,0.0022167487684729066,18.0,205
226237468d41e56c,MIX,2026-08-20,C:\data_quote\data_finam_MIX_tick_zip\20260820.zip,a649aafda0581bb5db253f7367ab292f8523430da5fdfc1722bf0c4eb0a870eb,171855,486653,203,ready,497.0,2026-07-23,2026-08-19,20,4060.0,4050.0,-0.0024630541871921183,18.0,258
226237468d41e56c,MIX,2026-08-21,C:\data_quote\data_finam_MIX_tick_zip\20260821.zip,c648e2a1c1ab36ca6b697fabbe1a38489c5e83d36eb5ea888aadc0945a5f8b27,144620,411703,203,ready,495.0,2026-07-24,2026-08-20,20,4060.0,4062.0,0.0004926108374384236,19.0,222
226237468d41e56c,MIX,2026-08-22,C:\data_quote\data_finam_MIX_tick_zip\20260822.zip,1813167a3c4ae77de2b1e2e5c8c9aa21ffdb91ecf202dbc7fcd67fcc41da0442,8704,23309,109,ready,479.0,2026-07-27,2026-08-21,20,4060.0,4068.0,0.0019704433497536944,18.0,10
226237468d41e56c,MIX,2026-08-23,C:\data_quote\data_finam_MIX_tick_zip\20260823.zip,73c7780cfeb4156381fcf66b18c1f12784451e22c90fb4d2176cbf3157fae0fd,13143,37646,109,ready,479.0,2026-07-27,2026-08-21,20,4060.0,4068.0,0.0019704433497536944,18.0,21
226237468d41e56c,MIX,2026-08-24,C:\data_quote\data_finam_MIX_tick_zip\20260824.zip,089b5fd15909d7e5b45bbcabefe4e3869c5649ceabc2c98d705f2b8bf9917fd0,191467,545436,203,ready,479.0,2026-07-27,2026-08-21,20,4060.0,4068.0,0.0019704433497536944,18.0,275
226237468d41e56c,MIX,2026-08-25,C:\data_quote\data_finam_MIX_tick_zip\20260825.zip,21ec0a43289687108df33aac31a53d8638160ff608818cb57d81f3b8c58fbb06,246696,736478,203,ready,482.0,2026-07-28,2026-08-24,20,4060.0,4059.0,-0.0002463054187192118,19.0,402
226237468d41e56c,MIX,2026-08-26,C:\data_quote\data_finam_MIX_tick_zip\20260826.zip,c86a2c8516e54989950e211a09b0604cbfc8e9368bcd659915616b93c043c6ab,165166,514103,203,ready,500.0,2026-07-29,2026-08-25,20,4060.0,4065.0,0.0012315270935960591,18.0,267
226237468d41e56c,MIX,2026-08-27,C:\data_quote\data_finam_MIX_tick_zip\20260827.zip,da89c78b12c874052d0d540d02ee4016bffedc5b94b5681c240c157c06d20670,173637,570660,203,ready,510.0,2026-07-30,2026-08-26,20,4060.0,4065.0,0.0012315270935960591,19.0,289
226237468d41e56c,MIX,2026-08-28,C:\data_quote\data_finam_MIX_tick_zip\20260828.zip,b474a27b7e7cd0171c1c4eae7ca66b6167124e5367067858a1307ac4a7a137cf,153369,510204,203,ready,518.0,2026-07-31,2026-08-27,20,4060.0,4064.0,0.0009852216748768472,18.0,247
226237468d41e56c,MIX,2026-08-29,C:\data_quote\data_finam_MIX_tick_zip\20260829.zip,c2e0794ac35233b938e34e4ffffa8d38aee165b6dfcef1f9b5affdf6aafd267f,7185,17037,109,ready,526.0,2026-08-03,2026-08-28,20,4060.0,4054.0,-0.001477832512315271,20.0,7
226237468d41e56c,MIX,2026-08-30,C:\data_quote\data_finam_MIX_tick_zip\20260830.zip,349bdb686a4ffadfe54d446c4c12c2b2c57d13bf8d4de68a672dc0feccb10415,4839,12093,109,ready,526.0,2026-08-03,2026-08-28,20,4060.0,4054.0,-0.001477832512315271,20.0,5
226237468d41e56c,MIX,2026-08-31,C:\data_quote\data_finam_MIX_tick_zip\20260831.zip,0ea2e7f9d953ce4f483c502200b55c3a6788964ed23a2c7f00b3b117f792d059,164339,576856,203,ready,526.0,2026-08-03,2026-08-28,20,4060.0,4054.0,-0.001477832512315271,20.0,304
226237468d41e56c,MIX,2026-09-01,C:\data_quote\data_finam_MIX_tick_zip\20260901.zip,fdfe31a3f92bcbbf3614a8387ac693c23b62ccccf1e8d81290ec156591e6646f,175724,588303,203,ready,548.0,2026-08-04,2026-08-31,20,4060.0,4052.0,-0.0019704433497536944,20.0,301
226237468d41e56c,MIX,2026-09-02,C:\data_quote\data_finam_MIX_tick_zip\20260902.zip,dc86a9e7764b42c975a769c4fe8d1ac498405b19f717e9a34177c2c4e23822f1,105848,321044,203,ready,562.0,2026-08-05,2026-09-01,20,4060.0,4059.0,-0.0002463054187192118,19.0,130
226237468d41e56c,MIX,2026-09-03,C:\data_quote\data_finam_MIX_tick_zip\20260903.zip,9c848189b010c2d355436709a37a0f1fa35dbc69e4f33ebb0fcbb1fc7e0a6764,156617,507264,203,ready,565.0,2026-08-06,2026-09-02,20,4060.0,4073.0,0.0032019704433497538,18.0,249
226237468d41e56c,MIX,2026-09-04,C:\data_quote\data_finam_MIX_tick_zip\20260904.zip,c57dfae9f3f28151ef3168d3ce8050cfef314f2576cd5d83197a96ed0b242b8e,147908,457335,203,ready,575.0,2026-08-07,2026-09-03,20,4060.0,4061.0,0.0002463054187192118,18.0,207
226237468d41e56c,MIX,2026-09-05,C:\data_quote\data_finam_MIX_tick_zip\20260905.zip,875f9eca0a7b7a55ac58013a69a6729dfcd2aa0dc5b5e07e7de63947f979d8fc,13485,38451,109,ready,584.0,2026-08-10,2026-09-04,20,4060.0,4068.0,0.0019704433497536944,19.0,16
226237468d41e56c,MIX,2026-09-06,C:\data_quote\data_finam_MIX_tick_zip\20260906.zip,b70f32045ddd1dc2b8c939ecbea1467e056f90b14ee2f0c9ab9c8141ee02e5b8,24969,67114,109,ready,584.0,2026-08-10,2026-09-04,20,4060.0,4068.0,0.0019704433497536944,19.0,31
226237468d41e56c,MIX,2026-09-07,C:\data_quote\data_finam_MIX_tick_zip\20260907.zip,78e2d2710c5e679397ca6985cb1b56c5de1893b28fb6c9b6f4da7498b7ae4eb7,90766,267948,203,ready,584.0,2026-08-10,2026-09-04,20,4060.0,4068.0,0.0019704433497536944,19.0,99
226237468d41e56c,MIX,2026-09-08,C:\data_quote\data_finam_MIX_tick_zip\20260908.zip,0c92dc0b927a7ba57862e344f18468bba7b4c372f8850ba9217fd62a419e4476,148753,469129,203,ready,585.0,2026-08-11,2026-09-07,20,4060.0,4056.0,-0.0009852216748768472,17.0,215
226237468d41e56c,MIX,2026-09-09,C:\data_quote\data_finam_MIX_tick_zip\20260909.zip,7ac152eb703ae38692b136d8439d5020a00128fa1e4ce5226bef2295b933fc0d,125606,376371,203,ready,597.0,2026-08-12,2026-09-08,20,4060.0,4055.0,-0.0012315270935960591,19.0,150
226237468d41e56c,MIX,2026-09-10,C:\data_quote\data_finam_MIX_tick_zip\20260910.zip,e10fb4ed4b4c56c9839d26efe76222d96c8d8e3692517c514d7ffafbf1e34530,116773,347056,203,ready,604.0,2026-08-13,2026-09-09,20,4060.0,4072.0,0.002955665024630542,20.0,144
226237468d41e56c,MIX,2026-09-11,C:\data_quote\data_finam_MIX_tick_zip\20260911.zip,869f88320391ee6421ed71cdbc79ca996b0969ed4ee20a0d5da24574b7b47711,154759,496923,203,ready,596.0,2026-08-14,2026-09-10,20,4060.0,4064.0,0.0009852216748768472,19.0,213
226237468d41e56c,MIX,2026-09-14,C:\data_quote\data_finam_MIX_tick_zip\20260914.zip,33aa65b472c4fa1a6ec27e4e939dfe16f14ed91631b0679287345919e0377e13,159397,464385,203,ready,594.0,2026-08-17,2026-09-11,20,4060.0,4050.0,-0.0024630541871921183,19.0,185
226237468d41e56c,MIX,2026-09-15,C:\data_quote\data_finam_MIX_tick_zip\20260915.zip,ae5ed534d613a05bfed3475c986dcb8cdfcfa06b2f2e3b621b94d2ace1fda647,116380,335017,203,ready,589.0,2026-08-18,2026-09-14,20,4060.0,4059.0,-0.0002463054187192118,19.0,146
226237468d41e56c,MIX,2026-09-16,C:\data_quote\data_finam_MIX_tick_zip\20260916.zip,23afecc2f4710df616415127df0be779d0cc6d9db2baa1f3a5a44ad38e5f0626,78241,177192,203,ready,584.0,2026-08-19,2026-09-15,20,4060.0,4051.0,-0.0022167487684729066,17.0,65
226237468d41e56c,MIX,2026-09-17,C:\data_quote\data_finam_MIX_tick_zip\20260917.zip,3a4d89f758723b146afc9724b75a1c52014206031458f97204d18cf402b6e444,130062,381403,203,ready,574.0,2026-08-20,2026-09-16,20,4060.0,4078.0,0.004433497536945813,19.0,140
226237468d41e56c,MIX,2026-09-18,C:\data_quote\data_finam_MIX_tick_zip\20260918.zip,eb63c84bcd359c0d65a0a45f4c9c631e592afa29155b56efbd2edf3448531ca2,111432,326830,203,ready,566.0,2026-08-21,2026-09-17,20,4060.0,4061.0,0.0002463054187192118,18.0,122
226237468d41e56c,MIX,2026-09-19,C:\data_quote\data_finam_MIX_tick_zip\20260919.zip,bb9c6d7c0dad3ac09007675544cf6576268c174e4dc920a5952bcc3721674e61,5461,15972,109,ready,559.0,2026-08-24,2026-09-18,20,4060.0,4066.0,0.001477832512315271,17.0,4
226237468d41e56c,MIX,2026-09-20,C:\data_quote\data_finam_MIX_tick_zip\20260920.zip,043449ec2d2f36b13242b26b6a3574f5d5f044285b440a3f3c26a6a27318b3ba,4687,13332,109,ready,559.0,2026-08-24,2026-09-18,20,4060.0,4066.0,0.001477832512315271,17.0,6
226237468d41e56c,MIX,2026-09-21,C:\data_quote\data_finam_MIX_tick_zip\20260921.zip,82e9cecd9f8138d3d584506b093bc8c3da0f20eaedc32a23702ba3f3b8332675,88140,268747,203,ready,559.0,2026-08-24,2026-09-18,20,4060.0,4066.0,0.001477832512315271,17.0,112
226237468d41e56c,MIX,2026-09-22,C:\data_quote\data_finam_MIX_tick_zip\20260922.zip,6536d9b4de11d9c8819112990664a415c6263d952cf9cd15127dc8f696c76ecc,126697,401659,203,ready,550.0,2026-08-25,2026-09-21,20,4060.0,4051.0,-0.0022167487684729066,18.0,171
226237468d41e56c,MIX,2026-09-23,C:\data_quote\data_finam_MIX_tick_zip\20260923.zip,bb6f3ffd8b75fdfcc135e987b403111c856d6461f47def615955d3666dab1aa8,119950,389113,203,ready,530.0,2026-08-26,2026-09-22,20,4060.0,4067.0,0.0017241379310344827,19.0,176
226237468d41e56c,MIX,2026-09-24,C:\data_quote\data_finam_MIX_tick_zip\20260924.zip,3fd8c7df6e583311eb452649b4a61b5e558f409f79f8af2be4d0286a98d1e271,110797,341819,203,ready,525.0,2026-08-27,2026-09-23,20,4060.0,4047.0,-0.0032019704433497538,19.0,164
226237468d41e56c,MIX,2026-09-25,C:\data_quote\data_finam_MIX_tick_zip\20260925.zip,7d397c194427c729da858985863cc0ce64a1b1040017458e314a2c22396855f4,107458,306639,203,ready,514.0,2026-08-28,2026-09-24,20,4060.0,4055.0,-0.0012315270935960591,19.0,139
226237468d41e56c,MIX,2026-09-26,C:\data_quote\data_finam_MIX_tick_zip\20260926.zip,b1f3f8aeba2136e4ef3564c02c528a07a7b3bc3e035034029ff5363ac07a428d,3360,7619,107,ready,502.0,2026-08-31,2026-09-25,20,4060.0,4049.0,-0.00270935960591133,19.0,4
226237468d41e56c,MIX,2026-09-27,C:\data_quote\data_finam_MIX_tick_zip\20260927.zip,1e429228af720283b16dade071d8731d84eb5aa042c47336e150fcd7e337a534,2002,4801,103,ready,502.0,2026-08-31,2026-09-25,20,4060.0,4049.0,-0.00270935960591133,19.0,2
226237468d41e56c,MIX,2026-09-28,C:\data_quote\data_finam_MIX_tick_zip\20260928.zip,53edc7f4136e5bac3cdb85b46f29f2b277e3a0b72b9aa406dcf652a6735e4dc4,89891,266858,203,ready,502.0,2026-08-31,2026-09-25,20,4060.0,4049.0,-0.00270935960591133,19.0,134
226237468d41e56c,MIX,2026-09-29,C:\data_quote\data_finam_MIX_tick_zip\20260929.zip,bc85b3b22bda9902955c0d0af50f3c5fbf3cee2f17fb62afc27a2ef687da860a,125527,392146,203,ready,484.0,2026-09-01,2026-09-28,20,4060.0,4075.0,0.003694581280788177,17.0,220
226237468d41e56c,MIX,2026-09-30,C:\data_quote\data_finam_MIX_tick_zip\20260930.zip,1fb67b14a636cc7add1d7c2d6de3f4b5760961e6020b75961fe8f5fc00de32d2,81886,232402,203,ready,472.0,2026-09-02,2026-09-29,20,4060.0,4069.0,0.0022167487684729066,16.0,113
226237468d41e56c,MIX,2026-10-01,C:\data_quote\data_finam_MIX_tick_zip\20261001.zip,50ba2f15b1b90b0acfcab278d8a951bd8cc4804e78d5373164c22bc554f89718,101334,283373,203,ready,471.0,2026-09-03,2026-09-30,20,4060.0,4048.0,-0.002955665024630542,19.0,153
226237468d41e56c,MIX,2026-10-02,C:\data_quote\data_finam_MIX_tick_zip\20261002.zip,ead8414fc0823d6b87d3a2c575a8a025e7ead9f0b92113e567a08c8fdeb0df49,66797,182734,203,ready,458.0,2026-09-04,2026-10-01,20,4060.0,4060.0,0.0,18.0,90
226237468d41e56c,MIX,2026-10-03,C:\data_quote\data_finam_MIX_tick_zip\20261003.zip,c59678d586aba59d6187b121903a077bbadce6426e3db969f6bdb74ab7a27e49,2635,8267,106,ready,441.0,2026-09-07,2026-10-02,20,4060.0,4061.0,0.0002463054187192118,18.0,8
226237468d41e56c,MIX,2026-10-04,C:\data_quote\data_finam_MIX_tick_zip\20261004.zip,1be6211e995fea5a7d4dcd5e9e68317864be023f7704abbfa941c354b924b40f,3980,11816,109,ready,441.0,2026-09-07,2026-10-02,20,4060.0,4061.0,0.0002463054187192118,18.0,8
