symbol,day,weekday,file,valid,issue,unknown_completeness,sha256,first_ns,last_ns,first,last,tick_count,volume,max_gap_minutes,db_status,bar_count
MIX,2022-01-03,0,C:\data_quote\data_finam_MIX_tick_zip\20220103.zip,True,,True,a94650182387855872f24e6ad2b7315a089389f702d86d0a387a3f85cc5aeebb,25200000000000,85784000000000,07:00:00.000000000,23:49:44.000000000,10311,19025,15.44995,warmup,
MIX,2022-01-04,1,C:\data_quote\data_finam_MIX_tick_zip\20220104.zip,True,,True,0ae7bfc6f3221d869a01c6964a14971d95c5f1608f666f43317f71c988185857,25200000000000,85785000000000,07:00:00.000000000,23:49:45.000000000,13047,23985,15.216566666666667,warmup,
MIX,2022-01-05,2,C:\data_quote\data_finam_MIX_tick_zip\20220105.zip,True,,True,767e5bd1563548c3e85af473884a981271426efa551a1230095fd99bfb202262,25200000000000,85795001000000,07:00:00.000000000,23:49:55.001000000,16096,24790,20.066666666666666,warmup,
MIX,2022-01-06,3,C:\data_quote\data_finam_MIX_tick_zip\20220106.zip,True,,True,0d006a0dcf97635b9c5f82a84c4f10ee59a24f8fb111c2efe97f2d7a18ee8f85,25201000000000,85793001000000,07:00:01.000000000,23:49:53.001000000,18421,30685,20.15,warmup,
MIX,2022-01-07,4,C:\data_quote\data_finam_MIX_tick_zip\20220107.zip,True,,True,8930ab406b111fa4481464a1cb9115d066a6c927df636c88f5b1d14828410088,25201000000000,85786000000000,07:00:01.000000000,23:49:46.000000000,6337,10589,15.249966666666667,warmup,
MIX,2022-01-10,0,C:\data_quote\data_finam_MIX_tick_zip\20220110.zip,True,,True,422f4022c1193f7f1ea52ac1fbf1b19ce328d809048699ac506802224a01820e,25200000000000,85770002000000,07:00:00.000000000,23:49:30.002000000,13434,22242,15.09995,warmup,
MIX,2022-01-11,1,C:\data_quote\data_finam_MIX_tick_zip\20220111.zip,True,,True,e5c7e1880d708328eefbd1e844a2cdbb63a7dd5f9f644294794d8159fc67a71f,25200000000000,85795003000000,07:00:00.000000000,23:49:55.003000000,13717,23315,15.1,warmup,
MIX,2022-01-12,2,C:\data_quote\data_finam_MIX_tick_zip\20220112.zip,True,,True,e6bd8ed48125b416768778ddfd281d5904650c22686cf22abaffa71899ee31a6,25201000000000,85787004000000,07:00:01.000000000,23:49:47.004000000,21784,33811,20.049983333333333,warmup,
MIX,2022-01-13,3,C:\data_quote\data_finam_MIX_tick_zip\20220113.zip,True,,True,6e15b7a50af95bc7b2901c9a81651564a53fb830ad587e69c3d10e8687ea5278,25200000000000,85775008000000,07:00:00.000000000,23:49:35.008000000,29843,46280,20.08331666666667,warmup,
MIX,2022-01-14,4,C:\data_quote\data_finam_MIX_tick_zip\20220114.zip,True,,True,4e1757a44605aa93ab259d1ddc14ac011d7bfec892d5cbde7ae2d4784aea51b7,25201000000000,85790001000000,07:00:01.000000000,23:49:50.001000000,39623,65170,20.09995,warmup,
MIX,2022-01-17,0,C:\data_quote\data_finam_MIX_tick_zip\20220117.zip,True,,True,3943b6d843035526205b29d2c52c81311399ed194cdf2c931b471f0fbc0a6c13,25200000000000,85798005000000,07:00:00.000000000,23:49:58.005000000,31247,52856,15.116566666666667,warmup,
MIX,2022-01-18,1,C:\data_quote\data_finam_MIX_tick_zip\20220118.zip,True,,True,f971366e29acc8a2f8b84cd08e00e4f2f1029809dbd5c14819b026f033ff7c89,25201000000000,85796000000000,07:00:01.000000000,23:49:56.000000000,43612,70536,15.033333333333333,warmup,
MIX,2022-01-19,2,C:\data_quote\data_finam_MIX_tick_zip\20220119.zip,True,,True,70563be93fa76de0f06dea06a9e4aab82823df62d02433f94c954fb06f21aea4,25202000000000,85799000000000,07:00:02.000000000,23:49:59.000000000,39069,59255,20.08331666666667,warmup,
MIX,2022-01-20,3,C:\data_quote\data_finam_MIX_tick_zip\20220120.zip,True,,True,ea176c2ae8370f2ea135659d078235f6fe5c4d105aafb8e746802cd142b14767,25201000000000,85796000000000,07:00:01.000000000,23:49:56.000000000,39023,57107,20.033333333333335,warmup,
MIX,2022-01-21,4,C:\data_quote\data_finam_MIX_tick_zip\20220121.zip,True,,True,45bad8e7a27f9dde4ff1cb1220a64d505ada197decae07509f5d39811c51721b,25200000000000,85777008000000,07:00:00.000000000,23:49:37.008000000,28261,40628,15.05,warmup,
MIX,2022-01-24,0,C:\data_quote\data_finam_MIX_tick_zip\20220124.zip,True,,True,cd15672ccc9afd2dd9894224315c7d0efd8f934db6ef1a86cf0f825682572bf4,25201000000000,85785008000000,07:00:01.000000000,23:49:45.008000000,38312,60177,15.05,warmup,
MIX,2022-01-25,1,C:\data_quote\data_finam_MIX_tick_zip\20220125.zip,True,,True,ad42357784f0ae7819d92a453954f5ab9b42ba502fa6a57aa29864e6b9c9f9be,25201000000000,85797000000000,07:00:01.000000000,23:49:57.000000000,29225,45601,15.016666666666667,warmup,
MIX,2022-01-26,2,C:\data_quote\data_finam_MIX_tick_zip\20220126.zip,True,,True,871b1c6aae194fd6e7da4932236610fb3d7ea249041e582fc87abb6560268d38,25200000000000,85798002000000,07:00:00.000000000,23:49:58.002000000,34983,50766,20.066633333333336,warmup,
MIX,2022-01-27,3,C:\data_quote\data_finam_MIX_tick_zip\20220127.zip,True,,True,47ee0bc9cfd070bee8bf8f22c5b4921492912d649582ead6ca3c112494cf32e2,25201000000000,85783000000000,07:00:01.000000000,23:49:43.000000000,31475,48480,20.066666666666666,warmup,
MIX,2022-01-28,4,C:\data_quote\data_finam_MIX_tick_zip\20220128.zip,True,,True,01c4ac6349cee10227646964cf7dce558a23272cdcd0b822a359605ae5b1547e,25201000000000,85782001000000,07:00:01.000000000,23:49:42.001000000,23717,36374,15.0999,warmup,
MIX,2022-01-31,0,C:\data_quote\data_finam_MIX_tick_zip\20220131.zip,True,,True,3b5c9e703ddc98122a68541933f50c3f4dbc26485433e33984aa51ab80c993ff,25200000000000,85788007000000,07:00:00.000000000,23:49:48.007000000,12716,19545,15.033333333333333,ready,106.0
MIX,2022-02-01,1,C:\data_quote\data_finam_MIX_tick_zip\20220201.zip,True,,True,db9d724f2da6c7405f1954363ab69e1053c5fa5a9d5ec9b6d804341a503b6e6f,25202000000000,85789000000000,07:00:02.000000000,23:49:49.000000000,15183,22407,15.066650000000001,ready,87.0
MIX,2022-02-02,2,C:\data_quote\data_finam_MIX_tick_zip\20220202.zip,True,,True,15124ca59abcb2db372610bcc3c8af42e8102312243d2f89752ba73d79138d3f,25200000000000,85785001000000,07:00:00.000000000,23:49:45.001000000,13555,20218,20.049983333333333,ready,86.0
MIX,2022-02-03,3,C:\data_quote\data_finam_MIX_tick_zip\20220203.zip,True,,True,8f3bc9763d5ba158122ae4a33934976b753322eb63d3ce5af2fc4e9c5b478f5c,25200000000000,85778004000000,07:00:00.000000000,23:49:38.004000000,14823,22073,20.08331666666667,ready,107.0
MIX,2022-02-04,4,C:\data_quote\data_finam_MIX_tick_zip\20220204.zip,True,,True,be2b4f0d8c25f7f10a950ea82c4b702eaeab357a581a906db90c476326d4d9b5,25200000000000,85790004000000,07:00:00.000000000,23:49:50.004000000,16338,26212,15.116666666666667,ready,137.0
MIX,2022-02-07,0,C:\data_quote\data_finam_MIX_tick_zip\20220207.zip,True,,True,b2e55851b11dcc2befe3dfa966cedb5d4a3b745de117089852c81b94799411bf,25201000000000,85798000000000,07:00:01.000000000,23:49:58.000000000,12507,19357,15.066666666666666,ready,95.0
MIX,2022-02-08,1,C:\data_quote\data_finam_MIX_tick_zip\20220208.zip,True,,True,000dd5cba5e153ea160bd854c95bf776e89a12e0c17d84a4f8a6656c3cf5ddb8,25200000000000,85777000000000,07:00:00.000000000,23:49:37.000000000,14484,23642,15.066666666666666,ready,127.0
MIX,2022-02-09,2,C:\data_quote\data_finam_MIX_tick_zip\20220209.zip,True,,True,803ea7a7cc32c72065312a8f0ff0a33dea83103aeb55d8308d65cc56e5421ff0,25200000000000,85784000000000,07:00:00.000000000,23:49:44.000000000,13915,21810,20.133300000000002,ready,109.0
MIX,2022-02-10,3,C:\data_quote\data_finam_MIX_tick_zip\20220210.zip,True,,True,fa9ec7299137bfe0e43889a080167c3a9d6d8108668276fe9659a0aa8b88e7fe,25201000000000,85782003000000,07:00:01.000000000,23:49:42.003000000,16738,25379,20.133266666666668,ready,121.0
MIX,2022-02-11,4,C:\data_quote\data_finam_MIX_tick_zip\20220211.zip,True,,True,2c214adc38f1ae87eccc4b419025f5254a38ad447a5c83af1b33c740c4393849,25201000000000,85788000000000,07:00:01.000000000,23:49:48.000000000,29706,45648,15.083333333333334,ready,249.0
MIX,2022-02-14,0,C:\data_quote\data_finam_MIX_tick_zip\20220214.zip,True,,True,b1522bb80d69b93c5fbef0126e785bab6a35b82083302280d3d1d83d26780b08,25200000000000,85797000000000,07:00:00.000000000,23:49:57.000000000,30072,48384,15.116666666666667,ready,259.0
MIX,2022-02-15,1,C:\data_quote\data_finam_MIX_tick_zip\20220215.zip,True,,True,3777c364ee90f5d36a1081a317a204fa95162053957dcfa104e0f45c2b014f49,25201000000000,85796000000000,07:00:01.000000000,23:49:56.000000000,19903,30808,15.266566666666668,ready,146.0
MIX,2022-02-16,2,C:\data_quote\data_finam_MIX_tick_zip\20220216.zip,True,,True,be46296b667448d7532d9bc46f4793884c47ebd9927f76b7b05b0b521ffa15c7,25201000000000,85793001000000,07:00:01.000000000,23:49:53.001000000,32070,42526,20.1,ready,193.0
MIX,2022-02-17,3,C:\data_quote\data_finam_MIX_tick_zip\20220217.zip,True,,True,7e711a2133b34d163a042c485b6a494f738fefff93e64ac7ff8a65da72d61147,25200000000000,85798002000000,07:00:00.000000000,23:49:58.002000000,39356,55776,20.1,ready,240.0
MIX,2022-02-18,4,C:\data_quote\data_finam_MIX_tick_zip\20220218.zip,True,,True,2ea42c560331565d2c97cffd40c887feea766ac50e759059e5e1229c8794be4a,25201000000000,85794000000000,07:00:01.000000000,23:49:54.000000000,47567,58998,15.083333333333334,ready,237.0
MIX,2022-02-21,0,C:\data_quote\data_finam_MIX_tick_zip\20220221.zip,True,,True,07ee22f916c6ba7c47e4d35607e18a1dc1bca5cdd0f8bf7ea4e6d6821b9d1940,25201000000000,85783001000000,07:00:01.000000000,23:49:43.001000000,54774,96664,15.066616666666667,ready,608.0
MIX,2022-02-22,1,C:\data_quote\data_finam_MIX_tick_zip\20220222.zip,True,,True,c62110d25fbeebea9b7f07caa808c522cf802686b384a1fa96c3b8c5658ed4fa,25201000000000,85797000000000,07:00:01.000000000,23:49:57.000000000,60509,91879,30.0333,ready,405.0
MIX,2022-02-23,2,C:\data_quote\data_finam_MIX_tick_zip\20220223.zip,True,,True,322071f29bb7797cb1e8b163513406c520b2d1f51c93b747323a8f4d88f8dec0,25201000000000,85799000000000,07:00:01.000000000,23:49:59.000000000,22425,35965,20.083333333333332,ready,195.0
MIX,2022-02-24,3,C:\data_quote\data_finam_MIX_tick_zip\20220224.zip,True,,True,44e0902573d387fd4bc5158015c9c9dbe62c10c5925bec5b63b29427c268f313,25200000000000,85793001000000,07:00:00.000000000,23:49:53.001000000,19334,26940,140.48333333333332,ready,138.0
MIX,2022-02-25,4,C:\data_quote\data_finam_MIX_tick_zip\20220225.zip,True,,True,07ed76507b483bfab83f5bc9e59760bb18de3055993f768ae6c04ccf9cae6085,36001000000000,85796004000000,10:00:01.000000000,23:49:56.004000000,16378,23124,15.11665,ready,114.0
MIX,2022-03-24,3,C:\data_quote\data_finam_MIX_tick_zip\20220324.zip,True,,True,abad52f630c56f5ebca7486f2c4ebfc3dbdebbe7ec5c9ee28bab2ec0a3ee29d5,36031000000000,50167000000000,10:00:31.000000000,13:56:07.000000000,547,692,5.966666666666667,ready,4.0
MIX,2022-03-25,4,C:\data_quote\data_finam_MIX_tick_zip\20220325.zip,True,,True,cadad6ed7a10c47713275e45a28a6f09fdd84e40d2ddb04de59ce82088654151,36002000000000,50332000000000,10:00:02.000000000,13:58:52.000000000,509,544,13.483333333333333,ready,2.0
MIX,2022-03-28,0,C:\data_quote\data_finam_MIX_tick_zip\20220328.zip,True,,True,1615fcedbebc7ea19e0a52679f987b1d65caf04669ec44292f75dcce83c0f2d1,36042000000000,50385008000000,10:00:42.000000000,13:59:45.008000000,878,919,8.41665,ready,2.0
MIX,2022-03-29,1,C:\data_quote\data_finam_MIX_tick_zip\20220329.zip,True,,True,4481b6d2ca8fbe18752c0e9ba6cd380e0d7860ffa7d3b9cb9057080fc2bda606,36002000000000,67416000000000,10:00:02.000000000,18:43:36.000000000,3821,4195,12.7,ready,12.0
MIX,2022-03-30,2,C:\data_quote\data_finam_MIX_tick_zip\20220330.zip,True,,True,64bbce14f893ea912c81818765c2b31efca054ad5479e7de8b059a53852babc9,36001000000000,67499000000000,10:00:01.000000000,18:44:59.000000000,1478,1705,8.616666666666667,ready,4.0
MIX,2022-03-31,3,C:\data_quote\data_finam_MIX_tick_zip\20220331.zip,True,,True,a89c407d1e60f4854cb27b50690638654db737f1e630225a841cc0677d997391,36000000000000,67497000000000,10:00:00.000000000,18:44:57.000000000,2346,2637,8.466666666666667,ready,8.0
MIX,2022-04-01,4,C:\data_quote\data_finam_MIX_tick_zip\20220401.zip,True,,True,db68e715d278b3315173f3cb0f730568e15eb851741a11a01a671116da6be6d5,36000000000000,67477000000000,10:00:00.000000000,18:44:37.000000000,2506,2668,6.949966666666667,ready,10.0
MIX,2022-04-04,0,C:\data_quote\data_finam_MIX_tick_zip\20220404.zip,True,,True,e81c8415667664ef981dde03a94ac28744ec16600cb49a8bfc234bed8004a814,36003000000000,67495000000000,10:00:03.000000000,18:44:55.000000000,1935,2284,7.166666666666667,ready,9.0
MIX,2022-04-05,1,C:\data_quote\data_finam_MIX_tick_zip\20220405.zip,True,,True,0617040931c35086c2e8649e91a7d15ccc0faffdefbd140acd4047334f9cd45a,36002000000000,67496003000000,10:00:02.000000000,18:44:56.003000000,3674,3947,5.25,ready,12.0
MIX,2022-04-06,2,C:\data_quote\data_finam_MIX_tick_zip\20220406.zip,True,,True,049db2b57e1e648e6d88c2728c2a95a8340e72f40651e38cd367699e821b10ee,36000000000000,67495000000000,10:00:00.000000000,18:44:55.000000000,3086,3496,6.516666666666667,ready,11.0
MIX,2022-04-07,3,C:\data_quote\data_finam_MIX_tick_zip\20220407.zip,True,,True,47763c689fd3c4175925e821c651c775be37d4b46d466b92314e0fafa83506d8,36001000000000,67495000000000,10:00:01.000000000,18:44:55.000000000,3544,4095,5.583333333333333,ready,16.0
MIX,2022-04-08,4,C:\data_quote\data_finam_MIX_tick_zip\20220408.zip,True,,True,52e3633463612d1acb0e38e12829da70e6e5247d37223aa4b6b03784b0652cc6,36003000000000,67497000000000,10:00:03.000000000,18:44:57.000000000,3981,4376,5.133316666666667,ready,18.0
MIX,2022-04-11,0,C:\data_quote\data_finam_MIX_tick_zip\20220411.zip,True,,True,1276172c9c59f840d0534b63715e88f7fc3b5c67a0cbd3c20e94279005d8610f,36000000000000,67495002000000,10:00:00.000000000,18:44:55.002000000,2784,2987,6.916650000000001,ready,6.0
MIX,2022-04-12,1,C:\data_quote\data_finam_MIX_tick_zip\20220412.zip,True,,True,5e4f3f410f29462c72d2349309be0e17aec22fed741f0c6b02ce70882e02d367,36000000000000,67496000000000,10:00:00.000000000,18:44:56.000000000,3916,4161,5.316666666666666,ready,17.0
MIX,2022-04-13,2,C:\data_quote\data_finam_MIX_tick_zip\20220413.zip,True,,True,3a0034761f61cb0f1cda7c5d041bde623983802e3f55e117a6f4af28a3a09e55,36003000000000,67494000000000,10:00:03.000000000,18:44:54.000000000,2308,2372,9.083333333333334,ready,11.0
MIX,2022-04-14,3,C:\data_quote\data_finam_MIX_tick_zip\20220414.zip,True,,True,93336523092dc2b673fa0b7180ed27577ee2052176637437982437ca259666d9,36001000000000,67498006000000,10:00:01.000000000,18:44:58.006000000,4820,5219,5.099950000000001,ready,25.0
MIX,2022-04-15,4,C:\data_quote\data_finam_MIX_tick_zip\20220415.zip,True,,True,d49073d7f6918e2b66129c2c7edbfaf056ec2f09466efa560ff8a1d4d5ebd45a,36006000000000,67483000000000,10:00:06.000000000,18:44:43.000000000,5756,6139,5.85,ready,53.0
MIX,2022-04-18,0,C:\data_quote\data_finam_MIX_tick_zip\20220418.zip,True,,True,1533555147b7407c9f04dd806472fae038fdec1fdc4791b2b4331fba4f1ddfea,36000000000000,67498000000000,10:00:00.000000000,18:44:58.000000000,4945,5492,5.083333333333333,ready,63.0
MIX,2022-04-19,1,C:\data_quote\data_finam_MIX_tick_zip\20220419.zip,True,,True,229983d04ae85814acfda9dfac611c34bc46a2fdd2542f9d2c27dde282b0ba54,36001000000000,67495001000000,10:00:01.000000000,18:44:55.001000000,8354,9830,5.216616666666667,ready,234.0
MIX,2022-04-20,2,C:\data_quote\data_finam_MIX_tick_zip\20220420.zip,True,,True,e212a99cc921de7ef1e9db2e37616b31d7ac7111fa7dbb9a0dddeed20a0c76e8,36000000000000,67483000000000,10:00:00.000000000,18:44:43.000000000,11966,13522,5.016666666666667,ready,335.0
MIX,2022-04-21,3,C:\data_quote\data_finam_MIX_tick_zip\20220421.zip,True,,True,486df7424d2593f01f57fdad71442a16fb336a85db85f7d5e2874d72fffa522a,36000000000000,67499000000000,10:00:00.000000000,18:44:59.000000000,8824,9857,5.233316666666667,ready,234.0
MIX,2022-04-22,4,C:\data_quote\data_finam_MIX_tick_zip\20220422.zip,True,,True,cc1a6558a29e259952d607917bb1016099dd0fd4a2061cfdfa2ff8514c9e7302,36000000000000,67497000000000,10:00:00.000000000,18:44:57.000000000,6476,7370,5.033333333333333,ready,152.0
MIX,2022-04-25,0,C:\data_quote\data_finam_MIX_tick_zip\20220425.zip,True,,True,b58d8b805825b98cb48e337d83bd0852af4c5a772501e2d025432d8e3daf553a,36000000000000,67495003000000,10:00:00.000000000,18:44:55.003000000,7746,8801,5.116666666666666,ready,196.0
MIX,2022-04-26,1,C:\data_quote\data_finam_MIX_tick_zip\20220426.zip,True,,True,3bc8fc35f9687247fb7a1012b208aef8af18a9cabe548a1dbe03fa4873367ce5,36000000000000,67495001000000,10:00:00.000000000,18:44:55.001000000,9138,10783,5.083333333333333,ready,219.0
MIX,2022-04-27,2,C:\data_quote\data_finam_MIX_tick_zip\20220427.zip,True,,True,93d4c26e3b4b6ea7ec1cceaf1198e6d29e1f47caad1f710147a8f9e4e6f99c58,36001000000000,67495001000000,10:00:01.000000000,18:44:55.001000000,9757,11403,5.016666666666667,ready,257.0
MIX,2022-04-28,3,C:\data_quote\data_finam_MIX_tick_zip\20220428.zip,True,,True,431d26deea193ec23a0c67db3026245f23bad29fc6cf2712a828e26ce529857b,36000000000000,67495002000000,10:00:00.000000000,18:44:55.002000000,14710,17469,5.05,ready,327.0
MIX,2022-04-29,4,C:\data_quote\data_finam_MIX_tick_zip\20220429.zip,True,,True,41e1da28dedfc4f42670d05e26c97fc13af2b88e4a24c95ad174e1e125d24cf8,36000000000000,67497000000000,10:00:00.000000000,18:44:57.000000000,14029,17037,5.066666666666666,ready,288.0
MIX,2022-05-04,2,C:\data_quote\data_finam_MIX_tick_zip\20220504.zip,True,,True,d1bcffce7d2e2a9d65f93eb81282988234f15a643001b60ce483f3c8386dea6d,36000000000000,67497000000000,10:00:00.000000000,18:44:57.000000000,10406,12758,5.449983333333334,ready,177.0
MIX,2022-05-05,3,C:\data_quote\data_finam_MIX_tick_zip\20220505.zip,True,,True,f48259fd5964b827a91b0bbc6e43357efae164881fd59049278843dbdb218e66,36000000000000,67496001000000,10:00:00.000000000,18:44:56.001000000,7853,9031,6.05,ready,112.0
MIX,2022-05-06,4,C:\data_quote\data_finam_MIX_tick_zip\20220506.zip,True,,True,8726e4a331fb68fda81640dbe97e58124216c97f48c863314be2c34c6a3b6bae,36004000000000,67495000000000,10:00:04.000000000,18:44:55.000000000,9707,11701,5.333283333333333,ready,158.0
MIX,2022-05-11,2,C:\data_quote\data_finam_MIX_tick_zip\20220511.zip,True,,True,0abb938975e69ab7590054c61deb2c73b984b04356c12abb6d3f8c403292b162,36000000000000,67495000000000,10:00:00.000000000,18:44:55.000000000,9253,10663,5.116666666666666,ready,134.0
MIX,2022-05-12,3,C:\data_quote\data_finam_MIX_tick_zip\20220512.zip,True,,True,55328cbdc5f23ea359520a8f758530004bacae323ba449bf547c1ac8fa3977fe,36000000000000,67495000000000,10:00:00.000000000,18:44:55.000000000,10107,11217,5.166666666666667,ready,118.0
MIX,2022-05-13,4,C:\data_quote\data_finam_MIX_tick_zip\20220513.zip,True,,True,a0a619342c32e49dd2d5630ea47f6ae8de0bc4a391ace18b33f69ade502c70f8,36002000000000,67498000000000,10:00:02.000000000,18:44:58.000000000,8662,9844,5.283333333333333,ready,97.0
MIX,2022-05-16,0,C:\data_quote\data_finam_MIX_tick_zip\20220516.zip,True,,True,2137829db0efd90aa7e062e07cbc45432363d117b9e5fe56ab1ec717bb3a1db3,36000000000000,67495000000000,10:00:00.000000000,18:44:55.000000000,8287,9841,5.883333333333334,ready,105.0
MIX,2022-05-17,1,C:\data_quote\data_finam_MIX_tick_zip\20220517.zip,True,,True,4a3e8a914dd56c1b02b242b31cf61a213c59c14611ca66a285874d44b806d9e4,36000000000000,67495000000000,10:00:00.000000000,18:44:55.000000000,7311,9085,5.333333333333333,ready,93.0
MIX,2022-05-18,2,C:\data_quote\data_finam_MIX_tick_zip\20220518.zip,True,,True,e6eaf7e22194048ed953d2d087da59ec3f3423f11ba3934d5b5e135ebbd7b6fe,36000000000000,67482000000000,10:00:00.000000000,18:44:42.000000000,8685,10860,5.066666666666666,ready,117.0
MIX,2022-05-19,3,C:\data_quote\data_finam_MIX_tick_zip\20220519.zip,True,,True,efee42f5e1a8da89ffb2748ad65d1839921ac07cc2a2cdfeb6457fd316dd195f,36000000000000,67495001000000,10:00:00.000000000,18:44:55.001000000,9183,11567,5.333333333333333,ready,131.0
MIX,2022-05-20,4,C:\data_quote\data_finam_MIX_tick_zip\20220520.zip,True,,True,7b371dbef9bffef56d94990feeb956d00571a91dc4d1d319dcd4e80c8f7b6116,36000000000000,67496001000000,10:00:00.000000000,18:44:56.001000000,11790,14410,5.166666666666667,ready,120.0
MIX,2022-05-23,0,C:\data_quote\data_finam_MIX_tick_zip\20220523.zip,True,,True,b756fdd74ea8a59d4e5f0e40f7ddfa226b90f1ccafbf63c8188ed7c505563079,36000000000000,67499002000000,10:00:00.000000000,18:44:59.002000000,9130,10482,5.1665833333333335,ready,97.0
MIX,2022-05-24,1,C:\data_quote\data_finam_MIX_tick_zip\20220524.zip,True,,True,886160fe3ea69d4c4fd87de26e8e77ccc25b5b3e6e3087778420b98f8bba31b8,36000000000000,67497000000000,10:00:00.000000000,18:44:57.000000000,14505,17891,5.05,ready,179.0
MIX,2022-05-25,2,C:\data_quote\data_finam_MIX_tick_zip\20220525.zip,True,,True,07f146949f6235df771850d4dd69c45e1651449f2d1c98cf0ea399c22f0473af,36000000000000,67496000000000,10:00:00.000000000,18:44:56.000000000,13850,17244,5.05,ready,173.0
MIX,2022-05-26,3,C:\data_quote\data_finam_MIX_tick_zip\20220526.zip,True,,True,0a22ce698a9b894a4f69be37db75893c7007c3365c398c9313e5b63100544853,36000000000000,67498000000000,10:00:00.000000000,18:44:58.000000000,14484,18314,5.0499833333333335,ready,175.0
MIX,2022-05-27,4,C:\data_quote\data_finam_MIX_tick_zip\20220527.zip,True,,True,6f9426c0a4c2fb2688d2aca676600da24d228efc7f9c238b4637c06d5e026b26,36000000000000,67499000000000,10:00:00.000000000,18:44:59.000000000,9858,12050,5.133333333333334,ready,91.0
MIX,2022-05-30,0,C:\data_quote\data_finam_MIX_tick_zip\20220530.zip,True,,True,0bcc0a86e52b55e39dd2db5f1ef9e67656f738f7a2a45b759cb7dec9bdd4d95c,36000000000000,67796000000000,10:00:00.000000000,18:49:56.000000000,10367,13611,5.166666666666667,ready,127.0
MIX,2022-05-31,1,C:\data_quote\data_finam_MIX_tick_zip\20220531.zip,True,,True,741a2ff5aad3c53f39538d63547be8ff30301fe0c5b03c320003239c54efce5b,36000000000000,67796001000000,10:00:00.000000000,18:49:56.001000000,8663,11170,5.5,ready,91.0
MIX,2022-06-01,2,C:\data_quote\data_finam_MIX_tick_zip\20220601.zip,True,,True,e696d5701f5c29cc06235e919c4bb84f7ce93a5eb07bc901520c6b77b39f3721,36001000000000,67791000000000,10:00:01.000000000,18:49:51.000000000,5908,8254,7.666650000000001,ready,78.0
MIX,2022-06-02,3,C:\data_quote\data_finam_MIX_tick_zip\20220602.zip,True,,True,4a736c4701639b67f737c91125b645382d0e15268b4f9e1f9dd5de749d89028d,36000000000000,67798000000000,10:00:00.000000000,18:49:58.000000000,6228,8321,5.149966666666667,ready,71.0
MIX,2022-06-03,4,C:\data_quote\data_finam_MIX_tick_zip\20220603.zip,True,,True,8da2477fca893610c016a05c269773262f8942d1636ef882fd200bf8a60a4739,36001000000000,67772000000000,10:00:01.000000000,18:49:32.000000000,5890,8142,5.816666666666666,ready,86.0
MIX,2022-06-06,0,C:\data_quote\data_finam_MIX_tick_zip\20220606.zip,True,,True,0264c3a7f8f72de3f839c43bbac7d1f96678ecec05cd4b2884eca29b86105705,36000000000000,67795003000000,10:00:00.000000000,18:49:55.003000000,5850,8310,5.25,ready,72.0
MIX,2022-06-07,1,C:\data_quote\data_finam_MIX_tick_zip\20220607.zip,True,,True,21aa18a420fd8af9b044fd1503e23592dcbe29b3e62163e9d8b9d3edadaf819e,36001000000000,67777000000000,10:00:01.000000000,18:49:37.000000000,6578,9254,5.516583333333333,ready,100.0
MIX,2022-06-08,2,C:\data_quote\data_finam_MIX_tick_zip\20220608.zip,True,,True,4404bdf60cc1f4ba919d19cd2e114542c0542b728ebc2669340ba4b4c36ac0eb,36000000000000,67797000000000,10:00:00.000000000,18:49:57.000000000,6339,8847,5.483333333333333,ready,93.0
MIX,2022-06-09,3,C:\data_quote\data_finam_MIX_tick_zip\20220609.zip,True,,True,84cd6e293df568bdfe2e5d3394364012271a284b243bfb772391f70520d4b64b,36000000000000,67797002000000,10:00:00.000000000,18:49:57.002000000,7510,10659,5.233333333333333,ready,106.0
MIX,2022-06-10,4,C:\data_quote\data_finam_MIX_tick_zip\20220610.zip,True,,True,011c573add85688b79f5fcfca45a2950bc20ee88879a53485641c7714020d41a,36000000000000,67793000000000,10:00:00.000000000,18:49:53.000000000,5893,8584,5.016666666666667,ready,92.0
MIX,2022-06-14,1,C:\data_quote\data_finam_MIX_tick_zip\20220614.zip,True,,True,31cccb6d63760a13af2f8a3d98d221f913b4afdb63efb8e7460107237b13da5c,36000000000000,67795002000000,10:00:00.000000000,18:49:55.002000000,7102,11631,5.35,ready,118.0
MIX,2022-06-15,2,C:\data_quote\data_finam_MIX_tick_zip\20220615.zip,True,,True,f929f8a6943bd9e6c6660092298edf4e07feb270de314e2d996bccca9a82b5b6,36002000000000,67771000000000,10:00:02.000000000,18:49:31.000000000,3455,4629,13.133333333333333,ready,54.0
MIX,2022-06-16,3,C:\data_quote\data_finam_MIX_tick_zip\20220616.zip,True,,True,c1d809818f2a096017fb185f48c7e55fffd0f32db1081bb0b1466a37860509a4,36003000000000,67770000000000,10:00:03.000000000,18:49:30.000000000,6638,8625,5.916666666666667,ready,76.0
MIX,2022-06-17,4,C:\data_quote\data_finam_MIX_tick_zip\20220617.zip,True,,True,40dc75e6f5470b7be7a79159d99625d5f9210dc0af278099b495e2b30756c2a4,36000000000000,67795000000000,10:00:00.000000000,18:49:55.000000000,4053,5322,5.6,ready,59.0
MIX,2022-06-20,0,C:\data_quote\data_finam_MIX_tick_zip\20220620.zip,True,,True,ae7e68cb44d660cd47b1e027eef97e048647ffe846cb7fa83199bd7369009a5c,36004000000000,67799000000000,10:00:04.000000000,18:49:59.000000000,4935,5936,5.15,ready,55.0
MIX,2022-06-21,1,C:\data_quote\data_finam_MIX_tick_zip\20220621.zip,True,,True,0ed201a9c2b51d79ada30b6456436f3c313a6ab4da25c2cf5f8e9c2346b0ec2b,36003000000000,67792000000000,10:00:03.000000000,18:49:52.000000000,5123,6502,5.8,ready,84.0
MIX,2022-06-22,2,C:\data_quote\data_finam_MIX_tick_zip\20220622.zip,True,,True,914c74892e2c76293bff99915e1fc87bb3a093734f3f9606c63633d9558f3c9e,36001000000000,67795000000000,10:00:01.000000000,18:49:55.000000000,4910,6559,5.816666666666666,ready,62.0
MIX,2022-06-23,3,C:\data_quote\data_finam_MIX_tick_zip\20220623.zip,True,,True,a066e1c27f262b00e466b5ca8571fd35a70c62c96b8717f21cc8d37bdc42a6be,36003000000000,67795000000000,10:00:03.000000000,18:49:55.000000000,4906,6022,5.383316666666667,ready,74.0
MIX,2022-06-24,4,C:\data_quote\data_finam_MIX_tick_zip\20220624.zip,True,,True,7a9d80897aadc03b5ed82336eecd1c6bf949034e18484695c860142dc5b60497,36000000000000,67799003000000,10:00:00.000000000,18:49:59.003000000,4307,5335,5.416666666666667,ready,77.0
MIX,2022-06-27,0,C:\data_quote\data_finam_MIX_tick_zip\20220627.zip,True,,True,fc4f61f5fb919d2cce3f7c60f443fb8a2daa53a63afef023eb39050e4483a2c9,36001000000000,67778000000000,10:00:01.000000000,18:49:38.000000000,3772,4856,5.866666666666666,ready,60.0
MIX,2022-06-28,1,C:\data_quote\data_finam_MIX_tick_zip\20220628.zip,True,,True,8a0725f28be353fac2fd8a9fc92d447490257ebf56324515734d8de7022a051b,36000000000000,67798000000000,10:00:00.000000000,18:49:58.000000000,4910,6976,6.783333333333333,ready,116.0
MIX,2022-06-29,2,C:\data_quote\data_finam_MIX_tick_zip\20220629.zip,True,,True,71c008b40370e118879aa7535c7bc3f4326c5ed6bf1ef4b4bce87eaf1549c3c2,36002000000000,67795000000000,10:00:02.000000000,18:49:55.000000000,6668,9583,5.083283333333333,ready,156.0
MIX,2022-06-30,3,C:\data_quote\data_finam_MIX_tick_zip\20220630.zip,True,,True,0bf0e8793099e1f93aee9dab1ffea9bdc77c85089ea53227b4a777316f2e8e3d,36001000000000,67795000000000,10:00:01.000000000,18:49:55.000000000,9829,13868,5.399966666666667,ready,237.0
MIX,2022-07-01,4,C:\data_quote\data_finam_MIX_tick_zip\20220701.zip,True,,True,babf5a3f552cf5ba8acd4d3483250d9975a394f2c121557b6e0be84049f82d10,36000000000000,67787000000000,10:00:00.000000000,18:49:47.000000000,7078,9994,5.383283333333334,ready,140.0
MIX,2022-07-04,0,C:\data_quote\data_finam_MIX_tick_zip\20220704.zip,True,,True,1955685202f7444dd089dc78940522994adf8c750bbfeaecd2907edc0d210389,36003000000000,67796001000000,10:00:03.000000000,18:49:56.001000000,4209,6433,6.016666666666667,ready,86.0
MIX,2022-07-05,1,C:\data_quote\data_finam_MIX_tick_zip\20220705.zip,True,,True,1b6b6b53c5495f1eab25a06a1e0c9f44ef25686af97d2009d339d4f685138c8b,36001000000000,67777001000000,10:00:01.000000000,18:49:37.001000000,7884,10794,5.383333333333334,ready,126.0
MIX,2022-07-06,2,C:\data_quote\data_finam_MIX_tick_zip\20220706.zip,True,,True,c04e99586248fdb622f62864348877aeb8964914ce4aafb8dddd4235168501f0,36000000000000,67795000000000,10:00:00.000000000,18:49:55.000000000,10707,15086,6.15,ready,170.0
MIX,2022-07-07,3,C:\data_quote\data_finam_MIX_tick_zip\20220707.zip,True,,True,a28b9ed6a9983a4f52434c076c130cc11d689e0f14ae88db6777d2af26495a2c,36001000000000,67799000000000,10:00:01.000000000,18:49:59.000000000,3935,5580,7.3,ready,73.0
MIX,2022-07-08,4,C:\data_quote\data_finam_MIX_tick_zip\20220708.zip,True,,True,5538d1a1c5232b09d0ab7317356fa24a9d73494e7605a67bc1ec82148299aede,36006000000000,67789001000000,10:00:06.000000000,18:49:49.001000000,4243,6668,6.85,ready,102.0
MIX,2022-07-11,0,C:\data_quote\data_finam_MIX_tick_zip\20220711.zip,True,,True,3a8152bf7c2982f4d758f1edfc175118c55db68cc32950e0d6336b6e9fa71aab,36002000000000,67796000000000,10:00:02.000000000,18:49:56.000000000,7346,11534,5.933333333333334,ready,168.0
MIX,2022-07-12,1,C:\data_quote\data_finam_MIX_tick_zip\20220712.zip,True,,True,7a41631af08c3e1b3986ef1860ada460a708dde752730b032585aa88178fe6f0,36000000000000,85588000000000,10:00:00.000000000,23:46:28.000000000,6381,10157,29.416666666666668,ready,154.0
MIX,2022-07-13,2,C:\data_quote\data_finam_MIX_tick_zip\20220713.zip,True,,True,0e1079dd0d90a5a7eb29a92a041b354e3655169b84c649488d0f84610d52e331,36000000000000,85797000000000,10:00:00.000000000,23:49:57.000000000,5848,9092,16.183333333333334,ready,141.0
MIX,2022-07-14,3,C:\data_quote\data_finam_MIX_tick_zip\20220714.zip,True,,True,372cb686107f7164a6c144d40f82656a39a9157468d210f256cbd9b1acd1b9ac,36001000000000,85718000000000,10:00:01.000000000,23:48:38.000000000,6620,10312,26.833333333333332,ready,173.0
MIX,2022-07-15,4,C:\data_quote\data_finam_MIX_tick_zip\20220715.zip,True,,True,2e4d9318d43525f37aa50d8635b8b1908053791d114f7a7bef8cb5630928b590,36000000000000,85713000000000,10:00:00.000000000,23:48:33.000000000,6178,8843,32.1,ready,130.0
MIX,2022-07-18,0,C:\data_quote\data_finam_MIX_tick_zip\20220718.zip,True,,True,c27540ffba45238d9232766f1caa94229a28e94ba46642bd638fc92fcfecdd60,36000000000000,85709000000000,10:00:00.000000000,23:48:29.000000000,4599,6605,33.783316666666664,ready,87.0
MIX,2022-07-19,1,C:\data_quote\data_finam_MIX_tick_zip\20220719.zip,True,,True,d22454e3814a90a0b7744fdfc770947e0c6230b9595b752256ffa78dec702791,36002000000000,85786000000000,10:00:02.000000000,23:49:46.000000000,5528,7696,26.683316666666666,ready,117.0
MIX,2022-07-20,2,C:\data_quote\data_finam_MIX_tick_zip\20220720.zip,True,,True,3711541b5c40b42ff186352ba90a984eb63a7aeb93558e75840f9afe9277d760,36004000000000,85790001000000,10:00:04.000000000,23:49:50.001000000,5272,7431,15.233283333333333,ready,114.0
MIX,2022-07-21,3,C:\data_quote\data_finam_MIX_tick_zip\20220721.zip,True,,True,2ef10a8519fae59b14c0202af04233d490e31ae0115c9c1114a2a6b8fec090f1,36003000000000,85796002000000,10:00:03.000000000,23:49:56.002000000,8524,11836,34.833283333333334,ready,159.0
MIX,2022-07-22,4,C:\data_quote\data_finam_MIX_tick_zip\20220722.zip,True,,True,84b91b8811aad80195b569e2170a34c474a7d916edd9e9fd3ca9164a7bd63726,36003000000000,85796000000000,10:00:03.000000000,23:49:56.000000000,6348,9109,20.25,ready,141.0
MIX,2022-07-25,0,C:\data_quote\data_finam_MIX_tick_zip\20220725.zip,True,,True,c33a8aa90d934e2f17eb9934b0ef7d903416ecd9050e145cb1c616f0f604d186,36003000000000,85658000000000,10:00:03.000000000,23:47:38.000000000,5075,6874,21.75,ready,82.0
MIX,2022-07-26,1,C:\data_quote\data_finam_MIX_tick_zip\20220726.zip,True,,True,a032bfa94f4a93153ca61c23885f238b005943194ad23f899004ae482eb51e46,36000000000000,85767001000000,10:00:00.000000000,23:49:27.001000000,6886,9533,15.15,ready,118.0
MIX,2022-07-27,2,C:\data_quote\data_finam_MIX_tick_zip\20220727.zip,True,,True,23fb26f191e7df3217e49297b60124763074f297551d0e0dba0e063c5fc593d7,36000000000000,85759000000000,10:00:00.000000000,23:49:19.000000000,7767,10857,15.549983333333333,ready,153.0
MIX,2022-07-28,3,C:\data_quote\data_finam_MIX_tick_zip\20220728.zip,True,,True,d1770d682624d974f428e395918d92201f378890924939129092ffd3da02cd2f,36000000000000,85699000000000,10:00:00.000000000,23:48:19.000000000,7572,10839,20.15,ready,141.0
MIX,2022-07-29,4,C:\data_quote\data_finam_MIX_tick_zip\20220729.zip,True,,True,61dc60c913b971898a79cd637c8b61dd063df56cdb23e094f49a081906b1b761,36000000000000,85767000000000,10:00:00.000000000,23:49:27.000000000,5641,8219,19.083333333333332,ready,122.0
MIX,2022-08-01,0,C:\data_quote\data_finam_MIX_tick_zip\20220801.zip,True,,True,f9ce1c14a4409b14d6efabf9ae2fb4b7067379d42be78443f9253d808cbfd722,36000000000000,85794002000000,10:00:00.000000000,23:49:54.002000000,7550,11143,17.35,ready,165.0
MIX,2022-08-02,1,C:\data_quote\data_finam_MIX_tick_zip\20220802.zip,True,,True,385f0231a964bf7be278b5e7457910b64b29ba58b6d6f826eba7e10a0ee8e20a,36000000000000,85772000000000,10:00:00.000000000,23:49:32.000000000,7519,11717,26.316666666666666,ready,173.0
MIX,2022-08-03,2,C:\data_quote\data_finam_MIX_tick_zip\20220803.zip,True,,True,e4cad690c7d3006f27e4fc6a75ed2832558e7c4a8c097a660f18533f3a4622c2,36001000000000,85762000000000,10:00:01.000000000,23:49:22.000000000,5235,7659,18.45,ready,130.0
MIX,2022-08-04,3,C:\data_quote\data_finam_MIX_tick_zip\20220804.zip,True,,True,e3c71de32198a6aebc269d55e1ed83e1c91e638fd98945be5626fd10f9b80c90,36000000000000,85740000000000,10:00:00.000000000,23:49:00.000000000,4606,6829,28.633333333333333,ready,103.0
MIX,2022-08-05,4,C:\data_quote\data_finam_MIX_tick_zip\20220805.zip,True,,True,209601de207ed061dc6f91bb6b4c0fbede29a1e003b0b64916548403da46e89c,36004000000000,85782000000000,10:00:04.000000000,23:49:42.000000000,9233,13988,15.05,ready,203.0
MIX,2022-08-08,0,C:\data_quote\data_finam_MIX_tick_zip\20220808.zip,True,,True,031796cca0409660b46d8c51a90103e42f83f3c049700519af6f271c09a97b49,36000000000000,85788000000000,10:00:00.000000000,23:49:48.000000000,8686,13022,18.166666666666668,ready,183.0
MIX,2022-08-09,1,C:\data_quote\data_finam_MIX_tick_zip\20220809.zip,True,,True,e344d6b896a876d8bf7e17ceca9638c71fb3ec991163e7f9005c5247c9841331,36001000000000,85691001000000,10:00:01.000000000,23:48:11.001000000,6343,9663,15.249983333333335,ready,151.0
MIX,2022-08-10,2,C:\data_quote\data_finam_MIX_tick_zip\20220810.zip,True,,True,e409a67704667e04e5fac429bbde44976320dd0811333f750348af78c6dc95ce,36000000000000,85699000000000,10:00:00.000000000,23:48:19.000000000,6977,11091,16.35,ready,159.0
MIX,2022-08-11,3,C:\data_quote\data_finam_MIX_tick_zip\20220811.zip,True,,True,446e8a42b551886ec975a452a7f2477e4ea3160c11150b9dbc9fc333ea0f0377,36000000000000,85698000000000,10:00:00.000000000,23:48:18.000000000,6974,9925,15.099966666666667,ready,142.0
MIX,2022-08-12,4,C:\data_quote\data_finam_MIX_tick_zip\20220812.zip,True,,True,32dff759fc5536d2893bc965dcb438e8a0689b36eed49412fcbd2972a1aa2fe6,36000000000000,85781000000000,10:00:00.000000000,23:49:41.000000000,7121,10272,21.566666666666666,ready,141.0
MIX,2022-08-15,0,C:\data_quote\data_finam_MIX_tick_zip\20220815.zip,True,,True,9daa373e3747d5353a3350e07572e2a4d2a53bdddbe165696b47b630231176f0,36001000000000,85764000000000,10:00:01.000000000,23:49:24.000000000,6520,8961,22.633316666666666,ready,126.0
MIX,2022-08-16,1,C:\data_quote\data_finam_MIX_tick_zip\20220816.zip,True,,True,87fa866dce0244093f8fc43c3844f90a0e1e806b754e273d1b384df44afc1fca,36000000000000,85774000000000,10:00:00.000000000,23:49:34.000000000,8015,11438,18.183333333333334,ready,185.0
MIX,2022-08-17,2,C:\data_quote\data_finam_MIX_tick_zip\20220817.zip,True,,True,ac387cfedc1a9b00ee8c09153e5cc943b3ee0ea286394bea5d85093a81bfa3cf,36000000000000,85568000000000,10:00:00.000000000,23:46:08.000000000,8207,11520,15.083333333333334,ready,151.0
MIX,2022-08-18,3,C:\data_quote\data_finam_MIX_tick_zip\20220818.zip,True,,True,1f02a0b871aadddd54be0608ed572df03fc76b935384d86d2981d32dec29a975,36000000000000,85741002000000,10:00:00.000000000,23:49:01.002000000,7292,10412,31.266633333333335,ready,139.0
MIX,2022-08-19,4,C:\data_quote\data_finam_MIX_tick_zip\20220819.zip,True,,True,0e6c4a74cb0c112c2931634628dc5a38f855fe70df7ba663658e254c091a1195,36001000000000,85780000000000,10:00:01.000000000,23:49:40.000000000,5824,8431,15.416616666666666,ready,134.0
MIX,2022-08-22,0,C:\data_quote\data_finam_MIX_tick_zip\20220822.zip,True,,True,cbf98d23ad19755acc4650d4428fb45ca3a85034ecb559f1ce98186c05558ed3,36000000000000,85786000000000,10:00:00.000000000,23:49:46.000000000,7930,11643,22.866666666666667,ready,167.0
MIX,2022-08-23,1,C:\data_quote\data_finam_MIX_tick_zip\20220823.zip,True,,True,2fba813edd4b0bd36af7976a433747febc0a62042053c783b37f9186b1a73496,36003000000000,85744000000000,10:00:03.000000000,23:49:04.000000000,7645,10484,17.25,ready,154.0
MIX,2022-08-24,2,C:\data_quote\data_finam_MIX_tick_zip\20220824.zip,True,,True,a678a04c21d2a3028bfb4721495a1aea38f5e45d029549fc066d23369301c686,36001000000000,85773000000000,10:00:01.000000000,23:49:33.000000000,6053,8157,16.799716666666665,ready,116.0
MIX,2022-08-25,3,C:\data_quote\data_finam_MIX_tick_zip\20220825.zip,True,,True,67a31eb278cbd3c98380658fda7350a5c0b087b4d254fc90a5463e757a9aedd7,36002000000000,85716000000000,10:00:02.000000000,23:48:36.000000000,10317,15767,15.383333333333333,ready,226.0
MIX,2022-08-26,4,C:\data_quote\data_finam_MIX_tick_zip\20220826.zip,True,,True,823ad4c9c5cfef6a67ddf9d1cc226189a2dc2dbc81dd40633026f516cc2a9232,36010000000000,85700000000000,10:00:10.000000000,23:48:20.000000000,4863,6832,15.116666666666667,ready,99.0
MIX,2022-08-29,0,C:\data_quote\data_finam_MIX_tick_zip\20220829.zip,True,,True,6aa50e726e0784dae0a45052658f536bb55ccf8a2cfcbf86a7f08c0b5fec8de5,36003000000000,85709000000000,10:00:03.000000000,23:48:29.000000000,5609,7939,43.18331666666666,ready,115.0
MIX,2022-08-30,1,C:\data_quote\data_finam_MIX_tick_zip\20220830.zip,True,,True,9037ed6861c1993bd945b6675adbced0a5a540f750c56996cfe6673951c2937e,36001000000000,85794000000000,10:00:01.000000000,23:49:54.000000000,16240,23962,15.25,ready,379.0
MIX,2022-08-31,2,C:\data_quote\data_finam_MIX_tick_zip\20220831.zip,True,,True,8692e7b6b4c20a948b91ed13545d9d1c1bfa198e94bbf85d0266c82349dda3b6,36000000000000,85787000000000,10:00:00.000000000,23:49:47.000000000,13851,19518,15.3,ready,289.0
MIX,2022-09-01,3,C:\data_quote\data_finam_MIX_tick_zip\20220901.zip,True,,True,b43de25c9912fc8330894528ca50c2e065871a556d50b4aeea66c7882d5e3c9d,36000000000000,85755000000000,10:00:00.000000000,23:49:15.000000000,9963,14527,15.166666666666666,ready,161.0
MIX,2022-09-02,4,C:\data_quote\data_finam_MIX_tick_zip\20220902.zip,True,,True,e7e68764d9bc7fab1de92003a11092b90518885d963ab7609c569f30fd2847a8,36000000000000,85753000000000,10:00:00.000000000,23:49:13.000000000,6598,9554,15.099983333333334,ready,115.0
MIX,2022-09-05,0,C:\data_quote\data_finam_MIX_tick_zip\20220905.zip,True,,True,0633d7b40075218546dba50b49f3445196d771d50ef241030f88f407a6e8a842,36000000000000,85709000000000,10:00:00.000000000,23:48:29.000000000,7329,10166,16.583333333333332,ready,119.0
MIX,2022-09-06,1,C:\data_quote\data_finam_MIX_tick_zip\20220906.zip,True,,True,65f6d6c8d52525353dd5a8f940f27ed183a7133f03af583b74905a5398dbd7ea,36000000000000,85775001000000,10:00:00.000000000,23:49:35.001000000,12182,17923,15.083316666666667,ready,269.0
MIX,2022-09-07,2,C:\data_quote\data_finam_MIX_tick_zip\20220907.zip,True,,True,5b5deae223d5333844a1bf12ab208cfd27f93303b929241117a18ce93bd724a5,36002000000000,85736004000000,10:00:02.000000000,23:48:56.004000000,9792,13510,15.066666666666666,ready,189.0
MIX,2022-09-08,3,C:\data_quote\data_finam_MIX_tick_zip\20220908.zip,True,,True,ee7783f8d49dae82fdb3baf7a696ccb77db956583501922791ce80852c80ead4,36000000000000,85714000000000,10:00:00.000000000,23:48:34.000000000,8528,11911,15.433333333333334,ready,164.0
MIX,2022-09-09,4,C:\data_quote\data_finam_MIX_tick_zip\20220909.zip,True,,True,02c5c18b6244a8a9f363825d438c018422530db7ce6297937fe0e411714d58e0,36000000000000,85788000000000,10:00:00.000000000,23:49:48.000000000,7742,10167,16.599983333333334,ready,136.0
MIX,2022-09-12,0,C:\data_quote\data_finam_MIX_tick_zip\20220912.zip,True,,True,7558b093daa420f55d8075c5fdb7b02e4e05db76ba62d83941adfe660ada2cd4,32403000000000,85797000000000,09:00:03.000000000,23:49:57.000000000,7857,10348,22.283333333333335,ready,134.0
MIX,2022-09-13,1,C:\data_quote\data_finam_MIX_tick_zip\20220913.zip,True,,True,add8bb6e20da49d2db925deabcedf8d22f9bac8460e0e6cb1786a5b35f14e4cc,32403000000000,85799000000000,09:00:03.000000000,23:49:59.000000000,7942,9884,16.816633333333336,ready,101.0
MIX,2022-09-14,2,C:\data_quote\data_finam_MIX_tick_zip\20220914.zip,True,,True,9428fc6710541b54a92ce4973bc3c84750b390f7bcc0d617096c992ad56f29e4,32432000000000,85709001000000,09:00:32.000000000,23:48:29.001000000,5655,6861,16.466666666666665,ready,65.0
MIX,2022-09-15,3,C:\data_quote\data_finam_MIX_tick_zip\20220915.zip,True,,True,a986f437aaef9d30f5483bdfc63eea020cf07efe205143c2256833755de1d218,32433000000000,85777000000000,09:00:33.000000000,23:49:37.000000000,8949,12655,15.633333333333333,ready,182.0
MIX,2022-09-16,4,C:\data_quote\data_finam_MIX_tick_zip\20220916.zip,True,,True,2b1b32303acdb476c6716f3134120e1664d29d543cde020a7c54dd7601f5e6e5,32400000000000,85747001000000,09:00:00.000000000,23:49:07.001000000,9739,13773,25.716666666666665,ready,178.0
MIX,2022-09-19,0,C:\data_quote\data_finam_MIX_tick_zip\20220919.zip,True,,True,4cd1057b6065eb299d4e0a770adb69335652f09cd8694c5ce8e24fd71e761af4,32405000000000,85714000000000,09:00:05.000000000,23:48:34.000000000,8055,10808,16.95,ready,129.0
MIX,2022-09-20,1,C:\data_quote\data_finam_MIX_tick_zip\20220920.zip,True,,True,ad02a77274d0b9189525c6a32ca55775bdefc0910c8723fd856a69fcbaa0d2e5,32400000000000,85743001000000,09:00:00.000000000,23:49:03.001000000,33046,51221,15.233333333333333,ready,696.0
MIX,2022-09-21,2,C:\data_quote\data_finam_MIX_tick_zip\20220921.zip,True,,True,e70c85c70c2f27a183ffa6dedceebb5cbc7d75c14b2de660a8fdc63c4bdd4c26,32401000000000,85791000000000,09:00:01.000000000,23:49:51.000000000,24624,38032,15.083333333333334,ready,401.0
MIX,2022-09-22,3,C:\data_quote\data_finam_MIX_tick_zip\20220922.zip,True,,True,90a5e15d2ac28a40d718ff1843941518c1d94cbbf1f57f26376cf2cb3159df6e,32403000000000,85784002000000,09:00:03.000000000,23:49:44.002000000,11927,18248,16.566666666666666,ready,192.0
MIX,2022-09-23,4,C:\data_quote\data_finam_MIX_tick_zip\20220923.zip,True,,True,3fb34fd9e145fca57960ce9c0c4cb04290bc6e40d926397e2a7076f3db883db9,32400000000000,85794000000000,09:00:00.000000000,23:49:54.000000000,16465,24555,16.2,ready,255.0
MIX,2022-09-26,0,C:\data_quote\data_finam_MIX_tick_zip\20220926.zip,True,,True,25a81ddb584dc86a11394ac45e4b1f78c0234d9908468fbd80bb6e5c0e1a8d51,32400000000000,85794000000000,09:00:00.000000000,23:49:54.000000000,29647,45796,16.1,ready,438.0
MIX,2022-09-27,1,C:\data_quote\data_finam_MIX_tick_zip\20220927.zip,True,,True,88d8a87c4a77245834d16a624ddc41307098d0e553fbd4585988b07009d4957d,32400000000000,85777006000000,09:00:00.000000000,23:49:37.006000000,22023,33462,15.266666666666667,ready,315.0
MIX,2022-09-28,2,C:\data_quote\data_finam_MIX_tick_zip\20220928.zip,True,,True,9042934ee5d56ee1b94e7652c95f6e926e4af2c9cec07c3a816669df1128206c,32400000000000,85792000000000,09:00:00.000000000,23:49:52.000000000,19857,31571,15.083333333333334,ready,285.0
MIX,2022-09-29,3,C:\data_quote\data_finam_MIX_tick_zip\20220929.zip,True,,True,9f90138f2bb03471e7fc61a98e58686ec77051e3b1ae04873540f3c93e8d0c16,32400000000000,85794000000000,09:00:00.000000000,23:49:54.000000000,25534,37866,15.466633333333334,ready,336.0
MIX,2022-09-30,4,C:\data_quote\data_finam_MIX_tick_zip\20220930.zip,True,,True,fe99a9eb3f0b1d08d7bc2e1ca1fc4fca6d4b2a589e2ad4a789b078bcf9c4c901,32405000000000,85790000000000,09:00:05.000000000,23:49:50.000000000,30980,48443,15.2,ready,391.0
MIX,2022-10-03,0,C:\data_quote\data_finam_MIX_tick_zip\20221003.zip,True,,True,88c24ac64f66a9a15f576889d21421c51f0ce7cb16579f45bb70a718184b8931,32400000000000,85799001000000,09:00:00.000000000,23:49:59.001000000,17118,27001,15.116666666666667,ready,204.0
MIX,2022-10-04,1,C:\data_quote\data_finam_MIX_tick_zip\20221004.zip,True,,True,6707e4085899869a83538371544a8504bda44e4d80a7046b992b5750a2024cf3,32400000000000,85767000000000,09:00:00.000000000,23:49:27.000000000,21766,32588,15.216633333333334,ready,242.0
MIX,2022-10-05,2,C:\data_quote\data_finam_MIX_tick_zip\20221005.zip,True,,True,f78e7e42271c0c45e5762531f6d2d0f972469287a8278d3ca7f28fa6c48f8fc5,32401000000000,85793003000000,09:00:01.000000000,23:49:53.003000000,24195,38119,15.083333333333334,ready,274.0
MIX,2022-10-06,3,C:\data_quote\data_finam_MIX_tick_zip\20221006.zip,True,,True,25ba57c29f0da8f86179db01e639a321d3b12dad819db7ee3c2a5866b4b80aa7,32400000000000,85798000000000,09:00:00.000000000,23:49:58.000000000,11644,18218,16.483283333333333,ready,117.0
MIX,2022-10-07,4,C:\data_quote\data_finam_MIX_tick_zip\20221007.zip,True,,True,07f23e25fa60c1c3b7161ff1ca2b01167019ba9184046f8dcb08e551ad36f7d6,32404000000000,85799000000000,09:00:04.000000000,23:49:59.000000000,21080,33643,15.05,ready,209.0
MIX,2022-10-10,0,C:\data_quote\data_finam_MIX_tick_zip\20221010.zip,True,,True,8532bd66b63d81510f7d4c55288de7d4e3247c82b116043c66252224f8d031e2,32400000000000,85797000000000,09:00:00.000000000,23:49:57.000000000,40229,62432,15.5333,ready,453.0
MIX,2022-10-11,1,C:\data_quote\data_finam_MIX_tick_zip\20221011.zip,True,,True,81c6109f21e9bb12966e0c4a02608f8fbb98d65294a2d1b9656f462e32c8eeae,32400000000000,85777004000000,09:00:00.000000000,23:49:37.004000000,21453,32287,15.249966666666667,ready,175.0
MIX,2022-10-12,2,C:\data_quote\data_finam_MIX_tick_zip\20221012.zip,True,,True,2ad49e0ecded71d58cde8ee6d0fcab332d74a1aae50fe21147140593172e73e8,32400000000000,85799000000000,09:00:00.000000000,23:49:59.000000000,16133,27332,15.35,ready,179.0
MIX,2022-10-13,3,C:\data_quote\data_finam_MIX_tick_zip\20221013.zip,True,,True,6613c589b6a4cdda9aab8a7b2e75427d3c6ac2a9a87fdd5a117004b9449519f8,32402000000000,85793002000000,09:00:02.000000000,23:49:53.002000000,15308,25034,15.949983333333334,ready,144.0
MIX,2022-10-14,4,C:\data_quote\data_finam_MIX_tick_zip\20221014.zip,True,,True,a427d01151e1424097718b19d6bc62a400d6c35be8b0660db3ac0406407b2b91,32400000000000,85796000000000,09:00:00.000000000,23:49:56.000000000,14300,23259,15.683333333333334,ready,134.0
MIX,2022-10-17,0,C:\data_quote\data_finam_MIX_tick_zip\20221017.zip,True,,True,9cf22d365a04c849583438d7961e437e923bb563cfe2ed298b7b72a436c3b5aa,32400000000000,85797000000000,09:00:00.000000000,23:49:57.000000000,14926,25218,15.15,ready,156.0
MIX,2022-10-18,1,C:\data_quote\data_finam_MIX_tick_zip\20221018.zip,True,,True,180c822e1a51bab258b839a535bea4c5d65cd0cfe162991a931087c357bae6b6,32400000000000,85768000000000,09:00:00.000000000,23:49:28.000000000,22490,36926,15.183333333333334,ready,243.0
MIX,2022-10-19,2,C:\data_quote\data_finam_MIX_tick_zip\20221019.zip,True,,True,1e5f5d6b8d59cb1e0cb91e451b078132c9585f1ff540d1604a5213eea465c603,32401000000000,85797000000000,09:00:01.000000000,23:49:57.000000000,21064,33874,15.149966666666668,ready,212.0
MIX,2022-10-20,3,C:\data_quote\data_finam_MIX_tick_zip\20221020.zip,True,,True,5716fbd0f7b2998d44c089969b4f16cf32e1548b7902e849aa59193586e4e2f5,32400000000000,85790001000000,09:00:00.000000000,23:49:50.001000000,17333,27792,15.283283333333333,ready,159.0
MIX,2022-10-21,4,C:\data_quote\data_finam_MIX_tick_zip\20221021.zip,True,,True,22d7cee2d53a854196e4b635d95274a15fb15afc7d8f7fea17c83e12e44bd7cf,32401000000000,85795000000000,09:00:01.000000000,23:49:55.000000000,19305,31974,15.066666666666666,ready,192.0
MIX,2022-10-24,0,C:\data_quote\data_finam_MIX_tick_zip\20221024.zip,True,,True,02037f7a3e03e8fc1ca61d9ef47ad6d579065756310a4ddbd2d77bb50d2a5c0f,32400000000000,85798000000000,09:00:00.000000000,23:49:58.000000000,21021,31705,15.166666666666666,ready,162.0
MIX,2022-10-25,1,C:\data_quote\data_finam_MIX_tick_zip\20221025.zip,True,,True,1c52d2270d5f2af18b070521eb797e1c5975a1610366997b2e946eaaa6ff7963,32400000000000,85777000000000,09:00:00.000000000,23:49:37.000000000,21846,35440,15.116666666666667,ready,196.0
MIX,2022-10-26,2,C:\data_quote\data_finam_MIX_tick_zip\20221026.zip,True,,True,9f5caa98b6291523675f5c4751e5701768539c937c39da3a0104466ca744f077,32400000000000,85755001000000,09:00:00.000000000,23:49:15.001000000,22434,35031,15.183316666666666,ready,191.0
MIX,2022-10-27,3,C:\data_quote\data_finam_MIX_tick_zip\20221027.zip,True,,True,9e4639e7d465d21706e4b4147aa5af35624e8ada73d590860d5967f184ed5445,32403000000000,85794000000000,09:00:03.000000000,23:49:54.000000000,18095,27310,15.016666666666667,ready,122.0
MIX,2022-10-28,4,C:\data_quote\data_finam_MIX_tick_zip\20221028.zip,True,,True,7a4c82d38b41cda0d0f482d401ef74b5368893fc0436b7482be86f91740e2eed,32400000000000,85779003000000,09:00:00.000000000,23:49:39.003000000,21151,34742,15.083333333333334,ready,171.0
MIX,2022-10-31,0,C:\data_quote\data_finam_MIX_tick_zip\20221031.zip,True,,True,2331d20f8fdeb937bcfd050d458cda735646fa043715c31df312498a18428065,32404000000000,85788000000000,09:00:04.000000000,23:49:48.000000000,13609,20497,15.116583333333333,ready,116.0
MIX,2022-11-01,1,C:\data_quote\data_finam_MIX_tick_zip\20221101.zip,True,,True,dce10fd65aee26974d55f37013d66767dc91989d2f9594a8138372fc339ed088,32400000000000,85712000000000,09:00:00.000000000,23:48:32.000000000,9790,14498,15.083300000000001,ready,81.0
MIX,2022-11-02,2,C:\data_quote\data_finam_MIX_tick_zip\20221102.zip,True,,True,d2ba367df9b1e3a02d81f1b2a30a3f5adc303a6b86064a8f2514ffa163818daa,32400000000000,85797000000000,09:00:00.000000000,23:49:57.000000000,12587,19589,16.266666666666666,ready,110.0
MIX,2022-11-03,3,C:\data_quote\data_finam_MIX_tick_zip\20221103.zip,True,,True,1e6018b1e4e7b8664a61155c18bda8c5ce9a563b86468d7f9780042c9e7c4f0e,32400000000000,85794000000000,09:00:00.000000000,23:49:54.000000000,16167,25028,15.916616666666666,ready,168.0
MIX,2022-11-07,0,C:\data_quote\data_finam_MIX_tick_zip\20221107.zip,True,,True,07cbda247dc71bb1be1e3eff3e7f2d1ffd2c16f3e11b2edde934fbace2a83baa,32400000000000,85786000000000,09:00:00.000000000,23:49:46.000000000,16976,26268,15.233333333333333,ready,137.0
MIX,2022-11-08,1,C:\data_quote\data_finam_MIX_tick_zip\20221108.zip,True,,True,562d267ffd3b5ce03b6fa4795ea5047974f3683bd3c1d5128cb3add16db16caf,32400000000000,85788000000000,09:00:00.000000000,23:49:48.000000000,13857,21087,15.499983333333335,ready,127.0
MIX,2022-11-09,2,C:\data_quote\data_finam_MIX_tick_zip\20221109.zip,True,,True,2080ea6e988c74e2d720e31731f51c826879bd5e76f3cdc8096742b81a58c1f2,32400000000000,85791002000000,09:00:00.000000000,23:49:51.002000000,18151,27746,15.083316666666667,ready,169.0
MIX,2022-11-10,3,C:\data_quote\data_finam_MIX_tick_zip\20221110.zip,True,,True,42fc92d5a59550747768ea0453f29539dda6e4625a3d720e43f9cd7fb95b091e,32400000000000,85797000000000,09:00:00.000000000,23:49:57.000000000,19661,29781,15.133333333333333,ready,197.0
MIX,2022-11-11,4,C:\data_quote\data_finam_MIX_tick_zip\20221111.zip,True,,True,ebc14f64c9bb1b553c72695e5f75fcaf4ace5b7a8da72d96200c21f4829ca88b,32400000000000,85782001000000,09:00:00.000000000,23:49:42.001000000,13913,21015,15.5333,ready,119.0
MIX,2022-11-14,0,C:\data_quote\data_finam_MIX_tick_zip\20221114.zip,True,,True,b0af35caa9a01d0c6441e512c4ffa2b10e7a6615eb4def1fdcd29265b1184e19,32401000000000,85778000000000,09:00:01.000000000,23:49:38.000000000,12325,19105,15.36665,ready,123.0
MIX,2022-11-15,1,C:\data_quote\data_finam_MIX_tick_zip\20221115.zip,True,,True,671e9c3b9bd0de3c7e4616151b8aaec37935a083189d0b4de97af72568765ace,32400000000000,85799005000000,09:00:00.000000000,23:49:59.005000000,30469,48732,15.183333333333334,ready,329.0
MIX,2022-11-16,2,C:\data_quote\data_finam_MIX_tick_zip\20221116.zip,True,,True,bf2da588febd8f6b47b86733b10015be73267ddd389249a0e55e9db616336a2b,32400000000000,85799002000000,09:00:00.000000000,23:49:59.002000000,18951,29280,15.116666666666667,ready,173.0
MIX,2022-11-17,3,C:\data_quote\data_finam_MIX_tick_zip\20221117.zip,True,,True,84e96bc4123bac75c0a5376a8e5a8f9016fec3fad7fcf7c4ff1cdba18ad6ff77,32402000000000,85798000000000,09:00:02.000000000,23:49:58.000000000,12873,19587,15.266666666666667,ready,126.0
MIX,2022-11-18,4,C:\data_quote\data_finam_MIX_tick_zip\20221118.zip,True,,True,4fdc28245eddd60378a65d72d5a2b78fc92d282d4b6492e0163579ec85a827b8,32407000000000,85784000000000,09:00:07.000000000,23:49:44.000000000,11040,15832,15.183300000000001,ready,92.0
MIX,2022-11-21,0,C:\data_quote\data_finam_MIX_tick_zip\20221121.zip,True,,True,e00891311d662d93d2abaef94e2be42b6a99104dbc0eaa76696bc97e6edd7295,32400000000000,85798000000000,09:00:00.000000000,23:49:58.000000000,17632,27027,15.233333333333333,ready,189.0
MIX,2022-11-22,1,C:\data_quote\data_finam_MIX_tick_zip\20221122.zip,True,,True,01f8540c9659213bf8b2ac8efd0c6c013e0aba340f65d2f467321621548c5f00,32402000000000,85799000000000,09:00:02.000000000,23:49:59.000000000,12749,19184,15.116666666666667,ready,117.0
MIX,2022-11-23,2,C:\data_quote\data_finam_MIX_tick_zip\20221123.zip,True,,True,26960dbf1ecc2f428bf6a379fa49743e3a2f8bdf47a8066a2ffe2c94fbdf9886,32408000000000,85768001000000,09:00:08.000000000,23:49:28.001000000,13861,21453,15.05,ready,144.0
MIX,2022-11-24,3,C:\data_quote\data_finam_MIX_tick_zip\20221124.zip,True,,True,6f4d266c5680085e261a15f4296fa11b8f0c75b8abfd77b9cc8762da5b6bc8f6,32400000000000,85714000000000,09:00:00.000000000,23:48:34.000000000,9011,13695,15.066650000000001,ready,90.0
MIX,2022-11-25,4,C:\data_quote\data_finam_MIX_tick_zip\20221125.zip,True,,True,25a1b6fdc130b43d4003148e350497adfeda93ca31ebaaaa73c106a97c5379fa,32422000000000,85742001000000,09:00:22.000000000,23:49:02.001000000,9240,13723,15.416666666666666,ready,93.0
MIX,2022-11-28,0,C:\data_quote\data_finam_MIX_tick_zip\20221128.zip,True,,True,edad5464a9fd8581bbe8b42a2866ae7f760ed04decfae6c848881cd79a15f114,32400000000000,85796000000000,09:00:00.000000000,23:49:56.000000000,10458,16023,15.85,ready,110.0
MIX,2022-11-29,1,C:\data_quote\data_finam_MIX_tick_zip\20221129.zip,True,,True,ce71f12ccd6440ac48692919054b067666e3bb0c13b616d5c22401d5293cdca6,32400000000000,85780000000000,09:00:00.000000000,23:49:40.000000000,6750,10060,15.066666666666666,ready,53.0
MIX,2022-11-30,2,C:\data_quote\data_finam_MIX_tick_zip\20221130.zip,True,,True,4b535bfd987e911f7d5b2c7639e73be6df30fa640f73c7faae79ca35b1173355,32404000000000,85797000000000,09:00:04.000000000,23:49:57.000000000,6648,9883,15.1,ready,82.0
MIX,2022-12-01,3,C:\data_quote\data_finam_MIX_tick_zip\20221201.zip,True,,True,a2b431685a3159931ff9617b32f743e70163037775f782ea28f62f4491fd2bec,32400000000000,85780000000000,09:00:00.000000000,23:49:40.000000000,6639,10071,15.41665,ready,76.0
MIX,2022-12-02,4,C:\data_quote\data_finam_MIX_tick_zip\20221202.zip,True,,True,40afb618d08329432a3e47204ac5bfd4a7472dea0625b69b148f4b6a494e5bb1,32400000000000,85798002000000,09:00:00.000000000,23:49:58.002000000,7981,12540,15.4666,ready,99.0
MIX,2022-12-05,0,C:\data_quote\data_finam_MIX_tick_zip\20221205.zip,True,,True,9e3dab2789d88f42c1bc549322c1b04459fe25c714e58aba6c8cc239c0e4fc1a,32400000000000,85787002000000,09:00:00.000000000,23:49:47.002000000,10895,17208,15.533316666666668,ready,158.0
MIX,2022-12-06,1,C:\data_quote\data_finam_MIX_tick_zip\20221206.zip,True,,True,3c4c1c030ada79b2cb27294d0fcd2d7472397c88914413f85e9bca361c9f4326,32400000000000,85799000000000,09:00:00.000000000,23:49:59.000000000,10447,16056,15.666566666666666,ready,137.0
MIX,2022-12-07,2,C:\data_quote\data_finam_MIX_tick_zip\20221207.zip,True,,True,9426c25ba395b0b07e9a99a2c8e98042bae1614a3721e81435195aa2b71d3bc4,32400000000000,85779000000000,09:00:00.000000000,23:49:39.000000000,9995,15731,15.3,ready,138.0
MIX,2022-12-08,3,C:\data_quote\data_finam_MIX_tick_zip\20221208.zip,True,,True,13c06b4be3d72f518fdf40efedfc992693ae0e10ee2cbadfbd66b2bcb37f55c7,32400000000000,85772000000000,09:00:00.000000000,23:49:32.000000000,9720,13992,15.316666666666666,ready,126.0
MIX,2022-12-09,4,C:\data_quote\data_finam_MIX_tick_zip\20221209.zip,True,,True,535cc563b371373ba58edef9d5b023159d2d76fba990d8e0b7c66093a73d9a28,32402000000000,85793000000000,09:00:02.000000000,23:49:53.000000000,7335,11126,15.616666666666667,ready,106.0
MIX,2022-12-12,0,C:\data_quote\data_finam_MIX_tick_zip\20221212.zip,True,,True,7a2214c8ca262a8b9431139753136b685c6f593b5b559557e23c1cbb200baba1,32400000000000,85779001000000,09:00:00.000000000,23:49:39.001000000,7395,11515,40.3,ready,104.0
MIX,2022-12-13,1,C:\data_quote\data_finam_MIX_tick_zip\20221213.zip,True,,True,30728e3f2b79bb62f7782e414cc7836dee91efb797c5dc4c6470ea7b2698e318,32400000000000,85794001000000,09:00:00.000000000,23:49:54.001000000,9522,15147,15.083316666666667,ready,141.0
MIX,2022-12-14,2,C:\data_quote\data_finam_MIX_tick_zip\20221214.zip,True,,True,4296c2f0e76d26f4198dfa66c680205df52770fc143b2f5c5aa1a21ba7e5faf1,32400000000000,85777003000000,09:00:00.000000000,23:49:37.003000000,4631,6578,15.333333333333334,ready,52.0
MIX,2022-12-15,3,C:\data_quote\data_finam_MIX_tick_zip\20221215.zip,True,,True,ca35cba82d6c3c63576dec47c63d61c7c769ed7ecdb147c8dc7e6ba465fa5ea7,32400000000000,85781000000000,09:00:00.000000000,23:49:41.000000000,11532,21082,15.166566666666666,ready,292.0
MIX,2022-12-16,4,C:\data_quote\data_finam_MIX_tick_zip\20221216.zip,True,,True,423d573e0aa1da3a7ec6642668871063db64624eb4181bd959640da3df6d90d9,32406000000000,85799000000000,09:00:06.000000000,23:49:59.000000000,7008,11402,15.216666666666667,ready,151.0
MIX,2022-12-19,0,C:\data_quote\data_finam_MIX_tick_zip\20221219.zip,True,,True,1105887c7016194d31e181300c357e03db393fd1f3511dca410c870d17e42324,32400000000000,85787000000000,09:00:00.000000000,23:49:47.000000000,15813,26993,15.566666666666666,ready,333.0
MIX,2022-12-20,1,C:\data_quote\data_finam_MIX_tick_zip\20221220.zip,True,,True,fb388763b0cfdc0fab5552e88dac8fc88c81018fe38d27fd50689924792f2569,32400000000000,85788002000000,09:00:00.000000000,23:49:48.002000000,15868,26273,15.283333333333333,ready,335.0
MIX,2022-12-21,2,C:\data_quote\data_finam_MIX_tick_zip\20221221.zip,True,,True,ea6c2e4b83e0c3d88ad2652b1b02cff8fea7ff4307f145acddde18db39e58e15,32400000000000,85791000000000,09:00:00.000000000,23:49:51.000000000,11822,18212,15.199966666666667,ready,199.0
MIX,2022-12-22,3,C:\data_quote\data_finam_MIX_tick_zip\20221222.zip,True,,True,a3c3a06dbdac3cec9fbcb7d5fb484e6e0705a16ef602583eb6c71f1f549fdcdc,32400000000000,85778002000000,09:00:00.000000000,23:49:38.002000000,11231,16957,15.066666666666666,ready,169.0
MIX,2022-12-23,4,C:\data_quote\data_finam_MIX_tick_zip\20221223.zip,True,,True,832a5c751c8e01940b844995382d02b385f71a405077c3480e4fbb8c40755783,32400000000000,85711001000000,09:00:00.000000000,23:48:31.001000000,8277,12520,15.266583333333333,ready,113.0
MIX,2022-12-26,0,C:\data_quote\data_finam_MIX_tick_zip\20221226.zip,True,,True,bb6a46bc22baa3346a81de8e81d49c2fe6444c3b15081a0b186eaa5db11cc118,32405000000000,85799000000000,09:00:05.000000000,23:49:59.000000000,10198,14417,15.75,ready,155.0
MIX,2022-12-27,1,C:\data_quote\data_finam_MIX_tick_zip\20221227.zip,True,,True,251d98b708c1550e879f3a2f1ba3a9695bf5c168b858e89a87c321ebded795cc,32400000000000,85795001000000,09:00:00.000000000,23:49:55.001000000,12612,17854,15.35,ready,178.0
MIX,2022-12-28,2,C:\data_quote\data_finam_MIX_tick_zip\20221228.zip,True,,True,a510ee4648e1034c59ec5a4075645b621b123bfc39e2292525557c84c6aa2436,32406000000000,85765000000000,09:00:06.000000000,23:49:25.000000000,10689,15565,15.116666666666667,ready,140.0
MIX,2022-12-29,3,C:\data_quote\data_finam_MIX_tick_zip\20221229.zip,True,,True,6e3cbc5bb695207485b7ff144e6dc99564dd3bd6ad752cfbbef258f57d150121,32400000000000,85794000000000,09:00:00.000000000,23:49:54.000000000,10776,15717,15.099966666666667,ready,146.0
MIX,2022-12-30,4,C:\data_quote\data_finam_MIX_tick_zip\20221230.zip,True,,True,41c3c59ef15916946bb1c492d7fa58f8f1202ce583a140ea2400f0dc450f07f2,32404000000000,85768000000000,09:00:04.000000000,23:49:28.000000000,7702,11353,18.866666666666667,ready,128.0
MIX,2023-01-03,1,C:\data_quote\data_finam_MIX_tick_zip\20230103.zip,True,,True,0e9605c84fdecb004495fb66e6ba13a38bd321db434eec4fb374b85c2a4cce3c,32400000000000,85734001000000,09:00:00.000000000,23:48:54.001000000,4699,6946,15.133333333333333,ready,70.0
MIX,2023-01-04,2,C:\data_quote\data_finam_MIX_tick_zip\20230104.zip,True,,True,8c234ba2a5c985e1001a4dfd9bc64a89c19a2fb4529c2410e10ae1331fe0001e,32403000000000,85763000000000,09:00:03.000000000,23:49:23.000000000,4505,6919,16.049983333333333,ready,72.0
MIX,2023-01-05,3,C:\data_quote\data_finam_MIX_tick_zip\20230105.zip,True,,True,507dd70e20f29de964c236583c44d2009cb8ec2144d323ceda14c645498cb95f,32400000000000,85761002000000,09:00:00.000000000,23:49:21.002000000,3624,4937,15.666583333333334,ready,49.0
MIX,2023-01-06,4,C:\data_quote\data_finam_MIX_tick_zip\20230106.zip,True,,True,6b6588c87f3e981af327030a3db8808ffc3b7c549152e15e4b16eba7ea06d226,32425000000000,85766000000000,09:00:25.000000000,23:49:26.000000000,3153,4692,15.683266666666666,ready,50.0
MIX,2023-01-09,0,C:\data_quote\data_finam_MIX_tick_zip\20230109.zip,True,,True,816344a71ea009b20ade1e3c44f24c9bd1c89f6206491028fd8e56f2b0c8f8b7,32400000000000,85743003000000,09:00:00.000000000,23:49:03.003000000,5017,7319,16.149983333333335,ready,84.0
MIX,2023-01-10,1,C:\data_quote\data_finam_MIX_tick_zip\20230110.zip,True,,True,98b0099a3a4d957a64937b07c49aa4f23c52b48fad4368325d8d5813d918e26d,32405000000000,85717000000000,09:00:05.000000000,23:48:37.000000000,6364,9729,15.783333333333333,ready,128.0
MIX,2023-01-11,2,C:\data_quote\data_finam_MIX_tick_zip\20230111.zip,True,,True,286a3de602ece57dc08bc0dfdda13e4491e1dbbfc5f0159a85dff831b57d5355,32400000000000,85796006000000,09:00:00.000000000,23:49:56.006000000,10935,17188,15.283333333333333,ready,254.0
MIX,2023-01-12,3,C:\data_quote\data_finam_MIX_tick_zip\20230112.zip,True,,True,3bc846125a2af2178d684004b16f7e0cadb42abb3d50a5566ce85b1e7b81478e,32400000000000,85787000000000,09:00:00.000000000,23:49:47.000000000,7867,12523,15.783333333333333,ready,160.0
MIX,2023-01-13,4,C:\data_quote\data_finam_MIX_tick_zip\20230113.zip,True,,True,dad6990d641b2a97e8e10b6aa8413e57fd1d893e3638a988e33ba4a668ac82d5,32400000000000,85760001000000,09:00:00.000000000,23:49:20.001000000,12084,19429,15.4,ready,264.0
MIX,2023-01-16,0,C:\data_quote\data_finam_MIX_tick_zip\20230116.zip,True,,True,61dda973fafd8eeb7a045e8343be1035c2e4727462d73b0a7dd3de11fca4c48a,32400000000000,85755000000000,09:00:00.000000000,23:49:15.000000000,8455,13489,15.433333333333334,ready,167.0
MIX,2023-01-17,1,C:\data_quote\data_finam_MIX_tick_zip\20230117.zip,True,,True,76030d8d5495d634591de516c03df6adb8aa8c0afe00f5f1f9dc4c33e0987b82,32401000000000,85793001000000,09:00:01.000000000,23:49:53.001000000,7080,11913,15.066666666666666,ready,157.0
MIX,2023-01-18,2,C:\data_quote\data_finam_MIX_tick_zip\20230118.zip,True,,True,c4a8e06a129954a306f032e333b6697084e4d0a80c879f20dc334b4af9bd7c32,32404000000000,85779003000000,09:00:04.000000000,23:49:39.003000000,8709,13750,15.416666666666666,ready,211.0
MIX,2023-01-19,3,C:\data_quote\data_finam_MIX_tick_zip\20230119.zip,True,,True,001ac32a82ba35bf1899f0aa509c0110239c5392498e6296dba4359b7628b449,32400000000000,85795000000000,09:00:00.000000000,23:49:55.000000000,9011,14230,15.8,ready,230.0
MIX,2023-01-20,4,C:\data_quote\data_finam_MIX_tick_zip\20230120.zip,True,,True,a87222da061aaa33c81d3c8fe935b430989d60fbd4f9c363c680f1d26a9fd791,32400000000000,85781000000000,09:00:00.000000000,23:49:41.000000000,7462,11529,16.35,ready,167.0
MIX,2023-01-23,0,C:\data_quote\data_finam_MIX_tick_zip\20230123.zip,True,,True,d685bd79e5f34f7609aef821ee43a55024dac09f0a408e4cd6b42d57ca815c7b,32400000000000,85730000000000,09:00:00.000000000,23:48:50.000000000,7422,12032,16.3,ready,182.0
MIX,2023-01-24,1,C:\data_quote\data_finam_MIX_tick_zip\20230124.zip,True,,True,a7b264e99873fffb12670c752b0fab1feeb28dbabd84228f1b27b32cc329098e,32400000000000,85797002000000,09:00:00.000000000,23:49:57.002000000,8016,12702,15.983266666666667,ready,167.0
MIX,2023-01-25,2,C:\data_quote\data_finam_MIX_tick_zip\20230125.zip,True,,True,d2c67616806c91ec50abaab3c8b03efaf5e74ba4519fe33e0b4bd8bad1fd6d2a,32410000000000,85775006000000,09:00:10.000000000,23:49:35.006000000,9738,13843,15.4,ready,160.0
MIX,2023-01-26,3,C:\data_quote\data_finam_MIX_tick_zip\20230126.zip,True,,True,8563ea7748366d24207be1339c8dcf5a888ec37b8abba526f062a3e256b4b2e5,32400000000000,85787005000000,09:00:00.000000000,23:49:47.005000000,5382,8279,19.31665,ready,129.0
MIX,2023-01-27,4,C:\data_quote\data_finam_MIX_tick_zip\20230127.zip,True,,True,2dc8838fe71a84d7d26be0ae822a1096403b3ea46cab7a9c68be7f8740f7b3ab,32415000000000,85736000000000,09:00:15.000000000,23:48:56.000000000,5297,7853,15.6,ready,124.0
MIX,2023-01-30,0,C:\data_quote\data_finam_MIX_tick_zip\20230130.zip,True,,True,5b33dfd28ee4d8f738257cb6ecb28918df916ed263eeb953f14ddf378d46dc91,32400000000000,85798000000000,09:00:00.000000000,23:49:58.000000000,4940,8018,18.266666666666666,ready,110.0
MIX,2023-01-31,1,C:\data_quote\data_finam_MIX_tick_zip\20230131.zip,True,,True,4a6e7c7f33d3dbca8296cc2009918a1a5d373b997bc15660bbd1e62c988e081c,32400000000000,85779003000000,09:00:00.000000000,23:49:39.003000000,9285,14445,15.15,ready,176.0
MIX,2023-02-01,2,C:\data_quote\data_finam_MIX_tick_zip\20230201.zip,True,,True,3fe2a6c962eee2ee2e00118145dc14349fac014dc54eecc51ce4f3905d4df846,32400000000000,85794000000000,09:00:00.000000000,23:49:54.000000000,7675,12181,15.416666666666666,ready,186.0
MIX,2023-02-02,3,C:\data_quote\data_finam_MIX_tick_zip\20230202.zip,True,,True,b6a732b8a1ecc2692e9d11d63f4445918a69d0ba6cc7dc8252cda9398be65009,32400000000000,85771000000000,09:00:00.000000000,23:49:31.000000000,7332,12611,15.25,ready,202.0
MIX,2023-02-03,4,C:\data_quote\data_finam_MIX_tick_zip\20230203.zip,True,,True,06ea07a44304f3a6e43ecfc8b880806f3ce81473a20154c3e773d874f9067f3f,32403000000000,85755000000000,09:00:03.000000000,23:49:15.000000000,9480,16260,17.166666666666668,ready,256.0
MIX,2023-02-06,0,C:\data_quote\data_finam_MIX_tick_zip\20230206.zip,True,,True,838c05c9d6d2448e48d7b8db1e8e1b1cdfff88f8bc113b7ecee87c1a9859bfb4,32400000000000,85755000000000,09:00:00.000000000,23:49:15.000000000,8396,13403,15.16665,ready,191.0
MIX,2023-02-07,1,C:\data_quote\data_finam_MIX_tick_zip\20230207.zip,True,,True,6e777a7ae4eb2fefa36925f329a393d7aca0c52b77b0c97e0f4946ca225cb6c3,32402000000000,85740000000000,09:00:02.000000000,23:49:00.000000000,10657,17617,16.533316666666668,ready,255.0
MIX,2023-02-08,2,C:\data_quote\data_finam_MIX_tick_zip\20230208.zip,True,,True,0cb8b5e7182752c05a64167ef7c73a5d3de0ad26fa27fba2032efa6bad496411,32405000000000,85797002000000,09:00:05.000000000,23:49:57.002000000,11476,18782,15.46665,ready,243.0
MIX,2023-02-09,3,C:\data_quote\data_finam_MIX_tick_zip\20230209.zip,True,,True,d7a22fbe06b01c79c0dd8e2e52ad1936d5a2b5654c2a342fd929d899c5e523fd,32400000000000,85793000000000,09:00:00.000000000,23:49:53.000000000,11229,19159,15.266666666666667,ready,234.0
MIX,2023-02-10,4,C:\data_quote\data_finam_MIX_tick_zip\20230210.zip,True,,True,c6d947038cecb058abcacc47ded05291d01d2646e5adc6404f84b1c6b5abf804,32411000000000,85797000000000,09:00:11.000000000,23:49:57.000000000,7899,13100,16.9,ready,131.0
MIX,2023-02-13,0,C:\data_quote\data_finam_MIX_tick_zip\20230213.zip,True,,True,0d212a82ea51f07bdee5020fe7d20724b387067dc1aae0959f5a680f4ce2faa7,32401000000000,85755000000000,09:00:01.000000000,23:49:15.000000000,8097,12193,16.166633333333333,ready,141.0
MIX,2023-02-14,1,C:\data_quote\data_finam_MIX_tick_zip\20230214.zip,True,,True,08929eac1925bb6bb780f979259e3c9f39556ddeccf0a7c398a390777803d683,32401000000000,85767000000000,09:00:01.000000000,23:49:27.000000000,12553,21210,18.81665,ready,247.0
MIX,2023-02-15,2,C:\data_quote\data_finam_MIX_tick_zip\20230215.zip,True,,True,e89999f71b87e0d56e10cd57937a336fadeb76b86641d8d71fab339d0c2e2357,32400000000000,85795000000000,09:00:00.000000000,23:49:55.000000000,19751,35131,15.183333333333334,ready,469.0
MIX,2023-02-16,3,C:\data_quote\data_finam_MIX_tick_zip\20230216.zip,True,,True,fd5582866d663165bf2155a2301fb8fe3b5de55e66a7cea3ccf6e9827fcabdbc,32400000000000,85755000000000,09:00:00.000000000,23:49:15.000000000,15107,27062,15.15,ready,319.0
MIX,2023-02-17,4,C:\data_quote\data_finam_MIX_tick_zip\20230217.zip,True,,True,30b7066a9ba0306faf2e59654cfcdd6fe6325373dfa1aab4e6f28e3557f8629e,32400000000000,85782000000000,09:00:00.000000000,23:49:42.000000000,9765,16184,15.216633333333334,ready,190.0
MIX,2023-02-20,0,C:\data_quote\data_finam_MIX_tick_zip\20230220.zip,True,,True,fa0a3883496205dfd26e5bd5abce243aba458eb15b597cab2abcbbed17633d5b,32402000000000,85799027000000,09:00:02.000000000,23:49:59.027000000,13567,22143,15.199983333333334,ready,251.0
MIX,2023-02-21,1,C:\data_quote\data_finam_MIX_tick_zip\20230221.zip,True,,True,9d0194cc45e7d17c25a0b3887dbccd7744af785d3d4b052d2b9d4c552e389c3d,32400000000000,85759002000000,09:00:00.000000000,23:49:19.002000000,16770,30047,16.483316666666667,ready,337.0
MIX,2023-02-22,2,C:\data_quote\data_finam_MIX_tick_zip\20230222.zip,True,,True,bc9b9aa485a6024172bf559a96346e6c055687d5c5a3ee13853bdef3a43a622f,32406000000000,85766000000000,09:00:06.000000000,23:49:26.000000000,6698,11148,15.899966666666668,ready,110.0
MIX,2023-02-24,4,C:\data_quote\data_finam_MIX_tick_zip\20230224.zip,True,,True,9528ded38f3cfd4e6ac1e57a8b41ddf100deb9dc22d98c0702705693f2eca772,32402000000000,85799000000000,09:00:02.000000000,23:49:59.000000000,5783,8880,15.999966666666667,ready,89.0
MIX,2023-02-27,0,C:\data_quote\data_finam_MIX_tick_zip\20230227.zip,True,,True,acf9cf53ed05b4760f54feeedba34334a5f06eecfa761179395656b6269d4dfe,32400000000000,85670000000000,09:00:00.000000000,23:47:50.000000000,12468,20586,15.65,ready,163.0
MIX,2023-02-28,1,C:\data_quote\data_finam_MIX_tick_zip\20230228.zip,True,,True,cad08a5be9eaf5d7162c3eba1c3be55cb5420b3d888fe827ed985ab85e642c6f,32400000000000,85713000000000,09:00:00.000000000,23:48:33.000000000,7725,13259,18.35,ready,120.0
MIX,2023-03-01,2,C:\data_quote\data_finam_MIX_tick_zip\20230301.zip,True,,True,a1971354ce31bef81345207a22186095bbba80c152ee5cab9df15f2f0c123eca,32412000000000,85761000000000,09:00:12.000000000,23:49:21.000000000,8724,14703,15.049983333333333,ready,141.0
MIX,2023-03-02,3,C:\data_quote\data_finam_MIX_tick_zip\20230302.zip,True,,True,db79d2bff1e4beaa42c9a32e9ed37f3400382a6f9c5f21a7b5cfd454ccb636bb,32405000000000,85796000000000,09:00:05.000000000,23:49:56.000000000,14798,26691,16.45,ready,281.0
MIX,2023-03-03,4,C:\data_quote\data_finam_MIX_tick_zip\20230303.zip,True,,True,703e8403f3b206d1a68f34d314924a0bb7fe490b6d8e74e586e4ecac1a0d5890,32400000000000,85795000000000,09:00:00.000000000,23:49:55.000000000,7582,12527,15.166666666666666,ready,103.0
MIX,2023-03-06,0,C:\data_quote\data_finam_MIX_tick_zip\20230306.zip,True,,True,f1bcb64375f48e2e5359cbd5bdc6b4d36f7440adc907183240388a01c2adb5e7,32400000000000,85774001000000,09:00:00.000000000,23:49:34.001000000,8174,13603,15.616666666666667,ready,115.0
MIX,2023-03-07,1,C:\data_quote\data_finam_MIX_tick_zip\20230307.zip,True,,True,1f5069d2d5b725721fbf16b7e8580cde1f5de06007c9a913a61a631be6eba247,32402000000000,85766003000000,09:00:02.000000000,23:49:26.003000000,7528,11406,15.183333333333334,ready,109.0
MIX,2023-03-09,3,C:\data_quote\data_finam_MIX_tick_zip\20230309.zip,True,,True,39ba468f3aa33a295af1dbd2e64e3129db947e15bd8880b025bb33fc538b7f4e,32402000000000,85625001000000,09:00:02.000000000,23:47:05.001000000,10559,16434,15.416666666666666,ready,155.0
MIX,2023-03-10,4,C:\data_quote\data_finam_MIX_tick_zip\20230310.zip,True,,True,4b1f0f629229c61c6cece140fe8aa94fbcc0b520448b6305d9dfa848b7f3c94a,32400000000000,85796006000000,09:00:00.000000000,23:49:56.006000000,8100,12172,18.916666666666668,ready,116.0
MIX,2023-03-13,0,C:\data_quote\data_finam_MIX_tick_zip\20230313.zip,True,,True,e0f65a99cd1ed91a8931faed855bab0f340584b68e2d0b7260169fcf705857b4,32400000000000,85721001000000,09:00:00.000000000,23:48:41.001000000,14009,20933,25.2,ready,197.0
MIX,2023-03-14,1,C:\data_quote\data_finam_MIX_tick_zip\20230314.zip,True,,True,90927eb40365a07b40353fcb81e4104b3964873f14dfc61f21a31c05526c183c,32400000000000,85786005000000,09:00:00.000000000,23:49:46.005000000,9879,13988,25.283316666666668,ready,111.0
MIX,2023-03-15,2,C:\data_quote\data_finam_MIX_tick_zip\20230315.zip,True,,True,39c20909911647b7e10039ba5dd8bd54864339a1cfc627da4ffb771e787baa82,32401000000000,85762002000000,09:00:01.000000000,23:49:22.002000000,6074,8283,25.783333333333335,ready,74.0
MIX,2023-03-16,3,C:\data_quote\data_finam_MIX_tick_zip\20230316.zip,True,,True,18bb8d7d0825d6da43040fb2d2a669da5a922351965b9f51255d99c942a381a6,32400000000000,85796003000000,09:00:00.000000000,23:49:56.003000000,14460,22030,26.166666666666668,ready,198.0
MIX,2023-03-17,4,C:\data_quote\data_finam_MIX_tick_zip\20230317.zip,True,,True,6c945645c674e21088dff2dc21352eb8827d0b6309e970724b9c472bceca7625,32400000000000,85785000000000,09:00:00.000000000,23:49:45.000000000,23867,39572,25.233333333333334,ready,357.0
MIX,2023-03-20,0,C:\data_quote\data_finam_MIX_tick_zip\20230320.zip,True,,True,b219f8d978be336bab1064b95e537604ba1d96376174ea8c167a3f52ee7a2903,32400000000000,85797000000000,09:00:00.000000000,23:49:57.000000000,17777,29041,25.266666666666666,ready,279.0
MIX,2023-03-21,1,C:\data_quote\data_finam_MIX_tick_zip\20230321.zip,True,,True,4585054c4560ae72519eb82b3f54d7095a14a01ef2e9e1b9a1a8cca769172a9c,32401000000000,85755000000000,09:00:01.000000000,23:49:15.000000000,16449,27648,15.216666666666667,ready,252.0
MIX,2023-03-22,2,C:\data_quote\data_finam_MIX_tick_zip\20230322.zip,True,,True,7238e09ecc17cd83b9abf495d767c8c000276505a5ccac7c7f81cb9a0d6a36be,32401000000000,85742000000000,09:00:01.000000000,23:49:02.000000000,10213,18353,15.16665,ready,170.0
MIX,2023-03-23,3,C:\data_quote\data_finam_MIX_tick_zip\20230323.zip,True,,True,aa4796cfd484443c7494cca3e34707646035b93b4e5ebc6b15c004ed57e5416f,32400000000000,85756000000000,09:00:00.000000000,23:49:16.000000000,8176,14585,15.166666666666666,ready,145.0
MIX,2023-03-24,4,C:\data_quote\data_finam_MIX_tick_zip\20230324.zip,True,,True,068f2b53748a258697efe6edfb503031da5359071cf4d1dad27e79b91b7025b6,32414000000000,85775000000000,09:00:14.000000000,23:49:35.000000000,6814,11151,15.316666666666666,ready,106.0
MIX,2023-03-27,0,C:\data_quote\data_finam_MIX_tick_zip\20230327.zip,True,,True,0272174aefa859d4649983afe1fe7021d89f9a4f899c3952af5ec9adc5bf1f9a,32400000000000,85763001000000,09:00:00.000000000,23:49:23.001000000,12670,21869,15.46665,ready,220.0
MIX,2023-03-28,1,C:\data_quote\data_finam_MIX_tick_zip\20230328.zip,True,,True,ec08fc036ce52b584485c0f9f11765612528f6e85403bf9cc1f7a5be566113e0,32400000000000,85792001000000,09:00:00.000000000,23:49:52.001000000,11287,19212,15.833333333333334,ready,186.0
MIX,2023-03-29,2,C:\data_quote\data_finam_MIX_tick_zip\20230329.zip,True,,True,c5965f9e86e9bf737bc4bac7423b00e08d8dd83ac1a0a5892a6ffbb71d20997a,32400000000000,85752000000000,09:00:00.000000000,23:49:12.000000000,18103,26046,15.283316666666668,ready,213.0
MIX,2023-03-30,3,C:\data_quote\data_finam_MIX_tick_zip\20230330.zip,True,,True,db9bbf724eabe13954d8579e6f83455174f8af210e1facb16782ee21e66920d3,32429000000000,85781000000000,09:00:29.000000000,23:49:41.000000000,11010,16076,16.35,ready,115.0
MIX,2023-03-31,4,C:\data_quote\data_finam_MIX_tick_zip\20230331.zip,True,,True,8edc794827265b12571664cfd312846258c35944ba8c1238404c7d02afc258bd,32400000000000,85798001000000,09:00:00.000000000,23:49:58.001000000,16380,26620,17.033333333333335,ready,267.0
MIX,2023-04-03,0,C:\data_quote\data_finam_MIX_tick_zip\20230403.zip,True,,True,aea5078f6278f4b1fcc886d7c614eaadfb70687688e822d18b2de7e9acc495fc,32400000000000,85728003000000,09:00:00.000000000,23:48:48.003000000,13528,22057,15.433333333333334,ready,236.0
MIX,2023-04-04,1,C:\data_quote\data_finam_MIX_tick_zip\20230404.zip,True,,True,b95a0f2fcb9a2e69fa58a315178729704129211aa84ba7ed1fdeb3f9f34e77e4,32400000000000,85753000000000,09:00:00.000000000,23:49:13.000000000,13770,21419,15.283199999999999,ready,190.0
MIX,2023-04-05,2,C:\data_quote\data_finam_MIX_tick_zip\20230405.zip,True,,True,3d43a688952524f34d0585999ce2a8c4edf83932905a8d249fc411128113bb9b,32400000000000,85790003000000,09:00:00.000000000,23:49:50.003000000,14110,22602,15.133333333333333,ready,213.0
MIX,2023-04-06,3,C:\data_quote\data_finam_MIX_tick_zip\20230406.zip,True,,True,6c350810947fd8988b73ecac6cbff2bfa0c1b83e07d1d77882b010a7861a215e,32401000000000,85791000000000,09:00:01.000000000,23:49:51.000000000,16352,24458,15.1,ready,195.0
MIX,2023-04-07,4,C:\data_quote\data_finam_MIX_tick_zip\20230407.zip,True,,True,1d7c8f9dca920cfa4946d502cb6f5ee785d304f1cbeded7d2df848bef05fc04e,32400000000000,85772000000000,09:00:00.000000000,23:49:32.000000000,17432,26949,15.066666666666666,ready,207.0
MIX,2023-04-10,0,C:\data_quote\data_finam_MIX_tick_zip\20230410.zip,True,,True,dd821f286a055eee1522e740a896acaf16faba2be4f730ec8d9b78bf34756d14,32400000000000,85793004000000,09:00:00.000000000,23:49:53.004000000,14276,21926,15.783316666666668,ready,170.0
MIX,2023-04-11,1,C:\data_quote\data_finam_MIX_tick_zip\20230411.zip,True,,True,2257405ff085269957e2722e5b72586c7aefabb13acceb012b028615da2c4108,32400000000000,85798000000000,09:00:00.000000000,23:49:58.000000000,24111,37664,15.383266666666666,ready,327.0
MIX,2023-04-12,2,C:\data_quote\data_finam_MIX_tick_zip\20230412.zip,True,,True,d566dcf4923e0b34d404672d87e8fe55f0523a278c8767d4d944d09ea61fb852,32400000000000,85750004000000,09:00:00.000000000,23:49:10.004000000,17040,25289,15.2,ready,215.0
MIX,2023-04-13,3,C:\data_quote\data_finam_MIX_tick_zip\20230413.zip,True,,True,ca9c3e822b2f977d44539fa94307ec1c05c13fc48c5f6ef2d59a0b68234a5ffd,32408000000000,85792000000000,09:00:08.000000000,23:49:52.000000000,12105,17103,16.266616666666668,ready,108.0
MIX,2023-04-14,4,C:\data_quote\data_finam_MIX_tick_zip\20230414.zip,True,,True,f281f6767f5544bdbe974fe068032c43b5879980f6e993d13d4200a3b2b2571e,32405000000000,85796000000000,09:00:05.000000000,23:49:56.000000000,11744,17025,15.25,ready,144.0
MIX,2023-04-17,0,C:\data_quote\data_finam_MIX_tick_zip\20230417.zip,True,,True,5d4410828828c69c38544fafe52d2d7313f69792107d6ddaf6ab07a612d5595d,32400000000000,85771001000000,09:00:00.000000000,23:49:31.001000000,14738,25575,15.9,ready,242.0
MIX,2023-04-18,1,C:\data_quote\data_finam_MIX_tick_zip\20230418.zip,True,,True,c449412b383d14322e9ac0bd1c2f22927cd0de04977d116677e27dbc264f6a17,32401000000000,85793003000000,09:00:01.000000000,23:49:53.003000000,14399,23925,15.216666666666667,ready,205.0
MIX,2023-04-19,2,C:\data_quote\data_finam_MIX_tick_zip\20230419.zip,True,,True,4a8fc1100f8b0a606d146545deadb5548ccc585d0d7f3b9011b254780b6a035f,32400000000000,85795000000000,09:00:00.000000000,23:49:55.000000000,21790,35589,15.033333333333333,ready,301.0
MIX,2023-04-20,3,C:\data_quote\data_finam_MIX_tick_zip\20230420.zip,True,,True,badaebe61b97dfad808221877899660025571add94492e767890f0b43247675f,32400000000000,85776000000000,09:00:00.000000000,23:49:36.000000000,19598,33383,15.033333333333333,ready,266.0
MIX,2023-04-21,4,C:\data_quote\data_finam_MIX_tick_zip\20230421.zip,True,,True,6369cf60dbd7723ce6d17f8f4d5ee03a531f632e3ba9a4df1a143efb3197ebb5,32401000000000,85795002000000,09:00:01.000000000,23:49:55.002000000,12428,21097,15.816666666666666,ready,150.0
MIX,2023-04-24,0,C:\data_quote\data_finam_MIX_tick_zip\20230424.zip,True,,True,ac2d6e480cd52b0d2df6270821fe5dd96d3d7274bdf783bbf6342e9f1cd7771d,32400000000000,85785000000000,09:00:00.000000000,23:49:45.000000000,7618,12239,16.85,ready,83.0
MIX,2023-04-25,1,C:\data_quote\data_finam_MIX_tick_zip\20230425.zip,True,,True,1c8c842a4f2fdf25cb4e9eba215605db2813c931ed0bf5f045fcf8bbced853da,32400000000000,85788000000000,09:00:00.000000000,23:49:48.000000000,8683,15665,15.166666666666666,ready,132.0
MIX,2023-04-26,2,C:\data_quote\data_finam_MIX_tick_zip\20230426.zip,True,,True,722e2939b9a101df9597bd4bc565b46fa7aff29a5413d939ea7d3ef26f2c99b1,32401000000000,85793000000000,09:00:01.000000000,23:49:53.000000000,8486,14876,15.183333333333334,ready,125.0
MIX,2023-04-27,3,C:\data_quote\data_finam_MIX_tick_zip\20230427.zip,True,,True,1890f3c31f713f41de4234105659f073f4d07d7580d57b0705ff0fdb57780d04,32401000000000,85797002000000,09:00:01.000000000,23:49:57.002000000,9682,15244,15.033333333333333,ready,92.0
MIX,2023-04-28,4,C:\data_quote\data_finam_MIX_tick_zip\20230428.zip,True,,True,40a2ce560fe674928c44c6d889f7cd59e23fd18bdfdebce546f65c5c56d99251,32400000000000,85788001000000,09:00:00.000000000,23:49:48.001000000,13889,23079,15.199983333333334,ready,172.0
MIX,2023-05-02,1,C:\data_quote\data_finam_MIX_tick_zip\20230502.zip,True,,True,3967edc0c3afe887a08d4c3f626d7ce333139481c34bd25947ec9d6307acca68,32400000000000,85799002000000,09:00:00.000000000,23:49:59.002000000,15297,24307,15.133333333333333,ready,184.0
MIX,2023-05-03,2,C:\data_quote\data_finam_MIX_tick_zip\20230503.zip,True,,True,df5b30292259d731ef1888cf9e35adacb909ba10b01dceb00ae29346433e43d4,32400000000000,85769000000000,09:00:00.000000000,23:49:29.000000000,23387,39352,15.016666666666667,ready,302.0
MIX,2023-05-04,3,C:\data_quote\data_finam_MIX_tick_zip\20230504.zip,True,,True,1b1331cb6a0b08bc4bbd5129dbe72f22381bb6ce3e592638a2d7d3f699b22f3d,32400000000000,85790000000000,09:00:00.000000000,23:49:50.000000000,17499,29027,15.049916666666666,ready,202.0
MIX,2023-05-05,4,C:\data_quote\data_finam_MIX_tick_zip\20230505.zip,True,,True,c405d66c2c514d483bbcd683e55b7b4746f44bccceb437c8707f8469eb57edcc,32400000000000,85797000000000,09:00:00.000000000,23:49:57.000000000,16754,28048,15.066666666666666,ready,198.0
MIX,2023-05-08,0,C:\data_quote\data_finam_MIX_tick_zip\20230508.zip,True,,True,e9abc259a37a9cc69aa7460b87961da0ba28f244b404c98a8ab98b59bc8c1ce6,32405000000000,85787000000000,09:00:05.000000000,23:49:47.000000000,9183,15011,15.033199999999999,ready,82.0
MIX,2023-05-10,2,C:\data_quote\data_finam_MIX_tick_zip\20230510.zip,True,,True,aae74f838f1a514ae5ac2477d0304735b70c44d02c880b67360ac9c5bbc18587,32400000000000,85797000000000,09:00:00.000000000,23:49:57.000000000,23491,38316,15.016666666666667,ready,274.0
MIX,2023-05-11,3,C:\data_quote\data_finam_MIX_tick_zip\20230511.zip,True,,True,e0fd85859c2947ebbf84e8e6e696b5268b0d6462c16cd28cf12b13d2c18a9d69,32400000000000,85799000000000,09:00:00.000000000,23:49:59.000000000,34333,59442,15.083316666666667,ready,371.0
MIX,2023-05-12,4,C:\data_quote\data_finam_MIX_tick_zip\20230512.zip,True,,True,109af7254dc292183d44cbc29a72722e1e36960e2c11e6e6b6d5e5449f03bd7d,32400000000000,85793000000000,09:00:00.000000000,23:49:53.000000000,19660,33105,16.4832,ready,191.0
MIX,2023-05-15,0,C:\data_quote\data_finam_MIX_tick_zip\20230515.zip,True,,True,6d7269a2e5275849fa6a6597262d1b651101c8f6470516c1ecb3dcc7b367e6fd,32400000000000,85798000000000,09:00:00.000000000,23:49:58.000000000,18500,30272,15.016666666666667,ready,186.0
MIX,2023-05-16,1,C:\data_quote\data_finam_MIX_tick_zip\20230516.zip,True,,True,363704b27555788238fc80c08f970903de62e89bdbd186a0760c21a570abcb20,32400000000000,85799000000000,09:00:00.000000000,23:49:59.000000000,21551,31997,15.399966666666668,ready,194.0
MIX,2023-05-17,2,C:\data_quote\data_finam_MIX_tick_zip\20230517.zip,True,,True,68d1d8f37b0b5d150e8538e46668f3c770a0914a9bac1938450d7aceed3b18e9,32400000000000,85775004000000,09:00:00.000000000,23:49:35.004000000,16327,25858,15.583333333333334,ready,137.0
MIX,2023-05-18,3,C:\data_quote\data_finam_MIX_tick_zip\20230518.zip,True,,True,20e8a3ace9eec39eb753a9f7a29650eb80ab1dac8a8d3c0654986189f998543a,32400000000000,85786000000000,09:00:00.000000000,23:49:46.000000000,17745,32305,15.183333333333334,ready,205.0
MIX,2023-05-19,4,C:\data_quote\data_finam_MIX_tick_zip\20230519.zip,True,,True,af950e73381107e651bf0f942e8115cb15a226788604d65954bbc7aee84bc820,32400000000000,85793000000000,09:00:00.000000000,23:49:53.000000000,15438,27558,15.233333333333333,ready,183.0
MIX,2023-05-22,0,C:\data_quote\data_finam_MIX_tick_zip\20230522.zip,True,,True,ff7231e50bc13c529a811f295a5348c1e8e590d07b2597406f13c313bec67d2e,32401000000000,85796000000000,09:00:01.000000000,23:49:56.000000000,11049,18877,15.383333333333333,ready,129.0
MIX,2023-05-23,1,C:\data_quote\data_finam_MIX_tick_zip\20230523.zip,True,,True,05afc5ec3224da86d6cd44ffc7f813d13f6a1051ac112ac0e0a6b3cd8ecfa819,32400000000000,85798000000000,09:00:00.000000000,23:49:58.000000000,24884,39519,15.016666666666667,ready,225.0
MIX,2023-05-24,2,C:\data_quote\data_finam_MIX_tick_zip\20230524.zip,True,,True,bebd974018457704dcd56ace7119d8a2568a632a8388e44d12afaa14224813af,32400000000000,85755000000000,09:00:00.000000000,23:49:15.000000000,15199,23963,15.016666666666667,ready,155.0
MIX,2023-05-25,3,C:\data_quote\data_finam_MIX_tick_zip\20230525.zip,True,,True,e90eed06cb5476e1c3e9bd77499532194209780b98cbb4be31d0b1fe99f95a20,32400000000000,85794000000000,09:00:00.000000000,23:49:54.000000000,12156,19039,15.416616666666666,ready,108.0
MIX,2023-05-26,4,C:\data_quote\data_finam_MIX_tick_zip\20230526.zip,True,,True,04896b8a0d80348e96d21a45795a0e55274e6c319a75e7497cdc652b1ba833f2,32413000000000,85783000000000,09:00:13.000000000,23:49:43.000000000,11765,18767,15.1,ready,117.0
MIX,2023-05-29,0,C:\data_quote\data_finam_MIX_tick_zip\20230529.zip,True,,True,d6aaff438603e617d938b146599d087dcf6e30a55f84ac5e4d29aab09e18cf8d,32400000000000,85797000000000,09:00:00.000000000,23:49:57.000000000,15085,24180,15.216616666666665,ready,140.0
MIX,2023-05-30,1,C:\data_quote\data_finam_MIX_tick_zip\20230530.zip,True,,True,1e91b0692e294cc7f93601f040fec432cbf177581d0dd10b4261c344c5f30e85,32400000000000,85784000000000,09:00:00.000000000,23:49:44.000000000,26628,44051,15.516666666666667,ready,272.0
MIX,2023-05-31,2,C:\data_quote\data_finam_MIX_tick_zip\20230531.zip,True,,True,622491536fcc243710416788c47011d9256c84560f5ac8083799c511af82c756,32400000000000,85785000000000,09:00:00.000000000,23:49:45.000000000,16818,25805,15.2,ready,148.0
MIX,2023-06-01,3,C:\data_quote\data_finam_MIX_tick_zip\20230601.zip,True,,True,3ab1f188cebd53d15ce974b4cab8ff309a4c724e7baf05ab0e07b7bf0f47cb45,32400000000000,85798001000000,09:00:00.000000000,23:49:58.001000000,14050,22779,34.54998333333333,ready,149.0
MIX,2023-06-02,4,C:\data_quote\data_finam_MIX_tick_zip\20230602.zip,True,,True,2eba26be51f7f41083d88ca725d65ee71864804e41bb14f8a1f73626e5ad4b5e,32400000000000,85792000000000,09:00:00.000000000,23:49:52.000000000,14201,22279,15.449966666666667,ready,134.0
MIX,2023-06-05,0,C:\data_quote\data_finam_MIX_tick_zip\20230605.zip,True,,True,2e736c5a56b5a4563479d7130925fd8e2d1f4f1d290e85709d7029f69abcf324,32400000000000,85799011000000,09:00:00.000000000,23:49:59.011000000,23024,37615,15.566566666666667,ready,255.0
MIX,2023-06-06,1,C:\data_quote\data_finam_MIX_tick_zip\20230606.zip,True,,True,5cf0da5da8fcd91a1c3e176b2d9648b30c482401c6cb4268c952fd73a5ced372,32400000000000,85786007000000,09:00:00.000000000,23:49:46.007000000,28493,47256,15.083333333333334,ready,295.0
MIX,2023-06-07,2,C:\data_quote\data_finam_MIX_tick_zip\20230607.zip,True,,True,105b744af277dd735a41740babf68faf5365abfca7bf5157d13890454a725813,32400000000000,85782002000000,09:00:00.000000000,23:49:42.002000000,19389,31415,15.366666666666667,ready,172.0
MIX,2023-06-08,3,C:\data_quote\data_finam_MIX_tick_zip\20230608.zip,True,,True,bc2260cc1f47f1cbcb4a73527230ef7225eb770975b3a81160c00ec8d10fcc2d,32400000000000,85794001000000,09:00:00.000000000,23:49:54.001000000,14331,20987,15.083333333333334,ready,93.0
MIX,2023-06-09,4,C:\data_quote\data_finam_MIX_tick_zip\20230609.zip,True,,True,6247c77e3a8e6d94370b633613a814d7b967ff43997d1a2b910bc2b0da575a35,32400000000000,85794000000000,09:00:00.000000000,23:49:54.000000000,17900,27425,15.216616666666665,ready,167.0
MIX,2023-06-13,1,C:\data_quote\data_finam_MIX_tick_zip\20230613.zip,True,,True,417bd37910e6e41721b7da778b26612986e5d76b01bddb5bef073aafc808d9d3,32400000000000,85786000000000,09:00:00.000000000,23:49:46.000000000,24330,39074,15.016666666666667,ready,218.0
MIX,2023-06-14,2,C:\data_quote\data_finam_MIX_tick_zip\20230614.zip,True,,True,7f3a07e3d467fb10b84ec92e58dfc63497786a250617271814cf6e96cc5a2a2c,32400000000000,85748000000000,09:00:00.000000000,23:49:08.000000000,15163,25010,15.116666666666667,ready,135.0
MIX,2023-06-15,3,C:\data_quote\data_finam_MIX_tick_zip\20230615.zip,True,,True,eb07889fa97b2d2822172417c553b0c616fd1bcf1b51609e7e8bb2cf5a6b066c,32400000000000,85784000000000,09:00:00.000000000,23:49:44.000000000,24265,39617,15.166666666666666,ready,222.0
MIX,2023-06-16,4,C:\data_quote\data_finam_MIX_tick_zip\20230616.zip,True,,True,561a0ae6968222e768269a8b8bd704672b4313b7e763af0086a9246d6eb879e2,32400000000000,85788001000000,09:00:00.000000000,23:49:48.001000000,20577,32116,15.083333333333334,ready,195.0
MIX,2023-06-19,0,C:\data_quote\data_finam_MIX_tick_zip\20230619.zip,True,,True,626f323f87d4712da2110e95f63f090eb2fa1cc63af4695ec7578b0e4adea16d,32400000000000,85799000000000,09:00:00.000000000,23:49:59.000000000,20132,34300,15.466666666666667,ready,237.0
MIX,2023-06-20,1,C:\data_quote\data_finam_MIX_tick_zip\20230620.zip,True,,True,301f1923bf0c565627a1bbe0b1be7e4bde7cb5b3875381292a55b61118e376fa,32400000000000,85774003000000,09:00:00.000000000,23:49:34.003000000,21976,34994,15.2,ready,205.0
MIX,2023-06-21,2,C:\data_quote\data_finam_MIX_tick_zip\20230621.zip,True,,True,2ad9037097b25b25bf8d4fecf3998084eeaedfeb9c9a1be7650c9e5542720169,32400000000000,85796000000000,09:00:00.000000000,23:49:56.000000000,18575,28992,15.166666666666666,ready,159.0
MIX,2023-06-22,3,C:\data_quote\data_finam_MIX_tick_zip\20230622.zip,True,,True,f453d1c6b3800c4ec1bf011e7a6f0316813918ad8874b14b54fdbb0da5b9c843,32400000000000,85785001000000,09:00:00.000000000,23:49:45.001000000,16082,26613,15.199966666666667,ready,187.0
MIX,2023-06-23,4,C:\data_quote\data_finam_MIX_tick_zip\20230623.zip,True,,True,9d6134802833e358660d853fc0999edde24dea770f70da90a9389512988c583d,32401000000000,85798007000000,09:00:01.000000000,23:49:58.007000000,41373,71973,15.283333333333333,ready,455.0
MIX,2023-06-26,0,C:\data_quote\data_finam_MIX_tick_zip\20230626.zip,True,,True,ae143b9c776dafb6a817e716bdf555e508bc2ba12c8c1ec851265ef02e270abe,32400000000000,85796000000000,09:00:00.000000000,23:49:56.000000000,45659,74250,15.65,ready,428.0
MIX,2023-06-27,1,C:\data_quote\data_finam_MIX_tick_zip\20230627.zip,True,,True,73053e16ca085190f784a926e40989dee835167c555fc88221911f4aa1fe092b,32400000000000,85797001000000,09:00:00.000000000,23:49:57.001000000,18097,29862,15.1,ready,148.0
MIX,2023-06-28,2,C:\data_quote\data_finam_MIX_tick_zip\20230628.zip,True,,True,99cbde13f6fd0c282dd4aa5dad481bc393f539cffb95436d84615e8f12729a6a,32407000000000,85797000000000,09:00:07.000000000,23:49:57.000000000,17436,26260,15.4,ready,118.0
MIX,2023-06-29,3,C:\data_quote\data_finam_MIX_tick_zip\20230629.zip,True,,True,924847464e65147a194712f2a70fc363f716023edd85c08fecc3ae3ecf0f24a0,32401000000000,85792017000000,09:00:01.000000000,23:49:52.017000000,21248,33617,15.083333333333334,ready,176.0
MIX,2023-06-30,4,C:\data_quote\data_finam_MIX_tick_zip\20230630.zip,True,,True,ee5981e43cf3a7638ac9c75b111dd78c7a7286928e3e07cdbf71169f607190e2,32402000000000,85796000000000,09:00:02.000000000,23:49:56.000000000,21498,36957,15.149933333333333,ready,175.0
MIX,2023-07-03,0,C:\data_quote\data_finam_MIX_tick_zip\20230703.zip,True,,True,657e2a3af9f5ea01b6951a9ef6af9b94f9d20cbefac7bcd87a1fffa0644b86bc,32400000000000,85791000000000,09:00:00.000000000,23:49:51.000000000,14864,25228,15.1,ready,111.0
MIX,2023-07-04,1,C:\data_quote\data_finam_MIX_tick_zip\20230704.zip,True,,True,932375658285824d44121cf9e7b122e50f05fd17fdd6e4641bf6f99cc8ee6b8d,32400000000000,85791000000000,09:00:00.000000000,23:49:51.000000000,19617,32303,15.083333333333334,ready,168.0
MIX,2023-07-05,2,C:\data_quote\data_finam_MIX_tick_zip\20230705.zip,True,,True,63954ac60996b137af7bef6cced90651262087cbaed189f36db9b590882ed5af,32400000000000,85791000000000,09:00:00.000000000,23:49:51.000000000,14567,26223,15.1,ready,144.0
MIX,2023-07-06,3,C:\data_quote\data_finam_MIX_tick_zip\20230706.zip,True,,True,621b772535fa360ae6284b8be6962b9d4181635a9065abed4a50ee975bb259a5,32400000000000,85794000000000,09:00:00.000000000,23:49:54.000000000,19775,32569,15.51665,ready,164.0
MIX,2023-07-07,4,C:\data_quote\data_finam_MIX_tick_zip\20230707.zip,True,,True,b4a573743654b9583dbed82d7dff29c7d77f98c2388d8906135c9d824a0b65dc,32400000000000,85799000000000,09:00:00.000000000,23:49:59.000000000,10071,16123,15.083266666666667,ready,72.0
MIX,2023-07-10,0,C:\data_quote\data_finam_MIX_tick_zip\20230710.zip,True,,True,3c6f33015c0fa7f9474fd930978e9ba3f90bc41f544617919dc728456277d447,32388000000000,85793000000000,08:59:48.000000000,23:49:53.000000000,19385,32059,15.016666666666667,ready,174.0
MIX,2023-07-11,1,C:\data_quote\data_finam_MIX_tick_zip\20230711.zip,True,,True,871032e12d0fc78319f1f8ee8bdd1deeba427b7b59c67b8cd9e671a87bd481fa,32357000000000,85796000000000,08:59:17.000000000,23:49:56.000000000,14805,22719,16.61665,ready,109.0
MIX,2023-07-12,2,C:\data_quote\data_finam_MIX_tick_zip\20230712.zip,True,,True,3da7c28ac8c671eadc3c791091ef114e5607f25df0e23bf01d021aadd8499e24,32372000000000,85796001000000,08:59:32.000000000,23:49:56.001000000,24526,41812,15.133233333333333,ready,221.0
MIX,2023-07-13,3,C:\data_quote\data_finam_MIX_tick_zip\20230713.zip,True,,True,a7c8da7e91e4584db4b52c482701b529cbb2ef8d3775db3c340a300dd09836d8,32372000000000,85763000000000,08:59:32.000000000,23:49:23.000000000,24000,40183,15.116666666666667,ready,225.0
MIX,2023-07-14,4,C:\data_quote\data_finam_MIX_tick_zip\20230714.zip,True,,True,20ec33354a9a06cfb4049415e58047930dbac6131a8a38289908525d4d635e1c,32400000000000,85785001000000,09:00:00.000000000,23:49:45.001000000,14591,24361,15.2,ready,116.0
MIX,2023-07-17,0,C:\data_quote\data_finam_MIX_tick_zip\20230717.zip,True,,True,b68e8e27a69544be468086e185cf1e16bdb87286a3a9a514aa90f3cc54d3606e,32371000000000,85797002000000,08:59:31.000000000,23:49:57.002000000,23736,39826,15.083333333333334,ready,197.0
MIX,2023-07-18,1,C:\data_quote\data_finam_MIX_tick_zip\20230718.zip,True,,True,32bd1e5ceb4275f7754a05486f529e7a48a0da3c66e9d6fb36734f43d8c3f7f0,32376000000000,85798000000000,08:59:36.000000000,23:49:58.000000000,23116,39078,15.183316666666666,ready,216.0
MIX,2023-07-19,2,C:\data_quote\data_finam_MIX_tick_zip\20230719.zip,True,,True,d80a8cb8bd6e2e5170e79d3af7dbd4cf9718a2680f55d3cb84032f877d187ab5,32400000000000,85781000000000,09:00:00.000000000,23:49:41.000000000,20352,32137,15.16665,ready,171.0
MIX,2023-07-20,3,C:\data_quote\data_finam_MIX_tick_zip\20230720.zip,True,,True,6cfb3b5a4f5ecaaa47ff36fd25f2e5d9b62be2444ce40a540dbdc09badb2ef35,32353000000000,85796000000000,08:59:13.000000000,23:49:56.000000000,26607,42633,15.083333333333334,ready,221.0
MIX,2023-07-21,4,C:\data_quote\data_finam_MIX_tick_zip\20230721.zip,True,,True,9d5513adfc04ef3362575b9b5ca6d7ca4c28ce8753fee3ce67ef5258637c50d1,32373000000000,85790000000000,08:59:33.000000000,23:49:50.000000000,23883,38603,15.1333,ready,205.0
MIX,2023-07-24,0,C:\data_quote\data_finam_MIX_tick_zip\20230724.zip,True,,True,3915b5a4140ea2b9687d95be49e2eaa2b4e72eb1abc17d66ceade35e7c81f2ba,32367000000000,85755000000000,08:59:27.000000000,23:49:15.000000000,16278,25772,15.166666666666666,ready,120.0
MIX,2023-07-25,1,C:\data_quote\data_finam_MIX_tick_zip\20230725.zip,True,,True,b5a308b20f01ec3d50d09a8322e2267a52092c347b1d2854d364ce2aaf77c58f,32367000000000,85793009000000,08:59:27.000000000,23:49:53.009000000,17050,28077,15.049733333333334,ready,141.0
MIX,2023-07-26,2,C:\data_quote\data_finam_MIX_tick_zip\20230726.zip,True,,True,ad1b914e2d8d0fc31ef7cf6618637dec1ba513004789f8c19d9d632337648d1e,32407000000000,85715000000000,09:00:07.000000000,23:48:35.000000000,17254,26979,15.033333333333333,ready,136.0
MIX,2023-07-27,3,C:\data_quote\data_finam_MIX_tick_zip\20230727.zip,True,,True,099af5ba880eababe678fcd9012be3929f9840382a210b3610446271a77c6a3d,32363000000000,85796000000000,08:59:23.000000000,23:49:56.000000000,18584,30428,15.166666666666666,ready,171.0
MIX,2023-07-28,4,C:\data_quote\data_finam_MIX_tick_zip\20230728.zip,True,,True,7481efa094235e188a750ff344eacf3c6b4e44dccf2cc05041b6349ccea0a3f8,32354000000000,85795002000000,08:59:14.000000000,23:49:55.002000000,19142,32968,15.116666666666667,ready,191.0
MIX,2023-07-31,0,C:\data_quote\data_finam_MIX_tick_zip\20230731.zip,True,,True,4c891cad696a057e7fb4eeaa33472937c0de01a1b1bbf4af24b0d030a8d38166,32343000000000,85799000000000,08:59:03.000000000,23:49:59.000000000,29554,49827,15.083333333333334,ready,284.0
MIX,2023-08-01,1,C:\data_quote\data_finam_MIX_tick_zip\20230801.zip,True,,True,a38f544c0b6926cadff5ebb7c9aa7c8db160683b9af7b8156499a089f59c5731,32362000000000,85774000000000,08:59:22.000000000,23:49:34.000000000,34140,60629,15.21665,ready,373.0
MIX,2023-08-02,2,C:\data_quote\data_finam_MIX_tick_zip\20230802.zip,True,,True,cf59a37d82e1dedf5f853b0036e90d72ea963791157aaebcc3fd09c8354f8d41,32388000000000,85786006000000,08:59:48.000000000,23:49:46.006000000,28998,47293,15.033283333333333,ready,234.0
MIX,2023-08-03,3,C:\data_quote\data_finam_MIX_tick_zip\20230803.zip,True,,True,5efd6701ac6ea389c5febd6b60e8120167aa9befae6bbc991e3a77df63738deb,32369000000000,85795002000000,08:59:29.000000000,23:49:55.002000000,30450,52462,15.16665,ready,286.0
MIX,2023-08-04,4,C:\data_quote\data_finam_MIX_tick_zip\20230804.zip,True,,True,643d01c764c6836a0c8628b5976ac00ea49afea5b7028ecc848e8401424793e9,32355000000000,85794001000000,08:59:15.000000000,23:49:54.001000000,83409,143385,15.03325,ready,745.0
MIX,2023-08-07,0,C:\data_quote\data_finam_MIX_tick_zip\20230807.zip,True,,True,21bd5ecdf963bc78cfbbe1d53f83e524a43b24426ac00a65ce970145d985be21,32386000000000,85763006000000,08:59:46.000000000,23:49:23.006000000,49569,86582,15.1333,ready,345.0
MIX,2023-08-08,1,C:\data_quote\data_finam_MIX_tick_zip\20230808.zip,True,,True,73112342e92422b0cf1f5733d59a599844ab2ff736bd303c45a58b0c4cb32ff4,32366000000000,85798000000000,08:59:26.000000000,23:49:58.000000000,53381,92888,15.233333333333333,ready,396.0
MIX,2023-08-09,2,C:\data_quote\data_finam_MIX_tick_zip\20230809.zip,True,,True,aea89dc4e030ebb8a7af2b99a2ce889992a5eecd171c024da506b3bc8c8abdbc,32385000000000,85796000000000,08:59:45.000000000,23:49:56.000000000,35017,58495,15.01665,ready,208.0
MIX,2023-08-10,3,C:\data_quote\data_finam_MIX_tick_zip\20230810.zip,True,,True,66da391538f3e3de28e06c569a1862ee0f100d27343b1b4f32de8f0795ff54a6,32369000000000,85791000000000,08:59:29.000000000,23:49:51.000000000,28498,50566,15.283316666666668,ready,183.0
MIX,2023-08-11,4,C:\data_quote\data_finam_MIX_tick_zip\20230811.zip,True,,True,5a5d1379dff3545d81bf2fe82a52e07577f078ba2ba16f451d2ca120b0e91f98,32356000000000,85798001000000,08:59:16.000000000,23:49:58.001000000,27398,48241,15.083333333333334,ready,179.0
MIX,2023-08-14,0,C:\data_quote\data_finam_MIX_tick_zip\20230814.zip,True,,True,81208a3782646092c74f3f473b2c1c87ed2751ddd5d4a1c9c67108c06b6e9c25,32343000000000,85798000000000,08:59:03.000000000,23:49:58.000000000,59637,103196,15.066666666666666,ready,299.0
MIX,2023-08-15,1,C:\data_quote\data_finam_MIX_tick_zip\20230815.zip,True,,True,1821baba566edb29956defd473ffff61adaa4266731dc6c867524f0169bb674c,32344000000000,85798000000000,08:59:04.000000000,23:49:58.000000000,64899,107320,15.099983333333334,ready,345.0
MIX,2023-08-16,2,C:\data_quote\data_finam_MIX_tick_zip\20230816.zip,True,,True,938264a1cc3b07dd09fe108aba991d0a4c9f0bd26d5b5a029bfe50832857dd7d,32343000000000,85784000000000,08:59:03.000000000,23:49:44.000000000,60651,100948,15.149983333333333,ready,300.0
MIX,2023-08-17,3,C:\data_quote\data_finam_MIX_tick_zip\20230817.zip,True,,True,6011169b7f5281aa544020c94186d0922d8237eca8ed583fc786508511c57d2b,32350000000000,85797002000000,08:59:10.000000000,23:49:57.002000000,44630,70614,15.066666666666666,ready,197.0
MIX,2023-08-18,4,C:\data_quote\data_finam_MIX_tick_zip\20230818.zip,True,,True,56017df0189a231326b10a21644b07d5115e8c36a84108d9dd60977eed35c0c9,32388000000000,85794001000000,08:59:48.000000000,23:49:54.001000000,33213,52962,27.466666666666665,ready,140.0
MIX,2023-08-21,0,C:\data_quote\data_finam_MIX_tick_zip\20230821.zip,True,,True,a340791b85ac42ff159982acdaea4283dffe15a9346336abd35777c8977d9f23,32362000000000,85787000000000,08:59:22.000000000,23:49:47.000000000,32498,53159,15.233333333333333,ready,122.0
MIX,2023-08-22,1,C:\data_quote\data_finam_MIX_tick_zip\20230822.zip,True,,True,5fd8195bf17f9c0a40aeef14e98d51743a6f15198f280d10a4d0b4fafdd5b941,32381000000000,85794000000000,08:59:41.000000000,23:49:54.000000000,28498,47578,15.066666666666666,ready,106.0
MIX,2023-08-23,2,C:\data_quote\data_finam_MIX_tick_zip\20230823.zip,True,,True,4034f84689900bc8e73dbd16674d380ab6a87cc44ba33f953963cd96d8d814e1,32379000000000,85799000000000,08:59:39.000000000,23:49:59.000000000,45233,87343,15.083333333333334,ready,273.0
MIX,2023-08-24,3,C:\data_quote\data_finam_MIX_tick_zip\20230824.zip,True,,True,8313d888d53d98282ec2d005617717eaab3ceb58b4ae6b22120ad0042e85e21c,32362000000000,85755000000000,08:59:22.000000000,23:49:15.000000000,24836,48535,15.016666666666667,ready,138.0
MIX,2023-08-25,4,C:\data_quote\data_finam_MIX_tick_zip\20230825.zip,True,,True,0eb1588a083c913b2508c573061d7a7f2143afe8288eb8cbb0d1b9cc40521405,32344000000000,85797000000000,08:59:04.000000000,23:49:57.000000000,21529,42500,15.083300000000001,ready,97.0
MIX,2023-08-28,0,C:\data_quote\data_finam_MIX_tick_zip\20230828.zip,True,,True,41a4699c16b02ea85f3011ad8057addcfaadecb788456df4cfde2ecfc3b6e62b,32371000000000,85798000000000,08:59:31.000000000,23:49:58.000000000,24795,47834,15.216566666666667,ready,112.0
MIX,2023-08-29,1,C:\data_quote\data_finam_MIX_tick_zip\20230829.zip,True,,True,f88ca1e029cd8dc4622b9ada40b0c3289f2b60cc2534c0009deb7e322aafca3f,32383000000000,85731000000000,08:59:43.000000000,23:48:51.000000000,23783,44640,15.383066666666668,ready,118.0
MIX,2023-08-30,2,C:\data_quote\data_finam_MIX_tick_zip\20230830.zip,True,,True,5ca1a6d673801b51a4a61a9a0fb835f6dbcb159b230ce77d815aa3cc65dd0ab7,32378000000000,85788000000000,08:59:38.000000000,23:49:48.000000000,21450,40471,15.099983333333334,ready,102.0
MIX,2023-08-31,3,C:\data_quote\data_finam_MIX_tick_zip\20230831.zip,True,,True,761f0fb0c19c3bd3d06ec7d180d72060e82754f8f75e905df7f2d9a41731caf3,32381000000000,85755000000000,08:59:41.000000000,23:49:15.000000000,19562,37331,15.15,ready,98.0
MIX,2023-09-01,4,C:\data_quote\data_finam_MIX_tick_zip\20230901.zip,True,,True,484334d90c005df1c4aa01a0f7c074938e844c55dc99d305c792cdfbcad3578f,32365000000000,85799002000000,08:59:25.000000000,23:49:59.002000000,16269,28625,15.3,ready,63.0
MIX,2023-09-04,0,C:\data_quote\data_finam_MIX_tick_zip\20230904.zip,True,,True,293106874c7b88e85fd2d366d178902b2a0ec728bd63235ed6868dabafd67938,32379000000000,85790001000000,08:59:39.000000000,23:49:50.001000000,21814,41489,15.499916666666667,ready,121.0
MIX,2023-09-05,1,C:\data_quote\data_finam_MIX_tick_zip\20230905.zip,True,,True,e1faf9b9b4d3a738ec0d338a1902eae2c95f65febb1b558b5d4ec8872fe5dada,32349000000000,85794000000000,08:59:09.000000000,23:49:54.000000000,31175,56545,15.1,ready,180.0
MIX,2023-09-06,2,C:\data_quote\data_finam_MIX_tick_zip\20230906.zip,True,,True,e227db011cb5001eb1758e09a05ff2d616484049cb8640d52f0c8c890cf1f0c4,32377000000000,85796001000000,08:59:37.000000000,23:49:56.001000000,25681,44386,15.183333333333334,ready,135.0
MIX,2023-09-07,3,C:\data_quote\data_finam_MIX_tick_zip\20230907.zip,True,,True,fe86c955823882d44ee46b9272b25f276a4f27be8c68e9359b9170de64b0f983,32400000000000,85776001000000,09:00:00.000000000,23:49:36.001000000,55447,103739,15.149933333333333,ready,347.0
MIX,2023-09-08,4,C:\data_quote\data_finam_MIX_tick_zip\20230908.zip,True,,True,0bc4e5aaa5bb6f39fe0bbc3dc3894cb2e95d07a6177df84e5c47b7a6235b7616,32381000000000,85782003000000,08:59:41.000000000,23:49:42.003000000,43494,79204,15.2,ready,229.0
MIX,2023-09-11,0,C:\data_quote\data_finam_MIX_tick_zip\20230911.zip,True,,True,288d34cd8475c3a5aff2644ee9f6fc537f3d7b55b1c58ea9ea980d42cc38f775,32384000000000,85745000000000,08:59:44.000000000,23:49:05.000000000,37428,69384,15.216666666666667,ready,209.0
MIX,2023-09-12,1,C:\data_quote\data_finam_MIX_tick_zip\20230912.zip,True,,True,c83dad8aabfaccd207ea8b78454f65c47e03ce0d60cd177c2d8a5aafa3bc647d,32372000000000,85798000000000,08:59:32.000000000,23:49:58.000000000,40448,77242,15.55,ready,244.0
MIX,2023-09-13,2,C:\data_quote\data_finam_MIX_tick_zip\20230913.zip,True,,True,3b277a33bd0fdad6016ea6eda67f95bc19d98d9acd9180d950a75e4cd8571ab1,48600000000000,85752000000000,13:30:00.000000000,23:49:12.000000000,15478,27765,15.066666666666666,ready,75.0
MIX,2023-09-14,3,C:\data_quote\data_finam_MIX_tick_zip\20230914.zip,True,,True,8574681aad27d4d280dd42e3cd31baad4e570d4baa72646fd496b1a583f09265,32400000000000,85799000000000,09:00:00.000000000,23:49:59.000000000,45422,83243,15.183316666666666,ready,249.0
MIX,2023-09-15,4,C:\data_quote\data_finam_MIX_tick_zip\20230915.zip,True,,True,ed00dd638ec890aa13d4b101979bbaf41c65d81613d9a2410b3da683a07d71d0,32401000000000,85782002000000,09:00:01.000000000,23:49:42.002000000,31444,54692,15.716483333333334,ready,159.0
MIX,2023-09-18,0,C:\data_quote\data_finam_MIX_tick_zip\20230918.zip,True,,True,380472e681851edf745a934fcaeb08bafdcdee1e5fd7741dbb887366e8353a22,32400000000000,85718002000000,09:00:00.000000000,23:48:38.002000000,26760,49854,15.033333333333333,ready,138.0
MIX,2023-09-19,1,C:\data_quote\data_finam_MIX_tick_zip\20230919.zip,True,,True,5dd58f9cea9a801cf0a184cd7d5cdcb327336a82b91f3973e7526415bb0f3e39,32400000000000,85799001000000,09:00:00.000000000,23:49:59.001000000,49103,95320,15.083316666666667,ready,269.0
MIX,2023-09-20,2,C:\data_quote\data_finam_MIX_tick_zip\20230920.zip,True,,True,47756be294a7bb81a6547ebe5cdae7272afb6ff4b348a8e8efabf045534b2bf9,32400000000000,85757000000000,09:00:00.000000000,23:49:17.000000000,32565,53029,15.216666666666667,ready,136.0
MIX,2023-09-21,3,C:\data_quote\data_finam_MIX_tick_zip\20230921.zip,True,,True,d4dd08efc987076c9abb5bbf5297bfc24ca531d55d2470db29909b4fe5f01551,32400000000000,85793000000000,09:00:00.000000000,23:49:53.000000000,51653,92356,15.133233333333333,ready,276.0
MIX,2023-09-22,4,C:\data_quote\data_finam_MIX_tick_zip\20230922.zip,True,,True,e8a5a8fc5493affc0ac6c3d6ac82ec41e9fca2251770aa8f6ae105991ce7f8d6,32400000000000,85797000000000,09:00:00.000000000,23:49:57.000000000,43344,73867,15.216666666666667,ready,237.0
MIX,2023-09-25,0,C:\data_quote\data_finam_MIX_tick_zip\20230925.zip,True,,True,8d652677929c2ed1661c67f89aee4cd51fdbee724c66587e31b619146ecd575d,32400000000000,85779000000000,09:00:00.000000000,23:49:39.000000000,27703,47794,15.05,ready,134.0
MIX,2023-09-26,1,C:\data_quote\data_finam_MIX_tick_zip\20230926.zip,True,,True,ee4ba492a9aa01d330c176aa451602913778336bc36e0645906adb3bf3275e1c,32400000000000,85797001000000,09:00:00.000000000,23:49:57.001000000,28531,51099,15.1,ready,142.0
MIX,2023-09-27,2,C:\data_quote\data_finam_MIX_tick_zip\20230927.zip,True,,True,22f33d4200dd2f4d3689926d6fdcfb892471785c839596a57cd498286a3523a1,32400000000000,85799000000000,09:00:00.000000000,23:49:59.000000000,30008,52094,15.149983333333333,ready,146.0
MIX,2023-09-28,3,C:\data_quote\data_finam_MIX_tick_zip\20230928.zip,True,,True,d9479c1f4d936c3d5ff6afaf9bc016000bbe37510c976a85334c4b8113a09d8e,32400000000000,85780001000000,09:00:00.000000000,23:49:40.001000000,30278,52867,15.033333333333333,ready,158.0
MIX,2023-09-29,4,C:\data_quote\data_finam_MIX_tick_zip\20230929.zip,True,,True,85afafd9b007af4715e970be8f35315654b90026673d1ca977f2787d2a48d14f,32400000000000,85799000000000,09:00:00.000000000,23:49:59.000000000,36084,70383,15.133316666666667,ready,227.0
MIX,2023-10-02,0,C:\data_quote\data_finam_MIX_tick_zip\20231002.zip,True,,True,684774f122ba9b6c99602ab495e1349c6cc95c4e46f5109e080f681b95d8608a,32400000000000,85798001000000,09:00:00.000000000,23:49:58.001000000,26293,45607,15.033333333333333,ready,110.0
MIX,2023-10-03,1,C:\data_quote\data_finam_MIX_tick_zip\20231003.zip,True,,True,81cc70580cfc58bdc3a155936e9d54abbf111213b45c7db39e15c0094818485a,32400000000000,85781002000000,09:00:00.000000000,23:49:41.002000000,32283,57360,15.283333333333333,ready,154.0
MIX,2023-10-04,2,C:\data_quote\data_finam_MIX_tick_zip\20231004.zip,True,,True,000729f081271579d9fe52b03c914f23965e75991e55ecfe92661e18b8c3c9a4,32400000000000,85785000000000,09:00:00.000000000,23:49:45.000000000,25232,39912,15.033333333333333,ready,93.0
MIX,2023-10-05,3,C:\data_quote\data_finam_MIX_tick_zip\20231005.zip,True,,True,af77acabb088e7b096d63d02054e06819e3a038112bdbdd8534e4d947a1e3448,32400000000000,85796004000000,09:00:00.000000000,23:49:56.004000000,26190,43678,15.41665,ready,113.0
MIX,2023-10-06,4,C:\data_quote\data_finam_MIX_tick_zip\20231006.zip,True,,True,ecccfd927ed3fa35a88e70d8dbf63084b51ddcb944792772bd7e873d6a080728,32400000000000,85797000000000,09:00:00.000000000,23:49:57.000000000,24445,41653,15.05,ready,106.0
MIX,2023-10-09,0,C:\data_quote\data_finam_MIX_tick_zip\20231009.zip,True,,True,f51e3f21fd3a4844da3d5a3e40dfd791a8b53e25b720777da58502140bb9b7f3,32400000000000,85785001000000,09:00:00.000000000,23:49:45.001000000,33028,59346,15.283333333333333,ready,163.0
MIX,2023-10-10,1,C:\data_quote\data_finam_MIX_tick_zip\20231010.zip,True,,True,6e27a5b44a9a6b259a092afcd6864464ad4dac2459bcb6c14d5d6cb0a816ea8d,32400000000000,85798000000000,09:00:00.000000000,23:49:58.000000000,21202,36321,15.583300000000001,ready,101.0
MIX,2023-10-11,2,C:\data_quote\data_finam_MIX_tick_zip\20231011.zip,True,,True,1791cc6720f00af0e6c7a532bad41f8e1790863a3abef03634f7678b58c5772e,32400000000000,85799000000000,09:00:00.000000000,23:49:59.000000000,29393,55442,15.083300000000001,ready,192.0
MIX,2023-10-12,3,C:\data_quote\data_finam_MIX_tick_zip\20231012.zip,True,,True,295f92c01a438ab73e38034a4cbedb8a720a398d8b6e84a7d0f982b03ad40305,32400000000000,85755001000000,09:00:00.000000000,23:49:15.001000000,26138,48143,15.049983333333333,ready,138.0
MIX,2023-10-13,4,C:\data_quote\data_finam_MIX_tick_zip\20231013.zip,True,,True,599299a68a4f2fd50846072cf599e09c5b1b592335533c394f9e706b843b4073,32400000000000,85795003000000,09:00:00.000000000,23:49:55.003000000,18729,31366,15.099966666666667,ready,92.0
MIX,2023-10-16,0,C:\data_quote\data_finam_MIX_tick_zip\20231016.zip,True,,True,4a98c61dfbb583c0cef3ea38173a7aae8422570822143589613ac68728925825,32400000000000,85799000000000,09:00:00.000000000,23:49:59.000000000,19812,36051,15.133333333333333,ready,104.0
MIX,2023-10-17,1,C:\data_quote\data_finam_MIX_tick_zip\20231017.zip,True,,True,fe03c629d3da6b4586b403e93987a7b36f33c9b079ff54089a0ad722362cb06a,32400000000000,85780002000000,09:00:00.000000000,23:49:40.002000000,22903,47721,15.116666666666667,ready,188.0
MIX,2023-10-18,2,C:\data_quote\data_finam_MIX_tick_zip\20231018.zip,True,,True,eefddf47fcb4f5eb54e9e54e5d010b682f96760e59ad4b4dde40336e4f305400,32400000000000,85731001000000,09:00:00.000000000,23:48:51.001000000,25467,43847,15.15,ready,154.0
MIX,2023-10-19,3,C:\data_quote\data_finam_MIX_tick_zip\20231019.zip,True,,True,34c4642947c71c3b774cbffb8aa1b2de681413a4395f987e5b147a4b353e1fb8,32400000000000,85788003000000,09:00:00.000000000,23:49:48.003000000,19871,33630,15.066650000000001,ready,109.0
MIX,2023-10-20,4,C:\data_quote\data_finam_MIX_tick_zip\20231020.zip,True,,True,04c7d21b5288764724d38cdfecf218c335e43753d221c88f9faef62a2e067711,32402000000000,85731000000000,09:00:02.000000000,23:48:51.000000000,23903,42665,15.099983333333334,ready,151.0
MIX,2023-10-23,0,C:\data_quote\data_finam_MIX_tick_zip\20231023.zip,True,,True,cc95c225850e1b8815237448da365f555e9471fbee42bbeea37b7b10dbcfec55,32400000000000,85796000000000,09:00:00.000000000,23:49:56.000000000,20422,37999,15.116666666666667,ready,133.0
MIX,2023-10-24,1,C:\data_quote\data_finam_MIX_tick_zip\20231024.zip,True,,True,bb54ad63ae62e47a1f636037abb42a24ae4cba8e6670c48e37061bcb7a3c1eea,32400000000000,85799000000000,09:00:00.000000000,23:49:59.000000000,17908,31367,16.2166,ready,124.0
MIX,2023-10-25,2,C:\data_quote\data_finam_MIX_tick_zip\20231025.zip,True,,True,759c3e795844be23913ef6e7a91b43b57a01991c70b00eac0fc261de4173adb8,32400000000000,85757001000000,09:00:00.000000000,23:49:17.001000000,16473,27485,15.083283333333332,ready,97.0
MIX,2023-10-26,3,C:\data_quote\data_finam_MIX_tick_zip\20231026.zip,True,,True,b0084f1223928db573f5df48847e411a3540907a3f8fe4bfbd6be0e931e9a9ad,32400000000000,85797001000000,09:00:00.000000000,23:49:57.001000000,31894,55252,15.033283333333333,ready,210.0
MIX,2023-10-27,4,C:\data_quote\data_finam_MIX_tick_zip\20231027.zip,True,,True,713925bc097f282ce13ed2327de5b30ff4fbeb7e147e2a9d8393d5b321700f5b,32400000000000,85796000000000,09:00:00.000000000,23:49:56.000000000,35266,59995,15.083333333333334,ready,220.0
MIX,2023-10-30,0,C:\data_quote\data_finam_MIX_tick_zip\20231030.zip,True,,True,91f7f4a16da3eb23e62a4d1ec4f808c32b4e5d7d3d654f856d5ab657579ff90c,32386000000000,85781000000000,08:59:46.000000000,23:49:41.000000000,20823,35006,15.083333333333334,ready,125.0
MIX,2023-10-31,1,C:\data_quote\data_finam_MIX_tick_zip\20231031.zip,True,,True,a8f6aead8b649352ae210854a1c42b109fb252edc6849534b1d4bed0ddd21dd9,32386000000000,85795001000000,08:59:46.000000000,23:49:55.001000000,31223,56332,15.01665,ready,260.0
MIX,2023-11-01,2,C:\data_quote\data_finam_MIX_tick_zip\20231101.zip,True,,True,03752b48f0bc77ef9b279e4ed5b1f553cd6a8e05a4325002093229cbf534bd4f,32359000000000,85798004000000,08:59:19.000000000,23:49:58.004000000,14551,23803,15.199983333333334,ready,83.0
MIX,2023-11-02,3,C:\data_quote\data_finam_MIX_tick_zip\20231102.zip,True,,True,443ed30213893e75ea9fc5fcd4d5929a761446ceb03a5d43d64442e1e7b45ca0,32377000000000,85795000000000,08:59:37.000000000,23:49:55.000000000,22395,38515,15.0333,ready,159.0
MIX,2023-11-03,4,C:\data_quote\data_finam_MIX_tick_zip\20231103.zip,True,,True,93ced35221046f12379318f9dbd1d30f1fb4e8e49c726b413936eadea9aba2fa,32400000000000,85797000000000,09:00:00.000000000,23:49:57.000000000,21032,35665,15.1333,ready,144.0
MIX,2023-11-06,0,C:\data_quote\data_finam_MIX_tick_zip\20231106.zip,True,,True,78dd0aba9386159c26988062141ad086748a31bad119c0681c9490775cfcb211,32387000000000,85758003000000,08:59:47.000000000,23:49:18.003000000,11406,19529,15.033333333333333,ready,75.0
MIX,2023-11-07,1,C:\data_quote\data_finam_MIX_tick_zip\20231107.zip,True,,True,5014d00ad5a6f6bba685aa98a871b94802b0aa0385474f223df028713be65adb,32354000000000,85775000000000,08:59:14.000000000,23:49:35.000000000,14402,23763,15.016666666666667,ready,82.0
MIX,2023-11-08,2,C:\data_quote\data_finam_MIX_tick_zip\20231108.zip,True,,True,03c5ac2afc19e327a46a5d4a4df9c522fdb093bb30f75cc36f6775bbfd4b7044,32382000000000,85728001000000,08:59:42.000000000,23:48:48.001000000,16904,26923,15.133283333333333,ready,109.0
MIX,2023-11-09,3,C:\data_quote\data_finam_MIX_tick_zip\20231109.zip,True,,True,9c4e24533112be9fb7a6849812a7620003928bc9e12b6864bd837d450c7327f8,32400000000000,85795001000000,09:00:00.000000000,23:49:55.001000000,16483,27108,15.166616666666666,ready,124.0
MIX,2023-11-10,4,C:\data_quote\data_finam_MIX_tick_zip\20231110.zip,True,,True,c22a27ff2ffcb6a91e19e594edb6ce989e3e21ba8fe519fe5676a416711b1a45,32400000000000,85797000000000,09:00:00.000000000,23:49:57.000000000,13146,20962,15.233283333333333,ready,99.0
MIX,2023-11-13,0,C:\data_quote\data_finam_MIX_tick_zip\20231113.zip,True,,True,5505597cb7314972cfc6d9141097cbfd4face70b2201f9377de08a6013510eef,32374000000000,85797000000000,08:59:34.000000000,23:49:57.000000000,13604,21707,15.116633333333334,ready,89.0
MIX,2023-11-14,1,C:\data_quote\data_finam_MIX_tick_zip\20231114.zip,True,,True,9abd7af527ad9862cc354bf36dd546eec06fe195d1e422360eb443790fe03bec,32386000000000,85786001000000,08:59:46.000000000,23:49:46.001000000,26875,46771,15.066616666666667,ready,243.0
MIX,2023-11-15,2,C:\data_quote\data_finam_MIX_tick_zip\20231115.zip,True,,True,909fa2a20e4cf738fc417b5dd7804c1e5ba86bd83cf41c0207cd20ce6f5e48b2,32358000000000,85735000000000,08:59:18.000000000,23:48:55.000000000,22202,39751,15.149966666666668,ready,192.0
MIX,2023-11-16,3,C:\data_quote\data_finam_MIX_tick_zip\20231116.zip,True,,True,ee7f980e4a4dd0b7a36ab77f796d3b58aa9997d8305c64b5eed2a4fbbe3be616,32389000000000,85786000000000,08:59:49.000000000,23:49:46.000000000,20657,34555,15.049983333333333,ready,188.0
MIX,2023-11-17,4,C:\data_quote\data_finam_MIX_tick_zip\20231117.zip,True,,True,44cb0da1841cc4da78203cb4922f66d097f4d4d1cb4e7bbd1c547f06fc1bc05f,32366000000000,85794001000000,08:59:26.000000000,23:49:54.001000000,27410,51522,15.066666666666666,ready,296.0
MIX,2023-11-20,0,C:\data_quote\data_finam_MIX_tick_zip\20231120.zip,True,,True,689e3e449962b6834f47333a7e8b8f8e2aeecc79fcf47123eb800df3bd8f17b5,32371000000000,85797000000000,08:59:31.000000000,23:49:57.000000000,18218,29240,15.266633333333335,ready,153.0
MIX,2023-11-21,1,C:\data_quote\data_finam_MIX_tick_zip\20231121.zip,True,,True,2b69c8b8dc553d334febbaa1fe4e01c18755ae9a77161bdfc15f6deb7e990e52,32369000000000,85794008000000,08:59:29.000000000,23:49:54.008000000,15166,24483,15.11665,ready,114.0
MIX,2023-11-22,2,C:\data_quote\data_finam_MIX_tick_zip\20231122.zip,True,,True,da2aa0d1c9ed765416123d1f570f5b168f2beb895106b74da5c94ca48c983571,32384000000000,85783000000000,08:59:44.000000000,23:49:43.000000000,16680,25902,15.083333333333334,ready,116.0
MIX,2023-11-23,3,C:\data_quote\data_finam_MIX_tick_zip\20231123.zip,True,,True,0395489b48a78d4dddd51b12851835d552ffff29486909fddc452702836f0222,32381000000000,85797001000000,08:59:41.000000000,23:49:57.001000000,14503,23055,15.21665,ready,118.0
MIX,2023-11-24,4,C:\data_quote\data_finam_MIX_tick_zip\20231124.zip,True,,True,f469a4380477481f7509ec293c36d5ef39ec0fb50050c9d897d374ae7185aa65,32401000000000,85797001000000,09:00:01.000000000,23:49:57.001000000,16196,27413,15.016666666666667,ready,132.0
MIX,2023-11-27,0,C:\data_quote\data_finam_MIX_tick_zip\20231127.zip,True,,True,bc5ab94b841c461f6918e7215cc94d955f8f8f109b1b2a941b03b1bb7e4b4486,32375000000000,85795001000000,08:59:35.000000000,23:49:55.001000000,21223,35022,15.049983333333333,ready,211.0
MIX,2023-11-28,1,C:\data_quote\data_finam_MIX_tick_zip\20231128.zip,True,,True,276e642df69ffed62f8f2bb672cb68d7721bca0fe61d1e8d16b68c50fc530fe2,32389000000000,85799001000000,08:59:49.000000000,23:49:59.001000000,20024,34143,15.433316666666666,ready,192.0
MIX,2023-11-29,2,C:\data_quote\data_finam_MIX_tick_zip\20231129.zip,True,,True,bf31b2776f122f13395b9bb06064e6ef1288a81ddd0e7a7253c75b2af9ba523a,32371000000000,85798002000000,08:59:31.000000000,23:49:58.002000000,19084,33544,15.166599999999999,ready,174.0
MIX,2023-11-30,3,C:\data_quote\data_finam_MIX_tick_zip\20231130.zip,True,,True,cbf87bbee247f6991049c7cf0a2b9cc7a8dbad657a92ffa5c62e196d70f359a3,32400000000000,85780001000000,09:00:00.000000000,23:49:40.001000000,28049,52685,15.09995,ready,313.0
MIX,2023-12-01,4,C:\data_quote\data_finam_MIX_tick_zip\20231201.zip,True,,True,260306334dc534ad1e1507577c4b88cb8954ad47e8e528cb5e3af18fc3e8a927,32373000000000,85797000000000,08:59:33.000000000,23:49:57.000000000,21822,38546,15.116533333333333,ready,208.0
MIX,2023-12-04,0,C:\data_quote\data_finam_MIX_tick_zip\20231204.zip,True,,True,a699e2b3dea2fd4e6574d8d39e5192f797850d74896938b086eb2e41e463af7a,32357000000000,85789000000000,08:59:17.000000000,23:49:49.000000000,23490,42400,15.083333333333334,ready,223.0
MIX,2023-12-05,1,C:\data_quote\data_finam_MIX_tick_zip\20231205.zip,True,,True,4857801c8ca29a84fcb9ae76903068f0361c382bb6ff9fdf2fb75072b7e38eff,32363000000000,85759000000000,08:59:23.000000000,23:49:19.000000000,26618,48410,15.266633333333335,ready,261.0
MIX,2023-12-06,2,C:\data_quote\data_finam_MIX_tick_zip\20231206.zip,True,,True,3f891149ea95447d8e28b4665d671ca191fc3fcb87ae9193dfee1a5ec7ee28e0,32380000000000,85767000000000,08:59:40.000000000,23:49:27.000000000,39135,70564,15.116666666666667,ready,387.0
MIX,2023-12-07,3,C:\data_quote\data_finam_MIX_tick_zip\20231207.zip,True,,True,45c0807d3d8775503f62c2c0ff9ba02c2444c4fed2bf6d690e91418b7840644c,32355000000000,85787001000000,08:59:15.000000000,23:49:47.001000000,33372,59918,15.016466666666668,ready,296.0
MIX,2023-12-08,4,C:\data_quote\data_finam_MIX_tick_zip\20231208.zip,True,,True,bc0478a98c0d3f111c7dd3cc35043cb841c1d1fb8b5f08311f6db743a892af5e,32389000000000,85792001000000,08:59:49.000000000,23:49:52.001000000,20802,38242,15.083333333333334,ready,186.0
MIX,2023-12-11,0,C:\data_quote\data_finam_MIX_tick_zip\20231211.zip,True,,True,41dc24327d6844c1cd6706d1f806701e78db5c558604fe84b85224ff25f80957,32350000000000,85796000000000,08:59:10.000000000,23:49:56.000000000,37299,67832,15.266633333333335,ready,288.0
MIX,2023-12-12,1,C:\data_quote\data_finam_MIX_tick_zip\20231212.zip,True,,True,d1437aea9f45be41fa80d98c36786293f41c65bd5dfa45735359b00712f0cf76,32343000000000,85799000000000,08:59:03.000000000,23:49:59.000000000,32530,60688,15.033316666666668,ready,258.0
MIX,2023-12-13,2,C:\data_quote\data_finam_MIX_tick_zip\20231213.zip,True,,True,8da99a041272dd9651b003987dd52ba92640c360819575c8fa076392a09fcc81,32373000000000,85796000000000,08:59:33.000000000,23:49:56.000000000,19936,37401,15.016616666666666,ready,149.0
MIX,2023-12-14,3,C:\data_quote\data_finam_MIX_tick_zip\20231214.zip,True,,True,cd90d67ea0ecf608f87a800eff8d88a36dcbe498b84e30b9974ce6ddff46f62b,32342000000000,85794003000000,08:59:02.000000000,23:49:54.003000000,27944,56600,15.066666666666666,ready,246.0
MIX,2023-12-15,4,C:\data_quote\data_finam_MIX_tick_zip\20231215.zip,True,,True,ddb97235c3d7e48f478c03974865ffef608ae6750c5aba7206cfbe850b75fe61,32374000000000,85788000000000,08:59:34.000000000,23:49:48.000000000,33386,70622,15.033333333333333,ready,320.0
MIX,2023-12-18,0,C:\data_quote\data_finam_MIX_tick_zip\20231218.zip,True,,True,6f74a23407a1307ac205111631ae54296f32773850940bc69917958e61af6424,32343000000000,85797000000000,08:59:03.000000000,23:49:57.000000000,22838,44341,15.033333333333333,ready,157.0
MIX,2023-12-19,1,C:\data_quote\data_finam_MIX_tick_zip\20231219.zip,True,,True,65ea4f0d9073df9d81a437baa7af929226ac5a42773c83e1244c389e1fac5d0a,32344000000000,85794001000000,08:59:04.000000000,23:49:54.001000000,24423,40667,15.483300000000002,ready,138.0
MIX,2023-12-20,2,C:\data_quote\data_finam_MIX_tick_zip\20231220.zip,True,,True,27f1fafcb1fe21e8e4f6ed33a7796ff0f01d950b42853f0f0dce8363ba8fbd76,32400000000000,85780000000000,09:00:00.000000000,23:49:40.000000000,14035,21661,15.199966666666667,ready,71.0
MIX,2023-12-21,3,C:\data_quote\data_finam_MIX_tick_zip\20231221.zip,True,,True,7b4d86f26d188b9f54315e649df80aebe11b57e2eb54d9ae9e6b698387d7f4f1,32359000000000,85793000000000,08:59:19.000000000,23:49:53.000000000,24307,44086,15.466666666666667,ready,157.0
MIX,2023-12-22,4,C:\data_quote\data_finam_MIX_tick_zip\20231222.zip,True,,True,6a63c0b562f12e19073c3182a1313448aaf32ac0587afdf92f9c802f2d5dc270,32400000000000,85781000000000,09:00:00.000000000,23:49:41.000000000,14958,24381,15.216666666666667,ready,90.0
MIX,2023-12-25,0,C:\data_quote\data_finam_MIX_tick_zip\20231225.zip,True,,True,057ee2834a77caeb5d39dfbece9e90c84161bfb534ebbd2766286b84c55bc9c9,32379000000000,85784000000000,08:59:39.000000000,23:49:44.000000000,13954,22605,15.49995,ready,63.0
MIX,2023-12-26,1,C:\data_quote\data_finam_MIX_tick_zip\20231226.zip,True,,True,51c198739de59461293a85839adc920f4fb749f5915ba53b4e3ac6856c2f664b,32384000000000,85728000000000,08:59:44.000000000,23:48:48.000000000,13118,21667,15.083333333333334,ready,70.0
MIX,2023-12-27,2,C:\data_quote\data_finam_MIX_tick_zip\20231227.zip,True,,True,8d63b4f89f5a1e40af762f15338d00a19780753f6f287d1ecf4e3497da2b77f4,32347000000000,85799001000000,08:59:07.000000000,23:49:59.001000000,10802,17018,15.05,ready,58.0
MIX,2023-12-28,3,C:\data_quote\data_finam_MIX_tick_zip\20231228.zip,True,,True,6b2ae02bb1837fc12b89869dd490cbcf51ad8b803026fbd0886534707203f53c,32376000000000,85771005000000,08:59:36.000000000,23:49:31.005000000,14492,24361,15.066666666666666,ready,95.0
MIX,2023-12-29,4,C:\data_quote\data_finam_MIX_tick_zip\20231229.zip,True,,True,432834eb283a83f9cd704e6026d2b86288c4e8b4e40d0f99c1ab4e55d35e8d5d,32382000000000,85799000000000,08:59:42.000000000,23:49:59.000000000,9002,14143,15.516583333333333,ready,54.0
MIX,2024-01-03,2,C:\data_quote\data_finam_MIX_tick_zip\20240103.zip,True,,True,a72b61e7275a6e4f452909bc1b6c43efc843a565803eb5c8683f9361e88dc0f8,32353000000000,85754002000000,08:59:13.000000000,23:49:14.002000000,7997,13752,15.3666,ready,57.0
MIX,2024-01-04,3,C:\data_quote\data_finam_MIX_tick_zip\20240104.zip,True,,True,79309f7e9a2c4b7af2e21fec504ccf4055e1b6397716eeee4531b2bcba145c1d,32341000000000,85799000000000,08:59:01.000000000,23:49:59.000000000,6875,10795,15.433266666666666,ready,44.0
MIX,2024-01-05,4,C:\data_quote\data_finam_MIX_tick_zip\20240105.zip,True,,True,1e64880cdd4a45b75b2af124f9d8335e29352af7bbbe4828137061102c5bdfcb,32400000000000,85786000000000,09:00:00.000000000,23:49:46.000000000,5844,9241,15.166666666666666,ready,36.0
MIX,2024-01-08,0,C:\data_quote\data_finam_MIX_tick_zip\20240108.zip,True,,True,cca39c2ea893c477ae27e6c175d71aafcbb5de7c123580d320ab5ef1264c40d3,32380000000000,85716003000000,08:59:40.000000000,23:48:36.003000000,8815,13857,15.283183333333334,ready,69.0
MIX,2024-01-09,1,C:\data_quote\data_finam_MIX_tick_zip\20240109.zip,True,,True,eb0b3ac375edd9c39adc9d9f3f6cf5b01508b0c3631e1c6dcaa688e64f23ea28,32401000000000,85790000000000,09:00:01.000000000,23:49:50.000000000,12787,21461,15.066583333333334,ready,113.0
MIX,2024-01-10,2,C:\data_quote\data_finam_MIX_tick_zip\20240110.zip,True,,True,4d7655b9338fa4c2448a08e53b2537eae9183b78b30e526d0e581ab3b6f26b65,32400000000000,85770000000000,09:00:00.000000000,23:49:30.000000000,9212,14378,15.083300000000001,ready,85.0
MIX,2024-01-11,3,C:\data_quote\data_finam_MIX_tick_zip\20240111.zip,True,,True,914349efe8184da5b2d1b7b4769188a083020582b89bf474b56346632ca591c0,32373000000000,85786000000000,08:59:33.000000000,23:49:46.000000000,11216,18488,15.149983333333333,ready,98.0
MIX,2024-01-12,4,C:\data_quote\data_finam_MIX_tick_zip\20240112.zip,True,,True,7ee769903f77c49660701ff4fd6e08b3968d1a578de18114bb5d90b8497eb9db,32400000000000,85798000000000,09:00:00.000000000,23:49:58.000000000,10707,17451,15.1,ready,111.0
MIX,2024-01-15,0,C:\data_quote\data_finam_MIX_tick_zip\20240115.zip,True,,True,180aa3e713b6059f5bebf4a7beaae149dcc73c3cf363eb6c225faf49b4bd42e0,32351000000000,85769000000000,08:59:11.000000000,23:49:29.000000000,11486,17583,15.7,ready,108.0
MIX,2024-01-16,1,C:\data_quote\data_finam_MIX_tick_zip\20240116.zip,True,,True,ed0332d39881b045af09b593f65adc798fbaa6a7fbad8e1b8180b881ff4df8f6,32366000000000,85795000000000,08:59:26.000000000,23:49:55.000000000,12893,20964,15.099966666666667,ready,157.0
MIX,2024-01-17,2,C:\data_quote\data_finam_MIX_tick_zip\20240117.zip,True,,True,a35b59e6bc62d7f36781de677b46a261090afca2000e19e5b96a1c282e4235b7,32388000000000,85797000000000,08:59:48.000000000,23:49:57.000000000,11353,18056,15.09995,ready,157.0
MIX,2024-01-18,3,C:\data_quote\data_finam_MIX_tick_zip\20240118.zip,True,,True,b6b2702a2b17a2bedbf3a028155794e44cb96cb5a14884374d953b0ce234ff33,32385000000000,85773000000000,08:59:45.000000000,23:49:33.000000000,8647,13593,15.016633333333335,ready,119.0
MIX,2024-01-19,4,C:\data_quote\data_finam_MIX_tick_zip\20240119.zip,True,,True,c309394616c5db0b501b940971cfa334fb89adb9dc0bb8d00a72df3077294323,32400000000000,85777000000000,09:00:00.000000000,23:49:37.000000000,12455,20372,16.366616666666665,ready,191.0
MIX,2024-01-22,0,C:\data_quote\data_finam_MIX_tick_zip\20240122.zip,True,,True,0e98e69bf09b3dca855803539606afcf2044f1aa6573c4925e3abcf47c6f9b2c,32384000000000,85789000000000,08:59:44.000000000,23:49:49.000000000,9129,14614,15.483333333333333,ready,136.0
MIX,2024-01-23,1,C:\data_quote\data_finam_MIX_tick_zip\20240123.zip,True,,True,6658fdc9c6616b113ad6666471a3fd85c1cb1cc73c02e2e7811d424a546f5665,32400000000000,85797000000000,09:00:00.000000000,23:49:57.000000000,9232,14420,15.049983333333333,ready,132.0
MIX,2024-01-24,2,C:\data_quote\data_finam_MIX_tick_zip\20240124.zip,True,,True,566636c0b6853c1705e648fa3d87f1f1430b719646b0b52008f16aad3897c64f,32365000000000,85799000000000,08:59:25.000000000,23:49:59.000000000,13491,24691,15.099966666666667,ready,270.0
MIX,2024-01-25,3,C:\data_quote\data_finam_MIX_tick_zip\20240125.zip,True,,True,d8b07cc7f7f38a09ed28c7ca61446075d539dfa83b79e1e322b1a0f171f33eb5,32377000000000,85757000000000,08:59:37.000000000,23:49:17.000000000,11268,18819,15.216666666666667,ready,198.0
MIX,2024-01-26,4,C:\data_quote\data_finam_MIX_tick_zip\20240126.zip,True,,True,82dd1a1d2360ad5978a6a8f56095f54c5934515d6ab7c5411b5b1ab2b9704c8f,32382000000000,85793002000000,08:59:42.000000000,23:49:53.002000000,8953,14377,15.133333333333333,ready,137.0
MIX,2024-01-29,0,C:\data_quote\data_finam_MIX_tick_zip\20240129.zip,True,,True,92cd06ee09d97929684e5b0a622810bf69ccf70392101125653a7b875a5f50d2,32348000000000,85793001000000,08:59:08.000000000,23:49:53.001000000,10666,17891,15.2,ready,172.0
MIX,2024-01-30,1,C:\data_quote\data_finam_MIX_tick_zip\20240130.zip,True,,True,4a18537e3487d59099788e8ea93d4b00ab5d513045979c097f493b878ef0349a,32400000000000,85781000000000,09:00:00.000000000,23:49:41.000000000,22439,32534,15.21665,ready,343.0
MIX,2024-01-31,2,C:\data_quote\data_finam_MIX_tick_zip\20240131.zip,True,,True,dccdb61f73b6fa0f48458a42d4dd6ad57ce83af56a812b3875a4f228b79fa70f,32360000000000,85796000000000,08:59:20.000000000,23:49:56.000000000,14528,28067,15.13325,ready,296.0
MIX,2024-02-01,3,C:\data_quote\data_finam_MIX_tick_zip\20240201.zip,True,,True,d876500d8deb5e333e725b4a320b24efe2f004ce32c3ca11f842a54cacaa8118,32400000000000,85797000000000,09:00:00.000000000,23:49:57.000000000,10748,18351,15.01665,ready,172.0
MIX,2024-02-02,4,C:\data_quote\data_finam_MIX_tick_zip\20240202.zip,True,,True,40a95e820987bc14c4fec87d9c32e5eb5de71bbd506308a4a1490144878f340c,32373000000000,85787000000000,08:59:33.000000000,23:49:47.000000000,9940,17388,15.266666666666667,ready,166.0
MIX,2024-02-05,0,C:\data_quote\data_finam_MIX_tick_zip\20240205.zip,True,,True,a2063a67c523166bb6fde97275bf070457729f2c048fe4b89d7a4d1e5a999b36,32384000000000,85784000000000,08:59:44.000000000,23:49:44.000000000,8437,15026,15.133333333333333,ready,137.0
MIX,2024-02-06,1,C:\data_quote\data_finam_MIX_tick_zip\20240206.zip,True,,True,ed952b579e1e64ed3601b8968e3400f8b748e70d2a952d4f079b9f2e81236d26,32409000000000,85794000000000,09:00:09.000000000,23:49:54.000000000,6262,11304,17.516483333333333,ready,123.0
MIX,2024-02-07,2,C:\data_quote\data_finam_MIX_tick_zip\20240207.zip,True,,True,aa64aac12a2f80e3b78fc3272a0ce9c685b485afe9ded28bba2cce49ce066667,32381000000000,85741001000000,08:59:41.000000000,23:49:01.001000000,8482,15539,15.05,ready,172.0
MIX,2024-02-08,3,C:\data_quote\data_finam_MIX_tick_zip\20240208.zip,True,,True,4174cd607fd95d29db3a305f70501bff371aa8a5f12b20f1bb3537be016a238f,32409000000000,85799001000000,09:00:09.000000000,23:49:59.001000000,14246,25108,15.033216666666668,ready,244.0
MIX,2024-02-09,4,C:\data_quote\data_finam_MIX_tick_zip\20240209.zip,True,,True,9df48ead96f56acc4974d2f77730b90305989da02a46e949de26d03444886f21,32372000000000,85799000000000,08:59:32.000000000,23:49:59.000000000,10050,17072,15.033333333333333,ready,155.0
MIX,2024-02-12,0,C:\data_quote\data_finam_MIX_tick_zip\20240212.zip,True,,True,40aa73c63f0f93d2656ed18ab78a81af3614a253b7ad5456dd44955aa8738813,32342000000000,85792000000000,08:59:02.000000000,23:49:52.000000000,11765,21189,15.05,ready,224.0
MIX,2024-02-13,1,C:\data_quote\data_finam_MIX_tick_zip\20240213.zip,True,,True,2e07b0406d8839deb20edc17f672d522805fceace4c8899372f6b10ba67dcc15,32359000000000,85768000000000,08:59:19.000000000,23:49:28.000000000,11179,22700,19.883333333333333,ready,270.0
MIX,2024-02-14,2,C:\data_quote\data_finam_MIX_tick_zip\20240214.zip,True,,True,4e1091d9bf30505bf0bea43b936d90850cf4e209f1c9d7a1ba8557df1067c183,32401000000000,85753000000000,09:00:01.000000000,23:49:13.000000000,10506,20306,15.166633333333333,ready,201.0
MIX,2024-02-15,3,C:\data_quote\data_finam_MIX_tick_zip\20240215.zip,True,,True,cfaeb15ef89ba2435712f3aaff9fb4cfe821144a8679f985f909b34316bc64b5,32404000000000,85781001000000,09:00:04.000000000,23:49:41.001000000,12053,22491,15.166666666666666,ready,216.0
MIX,2024-02-16,4,C:\data_quote\data_finam_MIX_tick_zip\20240216.zip,True,,True,f0548f3a7522f71c148cb7b7184072500cef27eb94d4f3ea9ffcb46efacf25a9,32386000000000,85793001000000,08:59:46.000000000,23:49:53.001000000,17650,39933,15.033333333333333,ready,389.0
MIX,2024-02-19,0,C:\data_quote\data_finam_MIX_tick_zip\20240219.zip,True,,True,a53808c8058aa92249d29e2ca3e7fb3aea12783499b871201bcd9927954172f6,32346000000000,85797003000000,08:59:06.000000000,23:49:57.003000000,11721,21942,15.1,ready,180.0
MIX,2024-02-20,1,C:\data_quote\data_finam_MIX_tick_zip\20240220.zip,True,,True,da213f6ba80fb1a26696d08859e0ae7df9fafe6a0788cc473e40af8e651061e1,32400000000000,85799000000000,09:00:00.000000000,23:49:59.000000000,22663,43891,15.266616666666666,ready,412.0
MIX,2024-02-21,2,C:\data_quote\data_finam_MIX_tick_zip\20240221.zip,True,,True,f310d30bcb8bb508d03591ad63b17ad00c11108726bafcdadef0fc677d4d6285,32372000000000,85761004000000,08:59:32.000000000,23:49:21.004000000,35291,68171,15.133333333333333,ready,626.0
MIX,2024-02-22,3,C:\data_quote\data_finam_MIX_tick_zip\20240222.zip,True,,True,c8ed76219c72bc1f50b267b931db2968feb0a121ecfeb6007153dd4aef700819,32377000000000,85797000000000,08:59:37.000000000,23:49:57.000000000,17285,32635,15.15,ready,243.0
MIX,2024-02-26,0,C:\data_quote\data_finam_MIX_tick_zip\20240226.zip,True,,True,b174d256c4432141ee46467a72a2fc65f9062476411e2a6aac19429ab824894f,32370000000000,85798001000000,08:59:30.000000000,23:49:58.001000000,20514,37549,15.15,ready,242.0
MIX,2024-02-27,1,C:\data_quote\data_finam_MIX_tick_zip\20240227.zip,True,,True,1681294f1f4666d1a0f21afbc443223270e1b5ed8cbe3b58f4da251ef852a69d,32402000000000,85795000000000,09:00:02.000000000,23:49:55.000000000,12363,23383,15.016666666666667,ready,158.0
MIX,2024-02-28,2,C:\data_quote\data_finam_MIX_tick_zip\20240228.zip,True,,True,2f4c1f5aff0e1b310880fd94a3b92ad91c9473e68954451716a91c1325ca1c38,32383000000000,85712000000000,08:59:43.000000000,23:48:32.000000000,16046,29930,15.15,ready,188.0
MIX,2024-02-29,3,C:\data_quote\data_finam_MIX_tick_zip\20240229.zip,True,,True,194307680bb8d10decd9bdd41bca823e0ff7cf4cb63252f8232058aa9bb2cd7c,32407000000000,85795000000000,09:00:07.000000000,23:49:55.000000000,15510,29592,15.08315,ready,189.0
MIX,2024-03-01,4,C:\data_quote\data_finam_MIX_tick_zip\20240301.zip,True,,True,3a600201eee4b6a620d2240da35e788011dd74797ba7e5a842d6c866dae005e3,32401000000000,85792000000000,09:00:01.000000000,23:49:52.000000000,9778,15731,15.466633333333334,ready,82.0
MIX,2024-03-04,0,C:\data_quote\data_finam_MIX_tick_zip\20240304.zip,True,,True,fc98cb69f56cc801ef6e75e6f7718abd2ae464deecbd23216af833441defeb2d,32357000000000,85730000000000,08:59:17.000000000,23:48:50.000000000,12955,23909,15.733316666666667,ready,155.0
MIX,2024-03-05,1,C:\data_quote\data_finam_MIX_tick_zip\20240305.zip,True,,True,7c17f1a2826b10b2b27fc75642049eeb067b114f22ec499aa49904db2de7f9e2,32400000000000,85762001000000,09:00:00.000000000,23:49:22.001000000,12174,22543,15.116566666666667,ready,146.0
MIX,2024-03-06,2,C:\data_quote\data_finam_MIX_tick_zip\20240306.zip,True,,True,baa93ad9ae41c57b68799a84a0aee66f93c1d10313a3b051d4bd69e7b2f72ad1,32407000000000,85712000000000,09:00:07.000000000,23:48:32.000000000,12115,21968,15.216666666666667,ready,142.0
MIX,2024-03-07,3,C:\data_quote\data_finam_MIX_tick_zip\20240307.zip,True,,True,30b8cc7ba423a246bea7ed3b6278daabe127a76cf208102dd59a2d382f76f882,32382000000000,85793001000000,08:59:42.000000000,23:49:53.001000000,8098,13285,15.116666666666667,ready,65.0
MIX,2024-03-11,0,C:\data_quote\data_finam_MIX_tick_zip\20240311.zip,True,,True,0bad82d559b3fff23cccd55a4359f95f267c99de6c9c219ab9dccdbfbbeea44b,32358000000000,85795000000000,08:59:18.000000000,23:49:55.000000000,11625,23970,15.033333333333333,ready,175.0
MIX,2024-03-12,1,C:\data_quote\data_finam_MIX_tick_zip\20240312.zip,True,,True,57c8607e80d91a8ec964e4daead47aef7b6db26e8bc23cab92553dab6858671a,32348000000000,85799000000000,08:59:08.000000000,23:49:59.000000000,13804,29175,15.216666666666667,ready,209.0
MIX,2024-03-13,2,C:\data_quote\data_finam_MIX_tick_zip\20240313.zip,True,,True,9aa2575b65ce5e1983d943b8b981484a13f04174f51d1d46035a1a4100a384ff,32402000000000,85799000000000,09:00:02.000000000,23:49:59.000000000,16100,31356,15.35,ready,181.0
MIX,2024-03-14,3,C:\data_quote\data_finam_MIX_tick_zip\20240314.zip,True,,True,94ddd76ad57967115a2ca3e12fafd1b6ec9ad281e59afca09ab83362dcdf9301,32352000000000,85780011000000,08:59:12.000000000,23:49:40.011000000,25990,48635,15.233300000000002,ready,241.0
MIX,2024-03-15,4,C:\data_quote\data_finam_MIX_tick_zip\20240315.zip,True,,True,28c91d3118991dca3b6e94f83793366c59aaad800aaef6270d3f0f02eecf05ae,32405000000000,85799000000000,09:00:05.000000000,23:49:59.000000000,18221,30516,15.33325,ready,135.0
MIX,2024-03-18,0,C:\data_quote\data_finam_MIX_tick_zip\20240318.zip,True,,True,e3f4371a767d0540c98d06441b7ed199ae74cb566e414189249b21b4eff1cb83,32374000000000,85794000000000,08:59:34.000000000,23:49:54.000000000,17036,32560,15.249983333333335,ready,158.0
MIX,2024-03-19,1,C:\data_quote\data_finam_MIX_tick_zip\20240319.zip,True,,True,d41d349db9c875cffe6145b1d73643123035c2c9b4a8b67a39d4768395b0a6c2,32388000000000,85789000000000,08:59:48.000000000,23:49:49.000000000,25466,47456,15.01665,ready,217.0
MIX,2024-03-20,2,C:\data_quote\data_finam_MIX_tick_zip\20240320.zip,True,,True,2ac40727512c1fdc3df90ce2d114e6e177d06af7cabdc075047c41723dc457d9,32363000000000,85796000000000,08:59:23.000000000,23:49:56.000000000,14219,20906,15.15,ready,87.0
MIX,2024-03-21,3,C:\data_quote\data_finam_MIX_tick_zip\20240321.zip,True,,True,54c450fd6051515a5971b25db0b777915b4978ff3185921d4d0edc156b30ebaa,32367000000000,85782001000000,08:59:27.000000000,23:49:42.001000000,16394,26915,15.099983333333334,ready,135.0
MIX,2024-03-22,4,C:\data_quote\data_finam_MIX_tick_zip\20240322.zip,True,,True,113452be75d85d0568db17c92f1b730e21d0649eae2f821ee17d6e040f460be9,32376000000000,85799001000000,08:59:36.000000000,23:49:59.001000000,30933,48308,16.133300000000002,ready,286.0
MIX,2024-03-25,0,C:\data_quote\data_finam_MIX_tick_zip\20240325.zip,True,,True,96f45767164595037e702a2c4c27b07cbf44199f53a300c16c6e7495b878838b,32385000000000,85797000000000,08:59:45.000000000,23:49:57.000000000,22450,42425,15.166666666666666,ready,289.0
MIX,2024-03-26,1,C:\data_quote\data_finam_MIX_tick_zip\20240326.zip,True,,True,4fda9f02c9aa6107d2b745da6a162730806eb3f51b5aaeaa9b0077b594192097,32373000000000,85792000000000,08:59:33.000000000,23:49:52.000000000,12403,19745,15.4666,ready,107.0
MIX,2024-03-27,2,C:\data_quote\data_finam_MIX_tick_zip\20240327.zip,True,,True,d4c8aab7da209d19d4b6bf010fae7e55d21bf5a5ffa20b411525acca53878c6e,32342000000000,85795000000000,08:59:02.000000000,23:49:55.000000000,13063,19389,15.016666666666667,ready,101.0
MIX,2024-03-28,3,C:\data_quote\data_finam_MIX_tick_zip\20240328.zip,True,,True,35c8804e8601d00e1ea5d29b9faf698dd3c771312d72fc29f61e39a3b5e2a5b4,32380000000000,85792000000000,08:59:40.000000000,23:49:52.000000000,10513,16404,15.249933333333333,ready,86.0
MIX,2024-03-29,4,C:\data_quote\data_finam_MIX_tick_zip\20240329.zip,True,,True,fa6a1523fad6e96f752f077a269566034fd8114347d91f548c8a53fcc1209c22,32361000000000,85799000000000,08:59:21.000000000,23:49:59.000000000,10254,18389,15.166666666666666,ready,112.0
MIX,2024-04-01,0,C:\data_quote\data_finam_MIX_tick_zip\20240401.zip,True,,True,3761869b36227bc4054627839ad88671232bc2620baa179df8e66cf5fa1985f7,32372000000000,85755000000000,08:59:32.000000000,23:49:15.000000000,13375,25278,15.033316666666668,ready,180.0
MIX,2024-04-02,1,C:\data_quote\data_finam_MIX_tick_zip\20240402.zip,True,,True,e0e16e4adf33746a65d4af075843bec690353b238f005807acb5ffb5f89000ae,32343000000000,85799000000000,08:59:03.000000000,23:49:59.000000000,8974,15917,15.766666666666667,ready,109.0
MIX,2024-04-03,2,C:\data_quote\data_finam_MIX_tick_zip\20240403.zip,True,,True,eac403adf91a3917d675b1f47855d4ec55e7a835c2a40fdd524b957442536728,32390000000000,85790000000000,08:59:50.000000000,23:49:50.000000000,10118,17320,15.349966666666667,ready,99.0
MIX,2024-04-04,3,C:\data_quote\data_finam_MIX_tick_zip\20240404.zip,True,,True,da6c7f227da111ffc0dbcc6e0b417cdc890224a1f39bd5d6da868cf5b44fc8cb,32374000000000,85796002000000,08:59:34.000000000,23:49:56.002000000,13526,25618,15.183333333333334,ready,169.0
MIX,2024-04-05,4,C:\data_quote\data_finam_MIX_tick_zip\20240405.zip,True,,True,705b65ba4b415c62b7ec0b63cecef6d28a033219a85b993a4acee7fd8030be9a,32354000000000,85794002000000,08:59:14.000000000,23:49:54.002000000,12161,20552,16.583333333333332,ready,120.0
MIX,2024-04-08,0,C:\data_quote\data_finam_MIX_tick_zip\20240408.zip,True,,True,9034ff95088485fcc1892277b798c6765cc6a27e6764bc092aed1f241e8cec24,32400000000000,85767000000000,09:00:00.000000000,23:49:27.000000000,10471,19248,15.116666666666667,ready,122.0
MIX,2024-04-09,1,C:\data_quote\data_finam_MIX_tick_zip\20240409.zip,True,,True,3f5da751b0d9ccd829181633c0cced8ea589271ecc718fb022da15f10580bee4,32367000000000,85795000000000,08:59:27.000000000,23:49:55.000000000,14309,28091,15.2166,ready,195.0
MIX,2024-04-10,2,C:\data_quote\data_finam_MIX_tick_zip\20240410.zip,True,,True,613331179bce6a9ca5a91d88e4ac9d197b8cd983cc01a44e082bb56eb8468cd9,32376000000000,85798000000000,08:59:36.000000000,23:49:58.000000000,14255,23644,16.316616666666665,ready,137.0
MIX,2024-04-11,3,C:\data_quote\data_finam_MIX_tick_zip\20240411.zip,True,,True,797e0b8bdde9a67c31bb2e664b9477c60e411db38676df5a8db702f861518c54,32346000000000,85787002000000,08:59:06.000000000,23:49:47.002000000,11936,20357,17.283333333333335,ready,130.0
MIX,2024-04-12,4,C:\data_quote\data_finam_MIX_tick_zip\20240412.zip,True,,True,a5c29ec99a85e947d8071a0dd9d1764e342ebbbc805047e9cfb03ab3df2d390c,32352000000000,85779001000000,08:59:12.000000000,23:49:39.001000000,14654,25001,15.433316666666666,ready,168.0
MIX,2024-04-15,0,C:\data_quote\data_finam_MIX_tick_zip\20240415.zip,True,,True,ad5a6e36845d6a8794af4a5d69a648cd1b0b0dd827bcbbaea315295e056e43fe,32387000000000,85779000000000,08:59:47.000000000,23:49:39.000000000,13487,23264,15.316666666666666,ready,155.0
MIX,2024-04-16,1,C:\data_quote\data_finam_MIX_tick_zip\20240416.zip,True,,True,761d041312ded42a6a094b9266e34e2691ffbd381d6c20e4b32e40fd190738bf,32353000000000,85747000000000,08:59:13.000000000,23:49:07.000000000,12147,20620,15.28325,ready,143.0
MIX,2024-04-17,2,C:\data_quote\data_finam_MIX_tick_zip\20240417.zip,True,,True,f562aae29e0ba06b99a4d21dec871a8c47639a10d021d2022e6990c8fa1617cc,32400000000000,85794000000000,09:00:00.000000000,23:49:54.000000000,15584,27758,15.316666666666666,ready,190.0
MIX,2024-04-18,3,C:\data_quote\data_finam_MIX_tick_zip\20240418.zip,True,,True,04ea3aec9ad545af62981b8d1ccc7a8d826d39cdcce698cc7ec90ded33390f9f,32385000000000,85785000000000,08:59:45.000000000,23:49:45.000000000,12191,19630,15.05,ready,131.0
MIX,2024-04-19,4,C:\data_quote\data_finam_MIX_tick_zip\20240419.zip,True,,True,03ccd801e05a98ba56f7ae4c25b608926be2bedf73504206e39800678c074c48,32356000000000,85786000000000,08:59:16.000000000,23:49:46.000000000,13330,23782,15.666500000000001,ready,177.0
MIX,2024-04-22,0,C:\data_quote\data_finam_MIX_tick_zip\20240422.zip,True,,True,9f4f2b95b21033d9ed01a8aad5f56932d81338b872f1d412ab405fbb65f97831,32400000000000,85778001000000,09:00:00.000000000,23:49:38.001000000,12906,22523,15.099966666666667,ready,184.0
MIX,2024-04-23,1,C:\data_quote\data_finam_MIX_tick_zip\20240423.zip,True,,True,0066fd16c06d8475b4c121eaa27b98e3f22055367cc78c881bab726897f37e92,32401000000000,85798000000000,09:00:01.000000000,23:49:58.000000000,24699,41735,15.233333333333333,ready,342.0
MIX,2024-04-24,2,C:\data_quote\data_finam_MIX_tick_zip\20240424.zip,True,,True,dd9cd527877d5dd79a6d8887f20fc92a7420061cd80ff2a03815ddaf39f1a2e1,32366000000000,85799000000000,08:59:26.000000000,23:49:59.000000000,17988,29769,15.183333333333334,ready,204.0
MIX,2024-04-25,3,C:\data_quote\data_finam_MIX_tick_zip\20240425.zip,True,,True,3f7c8eab4a82c4e5886e74294dd28ca7891cc1da81c93f6c73ad113780544212,32345000000000,85790001000000,08:59:05.000000000,23:49:50.001000000,19222,29112,15.6,ready,177.0
MIX,2024-04-26,4,C:\data_quote\data_finam_MIX_tick_zip\20240426.zip,True,,True,0e5e10073dc8576e8f73d4b00e6151793b2d52c772236ed010412d304daa2c92,32381000000000,85770001000000,08:59:41.000000000,23:49:30.001000000,23358,38506,15.25,ready,259.0
MIX,2024-04-27,5,C:\data_quote\data_finam_MIX_tick_zip\20240427.zip,True,,True,c93b4031446fe50cc5eaeb3c6e6a14354dc9ffeacf1ee4ec895e92718fe1dfb2,32366000000000,85772004000000,08:59:26.000000000,23:49:32.004000000,6611,10844,15.166666666666666,ready,61.0
MIX,2024-04-29,0,C:\data_quote\data_finam_MIX_tick_zip\20240429.zip,True,,True,855724889755ba7afa00b50a4ae9e9f03aaaa8045fb54e3b9d651f1d587efa67,32400000000000,85790000000000,09:00:00.000000000,23:49:50.000000000,6139,9434,18.283316666666668,ready,55.0
MIX,2024-04-30,1,C:\data_quote\data_finam_MIX_tick_zip\20240430.zip,True,,True,b82c0d10d8ba5aae258ed82ef33ef960b25a527019607084fae5f99dbc1cf018,32374000000000,85798000000000,08:59:34.000000000,23:49:58.000000000,7994,11940,15.65,ready,74.0
MIX,2024-05-02,3,C:\data_quote\data_finam_MIX_tick_zip\20240502.zip,True,,True,f8163c5fb0f632e1fe1d86ac40a35176899682ce2c13c2c36871261c0ce0a283,32407000000000,85799002000000,09:00:07.000000000,23:49:59.002000000,13231,22900,15.433316666666666,ready,168.0
MIX,2024-05-03,4,C:\data_quote\data_finam_MIX_tick_zip\20240503.zip,True,,True,d9c9b72f590a1c141bcb86eb3477f56d572c5b0aacd6851600c30e11a6e9fe2e,32400000000000,85798000000000,09:00:00.000000000,23:49:58.000000000,9721,18296,15.216666666666667,ready,138.0
MIX,2024-05-06,0,C:\data_quote\data_finam_MIX_tick_zip\20240506.zip,True,,True,3bedb6b41ffcaf399875426cf1de7d23b04c4943ddedfefedf31639f933bacea,32357000000000,85768000000000,08:59:17.000000000,23:49:28.000000000,17691,27525,15.21665,ready,159.0
MIX,2024-05-07,1,C:\data_quote\data_finam_MIX_tick_zip\20240507.zip,True,,True,ca41a922d0692b677e8f33df7f6397931bb3ce82ac39075b70a87f68d1407887,32389000000000,85775009000000,08:59:49.000000000,23:49:35.009000000,14222,22834,15.54985,ready,124.0
MIX,2024-05-08,2,C:\data_quote\data_finam_MIX_tick_zip\20240508.zip,True,,True,b3c93b430f3fb40cf714e893e4154751e253ebde9fdccb2e6225a569785beca0,32342000000000,85792001000000,08:59:02.000000000,23:49:52.001000000,7652,14466,15.166666666666666,ready,96.0
MIX,2024-05-10,4,C:\data_quote\data_finam_MIX_tick_zip\20240510.zip,True,,True,b1e1c385ab02daded8029665bd6a92ef0c4c7615708af459100812cc547c7f68,32359000000000,85781001000000,08:59:19.000000000,23:49:41.001000000,5880,10157,19.883316666666666,ready,83.0
MIX,2024-05-13,0,C:\data_quote\data_finam_MIX_tick_zip\20240513.zip,True,,True,e1665baa1e6365b790f13fb57b7f688b7406666ae76f3ee8301229d053ed7cbc,32377000000000,85781000000000,08:59:37.000000000,23:49:41.000000000,12447,25023,15.85,ready,209.0
MIX,2024-05-14,1,C:\data_quote\data_finam_MIX_tick_zip\20240514.zip,True,,True,d3516eaa83452d7f57130a58da9fa994cef814f00eb20ebaf9a4063698ee925e,32407000000000,85795004000000,09:00:07.000000000,23:49:55.004000000,11993,17809,21.216666666666665,ready,98.0
MIX,2024-05-15,2,C:\data_quote\data_finam_MIX_tick_zip\20240515.zip,True,,True,a60fba9ed5bfa1447c877d2aa6e8883f63fc5ced953e572a688deb14f8f4aceb,32404000000000,85709001000000,09:00:04.000000000,23:48:29.001000000,10732,17501,15.283316666666668,ready,110.0
MIX,2024-05-16,3,C:\data_quote\data_finam_MIX_tick_zip\20240516.zip,True,,True,2619a46b6e01f088f207f58a086d48c9a97de1f9c4f6d68821f2d3d85cf85582,32364000000000,85793000000000,08:59:24.000000000,23:49:53.000000000,13690,21505,15.066666666666666,ready,126.0
MIX,2024-05-17,4,C:\data_quote\data_finam_MIX_tick_zip\20240517.zip,True,,True,f0adee251c71f48bf3b4c067bbbf5f617d4f17fe9fb49286d8ad614628108d01,32400000000000,85780000000000,09:00:00.000000000,23:49:40.000000000,27343,39934,15.799983333333333,ready,213.0
MIX,2024-05-20,0,C:\data_quote\data_finam_MIX_tick_zip\20240520.zip,True,,True,ff7bf622743051d5c40fec6ff877389a15e007e725a37de06feac2075a703eca,32380000000000,85770000000000,08:59:40.000000000,23:49:30.000000000,39535,69548,15.166666666666666,ready,553.0
MIX,2024-05-21,1,C:\data_quote\data_finam_MIX_tick_zip\20240521.zip,True,,True,63ef6633b3510ce0cc16e67fb56e4fde3de251000495893ffbff6a96a7998e85,32363000000000,85692001000000,08:59:23.000000000,23:48:12.001000000,40484,66747,15.216666666666667,ready,444.0
MIX,2024-05-22,2,C:\data_quote\data_finam_MIX_tick_zip\20240522.zip,True,,True,9fe7e9e5502602d27f90f6fc0b3075ec68020fc1af45b1551443ea629a960ec0,32365000000000,85777000000000,08:59:25.000000000,23:49:37.000000000,15094,24277,15.183316666666666,ready,146.0
MIX,2024-05-23,3,C:\data_quote\data_finam_MIX_tick_zip\20240523.zip,True,,True,0f1ef2f390bd7ff8432bd0fd1eeba712ff181b721cb83c0c4cd691ea9df48436,32400000000000,85747000000000,09:00:00.000000000,23:49:07.000000000,18415,32227,15.283283333333333,ready,211.0
MIX,2024-05-24,4,C:\data_quote\data_finam_MIX_tick_zip\20240524.zip,True,,True,43d5a4d356fa81aa2ef520f6f61bb5a060cf674cc579861d2db3c5439bd3c3c3,32400000000000,85765003000000,09:00:00.000000000,23:49:25.003000000,32311,59337,15.7,ready,369.0
MIX,2024-05-27,0,C:\data_quote\data_finam_MIX_tick_zip\20240527.zip,True,,True,4a28b3ee8d18af3af5055aefd0c569c7f26cee7766d25a7772610f87f3fc75d3,32351000000000,85774002000000,08:59:11.000000000,23:49:34.002000000,35120,73444,15.2,ready,545.0
MIX,2024-05-28,1,C:\data_quote\data_finam_MIX_tick_zip\20240528.zip,True,,True,7e46961ebcfe936351ee5f9ee56b82bf345df1cd8685000463fe3f5e7f51aa09,32345000000000,85756001000000,08:59:05.000000000,23:49:16.001000000,31227,59863,15.083333333333334,ready,377.0
MIX,2024-05-29,2,C:\data_quote\data_finam_MIX_tick_zip\20240529.zip,True,,True,1b39dc5c8b886aa13a6b1598f109974cab533a67539468c582166ff679be217c,32350000000000,85798000000000,08:59:10.000000000,23:49:58.000000000,26328,44680,15.083316666666667,ready,236.0
MIX,2024-05-30,3,C:\data_quote\data_finam_MIX_tick_zip\20240530.zip,True,,True,58273c651f2a0f136a2e04eb1cba926587d3f683d28bbec24d28c3e317419a3f,32352000000000,85793000000000,08:59:12.000000000,23:49:53.000000000,31213,53961,15.133316666666667,ready,271.0
MIX,2024-05-31,4,C:\data_quote\data_finam_MIX_tick_zip\20240531.zip,True,,True,9c6680986465eb3ba9b6633f6bd75f2f7b79aefa5afdf98a71cef6e50ba15a1f,32375000000000,85798001000000,08:59:35.000000000,23:49:58.001000000,48759,87601,15.133333333333333,ready,414.0
MIX,2024-06-03,0,C:\data_quote\data_finam_MIX_tick_zip\20240603.zip,True,,True,953e70fd82a064a452a4a511c63c0fc2d5b74f509a31fc43887d492f8f746e22,32348000000000,85796000000000,08:59:08.000000000,23:49:56.000000000,68354,137489,15.116666666666667,ready,550.0
MIX,2024-06-04,1,C:\data_quote\data_finam_MIX_tick_zip\20240604.zip,True,,True,c9192744e1dc03ccad043f25e2edd13dd8ee89e562ff63c994ecac6475ca1cea,32400000000000,85799000000000,09:00:00.000000000,23:49:59.000000000,35250,67545,15.133333333333333,ready,270.0
MIX,2024-06-05,2,C:\data_quote\data_finam_MIX_tick_zip\20240605.zip,True,,True,2bd64a43dfe6b17c4e477d38cd25369f1dcd09b5573b146cbe89ed40de33864e,32356000000000,85797000000000,08:59:16.000000000,23:49:57.000000000,40844,81715,15.066616666666667,ready,305.0
MIX,2024-06-06,3,C:\data_quote\data_finam_MIX_tick_zip\20240606.zip,True,,True,a2386752fd412a0b54dab4bfc46791a9a30d8c42c3b77ef86769e5e4e8af99c8,32357000000000,85715000000000,08:59:17.000000000,23:48:35.000000000,28727,51658,15.433333333333334,ready,175.0
MIX,2024-06-07,4,C:\data_quote\data_finam_MIX_tick_zip\20240607.zip,True,,True,f81898b628c12618681a92ded185570b1cdb20d3773add1034dc9a59db4b9415,32389000000000,85798003000000,08:59:49.000000000,23:49:58.003000000,48480,94907,15.133316666666667,ready,347.0
MIX,2024-06-10,0,C:\data_quote\data_finam_MIX_tick_zip\20240610.zip,True,,True,c8da78b2be84924a25ee2b80c882acbf994913fd8eabc1fcc713904492a204a4,32387000000000,85793002000000,08:59:47.000000000,23:49:53.002000000,33005,61836,15.0333,ready,181.0
MIX,2024-06-11,1,C:\data_quote\data_finam_MIX_tick_zip\20240611.zip,True,,True,d0543d3d15459e8fea1e29e5e5044f5274d24de48d1140bcb466a310cbd9f2a1,32367000000000,85790000000000,08:59:27.000000000,23:49:50.000000000,31271,61095,15.216566666666667,ready,167.0
MIX,2024-06-13,3,C:\data_quote\data_finam_MIX_tick_zip\20240613.zip,True,,True,1fb213409a943c011abc5b204e7703ff9689f2d1420edcb74e5a7fcc52590674,35977000000000,85797000000000,09:59:37.000000000,23:49:57.000000000,39849,74597,15.233300000000002,ready,230.0
MIX,2024-06-14,4,C:\data_quote\data_finam_MIX_tick_zip\20240614.zip,True,,True,ef089840c44c3edb0d5e2c168e4376356aa8c54fc9f36536f8b5d562b5943358,35968000000000,85799000000000,09:59:28.000000000,23:49:59.000000000,23956,50288,15.233300000000002,ready,135.0
MIX,2024-06-17,0,C:\data_quote\data_finam_MIX_tick_zip\20240617.zip,True,,True,134fdc00cf6c4a81c7135101f8f0388f7358f5aad04a64590d0f7661da4a94b9,35948000000000,85752001000000,09:59:08.000000000,23:49:12.001000000,20302,40438,15.683333333333334,ready,104.0
MIX,2024-06-18,1,C:\data_quote\data_finam_MIX_tick_zip\20240618.zip,True,,True,3b33104af2c86086397a972c2c488c53583058debfad3db45ea9a2d3f19ed245,35949000000000,85799000000000,09:59:09.000000000,23:49:59.000000000,34851,68374,15.15,ready,153.0
MIX,2024-06-19,2,C:\data_quote\data_finam_MIX_tick_zip\20240619.zip,True,,True,281e0a8bd3eebd8029b6e84b5b5913552d07e3abc64c46eae350cdf2d05c5abe,35977000000000,85793004000000,09:59:37.000000000,23:49:53.004000000,34587,55642,15.35,ready,132.0
MIX,2024-06-20,3,C:\data_quote\data_finam_MIX_tick_zip\20240620.zip,True,,True,3b6ef06ddb5badb98399a3e17648eaee737e2fe29cb5cf3fa019eef50672a1aa,35963000000000,85798000000000,09:59:23.000000000,23:49:58.000000000,72826,127024,15.049900000000001,ready,353.0
MIX,2024-06-21,4,C:\data_quote\data_finam_MIX_tick_zip\20240621.zip,True,,True,42191841e629770b8cd393d7b33f44fdfb0475457411b6f2ab6ced1e5b3dee50,35954000000000,85797000000000,09:59:14.000000000,23:49:57.000000000,46072,72888,15.316650000000001,ready,179.0
MIX,2024-06-24,0,C:\data_quote\data_finam_MIX_tick_zip\20240624.zip,True,,True,2b3ee0d635bcdd9852baeaeaae6b6e381852bd644c690215494e103fa094bdcf,35978000000000,85795000000000,09:59:38.000000000,23:49:55.000000000,23576,41702,15.3,ready,102.0
MIX,2024-06-25,1,C:\data_quote\data_finam_MIX_tick_zip\20240625.zip,True,,True,959071af7f3ee79280ec74fb7d52d1f1c3b1cafdd8b6f9f4ac2088fdb8b22b6f,35963000000000,85786000000000,09:59:23.000000000,23:49:46.000000000,27134,48004,15.283316666666668,ready,118.0
MIX,2024-06-26,2,C:\data_quote\data_finam_MIX_tick_zip\20240626.zip,True,,True,28a8179c0d997195e601128490b0efc8a2d96838c49dd4008c0fa7ed5235970d,35962000000000,85750000000000,09:59:22.000000000,23:49:10.000000000,23841,43848,15.133333333333333,ready,115.0
MIX,2024-06-27,3,C:\data_quote\data_finam_MIX_tick_zip\20240627.zip,True,,True,7db539c4b970eaceeb9ed405f19fb08d3e1bae93a69eeef63d2bf4f0275519d2,35950000000000,85793000000000,09:59:10.000000000,23:49:53.000000000,21476,38561,15.083333333333334,ready,107.0
MIX,2024-06-28,4,C:\data_quote\data_finam_MIX_tick_zip\20240628.zip,True,,True,5c462e727e0e58b895e570079abfb4d8c80b283762ff78279a90c6908433c7ce,35948000000000,85799001000000,09:59:08.000000000,23:49:59.001000000,14502,25251,15.416666666666666,ready,63.0
MIX,2024-07-01,0,C:\data_quote\data_finam_MIX_tick_zip\20240701.zip,True,,True,22b68b6f0b520ab0d72975ee717562038113839b5478545d26f4450d15bf184f,35965000000000,85799000000000,09:59:25.000000000,23:49:59.000000000,14331,25372,15.2,ready,56.0
MIX,2024-07-02,1,C:\data_quote\data_finam_MIX_tick_zip\20240702.zip,True,,True,d7384b806cdf937372bbb2d6e71cbd45ab563dce57de0856c2273de9067675b2,35954000000000,85799001000000,09:59:14.000000000,23:49:59.001000000,15326,31713,15.083333333333334,ready,109.0
MIX,2024-07-03,2,C:\data_quote\data_finam_MIX_tick_zip\20240703.zip,True,,True,d5fe763492ddb904567ab4e0ef8cd48dd39080a3818533941fdd784c6f22540d,35941000000000,85792000000000,09:59:01.000000000,23:49:52.000000000,19265,41427,15.183233333333334,ready,152.0
MIX,2024-07-04,3,C:\data_quote\data_finam_MIX_tick_zip\20240704.zip,True,,True,3bdc11307171412ed869fa6052d9afa50c69f24722cbb55569bf30a0c65feb25,35968000000000,85798001000000,09:59:28.000000000,23:49:58.001000000,30721,62934,15.13325,ready,214.0
MIX,2024-07-05,4,C:\data_quote\data_finam_MIX_tick_zip\20240705.zip,True,,True,1b297edfdef134f9d8a92b72afa4d0f9058575f73e1f3336f1dc71afc362dc04,35952000000000,85797000000000,09:59:12.000000000,23:49:57.000000000,31744,66569,16.516666666666666,ready,249.0
MIX,2024-07-08,0,C:\data_quote\data_finam_MIX_tick_zip\20240708.zip,True,,True,852dd12ab8e7b757c5a8b4376c24e6d830f1a46987b7dabdb572cbf2580fc86e,35961000000000,85796000000000,09:59:21.000000000,23:49:56.000000000,21851,44237,15.283333333333333,ready,139.0
MIX,2024-07-09,1,C:\data_quote\data_finam_MIX_tick_zip\20240709.zip,True,,True,661c2f33e10d657316c34958377dbc86cae35725c8f4d46ca6d2d535baa66239,35956000000000,85795003000000,09:59:16.000000000,23:49:55.003000000,27466,54817,15.033316666666668,ready,188.0
MIX,2024-07-10,2,C:\data_quote\data_finam_MIX_tick_zip\20240710.zip,True,,True,dd2b631235218c6dba85444afca7cd747795eb3db273aa0c4d341ed1b34d7b10,35945000000000,85799001000000,09:59:05.000000000,23:49:59.001000000,47220,102549,15.1,ready,346.0
MIX,2024-07-11,3,C:\data_quote\data_finam_MIX_tick_zip\20240711.zip,True,,True,10063936f5582476b7ba3f4689df3575d9bda0bcd7ba661c0d1667aff7dea5f5,35951000000000,85795000000000,09:59:11.000000000,23:49:55.000000000,50253,107052,15.016666666666667,ready,351.0
MIX,2024-07-12,4,C:\data_quote\data_finam_MIX_tick_zip\20240712.zip,True,,True,5bbf0af3481dc25eef5c39957c50ceb658a4c36158c529130462476f34377892,35953000000000,85795000000000,09:59:13.000000000,23:49:55.000000000,45608,99308,15.316616666666667,ready,315.0
MIX,2024-07-15,0,C:\data_quote\data_finam_MIX_tick_zip\20240715.zip,True,,True,3651ce8025bf33789da3cc17bf570b2262b28f5b1f432f6de9ffb4beb738e72d,35953000000000,85793005000000,09:59:13.000000000,23:49:53.005000000,36787,82803,15.249866666666666,ready,242.0
MIX,2024-07-16,1,C:\data_quote\data_finam_MIX_tick_zip\20240716.zip,True,,True,eaa45e89055e8ad99e047b770a31ffbc75142f77f707da44e657702c0b94d793,36004000000000,85796000000000,10:00:04.000000000,23:49:56.000000000,61481,133030,15.1,ready,369.0
MIX,2024-07-17,2,C:\data_quote\data_finam_MIX_tick_zip\20240717.zip,True,,True,9730acb3b81ba4bca1dc1c11c4d69de36e7941ac8c35fce6e61a9bac82616ddf,35976000000000,85796000000000,09:59:36.000000000,23:49:56.000000000,38451,80582,15.016666666666667,ready,178.0
MIX,2024-07-18,3,C:\data_quote\data_finam_MIX_tick_zip\20240718.zip,True,,True,b5b0b26b2d4190798a7ce3bf8b2b0ac59b0a12d6ed6ec5fc4b287abc701423d5,35967000000000,85796001000000,09:59:27.000000000,23:49:56.001000000,37600,80994,15.083333333333334,ready,180.0
MIX,2024-07-19,4,C:\data_quote\data_finam_MIX_tick_zip\20240719.zip,True,,True,bd87b9354d0f4f16ce0f105550157b1dac1a8f00a15f6744a5489dadb5bb752b,35945000000000,85787000000000,09:59:05.000000000,23:49:47.000000000,29282,59563,15.133283333333333,ready,157.0
MIX,2024-07-22,0,C:\data_quote\data_finam_MIX_tick_zip\20240722.zip,True,,True,83d71189326855f6322148ec0bb872ae9efd5364cd533532354b1886671cbc39,35960000000000,85793000000000,09:59:20.000000000,23:49:53.000000000,26377,53279,15.066666666666666,ready,118.0
MIX,2024-07-23,1,C:\data_quote\data_finam_MIX_tick_zip\20240723.zip,True,,True,70db6c4445af20bcd8e22997f7a4c650f935c29fa288a2621106514ee22944bd,36000000000000,85785001000000,10:00:00.000000000,23:49:45.001000000,21467,45500,15.066666666666666,ready,112.0
MIX,2024-07-24,2,C:\data_quote\data_finam_MIX_tick_zip\20240724.zip,True,,True,1291fe323a9ee52e34df0e8aaa824b90c0149f51843065c9bc197b7a7024b3f8,35944000000000,85795000000000,09:59:04.000000000,23:49:55.000000000,22833,46423,15.1,ready,116.0
MIX,2024-07-25,3,C:\data_quote\data_finam_MIX_tick_zip\20240725.zip,True,,True,9403e7f3a1f97e0d7f06afafb19fe9bf9422f5d2eaaa8ead7165057763e3261f,35947000000000,85793010000000,09:59:07.000000000,23:49:53.010000000,24304,45750,15.066650000000001,ready,119.0
MIX,2024-07-26,4,C:\data_quote\data_finam_MIX_tick_zip\20240726.zip,True,,True,942ed96718af20e36db5fcd0797f92278e243053a680454185e6f449777b4323,35968000000000,85799000000000,09:59:28.000000000,23:49:59.000000000,50528,104647,15.033266666666666,ready,274.0
MIX,2024-07-29,0,C:\data_quote\data_finam_MIX_tick_zip\20240729.zip,True,,True,14d6f431dc8bd3a8d7f769964fc0675f131a75407f7c31565093479dec86c79b,35970000000000,85793007000000,09:59:30.000000000,23:49:53.007000000,40824,84330,15.1,ready,199.0
MIX,2024-07-30,1,C:\data_quote\data_finam_MIX_tick_zip\20240730.zip,True,,True,7b61401475794f62dc7a2f9f40b7195041935f8c58b5f770772616961f6cb4f4,36000000000000,85793017000000,10:00:00.000000000,23:49:53.017000000,33207,70027,15.033316666666668,ready,158.0
MIX,2024-07-31,2,C:\data_quote\data_finam_MIX_tick_zip\20240731.zip,True,,True,307b3d626ffd0a27bc63a20f470aabcce9843675c4822bc1bf74645723079437,35965000000000,85793007000000,09:59:25.000000000,23:49:53.007000000,34593,74609,15.233333333333333,ready,184.0
MIX,2024-08-01,3,C:\data_quote\data_finam_MIX_tick_zip\20240801.zip,True,,True,a3e5eda6722ef384320bf51e557fbd7037d8cc812b50ca7a0c06d336556d877d,35954000000000,85793008000000,09:59:14.000000000,23:49:53.008000000,21385,44344,15.149949999999999,ready,96.0
MIX,2024-08-02,4,C:\data_quote\data_finam_MIX_tick_zip\20240802.zip,True,,True,122e6b454d0f90cb096cbe454d629193bcbe5537e44405464bc6daf2ae53981e,35967000000000,85797001000000,09:59:27.000000000,23:49:57.001000000,32448,70102,15.21665,ready,162.0
MIX,2024-08-05,0,C:\data_quote\data_finam_MIX_tick_zip\20240805.zip,True,,True,8c0d0bd9bc0152831b8797900050cdb42e04f83abd74ad2fe923a03ed1571461,35983000000000,85795002000000,09:59:43.000000000,23:49:55.002000000,43972,95393,15.083283333333332,ready,187.0
MIX,2024-08-06,1,C:\data_quote\data_finam_MIX_tick_zip\20240806.zip,True,,True,ac8d035b494ede01b83e75e0d1bb51146cce29c9dc600b4057d3d6053b0fcc31,35975000000000,85793008000000,09:59:35.000000000,23:49:53.008000000,37624,73126,15.1,ready,146.0
MIX,2024-08-07,2,C:\data_quote\data_finam_MIX_tick_zip\20240807.zip,True,,True,f4ee011913e1b85b3a858afa93d119324316776ad77e38b889208c528845ed24,35957000000000,85797004000000,09:59:17.000000000,23:49:57.004000000,53523,103458,15.016666666666667,ready,197.0
MIX,2024-08-08,3,C:\data_quote\data_finam_MIX_tick_zip\20240808.zip,True,,True,42c1cfade790b7c8e405b50c438659f3e84ace5757479aaa733b4498faac7d1e,35974000000000,85794002000000,09:59:34.000000000,23:49:54.002000000,34375,65878,15.066666666666666,ready,132.0
MIX,2024-08-09,4,C:\data_quote\data_finam_MIX_tick_zip\20240809.zip,True,,True,91f2da4da26d1352a9a1389d34d3e787ca92f5774038c8e461b16a162d5bd3b8,35988000000000,85798001000000,09:59:48.000000000,23:49:58.001000000,33021,64862,15.21665,ready,124.0
MIX,2024-08-12,0,C:\data_quote\data_finam_MIX_tick_zip\20240812.zip,True,,True,1ae3c439990f1a9f48f37ceb45b299d31f12b7ddd605ed817aa7c83549e4020a,35981000000000,85798000000000,09:59:41.000000000,23:49:58.000000000,34520,69873,15.099933333333333,ready,147.0
MIX,2024-08-13,1,C:\data_quote\data_finam_MIX_tick_zip\20240813.zip,True,,True,119a808b7b586e41074c31e1c97e6673d8b9c04b1a48ad97537ce3e5c5f8274b,35947000000000,85799001000000,09:59:07.000000000,23:49:59.001000000,27327,55226,15.033333333333333,ready,114.0
MIX,2024-08-14,2,C:\data_quote\data_finam_MIX_tick_zip\20240814.zip,True,,True,03fba2da2700fb3dedadb773398538b7799f54d2f35fd0634674ebfa7aba42d9,35948000000000,85795002000000,09:59:08.000000000,23:49:55.002000000,34115,65977,15.016666666666667,ready,148.0
MIX,2024-08-15,3,C:\data_quote\data_finam_MIX_tick_zip\20240815.zip,True,,True,74da55c8e71cbbe112cf3158c24b0bfba85f91431f1d65db5da63427e50d9fc4,35954000000000,85769000000000,09:59:14.000000000,23:49:29.000000000,31506,62982,15.049983333333333,ready,164.0
MIX,2024-08-16,4,C:\data_quote\data_finam_MIX_tick_zip\20240816.zip,True,,True,35bfca9b7fb27cde9f460450ac236c9d42c1d263224fa58b733484c0d18bc28b,35958000000000,85798000000000,09:59:18.000000000,23:49:58.000000000,25327,50947,15.199883333333334,ready,119.0
MIX,2024-08-19,0,C:\data_quote\data_finam_MIX_tick_zip\20240819.zip,True,,True,77faa6384e2c96bcb17768b97ae19e7d3c29c77c913950d069d9ebda052b2550,35980000000000,85796001000000,09:59:40.000000000,23:49:56.001000000,37855,83276,15.033316666666668,ready,206.0
MIX,2024-08-20,1,C:\data_quote\data_finam_MIX_tick_zip\20240820.zip,True,,True,e57ba6278d1ad6e202fb50e34223d0f3f0f3abeef9333cd93e4ac8080038c307,35953000000000,85796001000000,09:59:13.000000000,23:49:56.001000000,41296,89571,15.033266666666666,ready,226.0
MIX,2024-08-21,2,C:\data_quote\data_finam_MIX_tick_zip\20240821.zip,True,,True,9a6cd19a384a63c52338c5fb2d4ab25e8225c25d465f05fedeaf24d84f9b0ed5,35977000000000,85798001000000,09:59:37.000000000,23:49:58.001000000,39159,86028,15.216666666666667,ready,198.0
MIX,2024-08-22,3,C:\data_quote\data_finam_MIX_tick_zip\20240822.zip,True,,True,a0f00aca721f4682ddba0748c9eb85d053797e6b973cb33c6fde468afb4c6ddf,35977000000000,85794000000000,09:59:37.000000000,23:49:54.000000000,43829,94386,15.033266666666666,ready,186.0
MIX,2024-08-23,4,C:\data_quote\data_finam_MIX_tick_zip\20240823.zip,True,,True,85c7d0e1c7dc7c9ca634a7213b9600b161c86a6b9d1ef6e430d36d40f6d0fd99,35959000000000,85794000000000,09:59:19.000000000,23:49:54.000000000,55373,124539,15.01655,ready,283.0
MIX,2024-08-26,0,C:\data_quote\data_finam_MIX_tick_zip\20240826.zip,True,,True,c26dde43b79ca9b9402c89a32822326e516ded025c40d23d90ab235e006c268f,35962000000000,85796002000000,09:59:22.000000000,23:49:56.002000000,49395,117607,15.05,ready,280.0
MIX,2024-08-27,1,C:\data_quote\data_finam_MIX_tick_zip\20240827.zip,True,,True,abfbc0fb9072a864b2f951d225f3d5cd264b9c9d6bf08d4b21e394601a5bcf6d,35985000000000,85797000000000,09:59:45.000000000,23:49:57.000000000,42034,94430,15.083333333333334,ready,202.0
MIX,2024-08-28,2,C:\data_quote\data_finam_MIX_tick_zip\20240828.zip,True,,True,65574665046f8e986b3a3d3a2ced6d6de22da0c0bc97ea69c94d7151afc03f66,35964000000000,85799001000000,09:59:24.000000000,23:49:59.001000000,63593,136598,15.083333333333334,ready,284.0
MIX,2024-08-29,3,C:\data_quote\data_finam_MIX_tick_zip\20240829.zip,True,,True,edcacc5276127c26187ef9af25165ddbf4097a34fbd638f96e3fe2517eb34d50,35976000000000,85794003000000,09:59:36.000000000,23:49:54.003000000,51598,116389,15.016666666666667,ready,206.0
MIX,2024-08-30,4,C:\data_quote\data_finam_MIX_tick_zip\20240830.zip,True,,True,1c4622969b5287554b18735b8812a35d83c0577ef1235d9e09658db834c3ea5d,35989000000000,85799000000000,09:59:49.000000000,23:49:59.000000000,79843,178695,15.049966666666668,ready,349.0
MIX,2024-09-02,0,C:\data_quote\data_finam_MIX_tick_zip\20240902.zip,True,,True,27d3abb7333b1b5cebd7f6fc187a2cbaeff3db2cc415eee13e7f4238e5538205,35951000000000,85796000000000,09:59:11.000000000,23:49:56.000000000,85079,206382,15.016616666666666,ready,419.0
MIX,2024-09-03,1,C:\data_quote\data_finam_MIX_tick_zip\20240903.zip,True,,True,e6cb488ed23931c622b08b4651c3a73739788c3b86f7695bf7769775cb4ecdab,35948000000000,85799011000000,09:59:08.000000000,23:49:59.011000000,100355,234322,15.033333333333333,ready,459.0
MIX,2024-09-04,2,C:\data_quote\data_finam_MIX_tick_zip\20240904.zip,True,,True,ca6520a7abb9e7b75f4f4b0cafa055140c21369dae4af2f1518cce9255fcaa3c,35967000000000,85797005000000,09:59:27.000000000,23:49:57.005000000,66948,157731,15.033316666666668,ready,274.0
MIX,2024-09-05,3,C:\data_quote\data_finam_MIX_tick_zip\20240905.zip,True,,True,ca707eae18e0ccf2abf168aaaae875cdb61d8aa096fbba45e16e3b3fbcbb400c,35948000000000,85799000000000,09:59:08.000000000,23:49:59.000000000,64321,133473,15.116666666666667,ready,193.0
MIX,2024-09-06,4,C:\data_quote\data_finam_MIX_tick_zip\20240906.zip,True,,True,5bbbd0869b9ecc97bc0a5b25a7870c6aec5e56a7262cd48a2ddafef1ba6391ee,35966000000000,85796000000000,09:59:26.000000000,23:49:56.000000000,51740,104060,15.133316666666667,ready,146.0
MIX,2024-09-09,0,C:\data_quote\data_finam_MIX_tick_zip\20240909.zip,True,,True,f4eeeb19449377f35c87dea1aaf8f857caf0dd1ca2748c85440a9cf3783453b5,35950000000000,85793007000000,09:59:10.000000000,23:49:53.007000000,52602,108058,15.099966666666667,ready,140.0
MIX,2024-09-10,1,C:\data_quote\data_finam_MIX_tick_zip\20240910.zip,True,,True,7e6d21e5636d7e6362bb7d328cd3237eabb2d7f0aa3e736200ec60aab7f4c7fe,35970000000000,85798000000000,09:59:30.000000000,23:49:58.000000000,63305,126732,15.049983333333333,ready,176.0
MIX,2024-09-11,2,C:\data_quote\data_finam_MIX_tick_zip\20240911.zip,True,,True,0a14a146eceb00d3db2ca4bd8351d2ad5883bbb3e2db27a4ed2d48499e5667b9,35947000000000,85793012000000,09:59:07.000000000,23:49:53.012000000,52056,109342,15.016666666666667,ready,148.0
MIX,2024-09-12,3,C:\data_quote\data_finam_MIX_tick_zip\20240912.zip,True,,True,1d7ebbd8c7ac7a22a8969f0904b667a86e13df256d275c1d13170bb79020118f,35980000000000,85796003000000,09:59:40.000000000,23:49:56.003000000,63037,132152,15.033066666666667,ready,196.0
MIX,2024-09-13,4,C:\data_quote\data_finam_MIX_tick_zip\20240913.zip,True,,True,52803c51dadf74b8e696cb19295ca9d808c43a78f8f65f58ad1292c054c476c0,35961000000000,85799001000000,09:59:21.000000000,23:49:59.001000000,112206,239338,15.033333333333333,ready,353.0
MIX,2024-09-16,0,C:\data_quote\data_finam_MIX_tick_zip\20240916.zip,True,,True,13fdd041b2011d9daa949b0dd8cd4f2b21da47970dc3a77c3084e6ca0a110d70,35961000000000,85799000000000,09:59:21.000000000,23:49:59.000000000,66875,130827,15.11665,ready,153.0
MIX,2024-09-17,1,C:\data_quote\data_finam_MIX_tick_zip\20240917.zip,True,,True,edbe215abcddfbe23269d03de5eafcc1d0205712513ceee23fb086a27ab9e708,35948000000000,85779001000000,09:59:08.000000000,23:49:39.001000000,63207,127591,15.01665,ready,150.0
MIX,2024-09-18,2,C:\data_quote\data_finam_MIX_tick_zip\20240918.zip,True,,True,352159cf8e42e59adc8ff2f1d67929e0c3547eb8dae006e9f79af43e1909b978,35958000000000,85793006000000,09:59:18.000000000,23:49:53.006000000,41777,72719,15.016666666666667,ready,83.0
MIX,2024-09-19,3,C:\data_quote\data_finam_MIX_tick_zip\20240919.zip,True,,True,66d50523f1a999fe826a0b7a30d9eb021e13c36b6baceec4120f69f1bfc04d7a,35957000000000,85796000000000,09:59:17.000000000,23:49:56.000000000,47170,93048,30.016666666666666,ready,90.0
MIX,2024-09-20,4,C:\data_quote\data_finam_MIX_tick_zip\20240920.zip,True,,True,c2c7e3508316edfe31ace8b26f4fa0a590bb5f21f726c8f133e56761f4f97d50,35977000000000,85777000000000,09:59:37.000000000,23:49:37.000000000,46266,86999,15.183316666666666,ready,74.0
MIX,2024-09-23,0,C:\data_quote\data_finam_MIX_tick_zip\20240923.zip,True,,True,bb9231de82f1a328661169ea339ece41e680de2ae764e47ebe178b46e8fa16e8,35952000000000,85788001000000,09:59:12.000000000,23:49:48.001000000,39374,79970,15.066650000000001,ready,88.0
MIX,2024-09-24,1,C:\data_quote\data_finam_MIX_tick_zip\20240924.zip,True,,True,132e9e81c54018ea78cd5d5d553fb2ecadb12ca06c173d70120e12ae1b95a37c,35978000000000,85792000000000,09:59:38.000000000,23:49:52.000000000,50196,106786,15.316666666666666,ready,137.0
MIX,2024-09-25,2,C:\data_quote\data_finam_MIX_tick_zip\20240925.zip,True,,True,7e5ead96fcfc587b056be8c1ad742350fbfc7aa2a403a316f771c61305fa649a,35968000000000,85786000000000,09:59:28.000000000,23:49:46.000000000,55415,118151,15.166666666666666,ready,139.0
MIX,2024-09-26,3,C:\data_quote\data_finam_MIX_tick_zip\20240926.zip,True,,True,aa3f825fcf59543495d2e4530de8b0b12be5b7e7325fdc82d013c192dfd26f37,35974000000000,85797000000000,09:59:34.000000000,23:49:57.000000000,45795,90636,15.049949999999999,ready,99.0
MIX,2024-09-27,4,C:\data_quote\data_finam_MIX_tick_zip\20240927.zip,True,,True,0b8d5adaeb72b4b2c7fcae60ef2a489cf3ab6ba96aee9817b5846990548a2be0,35946000000000,85791003000000,09:59:06.000000000,23:49:51.003000000,28803,57470,15.133333333333333,ready,54.0
MIX,2024-09-30,0,C:\data_quote\data_finam_MIX_tick_zip\20240930.zip,True,,True,27eb6572fdac9942151e6c225cd972a840347c0aa31710ecb1e6d8a6878a9b9a,35971000000000,85797000000000,09:59:31.000000000,23:49:57.000000000,55511,122388,15.049966666666668,ready,184.0
MIX,2024-10-01,1,C:\data_quote\data_finam_MIX_tick_zip\20241001.zip,True,,True,4731cdcb38665cee24ee3f92db6b003eecdda7ffae6a8a7a8bd63db0250c22ed,35989000000000,85799001000000,09:59:49.000000000,23:49:59.001000000,60838,128173,15.283233333333333,ready,184.0
MIX,2024-10-02,2,C:\data_quote\data_finam_MIX_tick_zip\20241002.zip,True,,True,33a71539f63d67226992242df32258bdb36e97b09c657e78f1add6aa0eb7cb11,35969000000000,85796013000000,09:59:29.000000000,23:49:56.013000000,57667,136777,15.033283333333333,ready,207.0
MIX,2024-10-03,3,C:\data_quote\data_finam_MIX_tick_zip\20241003.zip,True,,True,b2de70af4d66885cf950ad556be7083488295f08354871ae764b2987c1a20ac8,35977000000000,85797000000000,09:59:37.000000000,23:49:57.000000000,66031,143934,15.183333333333334,ready,226.0
MIX,2024-10-04,4,C:\data_quote\data_finam_MIX_tick_zip\20241004.zip,True,,True,47d5a9f7d899825205772cc6bbf3609a6974c06ef71cba6d347d40ca43635a05,35975000000000,85799001000000,09:59:35.000000000,23:49:59.001000000,45825,102528,15.033316666666668,ready,162.0
MIX,2024-10-07,0,C:\data_quote\data_finam_MIX_tick_zip\20241007.zip,True,,True,45e4ff219779c595533ec6edfb5c9a0484c0bf8c4d639f92eb33da796f3b5a15,35944000000000,85797001000000,09:59:04.000000000,23:49:57.001000000,42999,90088,15.049983333333333,ready,139.0
MIX,2024-10-08,1,C:\data_quote\data_finam_MIX_tick_zip\20241008.zip,True,,True,4f8d49ac94a105a7cae2a2ee6d01ee2b233cf49321e755b7315bb1fe05a0930c,35979000000000,85796000000000,09:59:39.000000000,23:49:56.000000000,41465,79365,15.566583333333334,ready,103.0
MIX,2024-10-09,2,C:\data_quote\data_finam_MIX_tick_zip\20241009.zip,True,,True,c18c386c3594419e15366e1b74eb125417a68e83ca00c3d69d2829203697e2db,35983000000000,85788003000000,09:59:43.000000000,23:49:48.003000000,42150,87427,15.116666666666667,ready,133.0
MIX,2024-10-10,3,C:\data_quote\data_finam_MIX_tick_zip\20241010.zip,True,,True,a610164f24e9322c5d82444a619902efe1796151f7bf045ec60ba9802364984c,35949000000000,85793012000000,09:59:09.000000000,23:49:53.012000000,38572,77220,15.349933333333333,ready,92.0
MIX,2024-10-11,4,C:\data_quote\data_finam_MIX_tick_zip\20241011.zip,True,,True,9d7ec31acbd2b3b32b899cca6ca30ba7edbcb7107ccaf7163f4ca9f6c2f198dc,35986000000000,85799000000000,09:59:46.000000000,23:49:59.000000000,31636,63430,15.016666666666667,ready,85.0
MIX,2024-10-14,0,C:\data_quote\data_finam_MIX_tick_zip\20241014.zip,True,,True,c2f6cd0016f83215a4a6584f7797cf38216b12ffd79c84bd1b97dfd570c6490f,35948000000000,85799011000000,09:59:08.000000000,23:49:59.011000000,48462,101768,15.066666666666666,ready,149.0
MIX,2024-10-15,1,C:\data_quote\data_finam_MIX_tick_zip\20241015.zip,True,,True,5faa407488526462e214704ccaa0ef5f003351ce48f6efc45328bf2cd2c4055e,35975000000000,85799000000000,09:59:35.000000000,23:49:59.000000000,41657,85573,15.116666666666667,ready,138.0
MIX,2024-10-16,2,C:\data_quote\data_finam_MIX_tick_zip\20241016.zip,True,,True,2db53365b80304de0973cec5e810ff850fd7d09181424f95bf1ecf5a86a26e2e,35945000000000,85796000000000,09:59:05.000000000,23:49:56.000000000,44242,95527,15.183133333333334,ready,177.0
MIX,2024-10-17,3,C:\data_quote\data_finam_MIX_tick_zip\20241017.zip,True,,True,f1a48a9120f358d44f9e06958affe7af2dfeca1610dbee4ad38abe1f9b566e87,35957000000000,85799004000000,09:59:17.000000000,23:49:59.004000000,36852,80415,15.083333333333334,ready,143.0
MIX,2024-10-18,4,C:\data_quote\data_finam_MIX_tick_zip\20241018.zip,True,,True,642f332de1c4aef72bb8576652efd4f67ba9b618feb160a74feb04d196d81b06,35967000000000,85798000000000,09:59:27.000000000,23:49:58.000000000,34494,74134,15.26665,ready,118.0
MIX,2024-10-21,0,C:\data_quote\data_finam_MIX_tick_zip\20241021.zip,True,,True,6a66feddfc63ccad2ea98c474d92d9a2b8452fae35973abe566606ead167021e,35944000000000,85793011000000,09:59:04.000000000,23:49:53.011000000,23670,49714,15.099816666666667,ready,77.0
MIX,2024-10-22,1,C:\data_quote\data_finam_MIX_tick_zip\20241022.zip,True,,True,d8ff4c920e8daecd2e03795e00fc7dc077a24bab81a4ee13bd5edba14a3badc2,35973000000000,85799001000000,09:59:33.000000000,23:49:59.001000000,26493,55367,15.133333333333333,ready,73.0
MIX,2024-10-23,2,C:\data_quote\data_finam_MIX_tick_zip\20241023.zip,True,,True,3c4aaa353586df70c76c46e0581ff87c4fe425e387ec63f54d64ab40eb16f6a5,35954000000000,85793008000000,09:59:14.000000000,23:49:53.008000000,35815,76403,15.016633333333335,ready,137.0
MIX,2024-10-24,3,C:\data_quote\data_finam_MIX_tick_zip\20241024.zip,True,,True,a86ab316832b317d61f5fb3d427c8c42f10dbfe9ac8065c13a7193935b155a7d,35968000000000,85787000000000,09:59:28.000000000,23:49:47.000000000,40822,91113,15.016166666666667,ready,186.0
MIX,2024-10-25,4,C:\data_quote\data_finam_MIX_tick_zip\20241025.zip,True,,True,3fe763a40d135b6a5ad29ecaf52c677713ba23cf1a4338d9603d75ffb114cb34,35967000000000,85794001000000,09:59:27.000000000,23:49:54.001000000,90042,217345,15.0666,ready,443.0
MIX,2024-10-28,0,C:\data_quote\data_finam_MIX_tick_zip\20241028.zip,True,,True,b98007b8b7431661f525f0dfd0852fb633ba3bb1fd8cad537da778bc5d574d16,35962000000000,85799001000000,09:59:22.000000000,23:49:59.001000000,72999,175649,15.016666666666667,ready,325.0
MIX,2024-10-29,1,C:\data_quote\data_finam_MIX_tick_zip\20241029.zip,True,,True,6615655eb526a8a99370d55b38225cc12d92f4ddb33ab6baa2513dab3a008f37,35958000000000,85799002000000,09:59:18.000000000,23:49:59.002000000,71840,167950,15.116633333333334,ready,310.0
MIX,2024-10-30,2,C:\data_quote\data_finam_MIX_tick_zip\20241030.zip,True,,True,0e65ede825d1f7c2e27e972d1b8ed1bcaa9c24778f03a44649805ea7a4721c38,35946000000000,85799000000000,09:59:06.000000000,23:49:59.000000000,61975,139735,15.299983333333333,ready,226.0
MIX,2024-10-31,3,C:\data_quote\data_finam_MIX_tick_zip\20241031.zip,True,,True,38dd4104f247d54fee828c4f5526951c4e825ce630704fb8cb85a6eb0f9df3d9,35978000000000,85790001000000,09:59:38.000000000,23:49:50.001000000,69708,162394,15.083316666666667,ready,282.0
MIX,2024-11-01,4,C:\data_quote\data_finam_MIX_tick_zip\20241101.zip,True,,True,3269b2d78a649a26f5727d8d806d6bb863569fe10a704f04b30aa86885949e07,35949000000000,85799000000000,09:59:09.000000000,23:49:59.000000000,52158,124033,15.166616666666666,ready,211.0
MIX,2024-11-02,5,C:\data_quote\data_finam_MIX_tick_zip\20241102.zip,True,,True,70db7f42160d3b69d1647f9b15a39e603076e82b190ec4f63f62109eba4f78f8,35987000000000,85799003000000,09:59:47.000000000,23:49:59.003000000,17453,38671,15.2,ready,54.0
MIX,2024-11-05,1,C:\data_quote\data_finam_MIX_tick_zip\20241105.zip,True,,True,da81a6ab3697b93c94af71840eca9d7ce080bf307fdae2ebf59d35827391a717,35949000000000,85792000000000,09:59:09.000000000,23:49:52.000000000,40547,95893,15.033283333333333,ready,137.0
MIX,2024-11-06,2,C:\data_quote\data_finam_MIX_tick_zip\20241106.zip,True,,True,882c188e861b1c52cb58660e6298a6764fad68934baf5d243521f2d865ad791c,35942000000000,85799001000000,09:59:02.000000000,23:49:59.001000000,77541,202837,15.049966666666668,ready,362.0
MIX,2024-11-07,3,C:\data_quote\data_finam_MIX_tick_zip\20241107.zip,True,,True,b8d82062d3a9591876d14d48d76b1bf020745a1b40696bb9379938f6be51acc0,35942000000000,85799001000000,09:59:02.000000000,23:49:59.001000000,59025,151499,15.133316666666667,ready,226.0
MIX,2024-11-08,4,C:\data_quote\data_finam_MIX_tick_zip\20241108.zip,True,,True,d43f2f7defa51dbc81011eb0dc14c8b2b39cdeb8619ce6024bd44823d1f07140,35977000000000,85799002000000,09:59:37.000000000,23:49:59.002000000,74824,194673,15.016666666666667,ready,309.0
MIX,2024-11-11,0,C:\data_quote\data_finam_MIX_tick_zip\20241111.zip,True,,True,4c4e2a16e40206b6822f1d28b6b0210ef5eb5dc4ab5a275c8c3c157659dfb408,35958000000000,85799000000000,09:59:18.000000000,23:49:59.000000000,62924,145712,15.083283333333332,ready,197.0
MIX,2024-11-12,1,C:\data_quote\data_finam_MIX_tick_zip\20241112.zip,True,,True,aaf493c5cf85fbfc9f44255b34082f475279ce4a5fba593177bce9f6e592e55c,35962000000000,85799002000000,09:59:22.000000000,23:49:59.002000000,56090,144080,15.049933333333334,ready,216.0
MIX,2024-11-13,2,C:\data_quote\data_finam_MIX_tick_zip\20241113.zip,True,,True,5b16894d119f57aacee196f32e075ccbb1f62e608a6f98cf8740ff0506e07837,35968000000000,85793006000000,09:59:28.000000000,23:49:53.006000000,58387,144439,15.01665,ready,188.0
MIX,2024-11-14,3,C:\data_quote\data_finam_MIX_tick_zip\20241114.zip,True,,True,65205f09c1934494b72c53e2137166f1492d210d7fd1081be775bd867db764e4,35957000000000,85798000000000,09:59:17.000000000,23:49:58.000000000,53227,131889,15.083333333333334,ready,160.0
MIX,2024-11-15,4,C:\data_quote\data_finam_MIX_tick_zip\20241115.zip,True,,True,bf1431542ff7e60299c9548462955bd187d7fe202a83d137f707b701c2e029cd,35949000000000,85799000000000,09:59:09.000000000,23:49:59.000000000,54051,133295,15.033283333333333,ready,159.0
MIX,2024-11-18,0,C:\data_quote\data_finam_MIX_tick_zip\20241118.zip,True,,True,719b45ea7f6a2498f97802482145bb7751c21ad03162d84e7c01d82dca9c5f77,35978000000000,85796001000000,09:59:38.000000000,23:49:56.001000000,62993,173879,15.033333333333333,ready,208.0
MIX,2024-11-19,1,C:\data_quote\data_finam_MIX_tick_zip\20241119.zip,True,,True,1b7529a080d0432fa26edfcbb8a99661c5ad1d54e762c6b13ff90cfbd6db2637,35944000000000,85797000000000,09:59:04.000000000,23:49:57.000000000,84926,222951,34.4666,ready,256.0
MIX,2024-11-20,2,C:\data_quote\data_finam_MIX_tick_zip\20241120.zip,True,,True,b490d4fd7f9a3d43a4439582ec162eab83eb86293f385ebe6f59e300f2899ff2,35978000000000,85793003000000,09:59:38.000000000,23:49:53.003000000,96003,276739,15.033333333333333,ready,334.0
MIX,2024-11-21,3,C:\data_quote\data_finam_MIX_tick_zip\20241121.zip,True,,True,06b49f42b6de748f81e01167f1c3a0a5e0732988fce4a012e7cb14d26321b1c8,35942000000000,85799003000000,09:59:02.000000000,23:49:59.003000000,105978,284715,15.099916666666667,ready,302.0
MIX,2024-11-22,4,C:\data_quote\data_finam_MIX_tick_zip\20241122.zip,True,,True,84b993194f7466a14c7b43c180128d9a13e5f8562afdb45885afc1afb36110de,35980000000000,85799000000000,09:59:40.000000000,23:49:59.000000000,67183,175779,15.033333333333333,ready,131.0
MIX,2024-11-25,0,C:\data_quote\data_finam_MIX_tick_zip\20241125.zip,True,,True,4d60afe0bad9ba2912c28a04ef1130a88b2298fd505e5a8b09f98802091d6798,35958000000000,85799000000000,09:59:18.000000000,23:49:59.000000000,84607,210301,15.083316666666667,ready,186.0
MIX,2024-11-26,1,C:\data_quote\data_finam_MIX_tick_zip\20241126.zip,True,,True,b213008f742e8f2bf4c97d9721a33f596e0f8c35d4c4ab7e6ce2576449bd9b99,35969000000000,85798001000000,09:59:29.000000000,23:49:58.001000000,99069,258431,15.083266666666667,ready,270.0
MIX,2024-11-27,2,C:\data_quote\data_finam_MIX_tick_zip\20241127.zip,True,,True,5daed20720d1e76caf98eb935b660feae210d01f81ea940f698b6ca3c9903703,35967000000000,85799013000000,09:59:27.000000000,23:49:59.013000000,150571,375515,15.016633333333335,ready,325.0
MIX,2024-11-28,3,C:\data_quote\data_finam_MIX_tick_zip\20241128.zip,True,,True,3365ca4c0d7a39ff53806a8f2b13f71691972b548d02b49cdea8e23145c1c4db,35984000000000,85798001000000,09:59:44.000000000,23:49:58.001000000,100464,247223,15.01665,ready,205.0
MIX,2024-11-29,4,C:\data_quote\data_finam_MIX_tick_zip\20241129.zip,True,,True,fbf282cc1166786eac42f723bfcf721c2c85112c7a8d014333dc42a64e3cc84b,35957000000000,85790002000000,09:59:17.000000000,23:49:50.002000000,68275,159494,15.1,ready,123.0
MIX,2024-12-02,0,C:\data_quote\data_finam_MIX_tick_zip\20241202.zip,True,,True,dae4309886561219b34bf694e4a661cc195866cb8aba51ed6fa2c470d4c4d3f4,35958000000000,85799006000000,09:59:18.000000000,23:49:59.006000000,48348,110463,15.116666666666667,ready,74.0
MIX,2024-12-03,1,C:\data_quote\data_finam_MIX_tick_zip\20241203.zip,True,,True,aee70f1fb41b37452ec790a6ecbe7c4eb1ff0d7d516627d944820d87e1e926f5,35978000000000,85793019000000,09:59:38.000000000,23:49:53.019000000,62713,153232,15.066666666666666,ready,151.0
MIX,2024-12-04,2,C:\data_quote\data_finam_MIX_tick_zip\20241204.zip,True,,True,df6e2f7b668d7c23b841dc74a61f44bba733fc368150ff90e0631ccf746a1dd2,35951000000000,85798000000000,09:59:11.000000000,23:49:58.000000000,99536,256583,15.05,ready,210.0
MIX,2024-12-05,3,C:\data_quote\data_finam_MIX_tick_zip\20241205.zip,True,,True,6fdc7e267fed037a01e179a6be1e6139e21e4b0cdc83b03b8a23da8de2a299a2,35983000000000,85799000000000,09:59:43.000000000,23:49:59.000000000,130976,328516,15.01665,ready,251.0
MIX,2024-12-06,4,C:\data_quote\data_finam_MIX_tick_zip\20241206.zip,True,,True,205b157a08e2ac29d9d3a590208785f4f96e4c4ec5ff39ac6791f94fa1afb997,35980000000000,85799000000000,09:59:40.000000000,23:49:59.000000000,83117,207167,15.199983333333334,ready,157.0
MIX,2024-12-09,0,C:\data_quote\data_finam_MIX_tick_zip\20241209.zip,True,,True,a75243e153837ee1ba798f1fc0445f8cf53849ef8fd1cee7a64e9904b1255bcd,35986000000000,85787000000000,09:59:46.000000000,23:49:47.000000000,62579,139570,15.05,ready,97.0
MIX,2024-12-10,1,C:\data_quote\data_finam_MIX_tick_zip\20241210.zip,True,,True,cec2279f3842ba03ac2c5d1c2740057b3195fccd32c0b703a7ad202f70e2f2a1,35948000000000,85789001000000,09:59:08.000000000,23:49:49.001000000,82383,199570,15.083333333333334,ready,155.0
MIX,2024-12-11,2,C:\data_quote\data_finam_MIX_tick_zip\20241211.zip,True,,True,f333dca279015640b6cd96e6879f29855263026aa9e0377a14f100cfa0fb15c8,35953000000000,85799018000000,09:59:13.000000000,23:49:59.018000000,81476,192676,15.066666666666666,ready,143.0
MIX,2024-12-12,3,C:\data_quote\data_finam_MIX_tick_zip\20241212.zip,True,,True,aba6321ab63c3edfa3558b602a4d56bf5abf4da119f3aecf57d1a1439a29f116,35949000000000,85799010000000,09:59:09.000000000,23:49:59.010000000,71159,169856,15.0666,ready,118.0
MIX,2024-12-13,4,C:\data_quote\data_finam_MIX_tick_zip\20241213.zip,True,,True,b8c663d635d159b93cae16b13d08b47e01c63611185a8013189580f776ef3655,35954000000000,85799003000000,09:59:14.000000000,23:49:59.003000000,50130,117455,15.216233333333333,ready,71.0
MIX,2024-12-16,0,C:\data_quote\data_finam_MIX_tick_zip\20241216.zip,True,,True,422893d0c507260b894a1c4221191ec1be4fe6d2fcdf7849427a0509e0110af7,35958000000000,85799001000000,09:59:18.000000000,23:49:59.001000000,73326,181685,15.033,ready,138.0
MIX,2024-12-17,1,C:\data_quote\data_finam_MIX_tick_zip\20241217.zip,True,,True,aac25432ee99a3f5cd834dfd6dd10293b0c5ecad99adc8be420c8b7d010e082f,35977000000000,85798002000000,09:59:37.000000000,23:49:58.002000000,64125,147330,15.116666666666667,ready,97.0
MIX,2024-12-18,2,C:\data_quote\data_finam_MIX_tick_zip\20241218.zip,True,,True,e5458166880c52c90f2a26bf1f2d3cdc99b9cd0c59452ecb2d1df6134412d9f3,35967000000000,85799000000000,09:59:27.000000000,23:49:59.000000000,49753,122191,15.116633333333334,ready,83.0
MIX,2024-12-19,3,C:\data_quote\data_finam_MIX_tick_zip\20241219.zip,True,,True,db9bee8dee2a95146290e88649c63fa2a6563b7dfa82f31ea788def0385d176b,35971000000000,67674000000000,09:59:31.000000000,18:47:54.000000000,21317,69539,5.183333333333334,ready,69.0
MIX,2024-12-20,4,C:\data_quote\data_finam_MIX_tick_zip\20241220.zip,True,,True,9f03c21af20f0e967740865ad3b70fb81cd6ea0ec0013e492a083b8cbd175ad5,68700000000000,85799000000000,19:05:00.000000000,23:49:59.000000000,13298,31866,1.2499833333333332,ready,23.0
MIX,2024-12-23,0,C:\data_quote\data_finam_MIX_tick_zip\20241223.zip,True,,True,5c9325aa014b363055132d3422fb1924c8b8b6c660883d1e7f6681c50c942e45,35984000000000,85798000000000,09:59:44.000000000,23:49:58.000000000,102381,230567,15.01665,ready,215.0
MIX,2024-12-24,1,C:\data_quote\data_finam_MIX_tick_zip\20241224.zip,True,,True,c54315623d5518fd339e542359071ab72ad554fcd23099063bb07373b3d8ef3c,35945000000000,85798002000000,09:59:05.000000000,23:49:58.002000000,76959,164694,15.166633333333333,ready,137.0
MIX,2024-12-25,2,C:\data_quote\data_finam_MIX_tick_zip\20241225.zip,True,,True,915d374e5ef0a79fa88757b2bc9f9500f5a8aafe8cae1d0221264f80451c5e01,35969000000000,85798000000000,09:59:29.000000000,23:49:58.000000000,80417,184322,15.0333,ready,172.0
MIX,2024-12-26,3,C:\data_quote\data_finam_MIX_tick_zip\20241226.zip,True,,True,9ceb59d3febc21ca56d8a0cfe0bd89d981dee42cd6eb994c4d00cc707074b9b9,35950000000000,85799004000000,09:59:10.000000000,23:49:59.004000000,67086,143968,15.016666666666667,ready,116.0
MIX,2024-12-27,4,C:\data_quote\data_finam_MIX_tick_zip\20241227.zip,True,,True,d58f72492c6d316d2adf27a84d4c19545e12c775ecdb64ca41826b49de0a3e00,35981000000000,85798000000000,09:59:41.000000000,23:49:58.000000000,41241,90759,15.033333333333333,ready,70.0
MIX,2024-12-28,5,C:\data_quote\data_finam_MIX_tick_zip\20241228.zip,True,,True,76cc1bb9bf5bdac775e6dbc171a5864a121b92b5e7a70319858a35b8e75cfa49,35952000000000,85799000000000,09:59:12.000000000,23:49:59.000000000,33514,75993,15.25,ready,67.0
MIX,2024-12-30,0,C:\data_quote\data_finam_MIX_tick_zip\20241230.zip,True,,True,2674dd32831a794c83bc2e1fd2cc958ca63bb9564fc0a8de6566af12980a3b0a,35969000000000,85797000000000,09:59:29.000000000,23:49:57.000000000,47958,111523,15.066633333333334,ready,108.0
MIX,2025-01-03,4,C:\data_quote\data_finam_MIX_tick_zip\20250103.zip,True,,True,882776467cf5be0949703ea7524c533fdc2ce26a3fcb3ff9953711cbbacb0ddf,35978000000000,85789002000000,09:59:38.000000000,23:49:49.002000000,44684,106893,15.049800000000001,ready,119.0
MIX,2025-01-06,0,C:\data_quote\data_finam_MIX_tick_zip\20250106.zip,True,,True,90e89ad5599fded8b48dd4e9617a449e0dc2b6b6f1a9facf19daced9803f5c5b,35961000000000,85797001000000,09:59:21.000000000,23:49:57.001000000,32402,69306,15.2,ready,69.0
MIX,2025-01-08,2,C:\data_quote\data_finam_MIX_tick_zip\20250108.zip,True,,True,4d41c5b014a4aa363785cfc68aeefa419f4145d87590d97794565ecdab2d8f58,35987000000000,85799000000000,09:59:47.000000000,23:49:59.000000000,28884,63375,15.1,ready,57.0
MIX,2025-01-09,3,C:\data_quote\data_finam_MIX_tick_zip\20250109.zip,True,,True,1d1ed12b798e9ff15b05742e47904a10408d13a637fa369717730df204fb9997,35971000000000,85799000000000,09:59:31.000000000,23:49:59.000000000,73358,169827,15.049883333333334,ready,211.0
MIX,2025-01-10,4,C:\data_quote\data_finam_MIX_tick_zip\20250110.zip,True,,True,64718d31c97049377893c376d471b23d24d9d6c18424619cb503d166cc709b4e,35964000000000,85799002000000,09:59:24.000000000,23:49:59.002000000,92404,238398,15.083283333333332,ready,320.0
MIX,2025-01-13,0,C:\data_quote\data_finam_MIX_tick_zip\20250113.zip,True,,True,33b498805a53b79d6f9a6e9171403a7d41b3b383264bb0c8a26605d19f086aeb,35968000000000,85797000000000,09:59:28.000000000,23:49:57.000000000,87843,210084,15.066666666666666,ready,244.0
MIX,2025-01-14,1,C:\data_quote\data_finam_MIX_tick_zip\20250114.zip,True,,True,bf2a270a6937014c2aa3700605f2bac78c640f610d345d0133fcca64ae94744c,35948000000000,85799015000000,09:59:08.000000000,23:49:59.015000000,61848,133981,15.099983333333334,ready,141.0
MIX,2025-01-15,2,C:\data_quote\data_finam_MIX_tick_zip\20250115.zip,True,,True,6645567ddd29fbbe78eb3b516914971f34b014571d5cccaf33519e36a8c4403f,35971000000000,85799001000000,09:59:31.000000000,23:49:59.001000000,71318,160429,15.066633333333334,ready,186.0
MIX,2025-01-16,3,C:\data_quote\data_finam_MIX_tick_zip\20250116.zip,True,,True,f6d2e68753c8fa03b2483d0e630acdefb3704f151e35be21e6b8b86cdc5cd863,35975000000000,85799003000000,09:59:35.000000000,23:49:59.003000000,64657,151166,15.083316666666667,ready,162.0
MIX,2025-01-17,4,C:\data_quote\data_finam_MIX_tick_zip\20250117.zip,True,,True,3593b694be8a3de24cc48fa6f299c75d9b5986bb549a8e7ce3e074780a8bbc90,35965000000000,85797000000000,09:59:25.000000000,23:49:57.000000000,57145,137836,15.049883333333334,ready,150.0
MIX,2025-01-20,0,C:\data_quote\data_finam_MIX_tick_zip\20250120.zip,True,,True,4f6297819aff16a67b4e339c74aa9a8d6e497e709e540aa38cc1ef157dcbcf72,35969000000000,85798000000000,09:59:29.000000000,23:49:58.000000000,101311,242570,15.01655,ready,276.0
MIX,2025-01-21,1,C:\data_quote\data_finam_MIX_tick_zip\20250121.zip,True,,True,8f559773369614086cca569958543f5efed600bca8195f5501d75812c5299d16,35964000000000,85799000000000,09:59:24.000000000,23:49:59.000000000,72040,174563,15.15,ready,195.0
MIX,2025-01-22,2,C:\data_quote\data_finam_MIX_tick_zip\20250122.zip,True,,True,457d91c3890d692057d64c225862039f6b540bd30a88f687de3e18bbc77f3838,35971000000000,85794001000000,09:59:31.000000000,23:49:54.001000000,82322,209557,15.016666666666667,ready,248.0
MIX,2025-01-23,3,C:\data_quote\data_finam_MIX_tick_zip\20250123.zip,True,,True,214eae3c5fb9fa48ed3e5b7819fbcdf8817393072b5bd769360b49959bdb2155,35975000000000,85798000000000,09:59:35.000000000,23:49:58.000000000,77975,195136,15.08325,ready,226.0
MIX,2025-01-24,4,C:\data_quote\data_finam_MIX_tick_zip\20250124.zip,True,,True,c7d2cd0304bc703f9d6d7a1c1ec0c0e278ba8a2d38ca8871dc3dc0a75c533052,35986000000000,85795001000000,09:59:46.000000000,23:49:55.001000000,65525,158781,15.016266666666667,ready,160.0
MIX,2025-01-27,0,C:\data_quote\data_finam_MIX_tick_zip\20250127.zip,True,,True,8a9888def00fbd6db7a8305ac16840c7a3581bd381e9a9827968c0c7842dbf65,32350000000000,85799004000000,08:59:10.000000000,23:49:59.004000000,79909,201448,15.016666666666667,ready,209.0
MIX,2025-01-28,1,C:\data_quote\data_finam_MIX_tick_zip\20250128.zip,True,,True,9b712b5c7a35ba6ee703405fe40afa451e6a7992f3289357ee9949bbf1de90dd,32381000000000,85799006000000,08:59:41.000000000,23:49:59.006000000,75559,191674,15.05,ready,210.0
MIX,2025-01-29,2,C:\data_quote\data_finam_MIX_tick_zip\20250129.zip,True,,True,e0b553e26906eddc21754cf8d60cd41c73bbeabd8b46aff502e437bb4a735fee,32368000000000,85797002000000,08:59:28.000000000,23:49:57.002000000,57442,142475,15.01665,ready,146.0
MIX,2025-01-30,3,C:\data_quote\data_finam_MIX_tick_zip\20250130.zip,True,,True,ce8d4f30b279a92af6c08eb8db63d869740589f1de331ced2852ce84aa5aa3c3,32372000000000,85799000000000,08:59:32.000000000,23:49:59.000000000,46708,118510,15.283333333333333,ready,133.0
MIX,2025-01-31,4,C:\data_quote\data_finam_MIX_tick_zip\20250131.zip,True,,True,39dd99be06976a293cb4cedb3ea12cf991e46c926c9e94b968debd3924efa3f6,32373000000000,85797001000000,08:59:33.000000000,23:49:57.001000000,63493,154069,15.083333333333334,ready,158.0
MIX,2025-02-03,0,C:\data_quote\data_finam_MIX_tick_zip\20250203.zip,True,,True,a2924453e9bb074fe0d41adf43a17272dc3dc5668b1adce15edb27afcb91f8d6,32374000000000,85798001000000,08:59:34.000000000,23:49:58.001000000,58141,146662,15.066666666666666,ready,144.0
MIX,2025-02-04,1,C:\data_quote\data_finam_MIX_tick_zip\20250204.zip,True,,True,fcd1b53adc57677f911c2e3d3344c1c0d99082f8a2ce758581bc041049be29a0,32349000000000,85799024000000,08:59:09.000000000,23:49:59.024000000,49523,120288,15.11665,ready,127.0
MIX,2025-02-05,2,C:\data_quote\data_finam_MIX_tick_zip\20250205.zip,True,,True,c8b0791daf37b8197180bc95cc791836e77d5b6438ac08be02c3d2a290d13dd0,32385000000000,85799003000000,08:59:45.000000000,23:49:59.003000000,75092,202365,15.016666666666667,ready,224.0
MIX,2025-02-06,3,C:\data_quote\data_finam_MIX_tick_zip\20250206.zip,True,,True,837922b1a6240f525fe8226d0ebb96192d77d975828507d28a62a2426e95cc75,32363000000000,85799003000000,08:59:23.000000000,23:49:59.003000000,54065,139111,15.033316666666668,ready,135.0
MIX,2025-02-07,4,C:\data_quote\data_finam_MIX_tick_zip\20250207.zip,True,,True,1bca11616412a0038274f3873e430ad702cf90cfa51e260e9103d76ef23935d1,32389000000000,85799019000000,08:59:49.000000000,23:49:59.019000000,45136,109949,15.016633333333335,ready,93.0
MIX,2025-02-10,0,C:\data_quote\data_finam_MIX_tick_zip\20250210.zip,True,,True,c3e1663574e00f14507bd6887a6301778c9bf7585e80883bdf1224a0468b36a5,32387000000000,85797002000000,08:59:47.000000000,23:49:57.002000000,57989,150770,15.066666666666666,ready,165.0
MIX,2025-02-11,1,C:\data_quote\data_finam_MIX_tick_zip\20250211.zip,True,,True,ca8acd1ab939faf04de4d09f3fa420c18f52f785dfe57bee5ebe484f017d838e,32343000000000,85799000000000,08:59:03.000000000,23:49:59.000000000,56840,131605,15.066650000000001,ready,140.0
MIX,2025-02-12,2,C:\data_quote\data_finam_MIX_tick_zip\20250212.zip,True,,True,6452cad793b3b0750644f1db07268e10cb59ab5e9af893898eab7cf35f80cb70,32349000000000,85789000000000,08:59:09.000000000,23:49:49.000000000,122987,303455,15.01665,ready,336.0
MIX,2025-02-13,3,C:\data_quote\data_finam_MIX_tick_zip\20250213.zip,True,,True,570aecff466662dd1cc09b6e5dc1da368347ed62f1b902ae1aee8b7e0c644a59,32350000000000,85799001000000,08:59:10.000000000,23:49:59.001000000,106961,264718,15.0333,ready,258.0
MIX,2025-02-14,4,C:\data_quote\data_finam_MIX_tick_zip\20250214.zip,True,,True,ec92de1095ab1ae5ca946980396fc065d68d14d7dd9da41a89e6d974d6d62d69,32379000000000,85799002000000,08:59:39.000000000,23:49:59.002000000,148758,357713,15.099966666666667,ready,357.0
MIX,2025-02-17,0,C:\data_quote\data_finam_MIX_tick_zip\20250217.zip,True,,True,4dc090d18434b37712b3383475210b5323b748c9b8987ed547f5f561f6a79806,32366000000000,85799008000000,08:59:26.000000000,23:49:59.008000000,92643,218933,15.033333333333333,ready,168.0
MIX,2025-02-18,1,C:\data_quote\data_finam_MIX_tick_zip\20250218.zip,True,,True,8e8bfb543b4a431093980dfcc8ecf129333830b041c99349ce9e14569e7e7be3,32377000000000,85799028000000,08:59:37.000000000,23:49:59.028000000,165501,390228,15.033316666666668,ready,359.0
MIX,2025-02-19,2,C:\data_quote\data_finam_MIX_tick_zip\20250219.zip,True,,True,fd5c6520482b07fd9075f96a62dece43ff621660330e4a77cd4c2d7db574dc18,32367000000000,85793004000000,08:59:27.000000000,23:49:53.004000000,90820,212957,15.049900000000001,ready,160.0
MIX,2025-02-20,3,C:\data_quote\data_finam_MIX_tick_zip\20250220.zip,True,,True,67797bd6025cd32d4320a6f8afb2f27ea7c85df4b2e044465cdcb0590a249bdc,32382000000000,85798000000000,08:59:42.000000000,23:49:58.000000000,66356,160076,15.049916666666666,ready,133.0
MIX,2025-02-21,4,C:\data_quote\data_finam_MIX_tick_zip\20250221.zip,True,,True,4dc1bc18eadd36388694c88dea3e430b3432c9d17e5372c9384566d3266743bd,32347000000000,85798004000000,08:59:07.000000000,23:49:58.004000000,65211,164964,15.033033333333332,ready,140.0
MIX,2025-02-24,0,C:\data_quote\data_finam_MIX_tick_zip\20250224.zip,True,,True,de8e505422da9a653d941916f3bce708f3bfe57d0eed13f10ff8005af660fa79,32368000000000,85798001000000,08:59:28.000000000,23:49:58.001000000,66124,153061,15.016633333333335,ready,143.0
MIX,2025-02-25,1,C:\data_quote\data_finam_MIX_tick_zip\20250225.zip,True,,True,054866537b082c89c4008fceaea7ce116d53394b1137e69ccb3c5cce57ec83fb,32351000000000,85799000000000,08:59:11.000000000,23:49:59.000000000,76856,171154,15.033316666666668,ready,153.0
MIX,2025-02-26,2,C:\data_quote\data_finam_MIX_tick_zip\20250226.zip,True,,True,579bec1e7a8ac113b81f91baa83adc564b787c3106f929cfc9f6916bc26bb7b0,32368000000000,85797001000000,08:59:28.000000000,23:49:57.001000000,131419,295861,15.016666666666667,ready,281.0
MIX,2025-02-27,3,C:\data_quote\data_finam_MIX_tick_zip\20250227.zip,True,,True,7e4acbf9b8b5f7e2743f36ba111b3a2d1572269b0f3e0a7109833e8917d84c28,32359000000000,85799000000000,08:59:19.000000000,23:49:59.000000000,120996,266439,15.21665,ready,214.0
MIX,2025-02-28,4,C:\data_quote\data_finam_MIX_tick_zip\20250228.zip,True,,True,63bba7fc9b77633ecd156e1319e52890f046fb2c75477de1ec0f38579cffa290,32375000000000,85798006000000,08:59:35.000000000,23:49:58.006000000,146232,309778,15.116666666666667,ready,223.0
MIX,2025-03-03,0,C:\data_quote\data_finam_MIX_tick_zip\20250303.zip,True,,True,385b35f6ed850a8b6a8ec8b49816c99ecc1f047f1d579cff3c0deec9318ab39f,32373000000000,85796000000000,08:59:33.000000000,23:49:56.000000000,129773,288137,15.016666666666667,ready,225.0
MIX,2025-03-04,1,C:\data_quote\data_finam_MIX_tick_zip\20250304.zip,True,,True,046177b1741ee0b1046f3fc9714319575a4ee91a24f8282629044ce9c2b3cbaa,32381000000000,85799013000000,08:59:41.000000000,23:49:59.013000000,99375,220190,15.01665,ready,168.0
MIX,2025-03-05,2,C:\data_quote\data_finam_MIX_tick_zip\20250305.zip,True,,True,b76641de24bc9c2417e7078e24612558305f5f7ff3b83f4617ae5be793fc56f5,32375000000000,85797017000000,08:59:35.000000000,23:49:57.017000000,114225,236421,15.049966666666668,ready,167.0
MIX,2025-03-06,3,C:\data_quote\data_finam_MIX_tick_zip\20250306.zip,True,,True,f8bd3df8fa92b126840aca8f09c953a9d71718c283d2e4ad971fdf02095d4687,32341000000000,85797000000000,08:59:01.000000000,23:49:57.000000000,88208,189038,15.016583333333333,ready,130.0
MIX,2025-03-07,4,C:\data_quote\data_finam_MIX_tick_zip\20250307.zip,True,,True,f9b1b295ce622bc9ee9e12eb43bbb2c0e6da5c2f2b890cbdd44421cbfe638f66,32365000000000,85798001000000,08:59:25.000000000,23:49:58.001000000,115145,258166,15.0164,ready,197.0
MIX,2025-03-10,0,C:\data_quote\data_finam_MIX_tick_zip\20250310.zip,True,,True,605f8c0600cc84426e6329348d60baf1080c44b10935e7eaf975351d4dac2028,32359000000000,85797001000000,08:59:19.000000000,23:49:57.001000000,62914,123187,15.05,ready,70.0
MIX,2025-03-11,1,C:\data_quote\data_finam_MIX_tick_zip\20250311.zip,True,,True,ec7b32a2258843ba1c2ed476573b56562f49674063369f69a1ded3155b621331,32374000000000,85799026000000,08:59:34.000000000,23:49:59.026000000,95418,194234,15.083316666666667,ready,126.0
MIX,2025-03-12,2,C:\data_quote\data_finam_MIX_tick_zip\20250312.zip,True,,True,c09930e4cbd5ef9fdc55af76700dcfc774d8774000278b9ac158ce832648d82d,32379000000000,85797001000000,08:59:39.000000000,23:49:57.001000000,65033,131839,15.066583333333334,ready,82.0
MIX,2025-03-13,3,C:\data_quote\data_finam_MIX_tick_zip\20250313.zip,True,,True,f28dce87594f77bb6f315bd4174913be988f810c20c0895d7715773e69cf3111,32367000000000,85799000000000,08:59:27.000000000,23:49:59.000000000,145406,309433,15.016233333333334,ready,233.0
MIX,2025-03-14,4,C:\data_quote\data_finam_MIX_tick_zip\20250314.zip,True,,True,3a8a8f209d022059d58bfc68daeaef358c362b54e910a562513fb9bfe8fc9a3b,32354000000000,85799001000000,08:59:14.000000000,23:49:59.001000000,73986,141330,15.09995,ready,79.0
MIX,2025-03-17,0,C:\data_quote\data_finam_MIX_tick_zip\20250317.zip,True,,True,2542d588ee07873a726001df585224c05eac2fe71680235aaf10054caa8bbfe8,32382000000000,85799006000000,08:59:42.000000000,23:49:59.006000000,69630,132140,15.083300000000001,ready,84.0
MIX,2025-03-18,1,C:\data_quote\data_finam_MIX_tick_zip\20250318.zip,True,,True,f34ed62c1793f9d590b5188c114ba25e599e1562143256870b323d18916fd05d,32372000000000,85797000000000,08:59:32.000000000,23:49:57.000000000,120897,231764,15.1,ready,162.0
MIX,2025-03-19,2,C:\data_quote\data_finam_MIX_tick_zip\20250319.zip,True,,True,e4c3e8d0f3d0c6482f71957e272c28810d2e30c0645a10dc269766c7fc32d803,32354000000000,85799000000000,08:59:14.000000000,23:49:59.000000000,37438,69024,15.033333333333333,ready,45.0
MIX,2025-03-20,3,C:\data_quote\data_finam_MIX_tick_zip\20250320.zip,True,,True,a6ae8153766d59c83c9118d8bc8d3a632356fb7d8bd1ae3076b10ba2be91577b,32359000000000,85799000000000,08:59:19.000000000,23:49:59.000000000,58805,117789,15.116666666666667,ready,81.0
MIX,2025-03-21,4,C:\data_quote\data_finam_MIX_tick_zip\20250321.zip,True,,True,714000bb447f4b5a1a063e9cb3a6e2f6fa87db8e2d621ab836855913e0c95cbd,32348000000000,85799002000000,08:59:08.000000000,23:49:59.002000000,51622,115146,15.1,ready,106.0
MIX,2025-03-24,0,C:\data_quote\data_finam_MIX_tick_zip\20250324.zip,True,,True,a19346446478a4114c9f8c8220f6ab16b557c996ab5949582117276a302fcee3,32366000000000,85799005000000,08:59:26.000000000,23:49:59.005000000,46661,96391,15.26665,ready,69.0
MIX,2025-03-25,1,C:\data_quote\data_finam_MIX_tick_zip\20250325.zip,True,,True,f914089d1f73c35367b860fbbb8cc766333beb56c2df0d3d423830475d9aca5f,32359000000000,85797001000000,08:59:19.000000000,23:49:57.001000000,66613,155498,30.016583333333333,ready,159.0
MIX,2025-03-26,2,C:\data_quote\data_finam_MIX_tick_zip\20250326.zip,True,,True,140d27776433fe17466576a4016a2d8fbd1c3ee1b48b41e4be5fdf846de24081,32383000000000,85798002000000,08:59:43.000000000,23:49:58.002000000,46580,107167,15.033333333333333,ready,103.0
MIX,2025-03-27,3,C:\data_quote\data_finam_MIX_tick_zip\20250327.zip,True,,True,b1b04137b64e6b1cb3381cb6398aca0370fc65e9f0c5a28fba6d453c05d14243,32388000000000,85798003000000,08:59:48.000000000,23:49:58.003000000,61707,137049,15.033333333333333,ready,136.0
MIX,2025-03-28,4,C:\data_quote\data_finam_MIX_tick_zip\20250328.zip,True,,True,ac5b01a76c084b735cd8b301477c3a0142ec31fe15b71ad1355cf936931670c1,32357000000000,85797000000000,08:59:17.000000000,23:49:57.000000000,83336,176694,15.016666666666667,ready,161.0
MIX,2025-03-31,0,C:\data_quote\data_finam_MIX_tick_zip\20250331.zip,True,,True,163acea96c7195fd1c774c6027036f63babdbf51ccf138115aeba1c0f85b1659,32365000000000,85793003000000,08:59:25.000000000,23:49:53.003000000,73615,147179,15.033333333333333,ready,133.0
MIX,2025-04-01,1,C:\data_quote\data_finam_MIX_tick_zip\20250401.zip,True,,True,6ccf47b2d1313d63ee616e688ead28c4cd0466b9b976331ee5cd5f09027c3598,32345000000000,85797007000000,08:59:05.000000000,23:49:57.007000000,96112,199512,15.016666666666667,ready,218.0
MIX,2025-04-02,2,C:\data_quote\data_finam_MIX_tick_zip\20250402.zip,True,,True,c30f51f155c2ed1378ca4aece0bfd06a181440316bcc70f622e356cb6823e35b,32354000000000,85799000000000,08:59:14.000000000,23:49:59.000000000,93604,192172,15.016616666666666,ready,195.0
MIX,2025-04-03,3,C:\data_quote\data_finam_MIX_tick_zip\20250403.zip,True,,True,ade5fb1bdf6c824ff5288cc4543a12b27667c6db15e7f0212c4017ff85c06f57,32379000000000,85795005000000,08:59:39.000000000,23:49:55.005000000,128141,259912,15.049966666666668,ready,253.0
MIX,2025-04-04,4,C:\data_quote\data_finam_MIX_tick_zip\20250404.zip,True,,True,90449eaf8051ce53498559c0cf4bea11a0ad026a96cd44821197ee2744a591ce,32352000000000,85797001000000,08:59:12.000000000,23:49:57.001000000,136678,286518,15.15,ready,310.0
MIX,2025-04-07,0,C:\data_quote\data_finam_MIX_tick_zip\20250407.zip,True,,True,751e79da8e520674d81ea4a47a58837ea4bfc00e1f920d551906411807fd8653,32351000000000,85798001000000,08:59:11.000000000,23:49:58.001000000,197672,395068,15.133333333333333,ready,382.0
MIX,2025-04-08,1,C:\data_quote\data_finam_MIX_tick_zip\20250408.zip,True,,True,490791aeaabd4d8e680d620407a75ed62afb323d4b6d5e6c852320a1b58040c5,32345000000000,85799007000000,08:59:05.000000000,23:49:59.007000000,119237,234668,15.049966666666668,ready,191.0
MIX,2025-04-09,2,C:\data_quote\data_finam_MIX_tick_zip\20250409.zip,True,,True,9118e81a4616d1bb230a3aa5d9e56efa3e848662e0090c3c25367697d2a4d1f2,32361000000000,85798000000000,08:59:21.000000000,23:49:58.000000000,190886,385409,15.016533333333333,ready,373.0
MIX,2025-04-10,3,C:\data_quote\data_finam_MIX_tick_zip\20250410.zip,True,,True,2c6beeaa283f52c5477577e62cd92acd8c98e85272d37cdf9c02488ec1d95116,32361000000000,85797017000000,08:59:21.000000000,23:49:57.017000000,132088,242322,15.016633333333335,ready,202.0
MIX,2025-04-11,4,C:\data_quote\data_finam_MIX_tick_zip\20250411.zip,True,,True,d1720989524ef1dbce7f19df106515257580adc5b39a073e306b817181897d23,32345000000000,85799000000000,08:59:05.000000000,23:49:59.000000000,116674,220307,15.05,ready,206.0
MIX,2025-04-14,0,C:\data_quote\data_finam_MIX_tick_zip\20250414.zip,True,,True,7dc75d9b3fd3454c9798a80a0b8f4777eb1f36087180c04a7265d13f1c1ea901,32375000000000,85799001000000,08:59:35.000000000,23:49:59.001000000,80924,160528,15.016583333333333,ready,146.0
MIX,2025-04-15,1,C:\data_quote\data_finam_MIX_tick_zip\20250415.zip,True,,True,bfd3202c30c2a90f2c1a80d11bf41b2b9575e547147e96729303f7bd974e6c5b,32377000000000,85799036000000,08:59:37.000000000,23:49:59.036000000,73839,141569,15.083333333333334,ready,128.0
MIX,2025-04-16,2,C:\data_quote\data_finam_MIX_tick_zip\20250416.zip,True,,True,626a6bd53ea19086c81bb697e87ee19a9f7d1ce2b4719ff0966bf9570e43b7f6,32341000000000,85798001000000,08:59:01.000000000,23:49:58.001000000,86170,161215,15.066650000000001,ready,126.0
MIX,2025-04-17,3,C:\data_quote\data_finam_MIX_tick_zip\20250417.zip,True,,True,78514aee69c79a0f1e944a49b494bf0fd1578a5e9a0276387ed6d803067a6a2a,32348000000000,85798005000000,08:59:08.000000000,23:49:58.005000000,82285,167708,15.049983333333333,ready,158.0
MIX,2025-04-18,4,C:\data_quote\data_finam_MIX_tick_zip\20250418.zip,True,,True,4b6c83760b391d0d2797f40bb1795dec20c2e884d4b2de8cd3103dd1e221161f,32345000000000,85799000000000,08:59:05.000000000,23:49:59.000000000,101087,198177,15.05,ready,176.0
MIX,2025-04-21,0,C:\data_quote\data_finam_MIX_tick_zip\20250421.zip,True,,True,7ce0657d7a58e875c8198f78acee6decf6d5ab37fea66411a15bc9176c98f687,32380000000000,85797000000000,08:59:40.000000000,23:49:57.000000000,77588,151654,15.016666666666667,ready,129.0
MIX,2025-04-22,1,C:\data_quote\data_finam_MIX_tick_zip\20250422.zip,True,,True,246619a545c556fecfc1d932999111115b1db95eeb6e85ebbd52bf13640a9121,32364000000000,85799000000000,08:59:24.000000000,23:49:59.000000000,103940,208365,32.23331666666667,ready,181.0
MIX,2025-04-23,2,C:\data_quote\data_finam_MIX_tick_zip\20250423.zip,True,,True,23b7b5524469612ca7a61d41893ed1decc4eda711678b3aa83dc4135c8f97adc,32352000000000,85799000000000,08:59:12.000000000,23:49:59.000000000,111660,223676,15.033283333333333,ready,202.0
MIX,2025-04-24,3,C:\data_quote\data_finam_MIX_tick_zip\20250424.zip,True,,True,2c4a3bcf25a755450d309d77a727fa55195e39216f7fcc1671faad0256eae795,32348000000000,85797001000000,08:59:08.000000000,23:49:57.001000000,58410,120154,15.11665,ready,106.0
MIX,2025-04-25,4,C:\data_quote\data_finam_MIX_tick_zip\20250425.zip,True,,True,1468042cd1e318a0006bcb1959cb50669ca6789bc40d01cb3e4ad468c32d7dfc,32362000000000,85799000000000,08:59:22.000000000,23:49:59.000000000,95871,198583,15.033316666666668,ready,192.0
MIX,2025-04-28,0,C:\data_quote\data_finam_MIX_tick_zip\20250428.zip,True,,True,dfe9dc99898f117aabb75bf32f2e1310d23d93b6433450850c9b8b5374c3f706,32383000000000,85798001000000,08:59:43.000000000,23:49:58.001000000,117268,244285,70.13331666666666,ready,209.0
MIX,2025-04-29,1,C:\data_quote\data_finam_MIX_tick_zip\20250429.zip,True,,True,3e6019dc44be9307c755b51f9bd7e3caeced6ce88d219325c8cceb8b9af59fa1,32378000000000,85799000000000,08:59:38.000000000,23:49:59.000000000,89350,171959,15.049883333333334,ready,153.0
MIX,2025-04-30,2,C:\data_quote\data_finam_MIX_tick_zip\20250430.zip,True,,True,d142b4614446278e32c3a1dea3ace25895e8663e7146cd4255e09f9381a338dc,32388000000000,85798002000000,08:59:48.000000000,23:49:58.002000000,108817,223220,15.066666666666666,ready,208.0
MIX,2025-05-02,4,C:\data_quote\data_finam_MIX_tick_zip\20250502.zip,True,,True,568c195a2f3bb11f3c746e571ceafc136e37e40a4a7dbfd31376076914c65eab,32378000000000,85799001000000,08:59:38.000000000,23:49:59.001000000,64156,128143,15.149983333333333,ready,107.0
MIX,2025-05-05,0,C:\data_quote\data_finam_MIX_tick_zip\20250505.zip,True,,True,0731f5f9da28d5368d771b031bfc98ffdb3eb7ffa161bf0648605ad9b46130fc,32353000000000,85798000000000,08:59:13.000000000,23:49:58.000000000,95551,192627,15.033333333333333,ready,171.0
MIX,2025-05-06,1,C:\data_quote\data_finam_MIX_tick_zip\20250506.zip,True,,True,7a59201247108150b66837ad3dae5c4c6359192a11af325ae4750de74d435ca2,32349000000000,85799000000000,08:59:09.000000000,23:49:59.000000000,106381,224778,15.05,ready,206.0
MIX,2025-05-07,2,C:\data_quote\data_finam_MIX_tick_zip\20250507.zip,True,,True,81e03e175c2cf76bfb7032ac606fa3d975a7076b54e43c45a25b060d74edd87e,32346000000000,85799000000000,08:59:06.000000000,23:49:59.000000000,104574,221630,15.033183333333334,ready,201.0
MIX,2025-05-08,3,C:\data_quote\data_finam_MIX_tick_zip\20250508.zip,True,,True,62f053f2852b41bac7ccd6bcf99c2249bdc53087aef2167c925644ef6d02ec41,32347000000000,85798001000000,08:59:07.000000000,23:49:58.001000000,63583,121917,15.066533333333332,ready,109.0
MIX,2025-05-12,0,C:\data_quote\data_finam_MIX_tick_zip\20250512.zip,True,,True,a3773afe5fa7feaf510d8eec31d51641d597ede9070e532aab0882fd96afc4bf,32368000000000,85798002000000,08:59:28.000000000,23:49:58.002000000,77227,163072,15.01665,ready,151.0
MIX,2025-05-13,1,C:\data_quote\data_finam_MIX_tick_zip\20250513.zip,True,,True,ac17673c09ac406aac26ab503a08af3c2b929b86c9bfe123e4db737ee0244e29,32358000000000,85799008000000,08:59:18.000000000,23:49:59.008000000,67194,137369,15.1,ready,118.0
MIX,2025-05-14,2,C:\data_quote\data_finam_MIX_tick_zip\20250514.zip,True,,True,907c5983a56a38e8b0f278690d0d2ac2d4a9bbb390bb1c783a83a75a5ef61feb,32345000000000,85799000000000,08:59:05.000000000,23:49:59.000000000,78250,163281,15.066650000000001,ready,172.0
MIX,2025-05-15,3,C:\data_quote\data_finam_MIX_tick_zip\20250515.zip,True,,True,3904d664ccc22c2ec2f49fb49810f4f96c78076610cbecde27b66743137cca98,32369000000000,85799044000000,08:59:29.000000000,23:49:59.044000000,115234,242008,15.049933333333334,ready,250.0
MIX,2025-05-16,4,C:\data_quote\data_finam_MIX_tick_zip\20250516.zip,True,,True,f87f7e925d34a20bb93e88f5536ed230d2bb872c5010a6fa9dbf56026036e95e,32372000000000,85798000000000,08:59:32.000000000,23:49:58.000000000,134425,297392,15.066650000000001,ready,371.0
MIX,2025-05-19,0,C:\data_quote\data_finam_MIX_tick_zip\20250519.zip,True,,True,e89deb37c96898fe88e4521d59e33926fd2af224af7759c8a1618445418172b6,32373000000000,85797000000000,08:59:33.000000000,23:49:57.000000000,121526,251629,15.016633333333335,ready,237.0
MIX,2025-05-20,1,C:\data_quote\data_finam_MIX_tick_zip\20250520.zip,True,,True,0c0d03157f6c5220b0921f0b7c71bc7201d22569fd9d3c13f969e99fe2e3558d,32361000000000,85799041000000,08:59:21.000000000,23:49:59.041000000,52361,106799,15.066516666666667,ready,105.0
MIX,2025-05-21,2,C:\data_quote\data_finam_MIX_tick_zip\20250521.zip,True,,True,38bd7f67a6ef1a5f079e85faddac0ccc678931e4ca29b6bb3726318e800df644,32384000000000,85798000000000,08:59:44.000000000,23:49:58.000000000,55347,110694,15.033333333333333,ready,104.0
MIX,2025-05-22,3,C:\data_quote\data_finam_MIX_tick_zip\20250522.zip,True,,True,bfe02e6cc9cfca75398f37d2200bb4f0291440ca6f72172282eaaefecc3926e7,32358000000000,85799008000000,08:59:18.000000000,23:49:59.008000000,96844,202763,15.016666666666667,ready,183.0
MIX,2025-05-23,4,C:\data_quote\data_finam_MIX_tick_zip\20250523.zip,True,,True,5cab3c5a3345aa6bf9fee139a322ce131ef22ab9882999454bf9f137bbbfcfa9,32369000000000,85798000000000,08:59:29.000000000,23:49:58.000000000,56470,113089,15.133316666666667,ready,102.0
MIX,2025-05-26,0,C:\data_quote\data_finam_MIX_tick_zip\20250526.zip,True,,True,1fe7f683b4098d4354d78dd146de7efa978ac619cedbffd8ab57d6dbbfbd6826,32352000000000,85799003000000,08:59:12.000000000,23:49:59.003000000,62569,139971,15.016183333333334,ready,145.0
MIX,2025-05-27,1,C:\data_quote\data_finam_MIX_tick_zip\20250527.zip,True,,True,1c662950f9bf3a981b59289d8d257eb9f93d42f0c7de453f289a2801b3bc4b27,32346000000000,85799000000000,08:59:06.000000000,23:49:59.000000000,62732,140598,15.099966666666667,ready,129.0
MIX,2025-05-28,2,C:\data_quote\data_finam_MIX_tick_zip\20250528.zip,True,,True,264a8c021bd304f9a0d7a1f43aec6aaec4e0cf1e1631321bead1122f10655edb,32351000000000,85797004000000,08:59:11.000000000,23:49:57.004000000,80724,196028,15.016666666666667,ready,199.0
MIX,2025-05-29,3,C:\data_quote\data_finam_MIX_tick_zip\20250529.zip,True,,True,03a28a196b6489a3bf252a514d33abefb07a7439fd5576120a39b1c2cb1e9aa8,32379000000000,85798004000000,08:59:39.000000000,23:49:58.004000000,71748,158924,15.033333333333333,ready,154.0
MIX,2025-05-30,4,C:\data_quote\data_finam_MIX_tick_zip\20250530.zip,True,,True,8d72be350bef265c0e19149be21a2d57de8715a1588c25bd6ce84ae8654d5bf6,32359000000000,85798003000000,08:59:19.000000000,23:49:58.003000000,60855,126794,15.1333,ready,112.0
MIX,2025-06-02,0,C:\data_quote\data_finam_MIX_tick_zip\20250602.zip,True,,True,74dd537ed18352e71164b7909625de8b529ffb476e0b017d0b211c8e7ccef56e,32373000000000,85799058000000,08:59:33.000000000,23:49:59.058000000,89428,207801,15.016616666666666,ready,200.0
MIX,2025-06-03,1,C:\data_quote\data_finam_MIX_tick_zip\20250603.zip,True,,True,00d6f516cce916ec6410ee79ac64f618e8ab5644b786e317efba6e372177ac76,32385000000000,85798000000000,08:59:45.000000000,23:49:58.000000000,62344,134496,15.01635,ready,129.0
MIX,2025-06-04,2,C:\data_quote\data_finam_MIX_tick_zip\20250604.zip,True,,True,5f65db05c4981569cbf4ed3f929902ff66b25b659ca020bcca60d39ab615a81c,32344000000000,85798005000000,08:59:04.000000000,23:49:58.005000000,89783,203154,15.016133333333332,ready,222.0
MIX,2025-06-05,3,C:\data_quote\data_finam_MIX_tick_zip\20250605.zip,True,,True,dc510cfcad7a73e619161c9bd1203636d333d87f43fbd1971f455218cfabee0f,32373000000000,85795000000000,08:59:33.000000000,23:49:55.000000000,44474,94647,15.033316666666668,ready,86.0
MIX,2025-06-06,4,C:\data_quote\data_finam_MIX_tick_zip\20250606.zip,True,,True,0f92de52a2f8323b4cf70c14a25a183e5915a2194d156bc08c09861a987d9492,32387000000000,85799000000000,08:59:47.000000000,23:49:59.000000000,189038,418253,15.016666666666667,ready,467.0
MIX,2025-06-09,0,C:\data_quote\data_finam_MIX_tick_zip\20250609.zip,True,,True,0f1d9218e2928f98938e828397eb2f77304de7b5d806e7a312bd4b0e4b10667b,32374000000000,85799048000000,08:59:34.000000000,23:49:59.048000000,74102,160439,15.199966666666667,ready,149.0
MIX,2025-06-10,1,C:\data_quote\data_finam_MIX_tick_zip\20250610.zip,True,,True,ff74a7bfd3b24270908ff3e252d441b012e3d708daf0e8968d0fef8ec648404c,32352000000000,85797001000000,08:59:12.000000000,23:49:57.001000000,71254,155964,15.016533333333333,ready,135.0
MIX,2025-06-11,2,C:\data_quote\data_finam_MIX_tick_zip\20250611.zip,True,,True,0ca8f823b18e3b25de4c96eef45b28f54c48b4e73c651ea21a82d77e7d8f3a7f,32364000000000,85799023000000,08:59:24.000000000,23:49:59.023000000,61967,130858,15.014233333333333,ready,122.0
MIX,2025-06-13,4,C:\data_quote\data_finam_MIX_tick_zip\20250613.zip,True,,True,d2a3651588aa02ef19b117a44a80bc8084391c3828c8fd5b293b5ffc7eb1d4c0,32383000000000,85797003000000,08:59:43.000000000,23:49:57.003000000,40512,83374,15.083316666666667,ready,64.0
MIX,2025-06-16,0,C:\data_quote\data_finam_MIX_tick_zip\20250616.zip,True,,True,eba2e0e4f5371e0c74651d38269f46c0e7a92e86c17b93af24af28eccbb36f0e,32359000000000,85795000000000,08:59:19.000000000,23:49:55.000000000,54288,112731,15.016633333333335,ready,99.0
MIX,2025-06-17,1,C:\data_quote\data_finam_MIX_tick_zip\20250617.zip,True,,True,72c3b778b2e988afae04070998a089e748205f670a1570f607b990e2d44d341d,32382000000000,85794000000000,08:59:42.000000000,23:49:54.000000000,65408,138857,15.033333333333333,ready,131.0
MIX,2025-06-18,2,C:\data_quote\data_finam_MIX_tick_zip\20250618.zip,True,,True,43e4edddce5af9a76672890c1aa23edb933900c554ced1aa67271560d3280efc,32346000000000,85791001000000,08:59:06.000000000,23:49:51.001000000,41314,78511,15.133216666666668,ready,68.0
MIX,2025-06-19,3,C:\data_quote\data_finam_MIX_tick_zip\20250619.zip,True,,True,4ecacd830e35f2be7681ed5f7de36e47c8c2da471ebc08f9d416cffadc2a48e2,32381000000000,85786001000000,08:59:41.000000000,23:49:46.001000000,53858,118744,15.133333333333333,ready,140.0
MIX,2025-06-20,4,C:\data_quote\data_finam_MIX_tick_zip\20250620.zip,True,,True,acd6f4f10af0dffe221599f4e7e070bdf779acc84c492e716919325e4aab28be,32380000000000,85799000000000,08:59:40.000000000,23:49:59.000000000,46917,106131,15.016416666666666,ready,133.0
MIX,2025-06-23,0,C:\data_quote\data_finam_MIX_tick_zip\20250623.zip,True,,True,9169a4057ab64df61ac6f2e040aa3723d2c255f10621de0d6386bc0c4812963e,32371000000000,85798000000000,08:59:31.000000000,23:49:58.000000000,54509,123166,15.083333333333334,ready,142.0
MIX,2025-06-24,1,C:\data_quote\data_finam_MIX_tick_zip\20250624.zip,True,,True,8f255a9cf3a7a6695ed0251f1245bef81674f8d736dad7379c13c0a194d1c69d,32375000000000,85799004000000,08:59:35.000000000,23:49:59.004000000,57613,133111,15.033316666666668,ready,158.0
MIX,2025-06-25,2,C:\data_quote\data_finam_MIX_tick_zip\20250625.zip,True,,True,5d6cdb2863e672a4afddb4f08a79f785a61b6b26ce036d429404192a45249c49,32349000000000,85798000000000,08:59:09.000000000,23:49:58.000000000,42598,100844,15.0333,ready,119.0
MIX,2025-06-26,3,C:\data_quote\data_finam_MIX_tick_zip\20250626.zip,True,,True,8817d19ff8acc69c7ee99b9358764bc64af0ea387e0223247cc4ca421aa27570,32363000000000,85793001000000,08:59:23.000000000,23:49:53.001000000,37113,84942,15.25,ready,104.0
MIX,2025-06-27,4,C:\data_quote\data_finam_MIX_tick_zip\20250627.zip,True,,True,b49844f8db16f1f32126e982cad69d659d793721a9005dd43fab75384a6fa9b8,32348000000000,85795001000000,08:59:08.000000000,23:49:55.001000000,49238,116601,15.016666666666667,ready,157.0
MIX,2025-06-30,0,C:\data_quote\data_finam_MIX_tick_zip\20250630.zip,True,,True,a39c3ae29ae51d104df78aff777b476a481de3c09b645dd9ffe7ce953a7c74d9,32358000000000,85798000000000,08:59:18.000000000,23:49:58.000000000,49326,111312,15.033333333333333,ready,131.0
MIX,2025-07-01,1,C:\data_quote\data_finam_MIX_tick_zip\20250701.zip,True,,True,2f058a1ed005d05de1a6eb9be556b66e4071e80cba4807bb825ca553a0434dc6,32361000000000,85799001000000,08:59:21.000000000,23:49:59.001000000,50844,114975,15.033033333333332,ready,160.0
MIX,2025-07-02,2,C:\data_quote\data_finam_MIX_tick_zip\20250702.zip,True,,True,a337b21bb748a263c90da5acaceec86a89c2873dc9ba183c5007b3dda46646f3,32369000000000,85798000000000,08:59:29.000000000,23:49:58.000000000,61237,139395,15.016633333333335,ready,199.0
MIX,2025-07-03,3,C:\data_quote\data_finam_MIX_tick_zip\20250703.zip,True,,True,a8c82575df0553e0075a0df6aa2a9ae1337e83b450ce3d1240c24f92e5f88a4b,32349000000000,85799000000000,08:59:09.000000000,23:49:59.000000000,65823,144739,15.016666666666667,ready,202.0
MIX,2025-07-04,4,C:\data_quote\data_finam_MIX_tick_zip\20250704.zip,True,,True,8dcac2a03c03ddabc2b46880e19a40533e0b52aa2a683e43c4042e2719f914f5,32379000000000,85798001000000,08:59:39.000000000,23:49:58.001000000,56699,129331,15.033283333333333,ready,176.0
MIX,2025-07-07,0,C:\data_quote\data_finam_MIX_tick_zip\20250707.zip,True,,True,5017c9dc0b192314373c5715ac665a0fcc8c0f3af05f49bb7ba2528622d6a8be,32359000000000,85796000000000,08:59:19.000000000,23:49:56.000000000,54662,120367,15.033333333333333,ready,157.0
MIX,2025-07-08,1,C:\data_quote\data_finam_MIX_tick_zip\20250708.zip,True,,True,a5de8ac188bce0c2a0a81f9a63e83c24bd6c1184083e59c2177382c6d51032b1,32363000000000,85798000000000,08:59:23.000000000,23:49:58.000000000,65566,149098,15.016483333333333,ready,238.0
MIX,2025-07-09,2,C:\data_quote\data_finam_MIX_tick_zip\20250709.zip,True,,True,d56b042e2f5242f4a71d92275b87f04253eee557023ef2973bfb8ef1253ad529,32378000000000,85799001000000,08:59:38.000000000,23:49:59.001000000,78431,177315,15.01665,ready,264.0
MIX,2025-07-10,3,C:\data_quote\data_finam_MIX_tick_zip\20250710.zip,True,,True,e384329927ed5ab2543d2ace7476dd38ec49557fcd0614ea59bf7d0025a19554,32363000000000,85798001000000,08:59:23.000000000,23:49:58.001000000,55596,124058,15.016633333333335,ready,192.0
MIX,2025-07-11,4,C:\data_quote\data_finam_MIX_tick_zip\20250711.zip,True,,True,f703caaf3d9e7b756e9a45180afcb253d8535984d952e70d6217f44a48f5a7a7,32364000000000,85798002000000,08:59:24.000000000,23:49:58.002000000,87624,197613,15.01665,ready,300.0
MIX,2025-07-14,0,C:\data_quote\data_finam_MIX_tick_zip\20250714.zip,True,,True,df2462262ae68a7c288cb1ab4fb849372fb0ce4cffa0668100ef9866235cc42e,32381000000000,85798006000000,08:59:41.000000000,23:49:58.006000000,118729,266428,15.0163,ready,376.0
MIX,2025-07-15,1,C:\data_quote\data_finam_MIX_tick_zip\20250715.zip,True,,True,13dc2d4eb17d2deadbc97a509552dc8e78eb6510dacfe67c6783fae5dd07697a,32358000000000,85798000000000,08:59:18.000000000,23:49:58.000000000,51750,114290,15.083333333333334,ready,159.0
MIX,2025-07-16,2,C:\data_quote\data_finam_MIX_tick_zip\20250716.zip,True,,True,e664f15c5132a1c6808c5829ada3aa8f7381e009545fc18940bb40c918aa001c,32376000000000,85796007000000,08:59:36.000000000,23:49:56.007000000,58795,136150,15.049949999999999,ready,190.0
MIX,2025-07-17,3,C:\data_quote\data_finam_MIX_tick_zip\20250717.zip,True,,True,6d906649004d44c07037d6ab1f1c4c08d6a8c1f6d6d5b902269a3008db29ef4d,32363000000000,85799002000000,08:59:23.000000000,23:49:59.002000000,57032,121453,15.05,ready,144.0
MIX,2025-07-18,4,C:\data_quote\data_finam_MIX_tick_zip\20250718.zip,True,,True,7e9da7b8e2bc1f16d278994f7a6c9c20358f8079980ba243e66622f7ac795187,32379000000000,85799003000000,08:59:39.000000000,23:49:59.003000000,82099,184579,15.183266666666666,ready,233.0
MIX,2025-07-21,0,C:\data_quote\data_finam_MIX_tick_zip\20250721.zip,True,,True,ccb6dc232fb780544d3b5b97157dc06a375f73906e7a3d8a32e68a92cd653077,32374000000000,85798000000000,08:59:34.000000000,23:49:58.000000000,59494,132608,15.016633333333335,ready,160.0
MIX,2025-07-22,1,C:\data_quote\data_finam_MIX_tick_zip\20250722.zip,True,,True,4866c883b4d66eda9f60f7577a4de26e8f39054e4aac756554b3ba13faa336b6,32363000000000,85799001000000,08:59:23.000000000,23:49:59.001000000,49564,110846,15.05,ready,140.0
MIX,2025-07-23,2,C:\data_quote\data_finam_MIX_tick_zip\20250723.zip,True,,True,99f544bd4c4b57c68f46387e5520ebd8ecf340b857f57597b2fa643beb5d8e34,32377000000000,85799000000000,08:59:37.000000000,23:49:59.000000000,55998,131612,15.016366666666666,ready,166.0
MIX,2025-07-24,3,C:\data_quote\data_finam_MIX_tick_zip\20250724.zip,True,,True,dadada878b933f7ab47b6db9c939ba17739c4db7614407f18a5c8a74c9c60bf7,32362000000000,85799000000000,08:59:22.000000000,23:49:59.000000000,46636,109925,15.016566666666668,ready,145.0
MIX,2025-07-25,4,C:\data_quote\data_finam_MIX_tick_zip\20250725.zip,True,,True,9c1a43f58d5a9b264a96124a04526a883e7e53343e26e8ff490c229f039e49ee,32370000000000,85796001000000,08:59:30.000000000,23:49:56.001000000,108215,263630,15.01665,ready,338.0
MIX,2025-07-28,0,C:\data_quote\data_finam_MIX_tick_zip\20250728.zip,True,,True,d65c878387be10443605e3e26b7757633e1e6aec6ed0d5dea72be27b2a521cf1,32369000000000,85794000000000,08:59:29.000000000,23:49:54.000000000,99397,236063,15.116666666666667,ready,298.0
MIX,2025-07-29,1,C:\data_quote\data_finam_MIX_tick_zip\20250729.zip,True,,True,098bcb6f24e4c05637549c735b7fd181dab7426d30c012ad9be7f9e2ff125d52,32364000000000,85799005000000,08:59:24.000000000,23:49:59.005000000,68450,164166,15.083233333333334,ready,193.0
MIX,2025-07-30,2,C:\data_quote\data_finam_MIX_tick_zip\20250730.zip,True,,True,5ba6bb95b1a06e6e32e7f6891d2f731b66b14b013c1e23df681ad852d786e973,32382000000000,85799000000000,08:59:42.000000000,23:49:59.000000000,51268,122175,15.016666666666667,ready,126.0
MIX,2025-07-31,3,C:\data_quote\data_finam_MIX_tick_zip\20250731.zip,True,,True,bde39a2dfd6ade3cd84ebe00e3fd063a407cdebb61144df5af3d7fd9da39b7de,32366000000000,85794006000000,08:59:26.000000000,23:49:54.006000000,46786,108062,15.033266666666666,ready,109.0
MIX,2025-08-01,4,C:\data_quote\data_finam_MIX_tick_zip\20250801.zip,True,,True,2cb169a804929706e4125114158caf6cc5bba4496d5cb8afa37161cbd354007c,32366000000000,85796002000000,08:59:26.000000000,23:49:56.002000000,52595,126250,15.05,ready,146.0
MIX,2025-08-04,0,C:\data_quote\data_finam_MIX_tick_zip\20250804.zip,True,,True,107141799b54a75c504e303db24d0420a6e98b25e1caf6aee1479fe2c79ffebc,32360000000000,85799000000000,08:59:20.000000000,23:49:59.000000000,50808,120562,15.016666666666667,ready,142.0
MIX,2025-08-05,1,C:\data_quote\data_finam_MIX_tick_zip\20250805.zip,True,,True,bbad0e1e49189b0aee1907ba6cf4eee7dd2779eb5539ae20398720f635180348,32382000000000,85798000000000,08:59:42.000000000,23:49:58.000000000,57240,137253,15.249983333333335,ready,189.0
MIX,2025-08-06,2,C:\data_quote\data_finam_MIX_tick_zip\20250806.zip,True,,True,5cc2a8347414a3d304e737a449d2f554e479ec3288992186fd0a40ae2d987035,32375000000000,85799003000000,08:59:35.000000000,23:49:59.003000000,193174,462439,15.049949999999999,ready,554.0
MIX,2025-08-07,3,C:\data_quote\data_finam_MIX_tick_zip\20250807.zip,True,,True,16df71d7d90f9c21ff894cbcb9b576de9ae2a1e0364c103aad4c7f80cc383955,32388000000000,85799004000000,08:59:48.000000000,23:49:59.004000000,163121,411300,15.016666666666667,ready,462.0
MIX,2025-08-08,4,C:\data_quote\data_finam_MIX_tick_zip\20250808.zip,True,,True,cdaea5c81c17f9c68d78fdc20cdbd5800a557e9f2dbd552b2f37034f7fff67ef,32348000000000,85799006000000,08:59:08.000000000,23:49:59.006000000,85756,203513,15.066650000000001,ready,201.0
MIX,2025-08-11,0,C:\data_quote\data_finam_MIX_tick_zip\20250811.zip,True,,True,5f3227064f4d171e03e32da91259cc907f1473f9652f0ac23b625a183896d66d,32371000000000,85799002000000,08:59:31.000000000,23:49:59.002000000,83309,187138,15.049966666666668,ready,195.0
MIX,2025-08-12,1,C:\data_quote\data_finam_MIX_tick_zip\20250812.zip,True,,True,bcbde7805f6547a945cadb4a1059900e0cc27d56a9210ca1581b467cb3868b82,32360000000000,85799002000000,08:59:20.000000000,23:49:59.002000000,44795,94248,15.133333333333333,ready,79.0
MIX,2025-08-13,2,C:\data_quote\data_finam_MIX_tick_zip\20250813.zip,True,,True,f1f2ae521a8052f805269828695f4e38a1eecdda06eca166343699b050aaacec,32378000000000,85798000000000,08:59:38.000000000,23:49:58.000000000,63183,140354,15.16655,ready,148.0
MIX,2025-08-14,3,C:\data_quote\data_finam_MIX_tick_zip\20250814.zip,True,,True,d03269a8be1281ef25bb4024f3090f46a0c04351f0d22a7988ac59e289ea5cdc,32361000000000,85797000000000,08:59:21.000000000,23:49:57.000000000,66740,157464,15.016666666666667,ready,157.0
MIX,2025-08-15,4,C:\data_quote\data_finam_MIX_tick_zip\20250815.zip,True,,True,96edd2f2dfc2b1b9919e2de8fa862bc40eae8471bd95fc2f533e29b476e9b1f8,32350000000000,85799001000000,08:59:10.000000000,23:49:59.001000000,56585,134695,15.033333333333333,ready,116.0
MIX,2025-08-16,5,C:\data_quote\data_finam_MIX_tick_zip\20250816.zip,True,,True,bc5aa340ab1ed4496bb19d79c99a2abe590cfc3ef00fc829b220f4dd5e159911,35944000000000,68389000000000,09:59:04.000000000,18:59:49.000000000,19529,56986,2.466666666666667,ready,63.0
MIX,2025-08-17,6,C:\data_quote\data_finam_MIX_tick_zip\20250817.zip,True,,True,4b92bae6b8aeee711d8de7bad6cc07001c47bd4373d8a210cdaa4bca9293c2f0,35970000000000,68399001000000,09:59:30.000000000,18:59:59.001000000,6447,16505,5.133333333333334,ready,20.0
MIX,2025-08-18,0,C:\data_quote\data_finam_MIX_tick_zip\20250818.zip,True,,True,06caa189d369da7bac90b5f3b31080da130bd1f2987de70c15620d95d3b8cb21,32386000000000,85796000000000,08:59:46.000000000,23:49:56.000000000,114224,241130,15.116666666666667,ready,221.0
MIX,2025-08-19,1,C:\data_quote\data_finam_MIX_tick_zip\20250819.zip,True,,True,8b26098cf00daa127bfaf44c7b617a4d46f2dc4738ba8356dbf782c908ae647f,32341000000000,85799000000000,08:59:01.000000000,23:49:59.000000000,70756,169789,15.01655,ready,196.0
MIX,2025-08-20,2,C:\data_quote\data_finam_MIX_tick_zip\20250820.zip,True,,True,8410c2cfb46753621d20f61670cc3b292fe87f179500c36372c565da9ec49e94,32346000000000,85799002000000,08:59:06.000000000,23:49:59.002000000,61912,140181,15.05,ready,137.0
MIX,2025-08-21,3,C:\data_quote\data_finam_MIX_tick_zip\20250821.zip,True,,True,f20412de69ed32e83771f280c69db89b0e1fc7152a2754f2fdf77aa48fe89c53,32356000000000,85799011000000,08:59:16.000000000,23:49:59.011000000,106795,246988,15.016616666666666,ready,240.0
MIX,2025-08-22,4,C:\data_quote\data_finam_MIX_tick_zip\20250822.zip,True,,True,c15bc3304404b7deefe3b953f864b5b9a9d044d0323037394913b4eba832d9d1,32352000000000,85797001000000,08:59:12.000000000,23:49:57.001000000,73914,158165,15.116666666666667,ready,145.0
MIX,2025-08-23,5,C:\data_quote\data_finam_MIX_tick_zip\20250823.zip,True,,True,743062b17bf942d19897f721c32b0833e547252443f82255b73f89fbb2c0f0e7,35961000000000,68389002000000,09:59:21.000000000,18:59:49.002000000,1249,2459,14.45,ready,1.0
MIX,2025-08-24,6,C:\data_quote\data_finam_MIX_tick_zip\20250824.zip,True,,True,7acd24176ed35d188558de4323acdd2e1ef8febd8184e7e28161306188a31964,35988000000000,68397001000000,09:59:48.000000000,18:59:57.001000000,3287,8765,13.249983333333335,ready,10.0
MIX,2025-08-25,0,C:\data_quote\data_finam_MIX_tick_zip\20250825.zip,True,,True,356a217d8c7ba40cfc1f0f0469696ef5d5c71efd543b7ee0329dab87ce04b53b,32362000000000,85799003000000,08:59:22.000000000,23:49:59.003000000,68429,158416,15.21665,ready,163.0
MIX,2025-08-26,1,C:\data_quote\data_finam_MIX_tick_zip\20250826.zip,True,,True,dc23c2a196998b7fecc03365ba1f4fa54e85320e04562a830e5ae6586377603a,32352000000000,85799007000000,08:59:12.000000000,23:49:59.007000000,59538,133924,15.0333,ready,138.0
MIX,2025-08-27,2,C:\data_quote\data_finam_MIX_tick_zip\20250827.zip,True,,True,466afc4ef747ee29181b6f56fa4194812a05562585d9f6929bae3213fa1e3643,32388000000000,85796000000000,08:59:48.000000000,23:49:56.000000000,52485,116706,15.049983333333333,ready,105.0
MIX,2025-08-28,3,C:\data_quote\data_finam_MIX_tick_zip\20250828.zip,True,,True,0779fc588892bf4f62e7c7e062d7220eab8c5bc55f92a03471285cf63eca94f9,32389000000000,85799003000000,08:59:49.000000000,23:49:59.003000000,74040,168235,55.01658333333333,ready,162.0
MIX,2025-08-29,4,C:\data_quote\data_finam_MIX_tick_zip\20250829.zip,True,,True,98df5685686feffceb4a9ceabfbff3fb6678b6e68b7ba0063ae16a718d9cda8a,32371000000000,85799000000000,08:59:31.000000000,23:49:59.000000000,62065,142397,15.01665,ready,123.0
MIX,2025-08-30,5,C:\data_quote\data_finam_MIX_tick_zip\20250830.zip,True,,True,504fd9835f5d90d93598faba5fb03ef790fa114a3217bfa13905ad2f12118958,35946000000000,68398000000000,09:59:06.000000000,18:59:58.000000000,2537,6121,17.3,ready,9.0
MIX,2025-08-31,6,C:\data_quote\data_finam_MIX_tick_zip\20250831.zip,True,,True,d7b37977128fd4a7384f64c98e3223fcdd1e5ba5b7b8f630ca72a87671ca4492,35955000000000,68387000000000,09:59:15.000000000,18:59:47.000000000,3756,7938,5.733333333333333,ready,4.0
MIX,2025-09-01,0,C:\data_quote\data_finam_MIX_tick_zip\20250901.zip,True,,True,ff4651ca8015f043b357eface7e705a7b27ea57954a472527accb8009b4c1084,32347000000000,85797000000000,08:59:07.000000000,23:49:57.000000000,44825,95816,15.083266666666667,ready,84.0
MIX,2025-09-02,1,C:\data_quote\data_finam_MIX_tick_zip\20250902.zip,True,,True,a3ebe75c9bd1d177be246238dfcab67f3aebf0a1392c64ecd2bf4fa8ca8ca2e5,32370000000000,85798000000000,08:59:30.000000000,23:49:58.000000000,85578,184967,15.083300000000001,ready,174.0
MIX,2025-09-03,2,C:\data_quote\data_finam_MIX_tick_zip\20250903.zip,True,,True,95fe18bbf6427e0b8222ac3ba857aef06432e60eb1e9fe2365a1e91ed7845e28,32383000000000,85798000000000,08:59:43.000000000,23:49:58.000000000,62452,141070,15.016616666666666,ready,125.0
MIX,2025-09-04,3,C:\data_quote\data_finam_MIX_tick_zip\20250904.zip,True,,True,97c489686b525433b232c9f1be7f5e4bd7d976abebca527d70fc8fcc27741b5c,32349000000000,85792003000000,08:59:09.000000000,23:49:52.003000000,65336,151793,15.033333333333333,ready,141.0
MIX,2025-09-05,4,C:\data_quote\data_finam_MIX_tick_zip\20250905.zip,True,,True,8048b6121602134ea323f1466b7633cabc78efadb2f64906337008fc35491930,32359000000000,85799000000000,08:59:19.000000000,23:49:59.000000000,45460,96299,15.033216666666668,ready,85.0
MIX,2025-09-06,5,C:\data_quote\data_finam_MIX_tick_zip\20250906.zip,True,,True,8255e6e4662adf13cb9714dfcd4be31b1f9b1310d4d1fca269d35478b6624262,35951000000000,68393000000000,09:59:11.000000000,18:59:53.000000000,1087,2173,21.56665,ready,1.0
MIX,2025-09-07,6,C:\data_quote\data_finam_MIX_tick_zip\20250907.zip,True,,True,d488f59c83e4ed472c09dcef7e882a465b4490bf2ca44d8e4ea15674cf707d2b,35954000000000,68394000000000,09:59:14.000000000,18:59:54.000000000,1990,5464,9.083333333333334,ready,6.0
MIX,2025-09-08,0,C:\data_quote\data_finam_MIX_tick_zip\20250908.zip,True,,True,cfc6d69f2288d3134fc1a33e7dec19899049f16fb0c5ffa1d0e6a3bfe3bb9afb,32361000000000,85795001000000,08:59:21.000000000,23:49:55.001000000,36447,78234,15.05,ready,74.0
MIX,2025-09-09,1,C:\data_quote\data_finam_MIX_tick_zip\20250909.zip,True,,True,2a68388dab07d522934debe4f10432e4dd9293e62632d7f44697dcb91eabab7c,32352000000000,85788005000000,08:59:12.000000000,23:49:48.005000000,49483,110623,15.0333,ready,126.0
MIX,2025-09-10,2,C:\data_quote\data_finam_MIX_tick_zip\20250910.zip,True,,True,d7e1a7c4e947c5130851bcd8418ee3ace577eb977e3d62f5b19fad93573164dc,32359000000000,85799001000000,08:59:19.000000000,23:49:59.001000000,64156,145884,15.083016666666667,ready,168.0
MIX,2025-09-11,3,C:\data_quote\data_finam_MIX_tick_zip\20250911.zip,True,,True,f0b7af6840bcdb88698d2baee33fdc40362c015084f6b8ff22918b43905ef30d,32360000000000,85796000000000,08:59:20.000000000,23:49:56.000000000,52100,112689,30.2,ready,114.0
MIX,2025-09-12,4,C:\data_quote\data_finam_MIX_tick_zip\20250912.zip,True,,True,b10e56a6bfd3e8da9bd7ae73536d799f29b24bb88ef0e8468860d5073d049d46,32366000000000,85799000000000,08:59:26.000000000,23:49:59.000000000,120830,290542,15.033233333333333,ready,334.0
MIX,2025-09-13,5,C:\data_quote\data_finam_MIX_tick_zip\20250913.zip,True,,True,20fd797e9bdb705aa4ba48156c78c10454e0d66b7fc333380e267016e1e9e3b8,36005000000000,68345000000000,10:00:05.000000000,18:59:05.000000000,2286,5544,6.333333333333333,ready,7.0
MIX,2025-09-14,6,C:\data_quote\data_finam_MIX_tick_zip\20250914.zip,True,,True,bd0128091652690e2f123e396b86ed9b4f2f1da8e4464cd9b33742bc92b884d3,35970000000000,68398004000000,09:59:30.000000000,18:59:58.004000000,4035,8414,5.883333333333334,ready,10.0
MIX,2025-09-15,0,C:\data_quote\data_finam_MIX_tick_zip\20250915.zip,True,,True,59785bb172054862c91b2f46c30918858055262a36d0e687b2fb05d6ea7a30e2,32357000000000,85799006000000,08:59:17.000000000,23:49:59.006000000,63654,137337,15.066583333333334,ready,143.0
MIX,2025-09-16,1,C:\data_quote\data_finam_MIX_tick_zip\20250916.zip,True,,True,4641b72a6795edf175ecbc5977184115cda999983067550b37e1e87868f8e4c8,32342000000000,85799001000000,08:59:02.000000000,23:49:59.001000000,93611,186789,15.083333333333334,ready,182.0
MIX,2025-09-17,2,C:\data_quote\data_finam_MIX_tick_zip\20250917.zip,True,,True,97c4a84ec9a847ee5b41eeedba42ae92788a3782e613aae1237024ae1358d655,32375000000000,85797004000000,08:59:35.000000000,23:49:57.004000000,56944,124611,15.233333333333333,ready,120.0
MIX,2025-09-18,3,C:\data_quote\data_finam_MIX_tick_zip\20250918.zip,True,,True,56ff0fb4e0893d4cea986543add810847f2422003980e72d972cdd5e10554a3c,32356000000000,85795000000000,08:59:16.000000000,23:49:55.000000000,85997,197902,15.066650000000001,ready,232.0
MIX,2025-09-19,4,C:\data_quote\data_finam_MIX_tick_zip\20250919.zip,True,,True,8943f7f3481b73c0bc05848b209db632a34a0bcf0eb8737dd2465ced703b6d4c,32363000000000,85798004000000,08:59:23.000000000,23:49:58.004000000,112616,236631,15.016566666666668,ready,310.0
MIX,2025-09-22,0,C:\data_quote\data_finam_MIX_tick_zip\20250922.zip,True,,True,b8e1ca912d83e0cf4a5a36c659d2571a97177f26fb857f4860ef4cf2c0b74ffa,32386000000000,85799001000000,08:59:46.000000000,23:49:59.001000000,136513,283261,15.166599999999999,ready,346.0
MIX,2025-09-23,1,C:\data_quote\data_finam_MIX_tick_zip\20250923.zip,True,,True,a487498542b3f41bf59e4319634b421f2e35a648fa1257bedd9ebd6020e0a962,32374000000000,85799000000000,08:59:34.000000000,23:49:59.000000000,121207,257297,15.1,ready,296.0
MIX,2025-09-24,2,C:\data_quote\data_finam_MIX_tick_zip\20250924.zip,True,,True,3c1b006d9ddfbe06e233c3de3beccb4fdbd85cc34d93ee8b49c07669731537b8,32385000000000,85799000000000,08:59:45.000000000,23:49:59.000000000,118937,264507,15.083283333333332,ready,304.0
MIX,2025-09-25,3,C:\data_quote\data_finam_MIX_tick_zip\20250925.zip,True,,True,05736874f8e360de3682540d792ba1405649a23c53ccc92c74e5a5b8611aebef,32375000000000,85793011000000,08:59:35.000000000,23:49:53.011000000,74811,165392,15.01665,ready,175.0
MIX,2025-09-26,4,C:\data_quote\data_finam_MIX_tick_zip\20250926.zip,True,,True,4491ccb752e5c7c27ad8c19aa190234b44d683b3057e1716e782d136b7c1c862,32348000000000,85799000000000,08:59:08.000000000,23:49:59.000000000,76994,174302,15.016666666666667,ready,177.0
MIX,2025-09-27,5,C:\data_quote\data_finam_MIX_tick_zip\20250927.zip,True,,True,206d22eb2017faa12a630b9bd6f1552025bfad92205a2e7eb0c50049ed9b6785,35979000000000,68398000000000,09:59:39.000000000,18:59:58.000000000,1646,3527,17.366666666666667,ready,3.0
MIX,2025-09-28,6,C:\data_quote\data_finam_MIX_tick_zip\20250928.zip,True,,True,12c3477f69ba056519cfad2401db6689374bdd4c5a3af6098175962b16f5fbf2,37775000000000,68399000000000,10:29:35.000000000,18:59:59.000000000,1805,4431,13.383283333333333,ready,8.0
MIX,2025-09-29,0,C:\data_quote\data_finam_MIX_tick_zip\20250929.zip,True,,True,1155643f579ff3b2bc64163accf622b9f4dae234f5fa2c8007a1d6bdb22ec827,32347000000000,85797000000000,08:59:07.000000000,23:49:57.000000000,97992,227332,15.0166,ready,234.0
MIX,2025-09-30,1,C:\data_quote\data_finam_MIX_tick_zip\20250930.zip,True,,True,3a2ccccc8c2f6d1176d2ef0cd29f71fcfe160f9b0cab05619dec9522c2376a54,32347000000000,85797000000000,08:59:07.000000000,23:49:57.000000000,97844,225357,15.116283333333334,ready,207.0
MIX,2025-10-01,2,C:\data_quote\data_finam_MIX_tick_zip\20251001.zip,True,,True,2aaaf2d0e1a147c58ec9df8daaccfc6ed61d6506946b94457a7630a25625d397,32364000000000,85797000000000,08:59:24.000000000,23:49:57.000000000,83707,194931,15.016666666666667,ready,196.0
MIX,2025-10-02,3,C:\data_quote\data_finam_MIX_tick_zip\20251002.zip,True,,True,a22cd1f5db37b09d024d797c6c3ca84db18260d95e654d37e73a0442555c4752,32385000000000,85799001000000,08:59:45.000000000,23:49:59.001000000,81303,178320,15.03305,ready,166.0
MIX,2025-10-03,4,C:\data_quote\data_finam_MIX_tick_zip\20251003.zip,True,,True,15637749db65ef8d501f5dbe45f20f37b00c132134cd955986a4ec2b3ccaa2cd,32360000000000,85799000000000,08:59:20.000000000,23:49:59.000000000,78049,185207,15.0665,ready,175.0
MIX,2025-10-04,5,C:\data_quote\data_finam_MIX_tick_zip\20251004.zip,True,,True,309b0f6524eae8073025a97a4d58126b89bfb4f40181587739c9bb66e386d581,35957000000000,68394000000000,09:59:17.000000000,18:59:54.000000000,12701,30438,3.049983333333333,ready,31.0
MIX,2025-10-05,6,C:\data_quote\data_finam_MIX_tick_zip\20251005.zip,True,,True,f21bccbfbf823db7ac0baffa9d3fa6cb3fe217aa3119d485ea78c8a14e217ebe,35968000000000,68397000000000,09:59:28.000000000,18:59:57.000000000,6733,16393,5.066666666666666,ready,17.0
MIX,2025-10-06,0,C:\data_quote\data_finam_MIX_tick_zip\20251006.zip,True,,True,4640dbdbf9aae10f0beeb7d03b810c47c7dfc52dcac92eea5115cd56cc4b2b15,32381000000000,85798014000000,08:59:41.000000000,23:49:58.014000000,135455,321861,15.066650000000001,ready,333.0
MIX,2025-10-07,1,C:\data_quote\data_finam_MIX_tick_zip\20251007.zip,True,,True,5313f2c8076f669fa86d24b9d92f50116509667a7c0f11e9e7e9e961cf502c16,32342000000000,85796001000000,08:59:02.000000000,23:49:56.001000000,83805,193548,15.316650000000001,ready,175.0
MIX,2025-10-08,2,C:\data_quote\data_finam_MIX_tick_zip\20251008.zip,True,,True,62783f7f82b01646d0bfdc5615e137199c2bcad2df86231ce87054438a11c928,32373000000000,85799004000000,08:59:33.000000000,23:49:59.004000000,161389,375875,15.033266666666666,ready,356.0
MIX,2025-10-09,3,C:\data_quote\data_finam_MIX_tick_zip\20251009.zip,True,,True,fd6963b3c65a48ffc102160fc79ed5011c8d1f41f9f940a47fdefddfe8d2f554,32362000000000,85797001000000,08:59:22.000000000,23:49:57.001000000,215462,505271,15.0333,ready,426.0
MIX,2025-10-10,4,C:\data_quote\data_finam_MIX_tick_zip\20251010.zip,True,,True,3cd62e0c08f900223944fd10e17402a54b5ae8266e3f27650ccf610435628688,32342000000000,85799001000000,08:59:02.000000000,23:49:59.001000000,147474,317268,15.049816666666667,ready,252.0
MIX,2025-10-11,5,C:\data_quote\data_finam_MIX_tick_zip\20251011.zip,True,,True,209121c17dbf2714deb48842e1cae403147ff99fb0f4e19121405d224b9370e2,35965000000000,68394001000000,09:59:25.000000000,18:59:54.001000000,7816,20128,5.95,ready,20.0
MIX,2025-10-12,6,C:\data_quote\data_finam_MIX_tick_zip\20251012.zip,True,,True,95f7a67bdf98986fbf80ed30e2518ada8db087b778086493a18330dbd2a7d04f,35943000000000,68398000000000,09:59:03.000000000,18:59:58.000000000,5065,13701,6.2,ready,17.0
MIX,2025-10-13,0,C:\data_quote\data_finam_MIX_tick_zip\20251013.zip,True,,True,7201c7e62310e1abbe055557a6f8d4c9409655e030a4d554cf7e347f318e46eb,32354000000000,85797001000000,08:59:14.000000000,23:49:57.001000000,144273,306489,15.133266666666666,ready,229.0
MIX,2025-10-14,1,C:\data_quote\data_finam_MIX_tick_zip\20251014.zip,True,,True,3d30828f297223f78729a42eea5949b76c340117c5933d85b02f7622781e158e,32382000000000,85799000000000,08:59:42.000000000,23:49:59.000000000,89679,191685,15.016383333333332,ready,124.0
MIX,2025-10-15,2,C:\data_quote\data_finam_MIX_tick_zip\20251015.zip,True,,True,b97829be3f16cecb3df9b8b312694b97841db84380a366940f58d74d9da69f2e,32362000000000,85798000000000,08:59:22.000000000,23:49:58.000000000,84324,182737,15.116566666666667,ready,130.0
MIX,2025-10-16,3,C:\data_quote\data_finam_MIX_tick_zip\20251016.zip,True,,True,43f1153db87a24f0c834467f802e77c6a9011298128ffc3ceca0c50b9c13f2fe,32345000000000,85799002000000,08:59:05.000000000,23:49:59.002000000,236872,543245,15.066533333333332,ready,378.0
MIX,2025-10-17,4,C:\data_quote\data_finam_MIX_tick_zip\20251017.zip,True,,True,86a4a26ef75cc7b167a3b4b9d201bfd69fcc42e1863f087f0cde878f6a57c8dd,32371000000000,85799006000000,08:59:31.000000000,23:49:59.006000000,147548,318074,15.016616666666666,ready,176.0
MIX,2025-10-18,5,C:\data_quote\data_finam_MIX_tick_zip\20251018.zip,True,,True,9dd3070af2342eda275dcf26436af2e805a1cef9b6c135a302f374795659306d,35986000000000,68397001000000,09:59:46.000000000,18:59:57.001000000,8376,23468,4.0499833333333335,ready,14.0
MIX,2025-10-19,6,C:\data_quote\data_finam_MIX_tick_zip\20251019.zip,True,,True,79b0a85d5b13967f146e28e4f82c5235714a109b821cb7af7ae84e9c483c0aa2,35950000000000,68399000000000,09:59:10.000000000,18:59:59.000000000,9218,24440,3.15,ready,18.0
MIX,2025-10-20,0,C:\data_quote\data_finam_MIX_tick_zip\20251020.zip,True,,True,628dbda0d60f6771d73341e88bab83637bd7d4e0c5c0b2f60a3d3d45bd10c0b0,32353000000000,85796001000000,08:59:13.000000000,23:49:56.001000000,78220,174935,15.016666666666667,ready,93.0
MIX,2025-10-21,1,C:\data_quote\data_finam_MIX_tick_zip\20251021.zip,True,,True,2f253c2363f25090cdda5e0ef8fb3c3606bc2dd56e2134f8829ee9460505a0b0,32375000000000,85798018000000,08:59:35.000000000,23:49:58.018000000,205061,474200,15.01665,ready,352.0
MIX,2025-10-22,2,C:\data_quote\data_finam_MIX_tick_zip\20251022.zip,True,,True,5a9ebd7882feb4903f067eb7798652e8980810a01c37bf0016d44e8c020e4530,32347000000000,85799002000000,08:59:07.000000000,23:49:59.002000000,166640,366414,15.05,ready,219.0
MIX,2025-10-23,3,C:\data_quote\data_finam_MIX_tick_zip\20251023.zip,True,,True,50f85dc8e100dc6fde391297d138f803c2a95feb9662db065c67cdab686ee503,32375000000000,85799001000000,08:59:35.000000000,23:49:59.001000000,122294,270962,15.016633333333335,ready,147.0
MIX,2025-10-24,4,C:\data_quote\data_finam_MIX_tick_zip\20251024.zip,True,,True,8054b0444bd9ac56acb8fec8e8c5c88f5fa6fe5f582700b0661003e9d1cf9f32,32378000000000,85797001000000,08:59:38.000000000,23:49:57.001000000,150819,350260,15.049900000000001,ready,224.0
MIX,2025-10-27,0,C:\data_quote\data_finam_MIX_tick_zip\20251027.zip,True,,True,4bc50d1649404138fa54931cc3f45389f99c6cf466e9735bd9c0a7a12b51671d,32366000000000,85799003000000,08:59:26.000000000,23:49:59.003000000,131444,301431,15.01665,ready,164.0
MIX,2025-10-28,1,C:\data_quote\data_finam_MIX_tick_zip\20251028.zip,True,,True,79c4c5a9b430629c8549802745cb8781da40e1d704e54bd988b061d96c536c28,32379000000000,85799000000000,08:59:39.000000000,23:49:59.000000000,102044,241455,15.016566666666668,ready,149.0
MIX,2025-10-29,2,C:\data_quote\data_finam_MIX_tick_zip\20251029.zip,True,,True,df8f7a2297328d19b65d740c93c6856028fc37ce5ea32e6db255bb2eae5a4a89,32364000000000,85798002000000,08:59:24.000000000,23:49:58.002000000,75400,164785,15.1,ready,87.0
MIX,2025-10-30,3,C:\data_quote\data_finam_MIX_tick_zip\20251030.zip,True,,True,6435748a5994d8621103e83c1347bc9989367567f20fa29573775703eb1e6a80,32344000000000,85799000000000,08:59:04.000000000,23:49:59.000000000,83920,176289,15.083316666666667,ready,101.0
MIX,2025-10-31,4,C:\data_quote\data_finam_MIX_tick_zip\20251031.zip,True,,True,cfc3f6772b0041849a810a4a74fb4731b79568bd86eeceb0fbc5d962c3543d8e,32355000000000,85799008000000,08:59:15.000000000,23:49:59.008000000,92951,203049,15.033283333333333,ready,110.0
MIX,2025-11-01,5,C:\data_quote\data_finam_MIX_tick_zip\20251101.zip,True,,True,5a56d00fc433bf056aac7ca845d7e38e9b045b221ca9a1678a6d68ae345d136a,32382000000000,85799000000000,08:59:42.000000000,23:49:59.000000000,24533,53482,15.283316666666668,ready,26.0
MIX,2025-11-03,0,C:\data_quote\data_finam_MIX_tick_zip\20251103.zip,True,,True,0bb869f42d5e2911e24a56915d3b983a3ee0a0fc98ff0189cefd4a4606ea17fe,32357000000000,85799000000000,08:59:17.000000000,23:49:59.000000000,40218,87292,15.033333333333333,ready,45.0
MIX,2025-11-05,2,C:\data_quote\data_finam_MIX_tick_zip\20251105.zip,True,,True,23d936eead5241eaf6ad2eb43d04c4a8f82f233602cd7be6090db317e4f94894,32378000000000,85798000000000,08:59:38.000000000,23:49:58.000000000,92908,214598,15.066650000000001,ready,135.0
MIX,2025-11-06,3,C:\data_quote\data_finam_MIX_tick_zip\20251106.zip,True,,True,244fc6ab6d8d1b7d656cd3dfcbfc25de91d8e6a3186f84b9d8ad21337bd5d88c,32385000000000,85797005000000,08:59:45.000000000,23:49:57.005000000,51342,108669,75.03326666666666,ready,59.0
MIX,2025-11-07,4,C:\data_quote\data_finam_MIX_tick_zip\20251107.zip,True,,True,346a41e10f46efb46384d92859c7c05afd39ef73bce904d91ffdf904cae6b675,32362000000000,85799000000000,08:59:22.000000000,23:49:59.000000000,76322,167481,15.033333333333333,ready,109.0
MIX,2025-11-08,5,C:\data_quote\data_finam_MIX_tick_zip\20251108.zip,True,,True,b76b4405e549a83956629e887cdb93982975cccb5db3ead0f094a4816ed0d022,35987000000000,68398000000000,09:59:47.000000000,18:59:58.000000000,2459,5625,9.183283333333332,ready,4.0
MIX,2025-11-09,6,C:\data_quote\data_finam_MIX_tick_zip\20251109.zip,True,,True,20b3a0ba954f657e01ed45e42f0b6d3d1a75b998b1701b796656edb2b1b503cf,35945000000000,68396000000000,09:59:05.000000000,18:59:56.000000000,2031,5173,12.8833,ready,4.0
MIX,2025-11-10,0,C:\data_quote\data_finam_MIX_tick_zip\20251110.zip,True,,True,cb0a7c0b73f6d46741967391b492793ab52f8ad07df19c601e1da26624c47181,32382000000000,85799001000000,08:59:42.000000000,23:49:59.001000000,69389,162290,15.283333333333333,ready,116.0
MIX,2025-11-11,1,C:\data_quote\data_finam_MIX_tick_zip\20251111.zip,True,,True,321e6364e552fc096a2474c1c72e6977d81ef6931383eb38f6f9393254af5866,32364000000000,85795001000000,08:59:24.000000000,23:49:55.001000000,53572,112872,15.116666666666667,ready,60.0
MIX,2025-11-12,2,C:\data_quote\data_finam_MIX_tick_zip\20251112.zip,True,,True,9047a7296cdf98c4469643f55336e93bbe7b0c9d57f11c66f4706854bc9aace8,32388000000000,85799000000000,08:59:48.000000000,23:49:59.000000000,70146,155635,15.1,ready,124.0
MIX,2025-11-13,3,C:\data_quote\data_finam_MIX_tick_zip\20251113.zip,True,,True,a550053742a0152ef5b50854574e2c25e0b6e520cde1cf67a6669933452ed3c6,32380000000000,85799000000000,08:59:40.000000000,23:49:59.000000000,52090,116970,15.016583333333333,ready,76.0
MIX,2025-11-14,4,C:\data_quote\data_finam_MIX_tick_zip\20251114.zip,True,,True,d4f9a3e42e959fec0aaff62cba694923b89d3464e63c1e595fe2641decb6fae8,32371000000000,85798008000000,08:59:31.000000000,23:49:58.008000000,51113,111741,15.0166,ready,75.0
MIX,2025-11-15,5,C:\data_quote\data_finam_MIX_tick_zip\20251115.zip,True,,True,259f2a73a3a104b16e0e1565c7344ca276151ac3c9a8d9e0a0749067cbb327f3,35968000000000,68399000000000,09:59:28.000000000,18:59:59.000000000,2183,4678,13.383333333333333,ready,3.0
MIX,2025-11-16,6,C:\data_quote\data_finam_MIX_tick_zip\20251116.zip,True,,True,49b597baeb1d68802fe8d330b22d52bcd2d6b2b4a0b67a2a5aefd68ce6c3b31b,35980000000000,68394001000000,09:59:40.000000000,18:59:54.001000000,2779,6700,7.483333333333333,ready,4.0
MIX,2025-11-17,0,C:\data_quote\data_finam_MIX_tick_zip\20251117.zip,True,,True,533d679311bf235f6ef7d6cdbc18c5c163a6c9f5de6f5988e25efe81e2940416,32343000000000,85798001000000,08:59:03.000000000,23:49:58.001000000,47754,108298,15.016633333333335,ready,84.0
MIX,2025-11-18,1,C:\data_quote\data_finam_MIX_tick_zip\20251118.zip,True,,True,295aaf40f288b0e7db67dadbe8d850af41378fbe0d799dc59f136aefc1948f53,32387000000000,85798000000000,08:59:47.000000000,23:49:58.000000000,149282,376093,15.033266666666666,ready,358.0
MIX,2025-11-19,2,C:\data_quote\data_finam_MIX_tick_zip\20251119.zip,True,,True,9a807fc35f93cf86387f53e0f63ec58c8b16435da7754b03088160daa5795c29,32386000000000,85798000000000,08:59:46.000000000,23:49:58.000000000,244578,597715,15.01665,ready,501.0
MIX,2025-11-20,3,C:\data_quote\data_finam_MIX_tick_zip\20251120.zip,True,,True,b2002cd57973cc5d2e87638f3cde4cfad97a1c8005c696527fd09a128e8e2be0,32359000000000,85799000000000,08:59:19.000000000,23:49:59.000000000,184028,418058,15.066666666666666,ready,320.0
MIX,2025-11-21,4,C:\data_quote\data_finam_MIX_tick_zip\20251121.zip,True,,True,f544585ee78722052622942e0bc06e53b7dfe9173b508a6a1a02dbaa0856d9ff,32366000000000,85799000000000,08:59:26.000000000,23:49:59.000000000,133145,319991,15.016433333333334,ready,280.0
MIX,2025-11-24,0,C:\data_quote\data_finam_MIX_tick_zip\20251124.zip,True,,True,8f9bd0153afa6439f883cfcc8af238e72f5f4e2d95e83e647823dd2781451ff8,32380000000000,85799000000000,08:59:40.000000000,23:49:59.000000000,116385,277213,15.1,ready,231.0
MIX,2025-11-25,1,C:\data_quote\data_finam_MIX_tick_zip\20251125.zip,True,,True,954548a73234ea67083318f479054f39178b3705fa72635a7d1e167333cf16d1,32361000000000,85798000000000,08:59:21.000000000,23:49:58.000000000,151366,359828,15.033333333333333,ready,308.0
MIX,2025-11-26,2,C:\data_quote\data_finam_MIX_tick_zip\20251126.zip,True,,True,b4d85f8d1439ecea0ce443673d3b4b60f9b3668572cd0ac781628f888eeb5174,32370000000000,85799010000000,08:59:30.000000000,23:49:59.010000000,51951,115175,15.01665,ready,87.0
MIX,2025-11-27,3,C:\data_quote\data_finam_MIX_tick_zip\20251127.zip,True,,True,4951192436cd306ea309432a7bb970fffd33bebc01d304be94827283f9735cf1,32388000000000,85799000000000,08:59:48.000000000,23:49:59.000000000,90805,209387,15.033233333333333,ready,170.0
MIX,2025-11-28,4,C:\data_quote\data_finam_MIX_tick_zip\20251128.zip,True,,True,b5fc966144dffcbf29a2454b9359339f99878f8efb6efb39ec7c4e2fa3cd64e9,32387000000000,85799000000000,08:59:47.000000000,23:49:59.000000000,86301,208358,15.0164,ready,182.0
MIX,2025-11-29,5,C:\data_quote\data_finam_MIX_tick_zip\20251129.zip,True,,True,a23b86d834e3be12425daf4909e10937ae4a80485042b7469568bf72675543b8,35987000000000,68396003000000,09:59:47.000000000,18:59:56.003000000,2430,5917,7.25,ready,5.0
MIX,2025-11-30,6,C:\data_quote\data_finam_MIX_tick_zip\20251130.zip,True,,True,2ec51a0bb7e823e7678990d6474bcbfc5508b9111917b01245b531e204ede7c9,35965000000000,68390000000000,09:59:25.000000000,18:59:50.000000000,3802,9860,4.583333333333333,ready,9.0
MIX,2025-12-01,0,C:\data_quote\data_finam_MIX_tick_zip\20251201.zip,True,,True,46851375ae124e6ed1d2a4f6ffbf587bb004ff86dc858593b1211f574c930dd4,32387000000000,85798001000000,08:59:47.000000000,23:49:58.001000000,81744,198504,15.033333333333333,ready,176.0
MIX,2025-12-02,1,C:\data_quote\data_finam_MIX_tick_zip\20251202.zip,True,,True,810c98b7a71492d1b37ddfc873fd8032d1861407a9ee3607e01498146140eee2,32349000000000,85799000000000,08:59:09.000000000,23:49:59.000000000,75887,165426,15.016666666666667,ready,119.0
MIX,2025-12-03,2,C:\data_quote\data_finam_MIX_tick_zip\20251203.zip,True,,True,ca44be96e818aa07de43a026f2246c72c5a644be052dac16b81a4ac8e9a2755d,32382000000000,85797003000000,08:59:42.000000000,23:49:57.003000000,76906,184579,15.01665,ready,116.0
MIX,2025-12-04,3,C:\data_quote\data_finam_MIX_tick_zip\20251204.zip,True,,True,87d635d2009a9210c3a395f3e4cd0da7340f9021a6b19f85bd0cf62977094343,32388000000000,85799002000000,08:59:48.000000000,23:49:59.002000000,41282,90052,15.066666666666666,ready,59.0
MIX,2025-12-05,4,C:\data_quote\data_finam_MIX_tick_zip\20251205.zip,True,,True,85ec2404f008c22bf7dbfe1ace33323200e5984b3b5e3f07ebdbc3e8c5ff97ff,32356000000000,85799008000000,08:59:16.000000000,23:49:59.008000000,94190,221458,15.033066666666667,ready,170.0
MIX,2025-12-08,0,C:\data_quote\data_finam_MIX_tick_zip\20251208.zip,True,,True,63be51e62bba68759a1237e20183937243d8e762199815c0011938dd36ce2186,32367000000000,85799015000000,08:59:27.000000000,23:49:59.015000000,91643,223773,15.016666666666667,ready,173.0
MIX,2025-12-09,1,C:\data_quote\data_finam_MIX_tick_zip\20251209.zip,True,,True,9818d3fc4447af36aec7ce4ca64dd60e8157e0ed34b68d7b18891b4784b97b60,32368000000000,85799003000000,08:59:28.000000000,23:49:59.003000000,97506,227391,15.016633333333335,ready,170.0
MIX,2025-12-10,2,C:\data_quote\data_finam_MIX_tick_zip\20251210.zip,True,,True,5ab107fe1fa3b456fbdea61d0479e4e60f8002657c59baac5bd87b6dc392d918,32374000000000,85798001000000,08:59:34.000000000,23:49:58.001000000,55502,121463,15.233316666666667,ready,79.0
MIX,2025-12-11,3,C:\data_quote\data_finam_MIX_tick_zip\20251211.zip,True,,True,75e7fdc3598f1e6a3e130c660dd6736c22fbded060cdb721532df062cfc677f2,32351000000000,85799000000000,08:59:11.000000000,23:49:59.000000000,128971,293458,15.083333333333334,ready,197.0
MIX,2025-12-12,4,C:\data_quote\data_finam_MIX_tick_zip\20251212.zip,True,,True,ac27607c8dd046beba8d53fcc318b3383ad1fbba35561cb11ce3de43e7bc5e26,32367000000000,85798000000000,08:59:27.000000000,23:49:58.000000000,79837,183513,15.01665,ready,129.0
MIX,2025-12-13,5,C:\data_quote\data_finam_MIX_tick_zip\20251213.zip,True,,True,03e578ad40274973e7da091c48bfb39973d1f9e66f0f87b4316421be87643a96,35984000000000,68390001000000,09:59:44.000000000,18:59:50.001000000,3115,6997,13.549983333333333,ready,5.0
MIX,2025-12-14,6,C:\data_quote\data_finam_MIX_tick_zip\20251214.zip,True,,True,372e85ff4e3fd94eccd331fd8ece6567f163264f75e84cb129ca577ea1fec48b,35960000000000,68398000000000,09:59:20.000000000,18:59:58.000000000,3001,6738,8.8,ready,4.0
MIX,2025-12-15,0,C:\data_quote\data_finam_MIX_tick_zip\20251215.zip,True,,True,b0ca8cf6a94e2eb1d73e8a1456abf1b9538a24e8b5324988342ada3233e1cc40,32359000000000,85798000000000,08:59:19.000000000,23:49:58.000000000,93741,206021,15.033233333333333,ready,128.0
MIX,2025-12-16,1,C:\data_quote\data_finam_MIX_tick_zip\20251216.zip,True,,True,2a0c45fb324c85514ee680e231731736fe4f5d09f0293497fc5ba8a5fd8d776b,32387000000000,85796000000000,08:59:47.000000000,23:49:56.000000000,58418,121691,15.233316666666667,ready,64.0
MIX,2025-12-17,2,C:\data_quote\data_finam_MIX_tick_zip\20251217.zip,True,,True,3826332bdd0ff40d329df0407401c95d51fbefdccf6ffebed93cf024da1cb6ef,32362000000000,85796000000000,08:59:22.000000000,23:49:56.000000000,64225,129424,15.033333333333333,ready,80.0
MIX,2025-12-18,3,C:\data_quote\data_finam_MIX_tick_zip\20251218.zip,True,,True,cd5f37e5e7dd4ad441ce75d280f71de91d84e45f203bca3d1b56a6494f9ac299,32357000000000,85797003000000,08:59:17.000000000,23:49:57.003000000,89468,200538,15.049983333333333,ready,124.0
MIX,2025-12-19,4,C:\data_quote\data_finam_MIX_tick_zip\20251219.zip,True,,True,4cc168a7b74cf531b357371c25ff767c421a2bd15f6aaac2c8ab391bb54e8b1d,32365000000000,85793006000000,08:59:25.000000000,23:49:53.006000000,119520,297887,15.033333333333333,ready,241.0
MIX,2025-12-20,5,C:\data_quote\data_finam_MIX_tick_zip\20251220.zip,True,,True,262a62686c9becc5631cc502bd9bb732588f3a120598601896d2bdb33707e7c1,35985000000000,68398000000000,09:59:45.000000000,18:59:58.000000000,2382,5315,12.133333333333333,ready,1.0
MIX,2025-12-21,6,C:\data_quote\data_finam_MIX_tick_zip\20251221.zip,True,,True,572ce2d764a097c37cf4aa0fc11a293e362759d32450f276e89d674d526ef85a,35945000000000,68399000000000,09:59:05.000000000,18:59:59.000000000,1854,4936,8.116666666666667,ready,6.0
MIX,2025-12-22,0,C:\data_quote\data_finam_MIX_tick_zip\20251222.zip,True,,True,75eab47bf168f56993126661cf095b293f92584803bff54dfe205e710e05b2df,32370000000000,85796002000000,08:59:30.000000000,23:49:56.002000000,58876,143956,15.116666666666667,ready,134.0
MIX,2025-12-23,1,C:\data_quote\data_finam_MIX_tick_zip\20251223.zip,True,,True,4b4f658272bc01f1cd0c2425c9f9fcaa54367ec2d2be420f53e97b33ce9e3aee,32387000000000,85795003000000,08:59:47.000000000,23:49:55.003000000,54318,123738,15.033333333333333,ready,119.0
MIX,2025-12-24,2,C:\data_quote\data_finam_MIX_tick_zip\20251224.zip,True,,True,044fe8a40297613e0223716d1f122401a4fc4618827c7ebf1439b8431e588a2a,32380000000000,85794000000000,08:59:40.000000000,23:49:54.000000000,46151,100836,15.199983333333334,ready,88.0
MIX,2025-12-25,3,C:\data_quote\data_finam_MIX_tick_zip\20251225.zip,True,,True,c1e17d8ba76f17e2ccb495877e1ab08c5c8fc13ad2a360f3b0817ae9ab22b6f3,32369000000000,85794004000000,08:59:29.000000000,23:49:54.004000000,29821,64807,15.299983333333333,ready,61.0
MIX,2025-12-26,4,C:\data_quote\data_finam_MIX_tick_zip\20251226.zip,True,,True,9d87fd0057a82b5737c973ac9f3da9e8905f4fba138f80b57daff3a3b3306ac8,32380000000000,85799000000000,08:59:40.000000000,23:49:59.000000000,55425,131013,15.049983333333333,ready,135.0
MIX,2025-12-27,5,C:\data_quote\data_finam_MIX_tick_zip\20251227.zip,True,,True,adab6105109f2f067d4d8f91fe09280196c849d7af0e91cab88f58c223257163,35967000000000,68399000000000,09:59:27.000000000,18:59:59.000000000,3648,9634,5.7,ready,9.0
MIX,2025-12-28,6,C:\data_quote\data_finam_MIX_tick_zip\20251228.zip,True,,True,be0b8a5a818285fa7f0e03841925b3212c59f43e124e7828d5e116f4e4b965df,35960000000000,68399000000000,09:59:20.000000000,18:59:59.000000000,7430,18206,4.0,ready,21.0
MIX,2025-12-29,0,C:\data_quote\data_finam_MIX_tick_zip\20251229.zip,True,,True,321ed06cfd9276f1c0fd0ce429bebca803e2c5412c959ebc8f6e99f20933770f,32388000000000,85798000000000,08:59:48.000000000,23:49:58.000000000,114407,278578,15.033333333333333,ready,288.0
MIX,2025-12-30,1,C:\data_quote\data_finam_MIX_tick_zip\20251230.zip,True,,True,f0ccbdc3055b8524ee2e38b5719938abbe73d6eca51a3d83780dde4654ce4735,32375000000000,85799001000000,08:59:35.000000000,23:49:59.001000000,51951,116419,15.049983333333333,ready,89.0
MIX,2026-01-05,0,C:\data_quote\data_finam_MIX_tick_zip\20260105.zip,True,,True,c2b41e781dcc2a5ebf0b93d6fa875c82c135f5013b70d01ed337ac57e90ed633,32370000000000,85799000000000,08:59:30.000000000,23:49:59.000000000,30920,67134,15.033316666666668,ready,54.0
MIX,2026-01-06,1,C:\data_quote\data_finam_MIX_tick_zip\20260106.zip,True,,True,3876a97a5af40a3b69ff4ae66a2954f0c985eeaa861865f306c06129f692f821,32355000000000,85799000000000,08:59:15.000000000,23:49:59.000000000,28975,54426,15.149916666666666,ready,42.0
MIX,2026-01-08,3,C:\data_quote\data_finam_MIX_tick_zip\20260108.zip,True,,True,f8d15283f292b1ee035b237c1239a4d47eb9b42cbe02075f0bd911435c0a8463,32382000000000,85799000000000,08:59:42.000000000,23:49:59.000000000,28176,66967,15.066650000000001,ready,80.0
MIX,2026-01-09,4,C:\data_quote\data_finam_MIX_tick_zip\20260109.zip,True,,True,1911fd0bb37c0a6e6f6b4deb9582cee21b9516043b7fbdd914af106a6f4f82a2,32387000000000,85798000000000,08:59:47.000000000,23:49:58.000000000,26539,55289,15.049949999999999,ready,63.0
MIX,2026-01-12,0,C:\data_quote\data_finam_MIX_tick_zip\20260112.zip,True,,True,bbd3527046ac2a1967684282e4ece8074784fdccb3acbd1a1b259006a321b912,32358000000000,85798006000000,08:59:18.000000000,23:49:58.006000000,44307,96028,15.016666666666667,ready,94.0
MIX,2026-01-13,1,C:\data_quote\data_finam_MIX_tick_zip\20260113.zip,True,,True,b97216fdaf095201bc4b350f05e8baa045b08a5ac6bf07f8a1388fdb44df770a,32369000000000,85797004000000,08:59:29.000000000,23:49:57.004000000,37740,85607,15.149849999999999,ready,109.0
MIX,2026-01-14,2,C:\data_quote\data_finam_MIX_tick_zip\20260114.zip,True,,True,ca0ac63ca289498c85fe9dd50490402347b4f12908e34d8c7a63d3d8fb8946eb,32390000000000,85797000000000,08:59:50.000000000,23:49:57.000000000,69778,164727,15.016633333333335,ready,248.0
MIX,2026-01-15,3,C:\data_quote\data_finam_MIX_tick_zip\20260115.zip,True,,True,049b3a67bde036f5e1539171fa6322d3a54af3802e733e8127d77ad76fefc325,32348000000000,85798001000000,08:59:08.000000000,23:49:58.001000000,45805,102369,15.016633333333335,ready,148.0
MIX,2026-01-16,4,C:\data_quote\data_finam_MIX_tick_zip\20260116.zip,True,,True,dbad3e23b61784f156000bd4aa90ab5cfd272d1ebdd17fdf77e94b7fc0c1ef06,32374000000000,85796005000000,08:59:34.000000000,23:49:56.005000000,44982,106200,15.083333333333334,ready,155.0
MIX,2026-01-17,5,C:\data_quote\data_finam_MIX_tick_zip\20260117.zip,True,,True,f6b501f4c78ab72747e97b5f09ad8e6a9d3a6067d95f261919876cab5f9c30b2,35961000000000,68397000000000,09:59:21.000000000,18:59:57.000000000,1633,3317,10.933333333333334,ready,2.0
MIX,2026-01-18,6,C:\data_quote\data_finam_MIX_tick_zip\20260118.zip,True,,True,757f5c4903f4f3fefd0cfd0404f7f880414d9d9d35e44d7962b2fdda885b7d3b,36018000000000,68369001000000,10:00:18.000000000,18:59:29.001000000,1972,4397,9.15,ready,8.0
MIX,2026-01-19,0,C:\data_quote\data_finam_MIX_tick_zip\20260119.zip,True,,True,cfd0a8e2adacf2b76b6a6b64a29254803e675ef735b193b737811592a7918882,32370000000000,85782000000000,08:59:30.000000000,23:49:42.000000000,39485,98126,15.0333,ready,170.0
MIX,2026-01-20,1,C:\data_quote\data_finam_MIX_tick_zip\20260120.zip,True,,True,f8016afb1abd118d36f97905616ad2d3a81945463605e7ba25cb77cd9c5d1e62,32369000000000,85793000000000,08:59:29.000000000,23:49:53.000000000,39064,92867,15.083333333333334,ready,144.0
MIX,2026-01-21,2,C:\data_quote\data_finam_MIX_tick_zip\20260121.zip,True,,True,fbbf246814671d0c5667ae092d81690efd48638713c872ef503c53388e23120e,32364000000000,85794000000000,08:59:24.000000000,23:49:54.000000000,52502,141647,15.016666666666667,ready,233.0
MIX,2026-01-22,3,C:\data_quote\data_finam_MIX_tick_zip\20260122.zip,True,,True,2c0693107a1b10bc92e9fc812154caaec80e6c11a393f690971d6897ffe501be,32384000000000,85795000000000,08:59:44.000000000,23:49:55.000000000,62925,172137,15.066666666666666,ready,300.0
MIX,2026-01-23,4,C:\data_quote\data_finam_MIX_tick_zip\20260123.zip,True,,True,aa361c859866abadb12757078c3bae7a581b27c26eaaf3425e1514101411af20,32344000000000,85795002000000,08:59:04.000000000,23:49:55.002000000,37711,94216,15.083333333333334,ready,149.0
MIX,2026-01-24,5,C:\data_quote\data_finam_MIX_tick_zip\20260124.zip,True,,True,ba2cda7553b1f5452e12f61556edbd03252a88014531ad118a2f3ddb75160663,36000000000000,68394000000000,10:00:00.000000000,18:59:54.000000000,12344,34465,4.366650000000001,ready,65.0
MIX,2026-01-25,6,C:\data_quote\data_finam_MIX_tick_zip\20260125.zip,True,,True,86b667147bd51b68ccccf2519016b6301f6b0ae76ce4954a395068c9c7b09e8c,35979000000000,68397001000000,09:59:39.000000000,18:59:57.001000000,5872,16445,6.733333333333333,ready,31.0
MIX,2026-01-26,0,C:\data_quote\data_finam_MIX_tick_zip\20260126.zip,True,,True,d727f714d82cf8c11d884456d918f84bfe1128dde8feef3965e846e204df5d37,32375000000000,85799000000000,08:59:35.000000000,23:49:59.000000000,45688,120358,15.083316666666667,ready,222.0
MIX,2026-01-27,1,C:\data_quote\data_finam_MIX_tick_zip\20260127.zip,True,,True,78a0c63f3255758b4ee9ab260f3481494714a6cf3c156b45a5b96830e2fd6e2b,32354000000000,85798004000000,08:59:14.000000000,23:49:58.004000000,38646,97985,15.066666666666666,ready,155.0
MIX,2026-01-28,2,C:\data_quote\data_finam_MIX_tick_zip\20260128.zip,True,,True,9dec5fd90915c236e98475c282cc0a2d1b61b0332c64b6bd5156e13accf2661d,32344000000000,85797000000000,08:59:04.000000000,23:49:57.000000000,35095,84812,15.083333333333334,ready,139.0
MIX,2026-01-29,3,C:\data_quote\data_finam_MIX_tick_zip\20260129.zip,True,,True,58072403e6959ec8707251e088325a2f703ae5743d986565833cf1268f2ad1f5,32351000000000,85799000000000,08:59:11.000000000,23:49:59.000000000,97009,254493,15.016483333333333,ready,416.0
MIX,2026-01-30,4,C:\data_quote\data_finam_MIX_tick_zip\20260130.zip,True,,True,dccb421f30888145aa0ae6a723c8f02c0d0bfd520585ca8cb1c3afdcfa52bb41,32352000000000,85793006000000,08:59:12.000000000,23:49:53.006000000,57134,139081,15.266666666666667,ready,202.0
MIX,2026-01-31,5,C:\data_quote\data_finam_MIX_tick_zip\20260131.zip,True,,True,57ec0ac49845ae0aaed2becab75600c6ceffdbe9733053e964362ca1e893828d,36009000000000,68390000000000,10:00:09.000000000,18:59:50.000000000,2420,5836,13.25,ready,13.0
MIX,2026-02-01,6,C:\data_quote\data_finam_MIX_tick_zip\20260201.zip,True,,True,0e37a647bc64897deab04715ee9ae646b0337da9bd400683c1e6ae63e1b9123e,35944000000000,68398000000000,09:59:04.000000000,18:59:58.000000000,4226,14078,6.133333333333334,ready,35.0
MIX,2026-02-02,0,C:\data_quote\data_finam_MIX_tick_zip\20260202.zip,True,,True,5ae2a35fd6411ee3cce8b18dc0614fd54518d97e0c3151a4bf6993954ec3d44c,32378000000000,85799001000000,08:59:38.000000000,23:49:59.001000000,48504,111994,15.0333,ready,184.0
MIX,2026-02-03,1,C:\data_quote\data_finam_MIX_tick_zip\20260203.zip,True,,True,8160c1affda4634030bbc78fad34e155f51378938691b2f13bb42062e19a171e,32352000000000,85798000000000,08:59:12.000000000,23:49:58.000000000,35335,85382,15.166616666666666,ready,141.0
MIX,2026-02-04,2,C:\data_quote\data_finam_MIX_tick_zip\20260204.zip,True,,True,ae713c02bfea6293f1435471e328d0d7222e41901d5ea0d85c2cb85738980ce9,32369000000000,85799017000000,08:59:29.000000000,23:49:59.017000000,50478,123102,15.066633333333334,ready,211.0
MIX,2026-02-05,3,C:\data_quote\data_finam_MIX_tick_zip\20260205.zip,True,,True,92ca679031d6db4484a476cfdd0949295f6ce5eb11da320df3f10162a0794f22,32364000000000,85797000000000,08:59:24.000000000,23:49:57.000000000,64402,156406,15.01665,ready,238.0
MIX,2026-02-06,4,C:\data_quote\data_finam_MIX_tick_zip\20260206.zip,True,,True,54d3f30068127f843a7b3c8e3f7ad0212e337dd60d61d6091e97d6b34f32c7e6,32368000000000,85799000000000,08:59:28.000000000,23:49:59.000000000,25377,57455,15.033316666666668,ready,73.0
MIX,2026-02-07,5,C:\data_quote\data_finam_MIX_tick_zip\20260207.zip,True,,True,513d505e09fa08b315653ddb17091f38ac1cf26c77e278e9baef30264ccaf71b,35959000000000,68364000000000,09:59:19.000000000,18:59:24.000000000,1491,3369,12.3833,ready,3.0
MIX,2026-02-08,6,C:\data_quote\data_finam_MIX_tick_zip\20260208.zip,True,,True,9a37c396cc383a4feb5678890220d8428bca6004d2c64c1111d26913520a74f1,35972000000000,68399000000000,09:59:32.000000000,18:59:59.000000000,1901,5299,8.266666666666667,ready,8.0
MIX,2026-02-09,0,C:\data_quote\data_finam_MIX_tick_zip\20260209.zip,True,,True,f8f11e51e0506a68f4281eb69d2e17c3e77a051291e999ba6aa300d97d9dac2b,32379000000000,85799001000000,08:59:39.000000000,23:49:59.001000000,30948,70668,15.033333333333333,ready,89.0
MIX,2026-02-10,1,C:\data_quote\data_finam_MIX_tick_zip\20260210.zip,True,,True,ae5fb3e55dbd6cfc2d20c288515fab4408504417f09a4b15530a350326729221,32367000000000,85799002000000,08:59:27.000000000,23:49:59.002000000,35151,86439,15.0995,ready,118.0
MIX,2026-02-11,2,C:\data_quote\data_finam_MIX_tick_zip\20260211.zip,True,,True,daa56518bc2113d1bbef5e53392e2f3fd368b633af9fc2682a6aafd1e9b87ac0,32346000000000,85796002000000,08:59:06.000000000,23:49:56.002000000,58491,156745,15.033333333333333,ready,237.0
MIX,2026-02-12,3,C:\data_quote\data_finam_MIX_tick_zip\20260212.zip,True,,True,008055766b023a2d20b592e55da7ccbc851fb83d89362c1f964f11d525b915f8,32386000000000,85793000000000,08:59:46.000000000,23:49:53.000000000,40229,105657,15.116666666666667,ready,155.0
MIX,2026-02-13,4,C:\data_quote\data_finam_MIX_tick_zip\20260213.zip,True,,True,ec4f5b9d202a8c59f97f419b4b0dcc56ad7add905974ebb3c29a0082f31a8021,32372000000000,85795011000000,08:59:32.000000000,23:49:55.011000000,57335,151510,15.066666666666666,ready,213.0
MIX,2026-02-16,0,C:\data_quote\data_finam_MIX_tick_zip\20260216.zip,True,,True,9d0e35361f219aae6850c9636b89bfb503a850f93018102b1071f0bc9553f577,32371000000000,85799001000000,08:59:31.000000000,23:49:59.001000000,24006,59499,15.066616666666667,ready,69.0
MIX,2026-02-17,1,C:\data_quote\data_finam_MIX_tick_zip\20260217.zip,True,,True,ac24dbf8845777ef34894a4b6f2b2c19cea4ef9ba3217d8b4173b75e67f3a80d,32400000000000,85799001000000,09:00:00.000000000,23:49:59.001000000,30719,73525,15.066633333333334,ready,102.0
MIX,2026-02-18,2,C:\data_quote\data_finam_MIX_tick_zip\20260218.zip,True,,True,c2a406ed5450637394b0e21c39b0c6feac5ed434f0cc99d44a93a31ccaf88b96,32372000000000,85799000000000,08:59:32.000000000,23:49:59.000000000,38989,102046,15.049949999999999,ready,171.0
MIX,2026-02-19,3,C:\data_quote\data_finam_MIX_tick_zip\20260219.zip,True,,True,8d8896381a9307cafa2f1dc70145973fe8070b8c8b18d28d9d41adbebf117101,32363000000000,85797000000000,08:59:23.000000000,23:49:57.000000000,26163,62489,15.033333333333333,ready,101.0
MIX,2026-02-20,4,C:\data_quote\data_finam_MIX_tick_zip\20260220.zip,True,,True,721f985eafb6cb28aca6835730bb1308a390d5a97f63764604bb3548f7f94eaa,32400000000000,85793002000000,09:00:00.000000000,23:49:53.002000000,24740,55804,15.133333333333333,ready,78.0
MIX,2026-02-21,5,C:\data_quote\data_finam_MIX_tick_zip\20260221.zip,True,,True,b15dcb2eb6e7eb3604013ccae2adeaf6e072fdb65bf4e44d9eee035658e1cc18,36002000000000,68362000000000,10:00:02.000000000,18:59:22.000000000,599,1339,30.516666666666666,ready,1.0
MIX,2026-02-22,6,C:\data_quote\data_finam_MIX_tick_zip\20260222.zip,True,,True,8e14cc5f99ec958f4f7aa03f4688a8a7845578825375de58a55a9c79ae6fcae7,35966000000000,68392006000000,09:59:26.000000000,18:59:52.006000000,2087,5809,14.466666666666667,ready,11.0
MIX,2026-02-23,0,C:\data_quote\data_finam_MIX_tick_zip\20260223.zip,True,,True,f2cd5d075146ee664959f96a432db5c49aed01ad21a8743387b584feb118576b,35962000000000,68397000000000,09:59:22.000000000,18:59:57.000000000,4619,9527,7.266666666666667,ready,8.0
MIX,2026-02-24,1,C:\data_quote\data_finam_MIX_tick_zip\20260224.zip,True,,True,da188307dee38ae727130a7cec6df1f7a15f5f2acb97cff2bbc839618fe22dce,32347000000000,85793004000000,08:59:07.000000000,23:49:53.004000000,36302,95703,15.133333333333333,ready,175.0
MIX,2026-02-25,2,C:\data_quote\data_finam_MIX_tick_zip\20260225.zip,True,,True,bb095827973852fe6db7162efd2de265dfd2634f2e1d93aa7aea29fc8c0d9920,32380000000000,85793000000000,08:59:40.000000000,23:49:53.000000000,26777,63770,15.133283333333333,ready,104.0
MIX,2026-02-26,3,C:\data_quote\data_finam_MIX_tick_zip\20260226.zip,True,,True,98c30b3d10db03add8532adb71b511601f66aa797d873813ab7c70bbe28667ee,32365000000000,85796003000000,08:59:25.000000000,23:49:56.003000000,22113,56800,15.083333333333334,ready,104.0
MIX,2026-02-27,4,C:\data_quote\data_finam_MIX_tick_zip\20260227.zip,True,,True,4a335a304492e88c04fbd1cd10f9f6e4be789b9e6cb2569138e4ce6784472e80,32360000000000,85799001000000,08:59:20.000000000,23:49:59.001000000,25793,65880,15.033333333333333,ready,131.0
MIX,2026-02-28,5,C:\data_quote\data_finam_MIX_tick_zip\20260228.zip,True,,True,2c9d085f6a0185a85de9826c5c9dcdc1a46cf44262e19c8e9bca73a32e3b3522,35950000000000,68397000000000,09:59:10.000000000,18:59:57.000000000,7898,20038,5.8,ready,43.0
MIX,2026-03-01,6,C:\data_quote\data_finam_MIX_tick_zip\20260301.zip,True,,True,19dc25bf00127b5a3134f4cb098b61cf2a9e07533e7934fdaf4ad1e1ebae56b3,35947000000000,68397000000000,09:59:07.000000000,18:59:57.000000000,8809,24340,3.4166666666666665,ready,58.0
MIX,2026-03-02,0,C:\data_quote\data_finam_MIX_tick_zip\20260302.zip,True,,True,0b21942fef426200dc4f8427b7ba54309b18258cff1bad399a4297ccd562ccae,32379000000000,85795002000000,08:59:39.000000000,23:49:55.002000000,51596,138922,15.699966666666667,ready,292.0
MIX,2026-03-03,1,C:\data_quote\data_finam_MIX_tick_zip\20260303.zip,True,,True,79fc8bde8a6527acac346108ebd3c49753fb27531552b413f0c36a0576363c37,32350000000000,85798001000000,08:59:10.000000000,23:49:58.001000000,40142,99603,15.1,ready,196.0
MIX,2026-03-04,2,C:\data_quote\data_finam_MIX_tick_zip\20260304.zip,True,,True,b646de19c9892dfcf5c6db6788d4dcaf4dc862d9e32694271b2e297e4e0a93ca,32384000000000,85796011000000,08:59:44.000000000,23:49:56.011000000,34613,82352,15.183333333333334,ready,136.0
MIX,2026-03-05,3,C:\data_quote\data_finam_MIX_tick_zip\20260305.zip,True,,True,2f0db3442ebaeb4992c938ba2a6acb23c46de845eb2064ac1aff262d91bb9b51,32353000000000,85795001000000,08:59:13.000000000,23:49:55.001000000,30676,74031,15.133333333333333,ready,129.0
MIX,2026-03-06,4,C:\data_quote\data_finam_MIX_tick_zip\20260306.zip,True,,True,3bd641f76b776eb0dd4cfa7e6f0c6107f3548147bdf65e961c73784e86d780c9,32378000000000,85798000000000,08:59:38.000000000,23:49:58.000000000,32768,78894,15.0998,ready,139.0
MIX,2026-03-09,0,C:\data_quote\data_finam_MIX_tick_zip\20260309.zip,True,,True,5e9b2d97e4b11b1ceacfefeef49683bc8834cd60e411b635324f5f39a90264a4,32356000000000,85794000000000,08:59:16.000000000,23:49:54.000000000,50034,116884,15.133283333333333,ready,209.0
MIX,2026-03-10,1,C:\data_quote\data_finam_MIX_tick_zip\20260310.zip,True,,True,6577868d459c56491740790b345fb550e79c252b36cbf51b2d9935a604138199,32373000000000,85798000000000,08:59:33.000000000,23:49:58.000000000,42105,102489,15.083300000000001,ready,195.0
MIX,2026-03-11,2,C:\data_quote\data_finam_MIX_tick_zip\20260311.zip,True,,True,e8e8dd6bf89264738b9e7dfc5f0066abadecd35d40cb8c32aba6ca1a75861672,32364000000000,85789008000000,08:59:24.000000000,23:49:49.008000000,27136,61161,15.233333333333333,ready,117.0
MIX,2026-03-12,3,C:\data_quote\data_finam_MIX_tick_zip\20260312.zip,True,,True,e967b090ed5d05191517850002ecc600d58abb2681839d8998179003d7b7f64d,32359000000000,85772009000000,08:59:19.000000000,23:49:32.009000000,25485,54724,15.016633333333335,ready,101.0
MIX,2026-03-13,4,C:\data_quote\data_finam_MIX_tick_zip\20260313.zip,True,,True,f366f7956cad2ca6b249810d24605787f511f68cb394142da92d5ae0312c6afc,32382000000000,85799000000000,08:59:42.000000000,23:49:59.000000000,30471,67819,15.21665,ready,124.0
MIX,2026-03-14,5,C:\data_quote\data_finam_MIX_tick_zip\20260314.zip,True,,True,8615eabf3f1ababb24131112f5cca0415796740d865594102f76c1173fd2c193,35971000000000,68398000000000,09:59:31.000000000,18:59:58.000000000,1366,3293,9.75,ready,6.0
MIX,2026-03-15,6,C:\data_quote\data_finam_MIX_tick_zip\20260315.zip,True,,True,531a124cb523bbc4389a83fca2d8bcab657b8aaa11411696ada57fc3363bd994,35963000000000,68392000000000,09:59:23.000000000,18:59:52.000000000,1156,3455,18.81665,ready,8.0
MIX,2026-03-16,0,C:\data_quote\data_finam_MIX_tick_zip\20260316.zip,True,,True,28feaa512218a7beadf88c5e5af235c77527882c80e1697c4ae7da1ef69db5e9,32368000000000,85793010000000,08:59:28.000000000,23:49:53.010000000,46098,100978,15.066583333333334,ready,192.0
MIX,2026-03-17,1,C:\data_quote\data_finam_MIX_tick_zip\20260317.zip,True,,True,01c1273288bdcdd0d548fffdcdde781f73b1058509238a62ea4639dac2fd07a1,32352000000000,85790000000000,08:59:12.000000000,23:49:50.000000000,37072,86781,15.116566666666667,ready,135.0
MIX,2026-03-18,2,C:\data_quote\data_finam_MIX_tick_zip\20260318.zip,True,,True,23c08e22ffae55b9fb6695dacf64f1855d587da1e9d851c1cb7fab35f00ad728,32375000000000,85789000000000,08:59:35.000000000,23:49:49.000000000,32370,71087,15.166533333333332,ready,121.0
MIX,2026-03-19,3,C:\data_quote\data_finam_MIX_tick_zip\20260319.zip,True,,True,6116b15509f7746e9764ffbe3c921edf21df1a17d7a77e0a993df60abce72dfe,32355000000000,85799000000000,08:59:15.000000000,23:49:59.000000000,49109,134892,15.016666666666667,ready,200.0
MIX,2026-03-20,4,C:\data_quote\data_finam_MIX_tick_zip\20260320.zip,True,,True,33c1f77aafd87de557151d08347a893daca82620ee26f9576b794747854977c8,32375000000000,67798002000000,08:59:35.000000000,18:49:58.002000000,33359,82449,5.116666666666666,ready,188.0
MIX,2026-03-23,0,C:\data_quote\data_finam_MIX_tick_zip\20260323.zip,True,,True,f652995f6ed2a1d2e13247a71445549aff3b4c2708fa3ab33f769a80d651464f,32386000000000,85795012000000,08:59:46.000000000,23:49:55.012000000,54889,125339,4.31665,ready,248.0
MIX,2026-03-24,1,C:\data_quote\data_finam_MIX_tick_zip\20260324.zip,True,,True,600bc72f766059b604b08b70ad998125505074d912f65690f338400019fd3fcf,32354000000000,85793013000000,08:59:14.000000000,23:49:53.013000000,26859,58499,4.0,ready,115.0
MIX,2026-03-25,2,C:\data_quote\data_finam_MIX_tick_zip\20260325.zip,True,,True,34e1f9e1b3da3dce49780ad3cecb07576759948f41609bcfdef89c748f50167a,32367000000000,85797000000000,08:59:27.000000000,23:49:57.000000000,16340,35171,5.133333333333334,ready,66.0
MIX,2026-03-26,3,C:\data_quote\data_finam_MIX_tick_zip\20260326.zip,True,,True,03dc0e9e6f8e1b2aed3a88e3cef4dba4276fafbd4a7fadbae4c1fed00a6796b7,32341000000000,85798000000000,08:59:01.000000000,23:49:58.000000000,29711,66663,2.933333333333333,ready,135.0
MIX,2026-03-27,4,C:\data_quote\data_finam_MIX_tick_zip\20260327.zip,True,,True,ff72c752d7644a97421927aa09eb9d14bf33d3d990add5259ee54129bfda24ca,32375000000000,85797004000000,08:59:35.000000000,23:49:57.004000000,36554,91962,3.1333166666666665,ready,202.0
MIX,2026-03-28,5,C:\data_quote\data_finam_MIX_tick_zip\20260328.zip,True,,True,030f299853fd2a806e1f0e51c796a766a10d56075cce3a18973b21c2511fc686,35959000000000,68395000000000,09:59:19.000000000,18:59:55.000000000,920,2293,12.899966666666668,ready,6.0
MIX,2026-03-29,6,C:\data_quote\data_finam_MIX_tick_zip\20260329.zip,True,,True,9d81111c6814a6cfe0f83912b605dfecdf0c70b912a3a007c7cccdbcb79b45e9,35962000000000,68311002000000,09:59:22.000000000,18:58:31.002000000,2306,4887,7.433316666666667,ready,8.0
MIX,2026-03-30,0,C:\data_quote\data_finam_MIX_tick_zip\20260330.zip,True,,True,f4a904889230c01e89e2131874ca0522d28ae6bb2f51442f567aea1feb58e82d,32364000000000,85798001000000,08:59:24.000000000,23:49:58.001000000,42342,103924,5.866650000000001,ready,233.0
MIX,2026-03-31,1,C:\data_quote\data_finam_MIX_tick_zip\20260331.zip,True,,True,dd31083c7e80250c3e08d2b5998a79528dfbce01a95fe59c1062c38c18c424b2,32378000000000,85792000000000,08:59:38.000000000,23:49:52.000000000,32714,77070,3.8497500000000002,ready,184.0
MIX,2026-04-01,2,C:\data_quote\data_finam_MIX_tick_zip\20260401.zip,True,,True,417797e501c3a89ba91749f485bda92b7385c53307e357af95dbba17e03e1363,32363000000000,85793000000000,08:59:23.000000000,23:49:53.000000000,28241,67124,3.1832833333333337,ready,166.0
MIX,2026-04-02,3,C:\data_quote\data_finam_MIX_tick_zip\20260402.zip,True,,True,07298cec4e74bc5fc975dec6b6912bfd1b9702778f77bdb30236c991cac16aed,32369000000000,85799000000000,08:59:29.000000000,23:49:59.000000000,23087,50585,5.083333333333333,ready,108.0
MIX,2026-04-03,4,C:\data_quote\data_finam_MIX_tick_zip\20260403.zip,True,,True,00645f60c1609940d6cab4e7cac7328dc5f6d908ed51ea36c2e66c5888b2a6e9,32376000000000,85798000000000,08:59:36.000000000,23:49:58.000000000,29452,78532,4.166666666666667,ready,208.0
MIX,2026-04-04,5,C:\data_quote\data_finam_MIX_tick_zip\20260404.zip,True,,True,550ea090e8f00ea7a77b870d838684ca2bfc6d59a79f4cb4bbe3fa758ec10404,35973000000000,68188001000000,09:59:33.000000000,18:56:28.001000000,1591,3682,17.4,ready,8.0
MIX,2026-04-05,6,C:\data_quote\data_finam_MIX_tick_zip\20260405.zip,True,,True,2fbcb141b7290db197134f4f2ced6e46d9618ec1ccdbcf791319f48c5eba33e0,36005000000000,68394003000000,10:00:05.000000000,18:59:54.003000000,1345,3355,13.083333333333334,ready,9.0
MIX,2026-04-06,0,C:\data_quote\data_finam_MIX_tick_zip\20260406.zip,True,,True,5dd1e68383b8106d7ceb94f3b4957385003ebb674cd1d721544d991fcb9ae770,32377000000000,85796000000000,08:59:37.000000000,23:49:56.000000000,34294,76894,5.516616666666667,ready,171.0
MIX,2026-04-07,1,C:\data_quote\data_finam_MIX_tick_zip\20260407.zip,True,,True,6fc45eaf251f56f5c8076fb1a312dd26c6a9dbe9639f1352ef87b6866bf59721,32350000000000,85796004000000,08:59:10.000000000,23:49:56.004000000,31735,72333,4.666650000000001,ready,162.0
MIX,2026-04-08,2,C:\data_quote\data_finam_MIX_tick_zip\20260408.zip,True,,True,15b065e8ccff691a3dd57c450b4dc9a9dc685d8ee56b7ad440e5cd5921564b0b,32369000000000,85797000000000,08:59:29.000000000,23:49:57.000000000,30708,69171,6.849983333333333,ready,156.0
MIX,2026-04-09,3,C:\data_quote\data_finam_MIX_tick_zip\20260409.zip,True,,True,53f624be638f5fbc8539154c72a7d11edd673c4c7820f7a435064a6b53f728b8,32380000000000,85798000000000,08:59:40.000000000,23:49:58.000000000,43602,104504,2.5499500000000004,ready,258.0
MIX,2026-04-10,4,C:\data_quote\data_finam_MIX_tick_zip\20260410.zip,True,,True,cba82f40c3d206c40e028ddf5a69ec6f916cfa58cea09a69fd4634954b7c9552,32388000000000,85798000000000,08:59:48.000000000,23:49:58.000000000,37148,91152,2.9333,ready,201.0
MIX,2026-04-11,5,C:\data_quote\data_finam_MIX_tick_zip\20260411.zip,True,,True,8b71cdbf3e72c4b5c680c191f82d4159c7f25859089ea759562a7691b7496b96,35956000000000,68390000000000,09:59:16.000000000,18:59:50.000000000,1720,3892,9.216666666666667,ready,9.0
MIX,2026-04-12,6,C:\data_quote\data_finam_MIX_tick_zip\20260412.zip,True,,True,aca45280467179cd87c4398a0db8201231e80a8b9cca5bd537ca2ef055aa705d,35954000000000,68399000000000,09:59:14.000000000,18:59:59.000000000,5373,13560,5.966666666666667,ready,29.0
MIX,2026-04-13,0,C:\data_quote\data_finam_MIX_tick_zip\20260413.zip,True,,True,508bf0199ff8056fbb30d9e2b09e82b064816fd4165921b9f8a0fec87b125f6d,32358000000000,85793000000000,08:59:18.000000000,23:49:53.000000000,39802,86705,3.5833166666666667,ready,178.0
MIX,2026-04-14,1,C:\data_quote\data_finam_MIX_tick_zip\20260414.zip,True,,True,84a24721279151054084f610536f5165159045ca27908ecfa204aac7ba8ed25c,32360000000000,85799002000000,08:59:20.000000000,23:49:59.002000000,39842,94180,3.066616666666667,ready,231.0
MIX,2026-04-15,2,C:\data_quote\data_finam_MIX_tick_zip\20260415.zip,True,,True,354c7713593db80f6dce73887fa1878da6395d478c2d90c0708beee76b33d03f,32371000000000,85799000000000,08:59:31.000000000,23:49:59.000000000,43093,99721,4.766666666666667,ready,249.0
MIX,2026-04-16,3,C:\data_quote\data_finam_MIX_tick_zip\20260416.zip,True,,True,70fe27e6a682f91e52c2feb0d0aedb39d53b0148d9444a47437af4c73c0e4310,32343000000000,85790000000000,08:59:03.000000000,23:49:50.000000000,39251,98586,3.05,ready,243.0
MIX,2026-04-17,4,C:\data_quote\data_finam_MIX_tick_zip\20260417.zip,True,,True,854bc278983e356e1856516dbfdd1c668b8ec58b465af81982b52e4bc1a27cfb,32350000000000,85799001000000,08:59:10.000000000,23:49:59.001000000,55705,132412,3.3833333333333333,ready,305.0
MIX,2026-04-18,5,C:\data_quote\data_finam_MIX_tick_zip\20260418.zip,True,,True,d52fbe5fca3b7f40b0b64e1ac44866f04971bff4acd7495a9760dd5a8a7a7b6c,35964000000000,68399001000000,09:59:24.000000000,18:59:59.001000000,3117,8400,6.433316666666667,ready,19.0
MIX,2026-04-19,6,C:\data_quote\data_finam_MIX_tick_zip\20260419.zip,True,,True,ff83a133c8a9fe7c77f797dfb19c04538a0cacafd94a5e04fe777a7481a7c358,36000000000000,68396000000000,10:00:00.000000000,18:59:56.000000000,1945,4750,11.566666666666666,ready,9.0
MIX,2026-04-20,0,C:\data_quote\data_finam_MIX_tick_zip\20260420.zip,True,,True,2038b5a4b61c5eed58e11bbd45137ba4ce71499ad61a724ea900f9f507fe2949,32372000000000,85797000000000,08:59:32.000000000,23:49:57.000000000,40318,88268,2.9166666666666665,ready,182.0
MIX,2026-04-21,1,C:\data_quote\data_finam_MIX_tick_zip\20260421.zip,True,,True,747081f67695c5bf05249a95a061ee29fe209a4e057297199898ac2f7391fcf5,32367000000000,85794000000000,08:59:27.000000000,23:49:54.000000000,37502,88437,2.7666166666666667,ready,216.0
MIX,2026-04-22,2,C:\data_quote\data_finam_MIX_tick_zip\20260422.zip,True,,True,f50c6ee20d714f98bdf13fb2eff4d266d817a55dbc1c9dd66a25c09c91150c32,32383000000000,85792001000000,08:59:43.000000000,23:49:52.001000000,28654,62880,6.433333333333334,ready,126.0
MIX,2026-04-23,3,C:\data_quote\data_finam_MIX_tick_zip\20260423.zip,True,,True,c113260f3ffdd3c205f8131e497594a5814b410345ea8b18643f13fb028498aa,32387000000000,85799001000000,08:59:47.000000000,23:49:59.001000000,31960,72051,3.4666,ready,153.0
MIX,2026-04-24,4,C:\data_quote\data_finam_MIX_tick_zip\20260424.zip,True,,True,a38ce0eb9a41b08b8a0805d4414bbaab679cae5be9b406d0a6523a3cbe16382d,32378000000000,85799003000000,08:59:38.000000000,23:49:59.003000000,59416,153744,4.51665,ready,360.0
MIX,2026-04-25,5,C:\data_quote\data_finam_MIX_tick_zip\20260425.zip,True,,True,8350a11bcab66676ce1a47d5b6c02661037461f21998f811155f2b5ac7ca6d1d,35971000000000,68393000000000,09:59:31.000000000,18:59:53.000000000,624,1493,21.633333333333333,ready,2.0
MIX,2026-04-26,6,C:\data_quote\data_finam_MIX_tick_zip\20260426.zip,True,,True,ad5aa3fc39be1f37eade8ab7a35a1ae40c027856dd150e48f028809e5350bf2b,35969000000000,68389002000000,09:59:29.000000000,18:59:49.002000000,1514,4320,12.0,ready,9.0
MIX,2026-04-27,0,C:\data_quote\data_finam_MIX_tick_zip\20260427.zip,True,,True,23c433c98cc5f8ac17259fa6e4ad8ea4d97024fa5a2c09136d4a6da21ab744fc,32366000000000,85799000000000,08:59:26.000000000,23:49:59.000000000,37480,89249,3.76665,ready,178.0
MIX,2026-04-28,1,C:\data_quote\data_finam_MIX_tick_zip\20260428.zip,True,,True,fb30c45d2c8188c0f17f8d87c85bdcfaa61a0e755eda3e3625e5660500470988,32364000000000,85796000000000,08:59:24.000000000,23:49:56.000000000,43058,106920,2.6,ready,231.0
MIX,2026-04-29,2,C:\data_quote\data_finam_MIX_tick_zip\20260429.zip,True,,True,5620f8ed4a7238d59f86ac5eca8194ecd3d23f86d57e37addbe578306abfee48,32343000000000,85798000000000,08:59:03.000000000,23:49:58.000000000,87972,229062,1.4499833333333332,ready,504.0
MIX,2026-04-30,3,C:\data_quote\data_finam_MIX_tick_zip\20260430.zip,True,,True,7cbd9b7311eccdb729917068d5bf2d66d5b3e3bf12edc4ecd375ea7aef99a5a9,32362000000000,85797000000000,08:59:22.000000000,23:49:57.000000000,49027,114046,3.2333166666666666,ready,203.0
MIX,2026-05-01,4,C:\data_quote\data_finam_MIX_tick_zip\20260501.zip,True,,True,856651809fc75b6258109342b2895e5e0b8bffccdb60847a81fc20f796f6d5fb,35972000000000,85795000000000,09:59:32.000000000,23:49:55.000000000,5410,11298,16.016666666666666,ready,12.0
MIX,2026-05-02,5,C:\data_quote\data_finam_MIX_tick_zip\20260502.zip,True,,True,9690ece4902dc3e3e8a84588726bb9a01520dbaf0ebe6d13c1bf0f8a8160258c,36007000000000,68390001000000,10:00:07.000000000,18:59:50.001000000,609,1194,20.183316666666666,ready,2.0
MIX,2026-05-03,6,C:\data_quote\data_finam_MIX_tick_zip\20260503.zip,True,,True,fcfe62ff7ae0c41c360c722dd5b18daabc3021b80ef823b2efa4d325bac10e4a,36000000000000,68397004000000,10:00:00.000000000,18:59:57.004000000,1123,2862,21.283316666666668,ready,8.0
MIX,2026-05-04,0,C:\data_quote\data_finam_MIX_tick_zip\20260504.zip,True,,True,047c2d212c663246f7c254ce0689dcc524e07594bce53a8301d9ac055487a4bf,32376000000000,85799007000000,08:59:36.000000000,23:49:59.007000000,55762,132869,1.1833333333333333,ready,246.0
MIX,2026-05-05,1,C:\data_quote\data_finam_MIX_tick_zip\20260505.zip,True,,True,2d1976e7fc3611856b9f6ca89ed24fb3192b01efbd3ccba6ccc936a99691c784,32400000000000,85798000000000,09:00:00.000000000,23:49:58.000000000,64396,158944,3.033333333333333,ready,280.0
MIX,2026-05-06,2,C:\data_quote\data_finam_MIX_tick_zip\20260506.zip,True,,True,307518632e2344ee1705f3b8c8982751497a94c7525201c1170566fb22a83d70,32367000000000,85799000000000,08:59:27.000000000,23:49:59.000000000,56821,127203,3.8666666666666667,ready,204.0
MIX,2026-05-07,3,C:\data_quote\data_finam_MIX_tick_zip\20260507.zip,True,,True,37a32e13adc09e31fe30eec200327d0b9ab0b3db18dd6487e2747e99e8a776b5,32360000000000,85797007000000,08:59:20.000000000,23:49:57.007000000,30035,68881,4.016666666666667,ready,111.0
MIX,2026-05-08,4,C:\data_quote\data_finam_MIX_tick_zip\20260508.zip,True,,True,2ac56d22332d55db3e2f3ce77ab800faa56aa75a89883002404ba16d607247ac,32348000000000,85798002000000,08:59:08.000000000,23:49:58.002000000,34634,83555,2.15,ready,147.0
MIX,2026-05-11,0,C:\data_quote\data_finam_MIX_tick_zip\20260511.zip,True,,True,82fe66b00d4ce4fa3e7328755d7f4292874919a62bf11243dbc743c8cbc7809d,32354000000000,85799000000000,08:59:14.000000000,23:49:59.000000000,29244,65492,3.65,ready,94.0
MIX,2026-05-12,1,C:\data_quote\data_finam_MIX_tick_zip\20260512.zip,True,,True,03552387c582067c4598045fbd5bc88a63a20ead2189df01d96c170b7eb5b5b6,32352000000000,85798002000000,08:59:12.000000000,23:49:58.002000000,54754,146321,2.6666000000000003,ready,266.0
MIX,2026-05-13,2,C:\data_quote\data_finam_MIX_tick_zip\20260513.zip,True,,True,2b873245a2d466f1c3fbad6895d9025daf59f333081524537260572f0ed34e00,32357000000000,85713014000000,08:59:17.000000000,23:48:33.014000000,28102,70791,3.1999333333333335,ready,125.0
MIX,2026-05-14,3,C:\data_quote\data_finam_MIX_tick_zip\20260514.zip,True,,True,6ac63ef41bdb4d657461c66285442f63ddd1a3e36aa1408dda21318597c5f9df,32354000000000,85798009000000,08:59:14.000000000,23:49:58.009000000,42256,105481,3.1999166666666667,ready,202.0
MIX,2026-05-15,4,C:\data_quote\data_finam_MIX_tick_zip\20260515.zip,True,,True,6ca01e1998e916ee4c0b29814dfe4ac9d75d896bd3e4f9da7948721388bdf47a,32353000000000,85796001000000,08:59:13.000000000,23:49:56.001000000,38027,92176,3.25,ready,162.0
MIX,2026-05-16,5,C:\data_quote\data_finam_MIX_tick_zip\20260516.zip,True,,True,dca586bcd12f11358f09cfdf86604141efb7fd776fbe0692102740d8e4863fd1,35983000000000,68343000000000,09:59:43.000000000,18:59:03.000000000,864,2092,18.6,ready,3.0
MIX,2026-05-17,6,C:\data_quote\data_finam_MIX_tick_zip\20260517.zip,True,,True,0d3ad80d56369886309d505baecc9d1adfad08af9fc6ae78d2d75b406a2f92e2,35947000000000,68398001000000,09:59:07.000000000,18:59:58.001000000,1853,6919,10.583333333333334,ready,19.0
MIX,2026-05-18,0,C:\data_quote\data_finam_MIX_tick_zip\20260518.zip,True,,True,ae82d82f8bfa24892efb00ae6754eb935a024a1cd8f38e7bc20154ce86d6b763,32386000000000,85798001000000,08:59:46.000000000,23:49:58.001000000,47368,115591,2.9,ready,209.0
MIX,2026-05-19,1,C:\data_quote\data_finam_MIX_tick_zip\20260519.zip,True,,True,4b4d3ac11127fd5c41a76ad290e40c1eb4b20131a3d6e46aa3e6ba73df12b4f7,32373000000000,85789000000000,08:59:33.000000000,23:49:49.000000000,29341,66484,3.6499666666666664,ready,103.0
MIX,2026-05-20,2,C:\data_quote\data_finam_MIX_tick_zip\20260520.zip,True,,True,6908f1b148fa053481b68b41067060805ee85c82b81db1b8fe697b11a5336bd3,32344000000000,85790000000000,08:59:04.000000000,23:49:50.000000000,51747,122961,2.966666666666667,ready,221.0
MIX,2026-05-21,3,C:\data_quote\data_finam_MIX_tick_zip\20260521.zip,True,,True,a3882fbca95c8a0e5bda70979a72847cb47c682b2240e3406984f90ea8b18037,32379000000000,85793007000000,08:59:39.000000000,23:49:53.007000000,62340,145891,2.3831833333333337,ready,249.0
MIX,2026-05-22,4,C:\data_quote\data_finam_MIX_tick_zip\20260522.zip,True,,True,d0d888537c8bfab76553dc7d12db2fa1c5fba38be67269f16efedf0c579484bb,32386000000000,85798000000000,08:59:46.000000000,23:49:58.000000000,58704,136526,2.6832833333333337,ready,227.0
MIX,2026-05-23,5,C:\data_quote\data_finam_MIX_tick_zip\20260523.zip,True,,True,ca594a5b785bdca29bbf4f55fe6d8bea6018aa49d0fdca2b559419b11395f05b,35961000000000,68397000000000,09:59:21.000000000,18:59:57.000000000,1058,2409,13.983316666666667,ready,1.0
MIX,2026-05-24,6,C:\data_quote\data_finam_MIX_tick_zip\20260524.zip,True,,True,3fcda6882ecc023c6d688379b4b0bbd6ea353413e3ab62a2e6de092e38d872ac,35976000000000,68392000000000,09:59:36.000000000,18:59:52.000000000,2328,6557,9.816650000000001,ready,9.0
MIX,2026-05-25,0,C:\data_quote\data_finam_MIX_tick_zip\20260525.zip,True,,True,3cd87319f0ecf41f1b104541ac29b182ac1f2d022e73cb7324f71126e7e8f3a7,32362000000000,85798000000000,08:59:22.000000000,23:49:58.000000000,75488,187308,4.183316666666666,ready,324.0
MIX,2026-05-26,1,C:\data_quote\data_finam_MIX_tick_zip\20260526.zip,True,,True,a4674ffc1ad846b77ba670f9accbda538f6d34513e8013538ace5430944e8209,32375000000000,85798000000000,08:59:35.000000000,23:49:58.000000000,63907,148749,5.799966666666666,ready,198.0
MIX,2026-05-27,2,C:\data_quote\data_finam_MIX_tick_zip\20260527.zip,True,,True,b989dfc24d86e5b5e24ef03bd95e0d4c3d8f3eeddcbe77b7768260098a241e5b,32377000000000,85794001000000,08:59:37.000000000,23:49:54.001000000,52594,125953,3.0333166666666664,ready,189.0
MIX,2026-05-28,3,C:\data_quote\data_finam_MIX_tick_zip\20260528.zip,True,,True,2ec4fccb524834d9b775c381aa8e366221cf5de97c5b9fb4aa967e2e28de8abf,32379000000000,85799000000000,08:59:39.000000000,23:49:59.000000000,41906,93738,4.233316666666666,ready,138.0
MIX,2026-05-29,4,C:\data_quote\data_finam_MIX_tick_zip\20260529.zip,True,,True,49d9402c6d26ad7b0effdde7c4f24f919c61a32c16b7e50da4eccc4e5edb2598,32383000000000,85791007000000,08:59:43.000000000,23:49:51.007000000,39539,95754,6.2,ready,151.0
MIX,2026-05-30,5,C:\data_quote\data_finam_MIX_tick_zip\20260530.zip,True,,True,7abda7a817ced05b0ad38e97c7401237c2ef7ebe6902dc557cdb2b2f78cb59ff,36007000000000,68384000000000,10:00:07.000000000,18:59:44.000000000,623,1382,31.3,ready,2.0
MIX,2026-05-31,6,C:\data_quote\data_finam_MIX_tick_zip\20260531.zip,True,,True,a51173bc30918a2d344a9afb0a7d68ca09b2aefbd98a5675ab8e576b87d2a331,35951000000000,68399000000000,09:59:11.000000000,18:59:59.000000000,763,1710,16.5,ready,1.0
MIX,2026-06-01,0,C:\data_quote\data_finam_MIX_tick_zip\20260601.zip,True,,True,ed6f3adad1cb063f00d78b5a143fc3b8aed63f2c1f061f8bd938e2cdb1428a6c,32353000000000,85799002000000,08:59:13.000000000,23:49:59.002000000,52654,121861,3.55,ready,176.0
MIX,2026-06-02,1,C:\data_quote\data_finam_MIX_tick_zip\20260602.zip,True,,True,9a489d1008bee7149fe8f0e6f63fd1f5e8e0b99c35a17539b76028e9fe9154fa,32351000000000,85793005000000,08:59:11.000000000,23:49:53.005000000,72845,190343,3.6166666666666667,ready,328.0
MIX,2026-06-03,2,C:\data_quote\data_finam_MIX_tick_zip\20260603.zip,True,,True,da94f6b206cad2f7871ad7806cdff08593c1e2f95dc9c4b63f74a0d2a7699dd0,32370000000000,85796001000000,08:59:30.000000000,23:49:56.001000000,53941,130340,2.316666666666667,ready,207.0
MIX,2026-06-04,3,C:\data_quote\data_finam_MIX_tick_zip\20260604.zip,True,,True,d275983e8fd9bb1f273cc0006934e61594467eb65276a7792821d1d93c1dafe4,32347000000000,85797000000000,08:59:07.000000000,23:49:57.000000000,48392,113688,1.95,ready,178.0
MIX,2026-06-05,4,C:\data_quote\data_finam_MIX_tick_zip\20260605.zip,True,,True,1575d82b12d739b1c13be7c430b85941affc78189b4fed3e77368d58da05fd7a,32345000000000,85793002000000,08:59:05.000000000,23:49:53.002000000,36655,93373,3.8832833333333334,ready,155.0
MIX,2026-06-06,5,C:\data_quote\data_finam_MIX_tick_zip\20260606.zip,True,,True,dc4e5690db526210fbb3521c30fcc1fe30bc6cc8bed3a019bf8165d8a8a46364,36000000000000,68385002000000,10:00:00.000000000,18:59:45.002000000,896,1694,23.033333333333335,ready,1.0
MIX,2026-06-07,6,C:\data_quote\data_finam_MIX_tick_zip\20260607.zip,True,,True,407cbdd6089f02475b7e485fa8120442c2710f35a283008a90d42ae136459a5a,35982000000000,68356001000000,09:59:42.000000000,18:59:16.001000000,654,1652,18.116666666666667,ready,3.0
MIX,2026-06-08,0,C:\data_quote\data_finam_MIX_tick_zip\20260608.zip,True,,True,66bd79d7c00885574f12dfd25b32095272e65d9beb554984346c145ed2c65d53,32371000000000,85799000000000,08:59:31.000000000,23:49:59.000000000,62591,147426,1.84995,ready,215.0
MIX,2026-06-09,1,C:\data_quote\data_finam_MIX_tick_zip\20260609.zip,True,,True,13c2f7796068f6e29da532fd858699b408d4f051d8f0008d3c946e9c7ddca6ec,32343000000000,85797000000000,08:59:03.000000000,23:49:57.000000000,87407,208516,4.81665,ready,297.0
MIX,2026-06-10,2,C:\data_quote\data_finam_MIX_tick_zip\20260610.zip,True,,True,a11828f55c4244a52b8b5cefe58199abf0f4fb62a35aad1f2bb7d073b9be31f4,32400000000000,85798006000000,09:00:00.000000000,23:49:58.006000000,85435,201690,3.766633333333333,ready,287.0
MIX,2026-06-11,3,C:\data_quote\data_finam_MIX_tick_zip\20260611.zip,True,,True,0d58b676c7d85934494f7c4575b7f596867f9cdfb428fef4767c2be505fa2682,32377000000000,85795004000000,08:59:37.000000000,23:49:55.004000000,43954,98220,4.633333333333334,ready,123.0
MIX,2026-06-12,4,C:\data_quote\data_finam_MIX_tick_zip\20260612.zip,True,,True,49845ced365581f07fd44e3b3f0aca80a30f3ab2b4f2f5e4c4acda1d72696fee,35988000000000,85789002000000,09:59:48.000000000,23:49:49.002000000,3526,6043,27.2833,ready,5.0
MIX,2026-06-13,5,C:\data_quote\data_finam_MIX_tick_zip\20260613.zip,True,,True,4d2ee6e20df31591ff6f2fdd97e93f3243b710221969c66c46af62fcfae021e7,36000000000000,68282000000000,10:00:00.000000000,18:58:02.000000000,590,1287,30.86661666666667,ready,1.0
MIX,2026-06-14,6,C:\data_quote\data_finam_MIX_tick_zip\20260614.zip,True,,True,789945e18f17763f3c837db438b2872e76deae4c07607fde5c1970ac7b0582ef,36005000000000,68398001000000,10:00:05.000000000,18:59:58.001000000,2588,6776,16.45,ready,10.0
MIX,2026-06-15,0,C:\data_quote\data_finam_MIX_tick_zip\20260615.zip,True,,True,a663776edcc6d83e92e47a92f4b29e850992643b43c0a7f903117c2129985f49,32356000000000,85782000000000,08:59:16.000000000,23:49:42.000000000,64905,141801,3.6333333333333333,ready,171.0
MIX,2026-06-16,1,C:\data_quote\data_finam_MIX_tick_zip\20260616.zip,True,,True,d747f2437ff742dc76d1fc620bb94405e40f896969d48feed83e7e66d25c1534,32383000000000,85797000000000,08:59:43.000000000,23:49:57.000000000,84763,193552,2.2666666666666666,ready,216.0
MIX,2026-06-17,2,C:\data_quote\data_finam_MIX_tick_zip\20260617.zip,True,,True,cb7fd0390df53a92a4ba37fa7a72501a966ca6d24fb32a6a2702dcd807090e9e,32373000000000,85797000000000,08:59:33.000000000,23:49:57.000000000,43124,80668,2.4166499999999997,ready,86.0
MIX,2026-06-18,3,C:\data_quote\data_finam_MIX_tick_zip\20260618.zip,True,,True,145519f41de2ac55da133d2a9e48e51a86a3c884863800ed8cd99f154fca51cf,32375000000000,85798001000000,08:59:35.000000000,23:49:58.001000000,81352,171548,2.2331833333333337,ready,186.0
MIX,2026-06-19,4,C:\data_quote\data_finam_MIX_tick_zip\20260619.zip,True,,True,d98446d1cab87147c59ba2394f8405d578d9b19519493e37e79f9b2fb97fb210,32354000000000,85797000000000,08:59:14.000000000,23:49:57.000000000,90914,244180,2.06665,ready,309.0
MIX,2026-06-22,0,C:\data_quote\data_finam_MIX_tick_zip\20260622.zip,True,,True,b008d1b527064464bb2b274a566dde4fa2e95de7d30ad1cb2ae0713aae2e031f,32368000000000,85799000000000,08:59:28.000000000,23:49:59.000000000,160391,472913,1.1333333333333333,ready,726.0
MIX,2026-06-23,1,C:\data_quote\data_finam_MIX_tick_zip\20260623.zip,True,,True,6fa69fb3b9f4e551a8a2a52460e1096ad8e35e3920728d05f14fb0a5c15b7660,32383000000000,85796000000000,08:59:43.000000000,23:49:56.000000000,138633,359661,2.033,ready,407.0
MIX,2026-06-24,2,C:\data_quote\data_finam_MIX_tick_zip\20260624.zip,True,,True,f581c1b05ea648eb6359bcd8b3295d72a33464317786b8d7b278d14cab0d3d15,32378000000000,85799000000000,08:59:38.000000000,23:49:59.000000000,158493,432017,1.3,ready,524.0
MIX,2026-06-25,3,C:\data_quote\data_finam_MIX_tick_zip\20260625.zip,True,,True,926fe755ebb713a7c54fd789c077b2ad959af4e82233818736e909c70945aeeb,32347000000000,85797000000000,08:59:07.000000000,23:49:57.000000000,136088,374417,2.0165166666666665,ready,385.0
MIX,2026-06-26,4,C:\data_quote\data_finam_MIX_tick_zip\20260626.zip,True,,True,215b7b7bda581ba44ff9354101ecb1e7bae9b9108e5d0ff24fa7d7a93a5661bc,32342000000000,85795001000000,08:59:02.000000000,23:49:55.001000000,209703,597316,2.033183333333333,ready,582.0
MIX,2026-06-27,5,C:\data_quote\data_finam_MIX_tick_zip\20260627.zip,True,,True,4528a10eea9c189f941476c33eb120fa27aa0690b1e3a3b382ad5e72cc58f7c7,35977000000000,68394000000000,09:59:37.000000000,18:59:54.000000000,3124,7576,8.95,ready,7.0
MIX,2026-06-28,6,C:\data_quote\data_finam_MIX_tick_zip\20260628.zip,True,,True,db1328ed079c2de11bf5fd2a171e7bdd935852ca741beb7b86e777605c6a63df,35990000000000,68396000000000,09:59:50.000000000,18:59:56.000000000,2422,6002,6.433316666666667,ready,6.0
MIX,2026-06-29,0,C:\data_quote\data_finam_MIX_tick_zip\20260629.zip,True,,True,f41601b9ae141a7095300bf9f7b9564e8d0ec1249add15cb4f9498dab4235708,32364000000000,85799003000000,08:59:24.000000000,23:49:59.003000000,179412,424395,1.1,ready,364.0
MIX,2026-06-30,1,C:\data_quote\data_finam_MIX_tick_zip\20260630.zip,True,,True,e4e5cfb1656adc6c6ab02058e0f8131c9fb48c2d8a9c07a8cee2c3445c0a6a00,32382000000000,85797001000000,08:59:42.000000000,23:49:57.001000000,132807,331064,2.3666666666666667,ready,270.0
MIX,2026-07-01,2,C:\data_quote\data_finam_MIX_tick_zip\20260701.zip,True,,True,b27ebe926e914129774a193614e8a5cff1189a54512435a5015d777c0b7317b8,32345000000000,85798000000000,08:59:05.000000000,23:49:58.000000000,102925,238146,2.5833166666666667,ready,163.0
MIX,2026-07-02,3,C:\data_quote\data_finam_MIX_tick_zip\20260702.zip,True,,True,f3c80975a4c180aab95ac366f65c0adf6742614dad06bd7be6e33dfa19c2d796,32351000000000,85798001000000,08:59:11.000000000,23:49:58.001000000,161014,406982,2.1333333333333333,ready,306.0
MIX,2026-07-03,4,C:\data_quote\data_finam_MIX_tick_zip\20260703.zip,True,,True,1c16c5a590ee1746fbcab32c20fcda4fbc950890904eb9e85c6e00ffe2746062,32358000000000,85796001000000,08:59:18.000000000,23:49:56.001000000,160947,395456,1.9833333333333334,ready,299.0
MIX,2026-07-04,5,C:\data_quote\data_finam_MIX_tick_zip\20260704.zip,True,,True,3a06f9ee218fd401c5703365fc2025480ca830f3b0f04fd83fb2ad0c4865e8e3,35944000000000,68396002000000,09:59:04.000000000,18:59:56.002000000,3700,8095,6.45,ready,6.0
MIX,2026-07-05,6,C:\data_quote\data_finam_MIX_tick_zip\20260705.zip,True,,True,4a33ee0636714b3acf0214ae24a82a50fa34b01110f56d7d7e7dd408c5d53658,35942000000000,68399000000000,09:59:02.000000000,18:59:59.000000000,7512,20532,5.766633333333333,ready,13.0
MIX,2026-07-06,0,C:\data_quote\data_finam_MIX_tick_zip\20260706.zip,True,,True,c6a99ca478fb4ebdd9547d0e821b04188d067449640685228021c7c6d784ae00,32373000000000,85799000000000,08:59:33.000000000,23:49:59.000000000,149963,354843,1.2663499999999999,ready,231.0
MIX,2026-07-07,1,C:\data_quote\data_finam_MIX_tick_zip\20260707.zip,True,,True,2e15fc873dd6d620990299df524233a0b829112bb14914320dd8fe368f6c689a,32359000000000,85798000000000,08:59:19.000000000,23:49:58.000000000,221474,523588,0.8833333333333333,ready,366.0
MIX,2026-07-08,2,C:\data_quote\data_finam_MIX_tick_zip\20260708.zip,True,,True,c8b3645b9b5dd2b4312c36f3d3636cb53b9e9d85cd9a49244b164fc30b95bdb1,32390000000000,85799002000000,08:59:50.000000000,23:49:59.002000000,172679,398114,1.7,ready,241.0
MIX,2026-07-09,3,C:\data_quote\data_finam_MIX_tick_zip\20260709.zip,True,,True,0f712389f657a636caf3b0a6fa4b0718558eb939b93c23f2e02751d352463fbd,32361000000000,85796007000000,08:59:21.000000000,23:49:56.007000000,112726,279229,2.033333333333333,ready,187.0
MIX,2026-07-10,4,C:\data_quote\data_finam_MIX_tick_zip\20260710.zip,True,,True,5c9f075bb360d3730d029ee398b81f4b046464c0aa2598e38e18a466ea4e185d,32344000000000,85787001000000,08:59:04.000000000,23:49:47.001000000,91050,241217,1.6499666666666668,ready,152.0
MIX,2026-07-11,5,C:\data_quote\data_finam_MIX_tick_zip\20260711.zip,True,,True,bec0f403975b565c26bf4149653a933cb03e0a843a5a53bda3df45465702d088,35951000000000,68399000000000,09:59:11.000000000,18:59:59.000000000,2736,6437,6.766666666666667,ready,4.0
MIX,2026-07-12,6,C:\data_quote\data_finam_MIX_tick_zip\20260712.zip,True,,True,1109f0d311b9c3695649461dbe170c04c886a017e41f421c8a72d9de0f93adbf,35986000000000,68399000000000,09:59:46.000000000,18:59:59.000000000,5151,13270,3.85,ready,8.0
MIX,2026-07-13,0,C:\data_quote\data_finam_MIX_tick_zip\20260713.zip,True,,True,b9eafa5c6a06b85c680bf8b1563d72aa4f1d02693b1680b59f66b478a207325b,32370000000000,85799000000000,08:59:30.000000000,23:49:59.000000000,235586,656138,1.3666666666666667,ready,228.0
MIX,2026-07-14,1,C:\data_quote\data_finam_MIX_tick_zip\20260714.zip,True,,True,fcac629b8888054bb71938fa0c753d5725dfdd6104a38c6efc5357713009f366,25141000000000,85794006000000,06:59:01.000000000,23:49:54.006000000,88652,225258,2.283333333333333,ready,112.0
MIX,2026-07-15,2,C:\data_quote\data_finam_MIX_tick_zip\20260715.zip,True,,True,0fc9544e6cf0157fb2995d947013aa1191f634bbbc92001eacf0937aaf58b1ed,25143000000000,85798002000000,06:59:03.000000000,23:49:58.002000000,140078,354722,2.3499833333333333,ready,196.0
MIX,2026-07-16,3,C:\data_quote\data_finam_MIX_tick_zip\20260716.zip,True,,True,06c3717f08f37d2b34cbc34e32048d807229f05a57acdde5176c8669c93468e4,25169000000000,85799000000000,06:59:29.000000000,23:49:59.000000000,195224,531803,0.76665,ready,286.0
MIX,2026-07-17,4,C:\data_quote\data_finam_MIX_tick_zip\20260717.zip,True,,True,523d51cd81541179e8bb919052bbf172379398a683f7ab12a9d2b5327353307f,25156000000000,85799003000000,06:59:16.000000000,23:49:59.003000000,212019,573161,0.7330333333333333,ready,283.0
MIX,2026-07-18,5,C:\data_quote\data_finam_MIX_tick_zip\20260718.zip,True,,True,4dbd474033af46d8aa519d8df4dec2fc2065cf6622ab60d4d74aeb3418d3422e,35986000000000,68399005000000,09:59:46.000000000,18:59:59.005000000,15572,45071,3.61665,ready,24.0
MIX,2026-07-19,6,C:\data_quote\data_finam_MIX_tick_zip\20260719.zip,True,,True,651aab4e1b38fceef7205a6bf46e0b2c5caf0b2f1442155e55c8d9643cdb0954,35966000000000,68399002000000,09:59:26.000000000,18:59:59.002000000,9570,27434,3.71665,ready,14.0
MIX,2026-07-20,0,C:\data_quote\data_finam_MIX_tick_zip\20260720.zip,True,,True,d82fb2dd017334267c33587f1fac79bda7d2b8896d93b12547b30825bcca9706,25171000000000,85793003000000,06:59:31.000000000,23:49:53.003000000,246209,637233,5.466666666666667,ready,308.0
MIX,2026-07-21,1,C:\data_quote\data_finam_MIX_tick_zip\20260721.zip,True,,True,0a066f7add4dd50724ce8ea610169cf6601215c81896e9b86ca721e9f6bedde3,25184000000000,85798008000000,06:59:44.000000000,23:49:58.008000000,312013,804113,0.95,ready,397.0
MIX,2026-07-22,2,C:\data_quote\data_finam_MIX_tick_zip\20260722.zip,True,,True,d7a0635ef650c8d003dbedb5b0540acc39ec1732f102e327d0f8589765d3e39a,25162000000000,85799000000000,06:59:22.000000000,23:49:59.000000000,221448,589854,1.2166666666666666,ready,270.0
MIX,2026-07-23,3,C:\data_quote\data_finam_MIX_tick_zip\20260723.zip,True,,True,2671b2a8dd2ba7e2041ce8700dc81b67b62a5c38f9d1c728c61707472f6de7f4,25158000000000,85796000000000,06:59:18.000000000,23:49:56.000000000,210968,567674,1.1499833333333334,ready,253.0
MIX,2026-07-24,4,C:\data_quote\data_finam_MIX_tick_zip\20260724.zip,True,,True,c60b36cbf2a3de98efe18c430478cba79ca7cd1e08d1af450cfd4de82f350068,25142000000000,85799000000000,06:59:02.000000000,23:49:59.000000000,280858,800350,0.9666666666666667,ready,388.0
MIX,2026-07-25,5,C:\data_quote\data_finam_MIX_tick_zip\20260725.zip,True,,True,2db01e1c9204a62c4f062444dd77bac1c5035a1c9971c3700f3136f0a4fec797,35949000000000,68399003000000,09:59:09.000000000,18:59:59.003000000,6994,16214,5.016666666666667,ready,4.0
MIX,2026-07-26,6,C:\data_quote\data_finam_MIX_tick_zip\20260726.zip,True,,True,fcdce2ce51e779e21cd2ebe982ffff2af224876571b955c42763e34e95cfdc93,35980000000000,68399004000000,09:59:40.000000000,18:59:59.004000000,11743,29059,2.1,ready,18.0
MIX,2026-07-27,0,C:\data_quote\data_finam_MIX_tick_zip\20260727.zip,True,,True,14e1f46c1a3f4229f3fff59cdf28d76ab894f0f7b541dfac212cf054ecfe9c11,25176000000000,85793009000000,06:59:36.000000000,23:49:53.009000000,163779,455636,1.2666499999999998,ready,205.0
MIX,2026-07-28,1,C:\data_quote\data_finam_MIX_tick_zip\20260728.zip,True,,True,f8a4235316b79301457520ac7fbcac2b50def6ba7c0a64c81359b3da47220157,25179000000000,85799000000000,06:59:39.000000000,23:49:59.000000000,139556,393569,1.6166666666666667,ready,174.0
MIX,2026-07-29,2,C:\data_quote\data_finam_MIX_tick_zip\20260729.zip,True,,True,29f27ea7047c35902f7d348eb8636deebad1f580126b3a3644e84ddb52012f10,25184000000000,85799002000000,06:59:44.000000000,23:49:59.002000000,96935,277471,0.9165666666666666,ready,125.0
MIX,2026-07-30,3,C:\data_quote\data_finam_MIX_tick_zip\20260730.zip,True,,True,6751487afbb34131c37e90ced978666d168a9db03588b2254a98734b053d06c9,25159000000000,85799000000000,06:59:19.000000000,23:49:59.000000000,139205,408968,1.36665,ready,190.0
MIX,2026-07-31,4,C:\data_quote\data_finam_MIX_tick_zip\20260731.zip,True,,True,6db7ca63ac09a1347c35b4aa0b01ec7e8c370cd90caa597b7c63b1a2291e1576,25150000000000,85799002000000,06:59:10.000000000,23:49:59.002000000,122865,356492,1.6999833333333332,ready,171.0
MIX,2026-08-03,0,C:\data_quote\data_finam_MIX_tick_zip\20260803.zip,True,,True,a2e1a991d066ca8a42cb27d7b915bc44df4f510ff15dc234ddaa1532c6c0f8c2,25183000000000,85799000000000,06:59:43.000000000,23:49:59.000000000,81155,234006,1.8166666666666667,ready,107.0
MIX,2026-08-04,1,C:\data_quote\data_finam_MIX_tick_zip\20260804.zip,True,,True,5795701f0c9648f7865e32becfd0076aa8e8999a55c47b5b840ddf22a95006b8,25177000000000,85794000000000,06:59:37.000000000,23:49:54.000000000,105520,311993,1.5666166666666668,ready,154.0
MIX,2026-08-05,2,C:\data_quote\data_finam_MIX_tick_zip\20260805.zip,True,,True,96a7a8e5244273a85f7fedf2f3b0c2a41d9bc8f5003c42f00da7b9b47c195683,25159000000000,85799000000000,06:59:19.000000000,23:49:59.000000000,83472,241570,1.5333333333333334,ready,110.0
MIX,2026-08-06,3,C:\data_quote\data_finam_MIX_tick_zip\20260806.zip,True,,True,5614b02f9374f306df53f8fc4d0c39e8ef8c7e947c77a9b4374174c5b87d08ab,25185000000000,85799025000000,06:59:45.000000000,23:49:59.025000000,120365,352594,2.61665,ready,155.0
MIX,2026-08-07,4,C:\data_quote\data_finam_MIX_tick_zip\20260807.zip,True,,True,5c46a7ee32a61b447b1e09404a1e9ebac267c107b0aadffa9a9f7512c6f82029,25148000000000,85798006000000,06:59:08.000000000,23:49:58.006000000,93914,261398,1.4166666666666667,ready,124.0
MIX,2026-08-08,5,C:\data_quote\data_finam_MIX_tick_zip\20260808.zip,True,,True,6e8cf239d9aabea1ff9f3684e684ea4d1d027b49192b8c4ff7593cfa3890c30b,35943000000000,68392004000000,09:59:03.000000000,18:59:52.004000000,11437,31135,5.766666666666667,ready,17.0
MIX,2026-08-09,6,C:\data_quote\data_finam_MIX_tick_zip\20260809.zip,True,,True,7f97c4ede1e73793e709246716985638e347e0dbb7ecbdb9054952a5aa6e9804,35968000000000,68395003000000,09:59:28.000000000,18:59:55.003000000,4671,12531,6.349950000000001,ready,7.0
MIX,2026-08-10,0,C:\data_quote\data_finam_MIX_tick_zip\20260810.zip,True,,True,ea487f2616751b2bcfa39e19d2e775e938ea8f4ce730f33acdda611efaeaf227,25180000000000,85799000000000,06:59:40.000000000,23:49:59.000000000,77301,214358,1.3166666666666667,ready,104.0
MIX,2026-08-11,1,C:\data_quote\data_finam_MIX_tick_zip\20260811.zip,True,,True,add683e0bbd2e8d60d1be4ca7273adf6298fbce21a3aa0cf758b8941b1128ce6,25168000000000,85797000000000,06:59:28.000000000,23:49:57.000000000,74395,216437,2.0833333333333335,ready,95.0
MIX,2026-08-12,2,C:\data_quote\data_finam_MIX_tick_zip\20260812.zip,True,,True,7b4adeac2cd03ad8162a12902b887d6dd8354e78c98a344d703cb579bbb132ad,25162000000000,85799012000000,06:59:22.000000000,23:49:59.012000000,89044,259638,1.9833333333333334,ready,128.0
MIX,2026-08-13,3,C:\data_quote\data_finam_MIX_tick_zip\20260813.zip,True,,True,1a3a8731153e4c59bf7ffa962909282d44ce347cb0e92dd89c46c548f5ce0b6c,25164000000000,85799000000000,06:59:24.000000000,23:49:59.000000000,143647,428911,1.6666666666666667,ready,224.0
MIX,2026-08-14,4,C:\data_quote\data_finam_MIX_tick_zip\20260814.zip,True,,True,4a9e2fb9286015a962dbc3cd1c4e3a2f68e03c86028875462c5484bee3efcdc5,25171000000000,85799000000000,06:59:31.000000000,23:49:59.000000000,205181,594239,1.7833,ready,315.0
MIX,2026-08-17,0,C:\data_quote\data_finam_MIX_tick_zip\20260817.zip,True,,True,fdc97fecef38430dcfe2747da6a192319290d601592223c14016247f9d4f4e7a,25175000000000,85799000000000,06:59:35.000000000,23:49:59.000000000,220037,684065,1.6333333333333333,ready,312.0
MIX,2026-08-18,1,C:\data_quote\data_finam_MIX_tick_zip\20260818.zip,True,,True,d3b90595586e70d86dfaaa34ba99764fc80433524626bce1a4c8f680246ec714,25181000000000,85799001000000,06:59:41.000000000,23:49:59.001000000,196007,582161,0.9999833333333333,ready,311.0
MIX,2026-08-19,2,C:\data_quote\data_finam_MIX_tick_zip\20260819.zip,True,,True,407fb37994d1c30f0d82023e40df7f215b6e03f8add932d56f797269c0857d1b,25190000000000,85799000000000,06:59:50.000000000,23:49:59.000000000,142025,400117,2.1,ready,205.0
MIX,2026-08-20,3,C:\data_quote\data_finam_MIX_tick_zip\20260820.zip,True,,True,a649aafda0581bb5db253f7367ab292f8523430da5fdfc1722bf0c4eb0a870eb,25180000000000,85798011000000,06:59:40.000000000,23:49:58.011000000,171855,486653,1.5998833333333333,ready,258.0
MIX,2026-08-21,4,C:\data_quote\data_finam_MIX_tick_zip\20260821.zip,True,,True,c648e2a1c1ab36ca6b697fabbe1a38489c5e83d36eb5ea888aadc0945a5f8b27,25161000000000,85799002000000,06:59:21.000000000,23:49:59.002000000,144620,411703,2.0166333333333335,ready,222.0
MIX,2026-08-22,5,C:\data_quote\data_finam_MIX_tick_zip\20260822.zip,True,,True,1813167a3c4ae77de2b1e2e5c8c9aa21ffdb91ecf202dbc7fcd67fcc41da0442,35989000000000,68392000000000,09:59:49.000000000,18:59:52.000000000,8704,23309,3.283333333333333,ready,10.0
MIX,2026-08-23,6,C:\data_quote\data_finam_MIX_tick_zip\20260823.zip,True,,True,73c7780cfeb4156381fcf66b18c1f12784451e22c90fb4d2176cbf3157fae0fd,35980000000000,68399000000000,09:59:40.000000000,18:59:59.000000000,13143,37646,3.799983333333333,ready,21.0
MIX,2026-08-24,0,C:\data_quote\data_finam_MIX_tick_zip\20260824.zip,True,,True,089b5fd15909d7e5b45bbcabefe4e3869c5649ceabc2c98d705f2b8bf9917fd0,25186000000000,85799013000000,06:59:46.000000000,23:49:59.013000000,191467,545436,0.98325,ready,275.0
MIX,2026-08-25,1,C:\data_quote\data_finam_MIX_tick_zip\20260825.zip,True,,True,21ec0a43289687108df33aac31a53d8638160ff608818cb57d81f3b8c58fbb06,25183000000000,85799007000000,06:59:43.000000000,23:49:59.007000000,246696,736478,1.0999833333333333,ready,402.0
MIX,2026-08-26,2,C:\data_quote\data_finam_MIX_tick_zip\20260826.zip,True,,True,c86a2c8516e54989950e211a09b0604cbfc8e9368bcd659915616b93c043c6ab,25170000000000,85799000000000,06:59:30.000000000,23:49:59.000000000,165166,514103,1.2498,ready,267.0
MIX,2026-08-27,3,C:\data_quote\data_finam_MIX_tick_zip\20260827.zip,True,,True,da89c78b12c874052d0d540d02ee4016bffedc5b94b5681c240c157c06d20670,25181000000000,85799000000000,06:59:41.000000000,23:49:59.000000000,173637,570660,1.1333166666666665,ready,289.0
MIX,2026-08-28,4,C:\data_quote\data_finam_MIX_tick_zip\20260828.zip,True,,True,b474a27b7e7cd0171c1c4eae7ca66b6167124e5367067858a1307ac4a7a137cf,25143000000000,85799000000000,06:59:03.000000000,23:49:59.000000000,153369,510204,1.4333,ready,247.0
MIX,2026-08-29,5,C:\data_quote\data_finam_MIX_tick_zip\20260829.zip,True,,True,c2e0794ac35233b938e34e4ffffa8d38aee165b6dfcef1f9b5affdf6aafd267f,35981000000000,68398000000000,09:59:41.000000000,18:59:58.000000000,7185,17037,6.199966666666667,ready,7.0
MIX,2026-08-30,6,C:\data_quote\data_finam_MIX_tick_zip\20260830.zip,True,,True,349bdb686a4ffadfe54d446c4c12c2b2c57d13bf8d4de68a672dc0feccb10415,35962000000000,68397000000000,09:59:22.000000000,18:59:57.000000000,4839,12093,3.966666666666667,ready,5.0
MIX,2026-08-31,0,C:\data_quote\data_finam_MIX_tick_zip\20260831.zip,True,,True,0ea2e7f9d953ce4f483c502200b55c3a6788964ed23a2c7f00b3b117f792d059,25156000000000,85799194000000,06:59:16.000000000,23:49:59.194000000,164339,576856,1.05,ready,304.0
MIX,2026-09-01,1,C:\data_quote\data_finam_MIX_tick_zip\20260901.zip,True,,True,fdfe31a3f92bcbbf3614a8387ac693c23b62ccccf1e8d81290ec156591e6646f,25146000000000,85799004000000,06:59:06.000000000,23:49:59.004000000,175724,588303,0.8992666666666668,ready,301.0
MIX,2026-09-02,2,C:\data_quote\data_finam_MIX_tick_zip\20260902.zip,True,,True,dc86a9e7764b42c975a769c4fe8d1ac498405b19f717e9a34177c2c4e23822f1,25147000000000,85798000000000,06:59:07.000000000,23:49:58.000000000,105848,321044,1.65,ready,130.0
MIX,2026-09-03,3,C:\data_quote\data_finam_MIX_tick_zip\20260903.zip,True,,True,9c848189b010c2d355436709a37a0f1fa35dbc69e4f33ebb0fcbb1fc7e0a6764,25181000000000,85798007000000,06:59:41.000000000,23:49:58.007000000,156617,507264,0.7333333333333333,ready,249.0
MIX,2026-09-04,4,C:\data_quote\data_finam_MIX_tick_zip\20260904.zip,True,,True,c57dfae9f3f28151ef3168d3ce8050cfef314f2576cd5d83197a96ed0b242b8e,25183000000000,85799002000000,06:59:43.000000000,23:49:59.002000000,147908,457335,1.3996833333333332,ready,207.0
MIX,2026-09-05,5,C:\data_quote\data_finam_MIX_tick_zip\20260905.zip,True,,True,875f9eca0a7b7a55ac58013a69a6729dfcd2aa0dc5b5e07e7de63947f979d8fc,35956000000000,68398000000000,09:59:16.000000000,18:59:58.000000000,13485,38451,2.55,ready,16.0
MIX,2026-09-06,6,C:\data_quote\data_finam_MIX_tick_zip\20260906.zip,True,,True,b70f32045ddd1dc2b8c939ecbea1467e056f90b14ee2f0c9ab9c8141ee02e5b8,35981000000000,68399006000000,09:59:41.000000000,18:59:59.006000000,24969,67114,3.7,ready,31.0
MIX,2026-09-07,0,C:\data_quote\data_finam_MIX_tick_zip\20260907.zip,True,,True,78e2d2710c5e679397ca6985cb1b56c5de1893b28fb6c9b6f4da7498b7ae4eb7,25185000000000,85799001000000,06:59:45.000000000,23:49:59.001000000,90766,267948,1.24995,ready,99.0
MIX,2026-09-08,1,C:\data_quote\data_finam_MIX_tick_zip\20260908.zip,True,,True,0c92dc0b927a7ba57862e344f18468bba7b4c372f8850ba9217fd62a419e4476,25144000000000,85799000000000,06:59:04.000000000,23:49:59.000000000,148753,469129,1.61665,ready,215.0
MIX,2026-09-09,2,C:\data_quote\data_finam_MIX_tick_zip\20260909.zip,True,,True,7ac152eb703ae38692b136d8439d5020a00128fa1e4ce5226bef2295b933fc0d,25174000000000,85797002000000,06:59:34.000000000,23:49:57.002000000,125606,376371,1.0,ready,150.0
MIX,2026-09-10,3,C:\data_quote\data_finam_MIX_tick_zip\20260910.zip,True,,True,e10fb4ed4b4c56c9839d26efe76222d96c8d8e3692517c514d7ffafbf1e34530,25186000000000,85799003000000,06:59:46.000000000,23:49:59.003000000,116773,347056,1.4666666666666666,ready,144.0
MIX,2026-09-11,4,C:\data_quote\data_finam_MIX_tick_zip\20260911.zip,True,,True,869f88320391ee6421ed71cdbc79ca996b0969ed4ee20a0d5da24574b7b47711,25183000000000,85797003000000,06:59:43.000000000,23:49:57.003000000,154759,496923,2.6333333333333333,ready,213.0
MIX,2026-09-14,0,C:\data_quote\data_finam_MIX_tick_zip\20260914.zip,True,,True,33aa65b472c4fa1a6ec27e4e939dfe16f14ed91631b0679287345919e0377e13,25163000000000,85798000000000,06:59:23.000000000,23:49:58.000000000,159397,464385,0.95,ready,185.0
MIX,2026-09-15,1,C:\data_quote\data_finam_MIX_tick_zip\20260915.zip,True,,True,ae5ed534d613a05bfed3475c986dcb8cdfcfa06b2f2e3b621b94d2ace1fda647,25189000000000,85798000000000,06:59:49.000000000,23:49:58.000000000,116380,335017,2.433316666666667,ready,146.0
MIX,2026-09-16,2,C:\data_quote\data_finam_MIX_tick_zip\20260916.zip,True,,True,23afecc2f4710df616415127df0be779d0cc6d9db2baa1f3a5a44ad38e5f0626,25173000000000,85799005000000,06:59:33.000000000,23:49:59.005000000,78241,177192,1.56605,ready,65.0
MIX,2026-09-17,3,C:\data_quote\data_finam_MIX_tick_zip\20260917.zip,True,,True,3a4d89f758723b146afc9724b75a1c52014206031458f97204d18cf402b6e444,25182000000000,85798000000000,06:59:42.000000000,23:49:58.000000000,130062,381403,2.2499833333333332,ready,140.0
MIX,2026-09-18,4,C:\data_quote\data_finam_MIX_tick_zip\20260918.zip,True,,True,eb63c84bcd359c0d65a0a45f4c9c631e592afa29155b56efbd2edf3448531ca2,25169000000000,85798001000000,06:59:29.000000000,23:49:58.001000000,111432,326830,1.7999833333333333,ready,122.0
MIX,2026-09-19,5,C:\data_quote\data_finam_MIX_tick_zip\20260919.zip,True,,True,bb9c6d7c0dad3ac09007675544cf6576268c174e4dc920a5952bcc3721674e61,35973000000000,68399003000000,09:59:33.000000000,18:59:59.003000000,5461,15972,6.6,ready,4.0
MIX,2026-09-20,6,C:\data_quote\data_finam_MIX_tick_zip\20260920.zip,True,,True,043449ec2d2f36b13242b26b6a3574f5d5f044285b440a3f3c26a6a27318b3ba,35963000000000,68347017000000,09:59:23.000000000,18:59:07.017000000,4687,13332,4.9,ready,6.0
MIX,2026-09-21,0,C:\data_quote\data_finam_MIX_tick_zip\20260921.zip,True,,True,82e9cecd9f8138d3d584506b093bc8c3da0f20eaedc32a23702ba3f3b8332675,25175000000000,85797002000000,06:59:35.000000000,23:49:57.002000000,88140,268747,2.183316666666667,ready,112.0
MIX,2026-09-22,1,C:\data_quote\data_finam_MIX_tick_zip\20260922.zip,True,,True,6536d9b4de11d9c8819112990664a415c6263d952cf9cd15127dc8f696c76ecc,25160000000000,85797018000000,06:59:20.000000000,23:49:57.018000000,126697,401659,1.2,ready,171.0
MIX,2026-09-23,2,C:\data_quote\data_finam_MIX_tick_zip\20260923.zip,True,,True,bb6f3ffd8b75fdfcc135e987b403111c856d6461f47def615955d3666dab1aa8,25177000000000,85798000000000,06:59:37.000000000,23:49:58.000000000,119950,389113,1.55,ready,176.0
MIX,2026-09-24,3,C:\data_quote\data_finam_MIX_tick_zip\20260924.zip,True,,True,3fd8c7df6e583311eb452649b4a61b5e558f409f79f8af2be4d0286a98d1e271,25161000000000,85798000000000,06:59:21.000000000,23:49:58.000000000,110797,341819,1.8333333333333333,ready,164.0
MIX,2026-09-25,4,C:\data_quote\data_finam_MIX_tick_zip\20260925.zip,True,,True,7d397c194427c729da858985863cc0ce64a1b1040017458e314a2c22396855f4,25152000000000,85799000000000,06:59:12.000000000,23:49:59.000000000,107458,306639,1.8833,ready,139.0
MIX,2026-09-26,5,C:\data_quote\data_finam_MIX_tick_zip\20260926.zip,True,,True,b1f3f8aeba2136e4ef3564c02c528a07a7b3bc3e035034029ff5363ac07a428d,35967000000000,68399000000000,09:59:27.000000000,18:59:59.000000000,3360,7619,9.183333333333334,ready,4.0
MIX,2026-09-27,6,C:\data_quote\data_finam_MIX_tick_zip\20260927.zip,True,,True,1e429228af720283b16dade071d8731d84eb5aa042c47336e150fcd7e337a534,36001000000000,68398000000000,10:00:01.000000000,18:59:58.000000000,2002,4801,9.5333,ready,2.0
MIX,2026-09-28,0,C:\data_quote\data_finam_MIX_tick_zip\20260928.zip,True,,True,53edc7f4136e5bac3cdb85b46f29f2b277e3a0b72b9aa406dcf652a6735e4dc4,25147000000000,85799000000000,06:59:07.000000000,23:49:59.000000000,89891,266858,2.716666666666667,ready,134.0
MIX,2026-09-29,1,C:\data_quote\data_finam_MIX_tick_zip\20260929.zip,True,,True,bc85b3b22bda9902955c0d0af50f3c5fbf3cee2f17fb62afc27a2ef687da860a,25174000000000,85799003000000,06:59:34.000000000,23:49:59.003000000,125527,392146,1.3833333333333333,ready,220.0
MIX,2026-09-30,2,C:\data_quote\data_finam_MIX_tick_zip\20260930.zip,True,,True,1fb67b14a636cc7add1d7c2d6de3f4b5760961e6020b75961fe8f5fc00de32d2,25169000000000,85797001000000,06:59:29.000000000,23:49:57.001000000,81886,232402,2.8333333333333335,ready,113.0
MIX,2026-10-01,3,C:\data_quote\data_finam_MIX_tick_zip\20261001.zip,True,,True,50ba2f15b1b90b0acfcab278d8a951bd8cc4804e78d5373164c22bc554f89718,25161000000000,85797003000000,06:59:21.000000000,23:49:57.003000000,101334,283373,1.75,ready,153.0
MIX,2026-10-02,4,C:\data_quote\data_finam_MIX_tick_zip\20261002.zip,True,,True,ead8414fc0823d6b87d3a2c575a8a025e7ead9f0b92113e567a08c8fdeb0df49,25154000000000,85799001000000,06:59:14.000000000,23:49:59.001000000,66797,182734,2.1,ready,90.0
