symbol,day,weekday,file,valid,issue,unknown_completeness,sha256,first_ns,last_ns,first,last,tick_count,volume,max_gap_minutes,db_status,bar_count
RTS,2021-12-03,4,C:\data_quote\data_finam_RTS_tick_zip\20211203.zip,True,,True,95217aa007c753071e58af876dbfe2fd2b286acf7f0be89931fe46a636e1c74c,25200000000000,85799004000000,07:00:00.000000000,23:49:59.004000000,332102,676306,15.016383333333332,prestart,
RTS,2021-12-06,0,C:\data_quote\data_finam_RTS_tick_zip\20211206.zip,True,,True,c895292f362492ec34edfaabdf1c07d217cdb66f2839b29f56d8f59521de6e05,25200000000000,85799001000000,07:00:00.000000000,23:49:59.001000000,398585,826672,15.016516666666666,prestart,
RTS,2021-12-07,1,C:\data_quote\data_finam_RTS_tick_zip\20211207.zip,True,,True,2dd6dd5348842615d7e852e2c8124b38c7d5758e9910486dc2e1ed0561f6b6e7,25200000000000,85799001000000,07:00:00.000000000,23:49:59.001000000,377425,781722,15.016566666666668,prestart,
RTS,2021-12-08,2,C:\data_quote\data_finam_RTS_tick_zip\20211208.zip,True,,True,9578d351afb6cb38e5f894c8607c55fc71038f2333bf1da14efc6795151c52fb,25200000000000,85799001000000,07:00:00.000000000,23:49:59.001000000,442192,849163,20.016516666666668,prestart,
RTS,2021-12-09,3,C:\data_quote\data_finam_RTS_tick_zip\20211209.zip,True,,True,626663fd89c19e6712e5b9896355658ddb94deaf47f4aff718cf19dd384caee2,25200000000000,85799007000000,07:00:00.000000000,23:49:59.007000000,317627,672393,20.033166666666666,prestart,
RTS,2021-12-10,4,C:\data_quote\data_finam_RTS_tick_zip\20211210.zip,True,,True,f50db0f20bcae77a53f92d4ec21b0943401c558fd35338d666f2386e4c840aea,25200000000000,85782000000000,07:00:00.000000000,23:49:42.000000000,151118,287874,15.049966666666668,prestart,
RTS,2021-12-13,0,C:\data_quote\data_finam_RTS_tick_zip\20211213.zip,True,,True,2eef8e49937f3bd67733f570ef601bdb1494988f371ebfb6d341d2cbb4e22f4a,25200000000000,85799016000000,07:00:00.000000000,23:49:59.016000000,105484,172270,15.083066666666667,prestart,
RTS,2021-12-14,1,C:\data_quote\data_finam_RTS_tick_zip\20211214.zip,True,,True,92c55a77dd918815500d56d89d107cc6fe9370866506582b390ae71279cc549c,25200000000000,85798000000000,07:00:00.000000000,23:49:58.000000000,167345,275327,15.016666666666667,prestart,
RTS,2021-12-15,2,C:\data_quote\data_finam_RTS_tick_zip\20211215.zip,True,,True,70581f72140d48c1f3ac6f1737b5a3f11fa72e3620f35d06cdd5b8f750ee74b5,25200000000000,85799000000000,07:00:00.000000000,23:49:59.000000000,186578,317365,20.016650000000002,prestart,
RTS,2021-12-16,3,C:\data_quote\data_finam_RTS_tick_zip\20211216.zip,True,,True,aacfc118ea9c1f8c3afccef514afdbf54807f60036c455273b78d83ebe6d519f,25200000000000,85799002000000,07:00:00.000000000,23:49:59.002000000,322703,711907,20.033333333333335,prestart,
RTS,2021-12-17,4,C:\data_quote\data_finam_RTS_tick_zip\20211217.zip,True,,True,d45324b7aefdf25e4a20e43c14986dc71fde3c4108ac36aacad61726c0023fd1,25200000000000,85799004000000,07:00:00.000000000,23:49:59.004000000,289462,622233,15.01665,prestart,
RTS,2021-12-20,0,C:\data_quote\data_finam_RTS_tick_zip\20211220.zip,True,,True,d68a8b4245d48398503149a66b6086bb35cc5e2464787c94757c90b39f848271,25200000000000,85799004000000,07:00:00.000000000,23:49:59.004000000,314529,634444,15.016449999999999,prestart,
RTS,2021-12-21,1,C:\data_quote\data_finam_RTS_tick_zip\20211221.zip,True,,True,91bf1f7a6a747b70543b118d4a54e6af9af5b5218e975671196a6e1ee65b9ace,25200000000000,85799005000000,07:00:00.000000000,23:49:59.005000000,270228,588633,15.016533333333333,prestart,
RTS,2021-12-22,2,C:\data_quote\data_finam_RTS_tick_zip\20211222.zip,True,,True,9c331306a595170ab9b870533c6ed0a21e51e444d72bec0298983d08987adb3f,25200000000000,85799000000000,07:00:00.000000000,23:49:59.000000000,238507,517043,20.016616666666668,prestart,
RTS,2021-12-23,3,C:\data_quote\data_finam_RTS_tick_zip\20211223.zip,True,,True,94859af223432e7036e46056f917e0dfe274ee74282dcab8c9ea6cd49fdcfe98,25200000000000,85799000000000,07:00:00.000000000,23:49:59.000000000,268606,548558,20.016616666666668,prestart,
RTS,2021-12-24,4,C:\data_quote\data_finam_RTS_tick_zip\20211224.zip,True,,True,0f1ad0b81018acb94429094274eed5179ab9bb93989c71e0d7a0698c875c467c,25200000000000,85799002000000,07:00:00.000000000,23:49:59.002000000,149607,325407,15.049900000000001,prestart,
RTS,2021-12-27,0,C:\data_quote\data_finam_RTS_tick_zip\20211227.zip,True,,True,56b0b4710b2498add1b1862415e87ff83327f87e11655cd5895a0e6516dc82cb,25200000000000,85799003000000,07:00:00.000000000,23:49:59.003000000,179869,394134,15.016666666666667,prestart,
RTS,2021-12-28,1,C:\data_quote\data_finam_RTS_tick_zip\20211228.zip,True,,True,c06240c7aa401fb233559e40fdf532b67ca89f85a91fa260f240e4bb5dde564a,25200000000000,85799007000000,07:00:00.000000000,23:49:59.007000000,204496,428401,20.016433333333335,prestart,
RTS,2021-12-29,2,C:\data_quote\data_finam_RTS_tick_zip\20211229.zip,True,,True,6dd15d5bb920658a013515bffa9de5839162b0b24d5a473ac8ea869ff3553337,25200000000000,85799000000000,07:00:00.000000000,23:49:59.000000000,230941,478080,20.016650000000002,prestart,
RTS,2021-12-30,3,C:\data_quote\data_finam_RTS_tick_zip\20211230.zip,True,,True,673f31897abe7e899466fad9ea0e030e67763dc26caa3d4f49f6c6f479fb016f,25200000000000,85799011000000,07:00:00.000000000,23:49:59.011000000,159625,349912,20.016583333333333,prestart,
RTS,2022-01-03,0,C:\data_quote\data_finam_RTS_tick_zip\20220103.zip,True,,True,acbd318c140cdc49d90bb09ed3250bad896c22aca3fd8d6f2f4a96a57645883b,25200000000000,85799004000000,07:00:00.000000000,23:49:59.004000000,181317,395977,15.016483333333333,ready,149.0
RTS,2022-01-04,1,C:\data_quote\data_finam_RTS_tick_zip\20220104.zip,True,,True,1b471c066e81ef92dcecbbb393fc3f19d0310b1a87b65a0a7de38c0245ed7cce,25200000000000,85798002000000,07:00:00.000000000,23:49:58.002000000,234360,494281,15.016583333333333,ready,204.0
RTS,2022-01-05,2,C:\data_quote\data_finam_RTS_tick_zip\20220105.zip,True,,True,4c7a383395ad43043648fc849acaca5f8b85468247b661c0ce072a703d74a7d7,25200000000000,85799002000000,07:00:00.000000000,23:49:59.002000000,341326,727481,20.01655,ready,306.0
RTS,2022-01-06,3,C:\data_quote\data_finam_RTS_tick_zip\20220106.zip,True,,True,1653ab1d7604d55c3843174e7c83318ddde5a89a359663fc38f0d8ceb59f51b3,25200000000000,85799002000000,07:00:00.000000000,23:49:59.002000000,400230,804537,20.016399999999997,ready,282.0
RTS,2022-01-07,4,C:\data_quote\data_finam_RTS_tick_zip\20220107.zip,True,,True,f9fe8208ad14c27a6b5b1cb8b99adfae25f7927431734a9714e55783cf6efc25,25200000000000,85799002000000,07:00:00.000000000,23:49:59.002000000,158726,300983,15.016666666666667,ready,110.0
RTS,2022-01-10,0,C:\data_quote\data_finam_RTS_tick_zip\20220110.zip,True,,True,f13e03f6a847aa5e9f814be26cb30fe458c77aaa0758d08099e749a66e38a0e3,25200000000000,85799002000000,07:00:00.000000000,23:49:59.002000000,310656,643298,15.016616666666666,ready,270.0
RTS,2022-01-11,1,C:\data_quote\data_finam_RTS_tick_zip\20220111.zip,True,,True,bc220446efbac4d539af73c795c3f099b09fee341e1b9d0012f61e269751cfe2,25200000000000,85799000000000,07:00:00.000000000,23:49:59.000000000,298150,604572,15.0166,ready,281.0
RTS,2022-01-12,2,C:\data_quote\data_finam_RTS_tick_zip\20220112.zip,True,,True,f2db5052a5ad017d3cceed7f77b119a05993ae75c40e5b1e9934f80698bbba0e,25200000000000,85799002000000,07:00:00.000000000,23:49:59.002000000,291540,622101,20.016166666666667,ready,257.0
RTS,2022-01-13,3,C:\data_quote\data_finam_RTS_tick_zip\20220113.zip,True,,True,51703393b086f27803077ad48449c76302a0ad8f8de9a8e7199b1232a60603e7,25200000000000,85798026000000,07:00:00.000000000,23:49:58.026000000,568983,1187521,20.016483333333333,ready,458.0
RTS,2022-01-14,4,C:\data_quote\data_finam_RTS_tick_zip\20220114.zip,True,,True,89666f96cc1c834ed374a420d52598099e009ee7232a046f82e4bacafe383ca8,25200000000000,85798010000000,07:00:00.000000000,23:49:58.010000000,862715,1512627,20.016633333333335,ready,505.0
RTS,2022-01-17,0,C:\data_quote\data_finam_RTS_tick_zip\20220117.zip,True,,True,9dcb5f841206b38a63de58c06849e7501555ee3c2233cfa10a455890acb52b8f,25200000000000,85799005000000,07:00:00.000000000,23:49:59.005000000,603116,1096260,15.01665,ready,350.0
RTS,2022-01-18,1,C:\data_quote\data_finam_RTS_tick_zip\20220118.zip,True,,True,2ed1f2aa3713b803a76925c784e0beea56b87fa6c6f90749256eb9bcdedf56ee,25200000000000,85799003000000,07:00:00.000000000,23:49:59.003000000,912860,1600912,15.0164,ready,483.0
RTS,2022-01-19,2,C:\data_quote\data_finam_RTS_tick_zip\20220119.zip,True,,True,db39c9301a249f451616b072f271ce0ef250adced7c8e97782d3fc067dcfcca9,25200000000000,85799001000000,07:00:00.000000000,23:49:59.001000000,863796,1536523,20.016616666666668,ready,415.0
RTS,2022-01-20,3,C:\data_quote\data_finam_RTS_tick_zip\20220120.zip,True,,True,6302f2ee9e66cce881ebcbd5285bbbc8ba847731ebdff57d56be210fb249cda3,25200000000000,85799004000000,07:00:00.000000000,23:49:59.004000000,757402,1300463,20.016583333333333,ready,331.0
RTS,2022-01-21,4,C:\data_quote\data_finam_RTS_tick_zip\20220121.zip,True,,True,e3816d063156dc833df1bd90ef0a5230b26265893cc38da9fcdbd6a4e6a1abd9,25200000000000,85799003000000,07:00:00.000000000,23:49:59.003000000,724476,1163892,15.032966666666665,ready,259.0
RTS,2022-01-24,0,C:\data_quote\data_finam_RTS_tick_zip\20220124.zip,True,,True,66cc1287f9baf3bfcd034caee4e0133893f10b825aeed597b2997e7d393a3114,25200000000000,85799003000000,07:00:00.000000000,23:49:59.003000000,1056802,1708992,15.016566666666668,ready,373.0
RTS,2022-01-25,1,C:\data_quote\data_finam_RTS_tick_zip\20220125.zip,True,,True,bfe08a602855da9f9028d04f05bb221d824fc617ac95e1dfb1e902169491aad4,25200000000000,85799004000000,07:00:00.000000000,23:49:59.004000000,796100,1328454,15.016183333333334,ready,269.0
RTS,2022-01-26,2,C:\data_quote\data_finam_RTS_tick_zip\20220126.zip,True,,True,802275be9363e37c7134c5fe9b2a8d257f75c2daec64395c87d8f3547d98bce6,25200000000000,85799005000000,07:00:00.000000000,23:49:59.005000000,807675,1437600,20.016433333333335,ready,293.0
RTS,2022-01-27,3,C:\data_quote\data_finam_RTS_tick_zip\20220127.zip,True,,True,b6150adbeb89128e3dfe80a0244a8b6fd6de88faf9394c47d2937d0370b45760,25200000000000,85799005000000,07:00:00.000000000,23:49:59.005000000,881455,1540856,20.016566666666666,ready,302.0
RTS,2022-01-28,4,C:\data_quote\data_finam_RTS_tick_zip\20220128.zip,True,,True,9592efecb0006e092e92cefa40d405baeb0703fdc90ab94c5fa31bb950f7bc75,25200000000000,85799000000000,07:00:00.000000000,23:49:59.000000000,584031,953736,15.0166,ready,165.0
RTS,2022-01-31,0,C:\data_quote\data_finam_RTS_tick_zip\20220131.zip,True,,True,e6b0aaed2d73ee4bf5360217a4f292dcaafbfb4c2292990e864bebca998c8b44,25200000000000,85799000000000,07:00:00.000000000,23:49:59.000000000,380407,649256,15.016516666666666,ready,114.0
RTS,2022-02-01,1,C:\data_quote\data_finam_RTS_tick_zip\20220201.zip,True,,True,1d9e0082b04e602ed31b8a9b71288db1172ded8b0f9386b544013b3210ad035d,25200000000000,85799008000000,07:00:00.000000000,23:49:59.008000000,442384,778976,15.01665,ready,150.0
RTS,2022-02-02,2,C:\data_quote\data_finam_RTS_tick_zip\20220202.zip,True,,True,7a57b0b52c0b04c6b920778d7b694492335837ffb4379688ddb536924e5ee137,25200000000000,85799032000000,07:00:00.000000000,23:49:59.032000000,387997,704165,20.016616666666668,ready,133.0
RTS,2022-02-03,3,C:\data_quote\data_finam_RTS_tick_zip\20220203.zip,True,,True,1c2dc1face9e467b879d800e59476c935ae9e29824cb14a7bba415acd3b54015,25200000000000,85799014000000,07:00:00.000000000,23:49:59.014000000,454965,821293,20.016466666666666,ready,158.0
RTS,2022-02-04,4,C:\data_quote\data_finam_RTS_tick_zip\20220204.zip,True,,True,acf48eb8473983fecab7bde9c347be43b2e16ceb4ccbbeb330722a82e361da7d,25200000000000,85799007000000,07:00:00.000000000,23:49:59.007000000,401090,791968,15.01655,ready,152.0
RTS,2022-02-07,0,C:\data_quote\data_finam_RTS_tick_zip\20220207.zip,True,,True,24012ae640b4c3e290796efad5d89d16655be62adeea638aa95ae993558e72b8,25200000000000,85799001000000,07:00:00.000000000,23:49:59.001000000,334493,574969,15.016566666666668,ready,105.0
RTS,2022-02-08,1,C:\data_quote\data_finam_RTS_tick_zip\20220208.zip,True,,True,3aa36603a6bc3c83b7af3c4ad25736819972e5b95d3205c9b4864ec12f7dfb29,25200000000000,85799002000000,07:00:00.000000000,23:49:59.002000000,340923,638254,15.016666666666667,ready,128.0
RTS,2022-02-09,2,C:\data_quote\data_finam_RTS_tick_zip\20220209.zip,True,,True,0bd5a07024256da73be315fbf46d6c1454f86556865c950ad0029044c1bd7b49,25200000000000,85799003000000,07:00:00.000000000,23:49:59.003000000,311093,588190,20.016650000000002,ready,101.0
RTS,2022-02-10,3,C:\data_quote\data_finam_RTS_tick_zip\20220210.zip,True,,True,8e611ee5e3439592b1dd99ee3dd90689fba867a38e62fe612b3c95e4fd84a359,25200000000000,85799001000000,07:00:00.000000000,23:49:59.001000000,429628,803300,20.016633333333335,ready,141.0
RTS,2022-02-11,4,C:\data_quote\data_finam_RTS_tick_zip\20220211.zip,True,,True,ecc2a4e6e99c733ea941d643fa76e38522bdb0a4a8cabcc781198c5c3792ade5,25200000000000,85799005000000,07:00:00.000000000,23:49:59.005000000,681678,1226574,15.0166,ready,236.0
RTS,2022-02-14,0,C:\data_quote\data_finam_RTS_tick_zip\20220214.zip,True,,True,7f9393596367ba74e22075fc0419e09f1108a946e70db2c4fb5f066f6331f098,25200000000000,85799003000000,07:00:00.000000000,23:49:59.003000000,863527,1483225,15.016533333333333,ready,296.0
RTS,2022-02-15,1,C:\data_quote\data_finam_RTS_tick_zip\20220215.zip,True,,True,36bf0381f582001e6f989dc068363abf291c3373fe6de46c5859af1352699577,25200000000000,85799001000000,07:00:00.000000000,23:49:59.001000000,581703,1057019,15.016633333333335,ready,215.0
RTS,2022-02-16,2,C:\data_quote\data_finam_RTS_tick_zip\20220216.zip,True,,True,fc2a7186a87e2f7114f72d4b83ed913151b46427a1eeedf2fba18c162fd2559f,25200000000000,85799014000000,07:00:00.000000000,23:49:59.014000000,481308,868598,20.016650000000002,ready,192.0
RTS,2022-02-17,3,C:\data_quote\data_finam_RTS_tick_zip\20220217.zip,True,,True,2621fb3e7f4eb6641a5bbf08252f6d9465079dc1d0b75a4b13cea12a9e4ae874,25200000000000,85799013000000,07:00:00.000000000,23:49:59.013000000,672452,1239633,20.01653333333333,ready,257.0
RTS,2022-02-18,4,C:\data_quote\data_finam_RTS_tick_zip\20220218.zip,True,,True,3c25c0339d50abb2772d55c9ae6b8be2ae386759a2fe61f53105820899e52b56,25200000000000,85799037000000,07:00:00.000000000,23:49:59.037000000,672731,1200891,15.016583333333333,ready,232.0
RTS,2022-02-21,0,C:\data_quote\data_finam_RTS_tick_zip\20220221.zip,True,,True,529e28f161e0a2c6741906e6e0cd400db4dadbf3ab739a43f98a1b37aac41e3b,25200000000000,85799003000000,07:00:00.000000000,23:49:59.003000000,1491633,2728293,15.016616666666666,ready,638.0
RTS,2022-02-22,1,C:\data_quote\data_finam_RTS_tick_zip\20220222.zip,True,,True,0ca7dcfe9c97fe5bfaa3f2704d8e2b66c2ecdba740d78ef16aca7cca401c7f60,25200000000000,85799019000000,07:00:00.000000000,23:49:59.019000000,1208317,2190606,30.016566666666666,ready,404.0
RTS,2022-02-23,2,C:\data_quote\data_finam_RTS_tick_zip\20220223.zip,True,,True,c1b03eddc9e56921089f3c56c6aee3358f0d92597c556108e67b08c7337b9700,25200000000000,85799000000000,07:00:00.000000000,23:49:59.000000000,694597,1126882,20.016433333333335,ready,176.0
RTS,2022-02-24,3,C:\data_quote\data_finam_RTS_tick_zip\20220224.zip,True,,True,3a95991749b09f9329f22abe5f1d4a684073848173a966de3b3702de7a58cdad,25200000000000,85799000000000,07:00:00.000000000,23:49:59.000000000,303818,722291,134.94989999999999,ready,187.0
RTS,2022-02-25,4,C:\data_quote\data_finam_RTS_tick_zip\20220225.zip,True,,True,9843b66656bbc0a83bc51ade48e39937a9152d1a5ce6c89addffb35b7f97ef6a,36000000000000,85799001000000,10:00:00.000000000,23:49:59.001000000,273169,528129,15.01665,ready,80.0
RTS,2022-03-24,3,C:\data_quote\data_finam_RTS_tick_zip\20220324.zip,True,,True,0852db88d87ce9856479f8a503e82ed7680cb2711639c068f4028e138904f840,36002000000000,50394000000000,10:00:02.000000000,13:59:54.000000000,5322,9239,1.5499333333333332,ready,2.0
RTS,2022-03-25,4,C:\data_quote\data_finam_RTS_tick_zip\20220325.zip,True,,True,6046de0c10a5a5d60295608ef73241ea987335430ae31ad1148a41a4b15fdffa,36001000000000,50399000000000,10:00:01.000000000,13:59:59.000000000,9018,16845,1.1332833333333334,ready,3.0
RTS,2022-03-28,0,C:\data_quote\data_finam_RTS_tick_zip\20220328.zip,True,,True,18339a1d160d9542d3ef8b2b827a912f038d2a75748887a3e0f8d690c570a635,36000000000000,50399000000000,10:00:00.000000000,13:59:59.000000000,8269,13257,1.1333333333333333,ready,1.0
RTS,2022-03-29,1,C:\data_quote\data_finam_RTS_tick_zip\20220329.zip,True,,True,b280787f66655ca35fbb4fb2f6593d4d4b391f598510223a42f4fa484f2e1719,36000000000000,67499000000000,10:00:00.000000000,18:44:59.000000000,41698,71552,5.149933333333333,ready,7.0
RTS,2022-03-30,2,C:\data_quote\data_finam_RTS_tick_zip\20220330.zip,True,,True,8073a8cf95c7bfec58c209131c42a752fca0facc732467b6165aefa5fc79d3ec,36000000000000,67497003000000,10:00:00.000000000,18:44:57.003000000,32208,49252,5.233333333333333,ready,5.0
RTS,2022-03-31,3,C:\data_quote\data_finam_RTS_tick_zip\20220331.zip,True,,True,d5b3339306cb09e57ea86df72f3b63a422b7f4615fc2bee3b482708024ed7f7c,36000000000000,67499000000000,10:00:00.000000000,18:44:59.000000000,41405,66658,5.116666666666666,ready,14.0
RTS,2022-04-01,4,C:\data_quote\data_finam_RTS_tick_zip\20220401.zip,True,,True,137e7a54934debc3b7e857dda1fd35ae5ff31224d0572f8e75a4a2c9158cbc82,36002000000000,67499001000000,10:00:02.000000000,18:44:59.001000000,53871,85039,5.2166,ready,14.0
RTS,2022-04-04,0,C:\data_quote\data_finam_RTS_tick_zip\20220404.zip,True,,True,3dd09fc9226d20c0aa0baa5657b6ab1467ab1cd3e53bee53c5a146d11c4f55da,36000000000000,67499003000000,10:00:00.000000000,18:44:59.003000000,60376,96301,5.016666666666667,ready,16.0
RTS,2022-04-05,1,C:\data_quote\data_finam_RTS_tick_zip\20220405.zip,True,,True,40206d021dbb4e3abdd37499cfe5fa349c9ee7ef5243c71c24d08e4f4bfcdd22,36000000000000,67499001000000,10:00:00.000000000,18:44:59.001000000,80198,121458,5.016216666666667,ready,19.0
RTS,2022-04-06,2,C:\data_quote\data_finam_RTS_tick_zip\20220406.zip,True,,True,272ca5feb5453994b0e448b044c04097192a75bdae946633ef08a2dda2035acd,36000000000000,67498011000000,10:00:00.000000000,18:44:58.011000000,80284,107440,5.016666666666667,ready,9.0
RTS,2022-04-07,3,C:\data_quote\data_finam_RTS_tick_zip\20220407.zip,True,,True,619c40487fc621a0d260795adc7c2bf1bc1e84df643118b389ca1208862b4b01,36000000000000,67499019000000,10:00:00.000000000,18:44:59.019000000,82364,114941,5.05,ready,18.0
RTS,2022-04-08,4,C:\data_quote\data_finam_RTS_tick_zip\20220408.zip,True,,True,28d7b10ff2a26ad3b5becabd5730bec3475efc3bfa8943522f12f518541e39fb,36000000000000,67499002000000,10:00:00.000000000,18:44:59.002000000,98272,139068,5.04995,ready,23.0
RTS,2022-04-11,0,C:\data_quote\data_finam_RTS_tick_zip\20220411.zip,True,,True,056b858abfffb6acf49ce1ac4b7b4d846273ee5a3e1222ca2cc9b692f06e20ee,36000000000000,67499000000000,10:00:00.000000000,18:44:59.000000000,70963,100601,5.0499833333333335,ready,7.0
RTS,2022-04-12,1,C:\data_quote\data_finam_RTS_tick_zip\20220412.zip,True,,True,c90b72013a55651662d86ff99aa604dcb7fd73a403d7d081e1fc342b2090d6cb,36000000000000,67499002000000,10:00:00.000000000,18:44:59.002000000,73206,103718,5.0165999999999995,ready,15.0
RTS,2022-04-13,2,C:\data_quote\data_finam_RTS_tick_zip\20220413.zip,True,,True,b33e96e46615876b5cb35ecb4f4639018049e6bbcaa56e1c0547121450babdb3,36000000000000,67499003000000,10:00:00.000000000,18:44:59.003000000,56182,76485,5.083266666666666,ready,11.0
RTS,2022-04-14,3,C:\data_quote\data_finam_RTS_tick_zip\20220414.zip,True,,True,6d6c4fb3393a93baa2606203deda9e7cef5292750601d36888873751a1ba4dab,36000000000000,67498000000000,10:00:00.000000000,18:44:58.000000000,76780,113836,5.033283333333333,ready,23.0
RTS,2022-04-15,4,C:\data_quote\data_finam_RTS_tick_zip\20220415.zip,True,,True,1ecb8affbef901d0797d72e22023e13fbe3f7faf2f7b168f20c38e3bd7a38674,36000000000000,67499004000000,10:00:00.000000000,18:44:59.004000000,94699,142708,5.016666666666667,ready,52.0
RTS,2022-04-18,0,C:\data_quote\data_finam_RTS_tick_zip\20220418.zip,True,,True,9f9d3c922ed2e21275a4422038a411a397e0378410034860a9125348c6f09f67,36000000000000,67499003000000,10:00:00.000000000,18:44:59.003000000,91769,135928,5.016616666666667,ready,52.0
RTS,2022-04-19,1,C:\data_quote\data_finam_RTS_tick_zip\20220419.zip,True,,True,bae6f9bac64a913ff00044a02ec12bf45d528cd3643ba3b94c980815ffbe088a,36000000000000,67499009000000,10:00:00.000000000,18:44:59.009000000,106932,167096,5.016450000000001,ready,122.0
RTS,2022-04-20,2,C:\data_quote\data_finam_RTS_tick_zip\20220420.zip,True,,True,f7cc587c356152c4b9f66b7b9340f7d125b58e1dae3a7bc0957df8bff9af4ee1,36000000000000,67498002000000,10:00:00.000000000,18:44:58.002000000,139107,218236,5.016666666666667,ready,217.0
RTS,2022-04-21,3,C:\data_quote\data_finam_RTS_tick_zip\20220421.zip,True,,True,0eb98dcad07cf922164027579b1f631a95102928e87daa1aca13a89e7ad33e7a,36000000000000,67499020000000,10:00:00.000000000,18:44:59.020000000,151249,241058,5.0165999999999995,ready,253.0
RTS,2022-04-22,4,C:\data_quote\data_finam_RTS_tick_zip\20220422.zip,True,,True,29b3bffac92e75354bc32f293be9830350438584d8ab8e600739cecd384fe86c,36000000000000,67499003000000,10:00:00.000000000,18:44:59.003000000,98411,151861,5.05,ready,128.0
RTS,2022-04-25,0,C:\data_quote\data_finam_RTS_tick_zip\20220425.zip,True,,True,ed819d3f470d583519780bc6d82f13bc8cc2dcf3b74a4197faac08ba9299eeee,36000000000000,67499000000000,10:00:00.000000000,18:44:59.000000000,99422,144568,5.033283333333333,ready,116.0
RTS,2022-04-26,1,C:\data_quote\data_finam_RTS_tick_zip\20220426.zip,True,,True,2dbe5cc900abb622168b869367e589aabbef06d07f4f522ed93e834e4cd549b3,36000000000000,67499004000000,10:00:00.000000000,18:44:59.004000000,98300,142492,5.0165,ready,114.0
RTS,2022-04-27,2,C:\data_quote\data_finam_RTS_tick_zip\20220427.zip,True,,True,1a55d862d48981d0412e2b2a6f08e36a2bdeb969f424afd6a33b58c70640ba51,36000000000000,67499009000000,10:00:00.000000000,18:44:59.009000000,103901,148610,5.016266666666667,ready,99.0
RTS,2022-04-28,3,C:\data_quote\data_finam_RTS_tick_zip\20220428.zip,True,,True,fe707447cc7344d3bd70058344b6de09f9109840aca3be831571f1ac194e2737,36000000000000,67499005000000,10:00:00.000000000,18:44:59.005000000,165485,239978,5.01665,ready,186.0
RTS,2022-04-29,4,C:\data_quote\data_finam_RTS_tick_zip\20220429.zip,True,,True,9f729460d99c56c5dfa27b61d4619ca08d3b5b34adb06904345c6e644d68ee6d,36000000000000,67499002000000,10:00:00.000000000,18:44:59.002000000,147784,201005,5.033333333333333,ready,124.0
RTS,2022-05-04,2,C:\data_quote\data_finam_RTS_tick_zip\20220504.zip,True,,True,90a2b61de1ba4c0f1bdfaa94cdbf62b485c669ca6fbe8effc5a1bc6ceac9a47a,36000000000000,67499008000000,10:00:00.000000000,18:44:59.008000000,136231,187275,5.016533333333333,ready,109.0
RTS,2022-05-05,3,C:\data_quote\data_finam_RTS_tick_zip\20220505.zip,True,,True,4c17e273330b752a9e1a33988c6f340564802dec6c335251fd76dbe1afdf9abb,36000000000000,67499001000000,10:00:00.000000000,18:44:59.001000000,129726,172442,5.016566666666667,ready,102.0
RTS,2022-05-06,4,C:\data_quote\data_finam_RTS_tick_zip\20220506.zip,True,,True,5ff2ace5d2f4924205525b981eb42677e6bdb777ee3a55af9ff1ad7917728d80,36000000000000,67499009000000,10:00:00.000000000,18:44:59.009000000,133189,177295,5.049916666666666,ready,102.0
RTS,2022-05-11,2,C:\data_quote\data_finam_RTS_tick_zip\20220511.zip,True,,True,150c7007466a22118e745e0ff4bd5af7fd580015a001cad1a0753193fa92c444,36000000000000,67498014000000,10:00:00.000000000,18:44:58.014000000,150438,210136,5.016566666666667,ready,147.0
RTS,2022-05-12,3,C:\data_quote\data_finam_RTS_tick_zip\20220512.zip,True,,True,2bd9653e996e0b13b46a30a070383b4d4cb2abdbf77f0b14bdb0c08b28392e5a,36000000000000,67499004000000,10:00:00.000000000,18:44:59.004000000,157224,208698,5.016666666666667,ready,111.0
RTS,2022-05-13,4,C:\data_quote\data_finam_RTS_tick_zip\20220513.zip,True,,True,1ccc1d9b7184d28f5d668379f6d726b8786a490818a3db3743d73b515ed8cfb4,36000000000000,67499000000000,10:00:00.000000000,18:44:59.000000000,151381,197947,5.0333,ready,84.0
RTS,2022-05-16,0,C:\data_quote\data_finam_RTS_tick_zip\20220516.zip,True,,True,6e4a0433e79fe25f34e2a65490246fbb85b837cb064802774feb1a8f53af4ca3,36000000000000,67499003000000,10:00:00.000000000,18:44:59.003000000,127392,166613,5.016583333333333,ready,77.0
RTS,2022-05-17,1,C:\data_quote\data_finam_RTS_tick_zip\20220517.zip,True,,True,5e679c2c753c73f4b99c98482dde726846893305c8161ee441e6214d2f08aa7f,36000000000000,67499000000000,10:00:00.000000000,18:44:59.000000000,109932,145160,5.05,ready,82.0
RTS,2022-05-18,2,C:\data_quote\data_finam_RTS_tick_zip\20220518.zip,True,,True,bdb47c56ff933c35b42f535954568109e23769c704dc04d3bcf8185814d9e269,36000000000000,67499002000000,10:00:00.000000000,18:44:59.002000000,104859,139174,5.0165999999999995,ready,71.0
RTS,2022-05-19,3,C:\data_quote\data_finam_RTS_tick_zip\20220519.zip,True,,True,f0ff83e8abf542c50e5daf3e0ade54e36002b220b0d88d89c255b4867f378de6,36000000000000,67499013000000,10:00:00.000000000,18:44:59.013000000,133094,177680,5.033333333333333,ready,96.0
RTS,2022-05-20,4,C:\data_quote\data_finam_RTS_tick_zip\20220520.zip,True,,True,f5e5cbb8efa968e6a7515acc88d18c5af4e8bf76b085ea0e3b3773e1e2d0584c,36000000000000,67499001000000,10:00:00.000000000,18:44:59.001000000,156100,203375,5.016666666666667,ready,104.0
RTS,2022-05-23,0,C:\data_quote\data_finam_RTS_tick_zip\20220523.zip,True,,True,6bfe2983d662b09f7dc7882a9445950bdd738cc46af109899e988197935ffe0f,36000000000000,67499051000000,10:00:00.000000000,18:44:59.051000000,125104,161169,5.0499833333333335,ready,75.0
RTS,2022-05-24,1,C:\data_quote\data_finam_RTS_tick_zip\20220524.zip,True,,True,93d12bbd791205e66d426886960badef82f25e9dd7e7359eeb2c35ae2fe5684d,36000000000000,67499011000000,10:00:00.000000000,18:44:59.011000000,160683,219417,5.01655,ready,130.0
RTS,2022-05-25,2,C:\data_quote\data_finam_RTS_tick_zip\20220525.zip,True,,True,0157f0799b63af8cf2b821714c6141d5aec48e6318fd822258291fc02a614b7b,36000000000000,67499000000000,10:00:00.000000000,18:44:59.000000000,186424,245800,5.016633333333333,ready,147.0
RTS,2022-05-26,3,C:\data_quote\data_finam_RTS_tick_zip\20220526.zip,True,,True,cf65b3ff1a78e77d7a6b744cb1a082990720cad7099d3645c2b6be77ea308616,36000000000000,67499002000000,10:00:00.000000000,18:44:59.002000000,209700,286441,5.016633333333333,ready,167.0
RTS,2022-05-27,4,C:\data_quote\data_finam_RTS_tick_zip\20220527.zip,True,,True,1a5b32e0404bada95f8c86bf5df366eb93cdf78efe8fceee57bf3236642aee98,36000000000000,67499000000000,10:00:00.000000000,18:44:59.000000000,161955,214984,5.016583333333333,ready,118.0
RTS,2022-05-30,0,C:\data_quote\data_finam_RTS_tick_zip\20220530.zip,True,,True,93e4367349d248f22a4e3d9e1d0749ecfb1d7d3ecda4d650066cbd689b036c03,36000000000000,67799002000000,10:00:00.000000000,18:49:59.002000000,162115,208838,5.0499833333333335,ready,89.0
RTS,2022-05-31,1,C:\data_quote\data_finam_RTS_tick_zip\20220531.zip,True,,True,4f7d2ff6135e9c1cf0f7453d044560c12ce723dbea4f7f6625bd54549ca90618,36000000000000,67798009000000,10:00:00.000000000,18:49:58.009000000,140407,184874,5.016633333333333,ready,100.0
RTS,2022-06-01,2,C:\data_quote\data_finam_RTS_tick_zip\20220601.zip,True,,True,26dba819724349ab1b490e88886696e714153f01c293746668a88180d6d1bc7f,36000000000000,67799003000000,10:00:00.000000000,18:49:59.003000000,101715,140415,5.016633333333333,ready,77.0
RTS,2022-06-02,3,C:\data_quote\data_finam_RTS_tick_zip\20220602.zip,True,,True,be76511835f90e0dc86fe430be2283daa26347247e720b1f2cb9aa7c351b44ea,36000000000000,67799001000000,10:00:00.000000000,18:49:59.001000000,117514,166557,5.0832999999999995,ready,92.0
RTS,2022-06-03,4,C:\data_quote\data_finam_RTS_tick_zip\20220603.zip,True,,True,a177a582fc8725cdd68c6bb3d3b128aa4e5635c3bcb3fc944fc8544d46f52850,36000000000000,67798001000000,10:00:00.000000000,18:49:58.001000000,132669,177799,5.016616666666667,ready,104.0
RTS,2022-06-06,0,C:\data_quote\data_finam_RTS_tick_zip\20220606.zip,True,,True,194880bbd543b0d58b25e4bbd6e912bfae019644c65b106b2574fbd4f3c304ca,36000000000000,67799002000000,10:00:00.000000000,18:49:59.002000000,114626,156735,5.0499833333333335,ready,81.0
RTS,2022-06-07,1,C:\data_quote\data_finam_RTS_tick_zip\20220607.zip,True,,True,203bb943bed4972016f0bf6516d13b62c4e54ebf43c40717b305a880de92e7cf,36000000000000,67799000000000,10:00:00.000000000,18:49:59.000000000,103870,145489,5.016666666666667,ready,70.0
RTS,2022-06-08,2,C:\data_quote\data_finam_RTS_tick_zip\20220608.zip,True,,True,833dc462f0d81b6af5e1d4bd69d2eb7e92ee40ee00a67934b174af07c2386bdf,36000000000000,67799001000000,10:00:00.000000000,18:49:59.001000000,118838,166393,5.0333,ready,92.0
RTS,2022-06-09,3,C:\data_quote\data_finam_RTS_tick_zip\20220609.zip,True,,True,8b8106bd5317856c6b19672e9cbebb02d90356ad932af5d6d42f713dbfdcf76e,36000000000000,67799000000000,10:00:00.000000000,18:49:59.000000000,162582,228307,5.01665,ready,129.0
RTS,2022-06-10,4,C:\data_quote\data_finam_RTS_tick_zip\20220610.zip,True,,True,0f7f2345cee027a4801da7cabc0b4cb3f0ba320ead25663f473970c55f82d11b,36000000000000,67798003000000,10:00:00.000000000,18:49:58.003000000,152225,205730,5.0165999999999995,ready,118.0
RTS,2022-06-14,1,C:\data_quote\data_finam_RTS_tick_zip\20220614.zip,True,,True,0a3ea05cfec59af812cbe9b4af8348ec53728c4146569adbfcdf858af70eee75,36000000000000,67798015000000,10:00:00.000000000,18:49:58.015000000,123771,182832,5.066633333333333,ready,132.0
RTS,2022-06-15,2,C:\data_quote\data_finam_RTS_tick_zip\20220615.zip,True,,True,3ba0dea4be5bf689d5845336fc36e16b1624337e028c9f76b6ecdf026552dd11,36000000000000,67797000000000,10:00:00.000000000,18:49:57.000000000,22073,35784,5.166666666666667,ready,26.0
RTS,2022-06-16,3,C:\data_quote\data_finam_RTS_tick_zip\20220616.zip,True,,True,f8b40805422be0f6a677cb29922b70f30cc1e27420eb5ec92a0435c0b6c86585,36000000000000,67799006000000,10:00:00.000000000,18:49:59.006000000,64140,86128,5.033333333333333,ready,53.0
RTS,2022-06-17,4,C:\data_quote\data_finam_RTS_tick_zip\20220617.zip,True,,True,1189d32ade36d72680fae54fabada078c33c0b93a843c5893ed60e0217a9b448,36000000000000,67798002000000,10:00:00.000000000,18:49:58.002000000,86990,121856,5.0333,ready,90.0
RTS,2022-06-20,0,C:\data_quote\data_finam_RTS_tick_zip\20220620.zip,True,,True,03c832fbe8df9024fe966d42ce4006652bf5b7ae5a1b8a34e88f24c8885de685,36000000000000,67799000000000,10:00:00.000000000,18:49:59.000000000,79382,113128,5.016633333333333,ready,87.0
RTS,2022-06-21,1,C:\data_quote\data_finam_RTS_tick_zip\20220621.zip,True,,True,690209d80b262404ed7f97f30bc8b51856534e5b28be0b936745b5bdf99be675,36000000000000,67799004000000,10:00:00.000000000,18:49:59.004000000,84802,120961,5.083333333333333,ready,90.0
RTS,2022-06-22,2,C:\data_quote\data_finam_RTS_tick_zip\20220622.zip,True,,True,4c5b100010e33496cb9efd462b76c723524ffb9ec62d229efd9bec66f94b03b0,36000000000000,67799001000000,10:00:00.000000000,18:49:59.001000000,94650,138708,5.033333333333333,ready,104.0
RTS,2022-06-23,3,C:\data_quote\data_finam_RTS_tick_zip\20220623.zip,True,,True,781a379847b814cdf791b8a504641343110546a3eb95245a2c81d6ca0ed8ff29,36000000000000,67799005000000,10:00:00.000000000,18:49:59.005000000,84134,118127,5.016666666666667,ready,87.0
RTS,2022-06-24,4,C:\data_quote\data_finam_RTS_tick_zip\20220624.zip,True,,True,533713641aa06a1a58cad9cc268b7e528ed4135bd906b855673f52ed0d540f55,36000000000000,67799005000000,10:00:00.000000000,18:49:59.005000000,80637,117602,5.01665,ready,105.0
RTS,2022-06-27,0,C:\data_quote\data_finam_RTS_tick_zip\20220627.zip,True,,True,34cf8b6cd20a2dd82d75dc42430f4b144971f8dd3364bc86a67854d9891cac76,36000000000000,67799005000000,10:00:00.000000000,18:49:59.005000000,79992,120362,5.05,ready,82.0
RTS,2022-06-28,1,C:\data_quote\data_finam_RTS_tick_zip\20220628.zip,True,,True,5832057bb26b2d252ddfe2c70fd6f88c8ac7c2b5c6c4810d5f2993185909f1bb,36000000000000,67799000000000,10:00:00.000000000,18:49:59.000000000,90999,146580,5.016633333333333,ready,124.0
RTS,2022-06-29,2,C:\data_quote\data_finam_RTS_tick_zip\20220629.zip,True,,True,1671089fd487faeb977738d24a4a7b317149e253bf07aadcc738c997f2b1daac,36000000000000,67799000000000,10:00:00.000000000,18:49:59.000000000,168184,237818,5.033316666666667,ready,175.0
RTS,2022-06-30,3,C:\data_quote\data_finam_RTS_tick_zip\20220630.zip,True,,True,d53d0d73f0192e9cfa501af8851427717cfa3bb61032f99e2089761c7abe14aa,36000000000000,67799000000000,10:00:00.000000000,18:49:59.000000000,183006,270847,5.016666666666667,ready,201.0
RTS,2022-07-01,4,C:\data_quote\data_finam_RTS_tick_zip\20220701.zip,True,,True,acd345b991843291a7d3863b4a6c1fb8960ad49c726ea20410cc6dd0955ef594,36000000000000,67798000000000,10:00:00.000000000,18:49:58.000000000,164601,236124,5.01665,ready,152.0
RTS,2022-07-04,0,C:\data_quote\data_finam_RTS_tick_zip\20220704.zip,True,,True,b6654b49b2862e9ea1b0884e9959cc99ecdcef9fffcc0581c766dca3099c8434,36000000000000,67799036000000,10:00:00.000000000,18:49:59.036000000,109146,156372,5.01665,ready,90.0
RTS,2022-07-05,1,C:\data_quote\data_finam_RTS_tick_zip\20220705.zip,True,,True,8a183d196526d9a5d908119da9512d3c527894b7bde133dc5dc8adc51a4271e9,36000000000000,67799000000000,10:00:00.000000000,18:49:59.000000000,149072,227042,5.033333333333333,ready,168.0
RTS,2022-07-06,2,C:\data_quote\data_finam_RTS_tick_zip\20220706.zip,True,,True,a093fd4c63dc4e1a0627404fde928a86eb6d2e433f2970a27375313edd9b1f12,36000000000000,67799002000000,10:00:00.000000000,18:49:59.002000000,143099,224956,5.016616666666667,ready,160.0
RTS,2022-07-07,3,C:\data_quote\data_finam_RTS_tick_zip\20220707.zip,True,,True,1cb56af998d9a33c77ed702bab70305ec8c1d4ada7b9ea625c98f718aa88937c,36000000000000,67798001000000,10:00:00.000000000,18:49:58.001000000,105590,159984,5.016666666666667,ready,94.0
RTS,2022-07-08,4,C:\data_quote\data_finam_RTS_tick_zip\20220708.zip,True,,True,de57228d7e0bd480488416ff928a2841326a9aa23a08a20bad6d29fe63e47414,36000000000000,67799004000000,10:00:00.000000000,18:49:59.004000000,83215,127425,5.05,ready,84.0
RTS,2022-07-11,0,C:\data_quote\data_finam_RTS_tick_zip\20220711.zip,True,,True,7abc281e070ba47d07db4b49a1e6ad20715d412a1efa1801dc8b258cf3e5e870,36000000000000,67799013000000,10:00:00.000000000,18:49:59.013000000,133010,207297,5.016666666666667,ready,157.0
RTS,2022-07-12,1,C:\data_quote\data_finam_RTS_tick_zip\20220712.zip,True,,True,3afa6785abc8238f7f257c3cf910b6acff19fd526cf2b1bd02a03a52cdfe8b74,36000000000000,85798000000000,10:00:00.000000000,23:49:58.000000000,133187,191509,15.016583333333333,ready,127.0
RTS,2022-07-13,2,C:\data_quote\data_finam_RTS_tick_zip\20220713.zip,True,,True,689695ef40f783b87765c51d67ef6b4d38f0d99d558fee90b39684d3714941ba,36000000000000,85798009000000,10:00:00.000000000,23:49:58.009000000,115596,168000,15.016583333333333,ready,110.0
RTS,2022-07-14,3,C:\data_quote\data_finam_RTS_tick_zip\20220714.zip,True,,True,5864d0e6637f54ff826fe71201aa025f4f79d8bfc0ccb83256d780f5e55f9181,36000000000000,85799003000000,10:00:00.000000000,23:49:59.003000000,123699,188249,15.016633333333335,ready,135.0
RTS,2022-07-15,4,C:\data_quote\data_finam_RTS_tick_zip\20220715.zip,True,,True,5ad942300f78648184caf0fd5fa6114f19b12cf72150d3701b49d18ee81e01ee,36000000000000,85797000000000,10:00:00.000000000,23:49:57.000000000,119620,181018,15.033333333333333,ready,137.0
RTS,2022-07-18,0,C:\data_quote\data_finam_RTS_tick_zip\20220718.zip,True,,True,82a48059fa27f527274ab91f2acb41d5b76652298d1ad62a37fbbda2754b0b7c,36000000000000,85798002000000,10:00:00.000000000,23:49:58.002000000,94666,139353,15.033333333333333,ready,102.0
RTS,2022-07-19,1,C:\data_quote\data_finam_RTS_tick_zip\20220719.zip,True,,True,5c0747cb9f32202b1d5b2c46bb789ee5116d8ef98e32d0ea3b33ea7d16734689,36000000000000,85798004000000,10:00:00.000000000,23:49:58.004000000,106373,162177,15.033316666666668,ready,137.0
RTS,2022-07-20,2,C:\data_quote\data_finam_RTS_tick_zip\20220720.zip,True,,True,2c09429bfa07b20013ea014314cb34fdc6797061580c5bf2479ffc5b27bc3df2,36000000000000,85799000000000,10:00:00.000000000,23:49:59.000000000,105890,162008,15.049983333333333,ready,130.0
RTS,2022-07-21,3,C:\data_quote\data_finam_RTS_tick_zip\20220721.zip,True,,True,6500a84e24124317f4ecb6748047bfdb6f67fddafcff86f34b2800463438c8a6,36000000000000,85798002000000,10:00:00.000000000,23:49:58.002000000,144204,214093,15.033333333333333,ready,146.0
RTS,2022-07-22,4,C:\data_quote\data_finam_RTS_tick_zip\20220722.zip,True,,True,8804b3d027af5089b134bed871c70edbb73e33b1a7a099b9f7be5eba16a8da2c,36000000000000,85796006000000,10:00:00.000000000,23:49:56.006000000,107769,155203,15.01665,ready,107.0
RTS,2022-07-25,0,C:\data_quote\data_finam_RTS_tick_zip\20220725.zip,True,,True,608f64b2b42eeeaf31691919ae0dc4977f5568300617e56f96abb2135999e3bb,36000000000000,85799001000000,10:00:00.000000000,23:49:59.001000000,69739,104925,15.083300000000001,ready,63.0
RTS,2022-07-26,1,C:\data_quote\data_finam_RTS_tick_zip\20220726.zip,True,,True,dc1128b03f63bc706e4e303bb6320f4593fbeb3612751e3d1c4fc5ec885bdd7b,36000000000000,85799000000000,10:00:00.000000000,23:49:59.000000000,81161,119833,15.049866666666667,ready,91.0
RTS,2022-07-27,2,C:\data_quote\data_finam_RTS_tick_zip\20220727.zip,True,,True,8d8673dd70ae72130e18807a120e28a36c27dca85c00bdb83b29d61b56d4ad7c,36000000000000,85799000000000,10:00:00.000000000,23:49:59.000000000,96002,142239,15.033316666666668,ready,106.0
RTS,2022-07-28,3,C:\data_quote\data_finam_RTS_tick_zip\20220728.zip,True,,True,19efec6f9ee325a074607500506daaf86aef4c2ab09762caa3e9615fb25ec684,36000000000000,85799000000000,10:00:00.000000000,23:49:59.000000000,114043,179558,15.016633333333335,ready,165.0
RTS,2022-07-29,4,C:\data_quote\data_finam_RTS_tick_zip\20220729.zip,True,,True,c395247de31c80be829113f9924b8a93f3f120c75f288d5d5ba453019c9b2196,36000000000000,85797003000000,10:00:00.000000000,23:49:57.003000000,98192,154683,15.016666666666667,ready,130.0
RTS,2022-08-01,0,C:\data_quote\data_finam_RTS_tick_zip\20220801.zip,True,,True,c30ed688ec61c02e2d36526f02e79d2b6493711b420dcdf1606534b13fcfc318,36000000000000,85798002000000,10:00:00.000000000,23:49:58.002000000,122890,190400,15.016633333333335,ready,176.0
RTS,2022-08-02,1,C:\data_quote\data_finam_RTS_tick_zip\20220802.zip,True,,True,ab88b380d1bd719a25266a508170b655be0e8b904313c61052bf9776c3cd34a0,36000000000000,85799000000000,10:00:00.000000000,23:49:59.000000000,93904,149339,15.049966666666668,ready,119.0
RTS,2022-08-03,2,C:\data_quote\data_finam_RTS_tick_zip\20220803.zip,True,,True,8c2d1caae24f1c7b52519d678037a031063e6f869bc9b8bfb34d7d96451b573e,36000000000000,85799000000000,10:00:00.000000000,23:49:59.000000000,81331,131172,15.05,ready,125.0
RTS,2022-08-04,3,C:\data_quote\data_finam_RTS_tick_zip\20220804.zip,True,,True,8ef9bb8127081b4efe5e5a7fc2a27e9dabf170589dff79a2ab9e05a3ee6a0197,36000000000000,85798002000000,10:00:00.000000000,23:49:58.002000000,66107,106641,15.066666666666666,ready,97.0
RTS,2022-08-05,4,C:\data_quote\data_finam_RTS_tick_zip\20220805.zip,True,,True,6183d97cd5fbe9c782dfa716d05df76c04eab308db7a10b0e877ab3eeb0cd4fb,36000000000000,85799002000000,10:00:00.000000000,23:49:59.002000000,97067,159780,15.066566666666667,ready,171.0
RTS,2022-08-08,0,C:\data_quote\data_finam_RTS_tick_zip\20220808.zip,True,,True,9b1545ce6d45ff2b0dec31f55b8057496d3a0c55ea8b1b8194165d537c09dac6,36000000000000,85799003000000,10:00:00.000000000,23:49:59.003000000,109254,180408,15.016516666666666,ready,188.0
RTS,2022-08-09,1,C:\data_quote\data_finam_RTS_tick_zip\20220809.zip,True,,True,55f5da45b0b8b3f61fb74ba19fc47990554d3e9937fc81757f2046d01820999d,36000000000000,85799003000000,10:00:00.000000000,23:49:59.003000000,82981,137992,15.016666666666667,ready,149.0
RTS,2022-08-10,2,C:\data_quote\data_finam_RTS_tick_zip\20220810.zip,True,,True,d465a0e8cd6d339d643371b028cbeaeb76681decf8a30d47a8a394dd9bc37cd4,36000000000000,85799001000000,10:00:00.000000000,23:49:59.001000000,76486,132455,15.1333,ready,155.0
RTS,2022-08-11,3,C:\data_quote\data_finam_RTS_tick_zip\20220811.zip,True,,True,95f7167cdff7dd40a4e0145962ec4d8c4ddee4e73586f07c108a0450f0c95eb8,36000000000000,85799015000000,10:00:00.000000000,23:49:59.015000000,76909,134452,15.016633333333335,ready,170.0
RTS,2022-08-12,4,C:\data_quote\data_finam_RTS_tick_zip\20220812.zip,True,,True,40cc9d307e20b6a13e2f786e6c863758041e2244a6b686118d37916c2544dd08,36000000000000,85797000000000,10:00:00.000000000,23:49:57.000000000,100712,170453,15.04975,ready,203.0
RTS,2022-08-15,0,C:\data_quote\data_finam_RTS_tick_zip\20220815.zip,True,,True,1a003d3904605d56d903870c015d6c400c42baa3821027146ddfb2dff9674afb,36000000000000,85799002000000,10:00:00.000000000,23:49:59.002000000,92072,154126,15.016666666666667,ready,176.0
RTS,2022-08-16,1,C:\data_quote\data_finam_RTS_tick_zip\20220816.zip,True,,True,ff2ed57e70431723f6208981312a2829bcd850f78669d85a41cd1e2c62a4c863,36000000000000,85799000000000,10:00:00.000000000,23:49:59.000000000,81532,133696,15.016616666666666,ready,151.0
RTS,2022-08-17,2,C:\data_quote\data_finam_RTS_tick_zip\20220817.zip,True,,True,269a03b927d8444d1ee8e6dfecb6a7f7dc2fd8fbaf5158871cbcc69508d34c9e,36000000000000,85799025000000,10:00:00.000000000,23:49:59.025000000,102889,175418,15.049983333333333,ready,206.0
RTS,2022-08-18,3,C:\data_quote\data_finam_RTS_tick_zip\20220818.zip,True,,True,b726cc1f0ee98b49a2789bcf2c143fe24fd99b412a525d981a4eb801da568683,36000000000000,85799000000000,10:00:00.000000000,23:49:59.000000000,112184,192157,31.033333333333335,ready,227.0
RTS,2022-08-19,4,C:\data_quote\data_finam_RTS_tick_zip\20220819.zip,True,,True,162da74436b5afb0a0e76c9e5804f5e016d10bd44afcd71f1489b55b56d0b674,36000000000000,85797002000000,10:00:00.000000000,23:49:57.002000000,85434,145596,15.283333333333333,ready,135.0
RTS,2022-08-22,0,C:\data_quote\data_finam_RTS_tick_zip\20220822.zip,True,,True,44f4a29dee49912fe99ada0f26b96631236c8cc1e2dacd692930d432c48779b3,36000000000000,85799002000000,10:00:00.000000000,23:49:59.002000000,95234,159202,15.016616666666666,ready,156.0
RTS,2022-08-23,1,C:\data_quote\data_finam_RTS_tick_zip\20220823.zip,True,,True,b892f37ff3a415bd7b802b81174e53ecc31caf33eb68d82d642126a5ee2d4a0b,36000000000000,85794006000000,10:00:00.000000000,23:49:54.006000000,73881,122108,15.066583333333334,ready,111.0
RTS,2022-08-24,2,C:\data_quote\data_finam_RTS_tick_zip\20220824.zip,True,,True,1b6964e460251d0937a7e79113d829322fa3bc19691760f486a98f207d864b25,36000000000000,85786001000000,10:00:00.000000000,23:49:46.001000000,54425,86949,15.049966666666668,ready,97.0
RTS,2022-08-25,3,C:\data_quote\data_finam_RTS_tick_zip\20220825.zip,True,,True,a1799ae47c75a7a2693d5dd277b76868b59f6662a0500b1c495688c66d908662,36000000000000,85799000000000,10:00:00.000000000,23:49:59.000000000,110275,192101,15.016666666666667,ready,225.0
RTS,2022-08-26,4,C:\data_quote\data_finam_RTS_tick_zip\20220826.zip,True,,True,6138474cc4d8c33b2408ae8013aecbf8b640788cb10da5ed3bac59bc3cdae732,36000000000000,85799009000000,10:00:00.000000000,23:49:59.009000000,78245,130287,15.01665,ready,147.0
RTS,2022-08-29,0,C:\data_quote\data_finam_RTS_tick_zip\20220829.zip,True,,True,2e690d0a42821cdb81603d0b1114061bfe6f0eb0bdb929a6ebe1a23c485d3453,36000000000000,85798000000000,10:00:00.000000000,23:49:58.000000000,73273,117596,43.1999,ready,131.0
RTS,2022-08-30,1,C:\data_quote\data_finam_RTS_tick_zip\20220830.zip,True,,True,70e32feb9ba6849c8d0523df87d6eb7b644410ef937610a1a06e1d9152936651,36000000000000,85798002000000,10:00:00.000000000,23:49:58.002000000,134634,222731,15.183333333333334,ready,271.0
RTS,2022-08-31,2,C:\data_quote\data_finam_RTS_tick_zip\20220831.zip,True,,True,4f0b73bc330b9e67a75e2e035e9b9ed0d687c7fe4e13c16697caf81dfe146c9c,36000000000000,85798008000000,10:00:00.000000000,23:49:58.008000000,117833,187942,15.016666666666667,ready,220.0
RTS,2022-09-01,3,C:\data_quote\data_finam_RTS_tick_zip\20220901.zip,True,,True,ef60f0a40e86937dd44f4da7a31d54a50aa660850178e24c179c8d2264220044,36000000000000,85799000000000,10:00:00.000000000,23:49:59.000000000,108604,169779,15.11665,ready,179.0
RTS,2022-09-02,4,C:\data_quote\data_finam_RTS_tick_zip\20220902.zip,True,,True,0cbbd402b90c69eb925d13b8e30c5240ad632149328a65b0e0420b07d857aac1,36000000000000,85798002000000,10:00:00.000000000,23:49:58.002000000,82482,125015,15.066583333333334,ready,125.0
RTS,2022-09-05,0,C:\data_quote\data_finam_RTS_tick_zip\20220905.zip,True,,True,65f8df9d2d82cd0787884fed40ee8bb950d30661b0dfef988cc5ca249350ed1e,36000000000000,85794004000000,10:00:00.000000000,23:49:54.004000000,99231,149745,15.0166,ready,157.0
RTS,2022-09-06,1,C:\data_quote\data_finam_RTS_tick_zip\20220906.zip,True,,True,c69d4b9cf9707f39d344d871224cf114ddfd2706b54d7a3a794b0529316c49fd,36000000000000,85799002000000,10:00:00.000000000,23:49:59.002000000,115131,184601,15.033316666666668,ready,219.0
RTS,2022-09-07,2,C:\data_quote\data_finam_RTS_tick_zip\20220907.zip,True,,True,f5f098e270f5ba97b94325b1574cf224d1196fe51d4a0ac22412c47b45b23ead,36000000000000,85799001000000,10:00:00.000000000,23:49:59.001000000,91939,142744,15.016583333333333,ready,139.0
RTS,2022-09-08,3,C:\data_quote\data_finam_RTS_tick_zip\20220908.zip,True,,True,69d54a1e8491a24a9a4b385590284451d10a1b4c0ff71b2e19e3cfe5ddaf29df,36000000000000,85798000000000,10:00:00.000000000,23:49:58.000000000,82256,129515,15.033133333333334,ready,111.0
RTS,2022-09-09,4,C:\data_quote\data_finam_RTS_tick_zip\20220909.zip,True,,True,5b11c50999c3dbe9fe9244e0fd2cadae0ef693834f37550644589f74f666262b,36000000000000,85799000000000,10:00:00.000000000,23:49:59.000000000,64510,101335,15.01665,ready,111.0
RTS,2022-09-12,0,C:\data_quote\data_finam_RTS_tick_zip\20220912.zip,True,,True,722c5fa372288bf46816e49427417f12dc6a713bbfb42275c325072cb2b94457,32400000000000,85797000000000,09:00:00.000000000,23:49:57.000000000,70428,109571,15.01665,ready,109.0
RTS,2022-09-13,1,C:\data_quote\data_finam_RTS_tick_zip\20220913.zip,True,,True,bab18b2989d477b46e46693969fab7a23da5c97b39ec351282dfb7d6cd0ceb31,32400000000000,85799007000000,09:00:00.000000000,23:49:59.007000000,75129,118992,15.01665,ready,119.0
RTS,2022-09-14,2,C:\data_quote\data_finam_RTS_tick_zip\20220914.zip,True,,True,3b850fa292bc27383d0bcf77f717ac9600461bf581ea0a9ae22e8b2f55b8c513,32400000000000,85799000000000,09:00:00.000000000,23:49:59.000000000,30491,43377,15.1,ready,37.0
RTS,2022-09-15,3,C:\data_quote\data_finam_RTS_tick_zip\20220915.zip,True,,True,1206f9ae055d788d673a2c7e9b4edd554a491a06f2b72354093976c404ae4d86,32402000000000,85798000000000,09:00:02.000000000,23:49:58.000000000,95247,146291,15.033233333333333,ready,185.0
RTS,2022-09-16,4,C:\data_quote\data_finam_RTS_tick_zip\20220916.zip,True,,True,b4d3126c24a22fb76a504e0aa457d1c177d3b8593b37b5013f462c74dd7ee9de,32400000000000,85799000000000,09:00:00.000000000,23:49:59.000000000,84584,139677,15.033316666666668,ready,169.0
RTS,2022-09-19,0,C:\data_quote\data_finam_RTS_tick_zip\20220919.zip,True,,True,9a714203684e27b03d21dd3b6ce4781835e9d7ccc9cb7e34d6048b829cc4857a,32402000000000,85798000000000,09:00:02.000000000,23:49:58.000000000,84884,135513,15.016666666666667,ready,161.0
RTS,2022-09-20,1,C:\data_quote\data_finam_RTS_tick_zip\20220920.zip,True,,True,95ecb536aef6b283ecba519d66d0d71d618bd10cebfa7933c1d20f8b56af82de,32400000000000,85797006000000,09:00:00.000000000,23:49:57.006000000,245436,391775,15.016666666666667,ready,483.0
RTS,2022-09-21,2,C:\data_quote\data_finam_RTS_tick_zip\20220921.zip,True,,True,9abff9a7e53b4f32c262d2a97eda69670a06985e944389947adb8d20cd1ac0fe,32400000000000,85799000000000,09:00:00.000000000,23:49:59.000000000,207458,318233,15.049983333333333,ready,347.0
RTS,2022-09-22,3,C:\data_quote\data_finam_RTS_tick_zip\20220922.zip,True,,True,fa537daca824ceb9b4c2ba591899e1843d73355462ce5904677732e18ccd68dc,32400000000000,85797004000000,09:00:00.000000000,23:49:57.004000000,127171,200069,15.05,ready,185.0
RTS,2022-09-23,4,C:\data_quote\data_finam_RTS_tick_zip\20220923.zip,True,,True,2225a4065d550f5624018d643081a43add9a5f702a16d1672e9c33872e5b8ae0,32400000000000,85798003000000,09:00:00.000000000,23:49:58.003000000,157511,228323,15.049983333333333,ready,200.0
RTS,2022-09-26,0,C:\data_quote\data_finam_RTS_tick_zip\20220926.zip,True,,True,f6c3890388bda443ead244c9025436f0c79ee518d9b35d7e1db290e9ea8a172e,32400000000000,85799003000000,09:00:00.000000000,23:49:59.003000000,221027,336139,15.016666666666667,ready,279.0
RTS,2022-09-27,1,C:\data_quote\data_finam_RTS_tick_zip\20220927.zip,True,,True,135c7c7427b08c343346db66b4c4c9e43b1419163ef153156464b7f0b2d21c6d,32400000000000,85797003000000,09:00:00.000000000,23:49:57.003000000,171324,263628,15.066616666666667,ready,221.0
RTS,2022-09-28,2,C:\data_quote\data_finam_RTS_tick_zip\20220928.zip,True,,True,b0e1e4a0e6fd0fff9c70c8924819a51bacfc9ad1ab1eb8257d2e650446267953,32400000000000,85798001000000,09:00:00.000000000,23:49:58.001000000,157270,242671,15.0333,ready,222.0
RTS,2022-09-29,3,C:\data_quote\data_finam_RTS_tick_zip\20220929.zip,True,,True,32ba8ec29697179a1308c5b3c0bfaa9c08990077f7f6285afb0fdfe485a52c19,32400000000000,85798000000000,09:00:00.000000000,23:49:58.000000000,147955,235893,15.049983333333333,ready,203.0
RTS,2022-09-30,4,C:\data_quote\data_finam_RTS_tick_zip\20220930.zip,True,,True,29891b1699d74ff92d886a5032ce7d5523cd2e07705e4d47985ec828ed56344d,32400000000000,85795003000000,09:00:00.000000000,23:49:55.003000000,262876,378528,15.0333,ready,330.0
RTS,2022-10-03,0,C:\data_quote\data_finam_RTS_tick_zip\20221003.zip,True,,True,b00178d0b622614a6d926fb746a1d55928189ecff0b5a7dc1b2d3e85e594c145,32400000000000,85797001000000,09:00:00.000000000,23:49:57.001000000,116779,184308,15.049983333333333,ready,147.0
RTS,2022-10-04,1,C:\data_quote\data_finam_RTS_tick_zip\20221004.zip,True,,True,39e4626b5260fe1bcbf878dfafb0944e5bc4239e9395c05c7411c68057b6b365,32400000000000,85799001000000,09:00:00.000000000,23:49:59.001000000,128012,191642,15.049949999999999,ready,177.0
RTS,2022-10-05,2,C:\data_quote\data_finam_RTS_tick_zip\20221005.zip,True,,True,95da74f2cb60aa9180ce2dc1d37aa30f740b8c000bfaac44e4e5bda74385bc1f,32400000000000,85798000000000,09:00:00.000000000,23:49:58.000000000,124722,192655,15.016666666666667,ready,168.0
RTS,2022-10-06,3,C:\data_quote\data_finam_RTS_tick_zip\20221006.zip,True,,True,8d45c484ff1b5a36da9402c92582504618efe397bd1479434687f168ae425180,32400000000000,85794000000000,09:00:00.000000000,23:49:54.000000000,89739,135491,15.05,ready,105.0
RTS,2022-10-07,4,C:\data_quote\data_finam_RTS_tick_zip\20221007.zip,True,,True,2d0ee03ebbc018ab095395dd2430d87b6c2b346fa86132dd75ca09788a911ee5,32400000000000,85798017000000,09:00:00.000000000,23:49:58.017000000,101740,154308,15.083333333333334,ready,114.0
RTS,2022-10-10,0,C:\data_quote\data_finam_RTS_tick_zip\20221010.zip,True,,True,6e00362e541a4457a5b8b02eed705a2717afd15ae6e8b80c0a17a8033803c975,32400000000000,85797001000000,09:00:00.000000000,23:49:57.001000000,149171,219577,15.033266666666666,ready,166.0
RTS,2022-10-11,1,C:\data_quote\data_finam_RTS_tick_zip\20221011.zip,True,,True,0d9387c47ba768c33ddc3bc7e0afefe9204a176f3f9d6c91e140c13732538de2,32400000000000,85798000000000,09:00:00.000000000,23:49:58.000000000,110997,164335,15.05,ready,145.0
RTS,2022-10-12,2,C:\data_quote\data_finam_RTS_tick_zip\20221012.zip,True,,True,8652ddaf208ef29f9f9481068c32369601c25568b0f248765f88730aa6103b13,32400000000000,85795024000000,09:00:00.000000000,23:49:55.024000000,97565,144993,15.033316666666668,ready,100.0
RTS,2022-10-13,3,C:\data_quote\data_finam_RTS_tick_zip\20221013.zip,True,,True,2fffaa021070ce5aa41a08567376dd0595dd9d6693819d9e4b4a1f8706617d3a,32400000000000,85799002000000,09:00:00.000000000,23:49:59.002000000,90365,141288,15.0333,ready,98.0
RTS,2022-10-14,4,C:\data_quote\data_finam_RTS_tick_zip\20221014.zip,True,,True,ca6b4824f07657bf05ae9a1a083d10e4792024d17a7a1047031a669783e22698,32400000000000,85795008000000,09:00:00.000000000,23:49:55.008000000,77483,123069,15.0166,ready,88.0
RTS,2022-10-17,0,C:\data_quote\data_finam_RTS_tick_zip\20221017.zip,True,,True,3e4ec89e77c92ea7c5a9fe74d606ca56fa9e97cf81fad4ff17bde22082f20712,32400000000000,85797006000000,09:00:00.000000000,23:49:57.006000000,80988,131809,15.083333333333334,ready,115.0
RTS,2022-10-18,1,C:\data_quote\data_finam_RTS_tick_zip\20221018.zip,True,,True,8d9c6434edbfe82a02bf7f72d8434589924f5ff4baadfabd8575f563fb8f2148,32400000000000,85798003000000,09:00:00.000000000,23:49:58.003000000,101465,162969,15.133183333333333,ready,139.0
RTS,2022-10-19,2,C:\data_quote\data_finam_RTS_tick_zip\20221019.zip,True,,True,33fa77bfbee0e4830795d762b318505cdb7a5320a94d4a48fdcc53e580dad2d5,32400000000000,85798006000000,09:00:00.000000000,23:49:58.006000000,106933,172136,15.083316666666667,ready,164.0
RTS,2022-10-20,3,C:\data_quote\data_finam_RTS_tick_zip\20221020.zip,True,,True,1bf92ba8e75082a9cd62628911b447cfd31cc35522f93f24878cbda7b82d3a92,32400000000000,85798004000000,09:00:00.000000000,23:49:58.004000000,86212,137180,15.033283333333333,ready,127.0
RTS,2022-10-21,4,C:\data_quote\data_finam_RTS_tick_zip\20221021.zip,True,,True,d502b7c326519b9be6131395474b82f58dccc98d788c13949d57a002c0fa9802,32400000000000,85799000000000,09:00:00.000000000,23:49:59.000000000,90653,144527,15.033316666666668,ready,143.0
RTS,2022-10-24,0,C:\data_quote\data_finam_RTS_tick_zip\20221024.zip,True,,True,5e0e7318a026cef49eba8a9e4d9b476da0ba9c98afde48bcf6c1130e4afb4e32,32400000000000,85798002000000,09:00:00.000000000,23:49:58.002000000,94513,149322,15.0666,ready,141.0
RTS,2022-10-25,1,C:\data_quote\data_finam_RTS_tick_zip\20221025.zip,True,,True,9f0dd983cf0bd8bdc913e5f2466ece677df13187aba49af74040819053a5551d,32400000000000,85798000000000,09:00:00.000000000,23:49:58.000000000,79326,124392,15.016666666666667,ready,132.0
RTS,2022-10-26,2,C:\data_quote\data_finam_RTS_tick_zip\20221026.zip,True,,True,9ad31c0bdb10d0665660843f609831f996ddca0742fe634253ecfe326bf7c751,32401000000000,85797002000000,09:00:01.000000000,23:49:57.002000000,84671,128751,15.016666666666667,ready,138.0
RTS,2022-10-27,3,C:\data_quote\data_finam_RTS_tick_zip\20221027.zip,True,,True,b188b49e9e2149d833415839b51d0d5d8e90fdb96caf653ece5884de3c283f78,32401000000000,85799007000000,09:00:01.000000000,23:49:59.007000000,75915,117673,15.05,ready,115.0
RTS,2022-10-28,4,C:\data_quote\data_finam_RTS_tick_zip\20221028.zip,True,,True,93ba05d2010ab19f51ccb80197abda6620d4098ef70cbfec5adb852e68669a88,32400000000000,85799007000000,09:00:00.000000000,23:49:59.007000000,82897,129233,15.083283333333332,ready,134.0
RTS,2022-10-31,0,C:\data_quote\data_finam_RTS_tick_zip\20221031.zip,True,,True,98219f481977ca4a9994a0612f8f4ef9c891e7482c58e550b5540776f0256e8e,32400000000000,85797000000000,09:00:00.000000000,23:49:57.000000000,67812,103226,15.033233333333333,ready,106.0
RTS,2022-11-01,1,C:\data_quote\data_finam_RTS_tick_zip\20221101.zip,True,,True,c9fc44efe2feb21b3dfac8e6723160baa37587f83cd82552140ac07a13a7e61c,32400000000000,85799000000000,09:00:00.000000000,23:49:59.000000000,53978,83140,15.049983333333333,ready,102.0
RTS,2022-11-02,2,C:\data_quote\data_finam_RTS_tick_zip\20221102.zip,True,,True,314ef56c1029c710bf04149ca68736447f24478a7aceae7ae4746ed9d8d0462d,32400000000000,85799008000000,09:00:00.000000000,23:49:59.008000000,65909,109875,15.066650000000001,ready,155.0
RTS,2022-11-03,3,C:\data_quote\data_finam_RTS_tick_zip\20221103.zip,True,,True,e18df29dcaf17c37b98dcd8baf831eaa7b64a01c2d5902ef4f62c750e841e47a,32400000000000,85798001000000,09:00:00.000000000,23:49:58.001000000,79753,125628,15.016566666666668,ready,158.0
RTS,2022-11-07,0,C:\data_quote\data_finam_RTS_tick_zip\20221107.zip,True,,True,2a851e8af1ec10d7e8dd9f18d2e4f889848bf82b08caedef5eda737ca535383d,32400000000000,85798000000000,09:00:00.000000000,23:49:58.000000000,77186,121569,15.033333333333333,ready,159.0
RTS,2022-11-08,1,C:\data_quote\data_finam_RTS_tick_zip\20221108.zip,True,,True,8506e0b7e7ded5c4ffacc710cf42f98bbc5d78e3faa9abd7b325440aad8bc5c4,32400000000000,85798006000000,09:00:00.000000000,23:49:58.006000000,71878,107891,15.066650000000001,ready,150.0
RTS,2022-11-09,2,C:\data_quote\data_finam_RTS_tick_zip\20221109.zip,True,,True,8808baf0ac89686fdfc07cf27c0df644aee6a682dadbdb5d964768ee49763c6a,32400000000000,85799000000000,09:00:00.000000000,23:49:59.000000000,91994,145979,15.016516666666666,ready,224.0
RTS,2022-11-10,3,C:\data_quote\data_finam_RTS_tick_zip\20221110.zip,True,,True,e71cfcbe5abce6213f0bfdaea3cd132addd3c0efb546f9129243e9e35e8da2f7,32400000000000,85797005000000,09:00:00.000000000,23:49:57.005000000,90494,143551,15.016666666666667,ready,213.0
RTS,2022-11-11,4,C:\data_quote\data_finam_RTS_tick_zip\20221111.zip,True,,True,e09a38d07bc643baa682a7db02aa30d20d7f67ec7a1b7acc35356017982a9f04,32400000000000,85799002000000,09:00:00.000000000,23:49:59.002000000,68595,103296,15.016666666666667,ready,133.0
RTS,2022-11-14,0,C:\data_quote\data_finam_RTS_tick_zip\20221114.zip,True,,True,233e81650252fbcacf8a4d269c3ff74e5f6f551970a01649d29dc916b8951a00,32400000000000,85797004000000,09:00:00.000000000,23:49:57.004000000,64432,98706,15.066666666666666,ready,141.0
RTS,2022-11-15,1,C:\data_quote\data_finam_RTS_tick_zip\20221115.zip,True,,True,7366066b5bab9357ea93f758e1491fdb60d48e0c8a882a8db930bde51e4b0534,32400000000000,85799002000000,09:00:00.000000000,23:49:59.002000000,110972,184120,15.066566666666667,ready,294.0
RTS,2022-11-16,2,C:\data_quote\data_finam_RTS_tick_zip\20221116.zip,True,,True,0f9b08e0dfff60c32ec65e608610628720229f6619d4b733b1d8e6799a611e14,32400000000000,85798001000000,09:00:00.000000000,23:49:58.001000000,77859,121987,15.0164,ready,149.0
RTS,2022-11-17,3,C:\data_quote\data_finam_RTS_tick_zip\20221117.zip,True,,True,8bd8d5e3546de679d4ff3a5faaf5a438a6fad2b4367071debde8f805a9d97424,32400000000000,85794003000000,09:00:00.000000000,23:49:54.003000000,69329,105520,15.016666666666667,ready,133.0
RTS,2022-11-18,4,C:\data_quote\data_finam_RTS_tick_zip\20221118.zip,True,,True,4e61146af20fc820bac1f343e61b422fbb629a2f2701d17ed859c427de04a5d9,32400000000000,85799000000000,09:00:00.000000000,23:49:59.000000000,58081,88887,15.11665,ready,121.0
RTS,2022-11-21,0,C:\data_quote\data_finam_RTS_tick_zip\20221121.zip,True,,True,ba2cca08dc821fbba53096d03b513ca62e301972cfb4c030dd2f37d2803bff4c,32400000000000,85794000000000,09:00:00.000000000,23:49:54.000000000,73517,115115,15.016666666666667,ready,195.0
RTS,2022-11-22,1,C:\data_quote\data_finam_RTS_tick_zip\20221122.zip,True,,True,787878a43b5661947a4cc4c514b7c461177bb3aa24cb772b915573f2df2e561a,32400000000000,85797000000000,09:00:00.000000000,23:49:57.000000000,67898,108434,15.033316666666668,ready,147.0
RTS,2022-11-23,2,C:\data_quote\data_finam_RTS_tick_zip\20221123.zip,True,,True,11dee672e160b62cc5aaef36c796d925ec290bfe683b4ffec24873748d18a174,32400000000000,85798000000000,09:00:00.000000000,23:49:58.000000000,65555,105584,15.0333,ready,163.0
RTS,2022-11-24,3,C:\data_quote\data_finam_RTS_tick_zip\20221124.zip,True,,True,fbd4faa2d6768146cf83753216890e4bb4244e7257955e13d3d08d70fa52111f,32400000000000,85792003000000,09:00:00.000000000,23:49:52.003000000,50778,77685,15.033199999999999,ready,117.0
RTS,2022-11-25,4,C:\data_quote\data_finam_RTS_tick_zip\20221125.zip,True,,True,14085a9c5121213bbdab6356bb1820fa35ffdb307bfec8b6b6e0cd92e6aa4f6f,32400000000000,85798000000000,09:00:00.000000000,23:49:58.000000000,55595,85329,15.016666666666667,ready,117.0
RTS,2022-11-28,0,C:\data_quote\data_finam_RTS_tick_zip\20221128.zip,True,,True,6b1ca4a90e2481c4fb57fd480efea630271073b190bd1a30cdf8346a18d1a8de,32400000000000,85797004000000,09:00:00.000000000,23:49:57.004000000,52970,84075,15.033333333333333,ready,127.0
RTS,2022-11-29,1,C:\data_quote\data_finam_RTS_tick_zip\20221129.zip,True,,True,c81d6ca2af0f22118e1451190328c2c5884307e96c2af60ff5733c034ca4a696,32400000000000,85799000000000,09:00:00.000000000,23:49:59.000000000,42865,67832,15.016666666666667,ready,104.0
RTS,2022-11-30,2,C:\data_quote\data_finam_RTS_tick_zip\20221130.zip,True,,True,0318a7ebd1d7b3b381c512c348b610ed4bf6bdadef896541eda8cdac53d84cad,32400000000000,85798004000000,09:00:00.000000000,23:49:58.004000000,42829,68324,15.15,ready,112.0
RTS,2022-12-01,3,C:\data_quote\data_finam_RTS_tick_zip\20221201.zip,True,,True,e6fb086cbbdef0322145f728d3c14f1537d8959cd6243b065bda64dbfd89447c,32400000000000,85799000000000,09:00:00.000000000,23:49:59.000000000,51407,83833,15.016666666666667,ready,131.0
RTS,2022-12-02,4,C:\data_quote\data_finam_RTS_tick_zip\20221202.zip,True,,True,cab4ed6a052dca3c47f1794848ac2c59134205c517bf0179b5fe59659f00afed,32400000000000,85799001000000,09:00:00.000000000,23:49:59.001000000,48289,77318,15.033316666666668,ready,124.0
RTS,2022-12-05,0,C:\data_quote\data_finam_RTS_tick_zip\20221205.zip,True,,True,0517db8581d010410ff493f1f877123c4fd69cf8d6ed296e59654ee94e38e128,32400000000000,85799000000000,09:00:00.000000000,23:49:59.000000000,54817,91405,15.049916666666666,ready,160.0
RTS,2022-12-06,1,C:\data_quote\data_finam_RTS_tick_zip\20221206.zip,True,,True,af48a11de5b4b8087c6a150f5d695a6a3c2645416d6830108c35766bfd3d0bc5,32400000000000,85798000000000,09:00:00.000000000,23:49:58.000000000,60265,99023,15.016666666666667,ready,161.0
RTS,2022-12-07,2,C:\data_quote\data_finam_RTS_tick_zip\20221207.zip,True,,True,d6e70791ac217683649594a4443993e5fe158f9a8a64e5b6761d671c6d390e2a,32400000000000,85797005000000,09:00:00.000000000,23:49:57.005000000,52087,82820,15.01665,ready,117.0
RTS,2022-12-08,3,C:\data_quote\data_finam_RTS_tick_zip\20221208.zip,True,,True,8fb399d070bd0d89f358a076258afb7b491f98c7c8fbbcdd1d0889c5b220d612,32400000000000,85798016000000,09:00:00.000000000,23:49:58.016000000,53182,87492,15.016666666666667,ready,162.0
RTS,2022-12-09,4,C:\data_quote\data_finam_RTS_tick_zip\20221209.zip,True,,True,a9e51d6cbc5249e27aaf19eabffb912b20dda83d9ebbbc20774cb8884168f97c,32400000000000,85798009000000,09:00:00.000000000,23:49:58.009000000,43922,72606,15.05,ready,134.0
RTS,2022-12-12,0,C:\data_quote\data_finam_RTS_tick_zip\20221212.zip,True,,True,c8cdba4c1f0f31369573cf85e57f6b834818f94ad2d2578479504d99295f0102,32400000000000,85797007000000,09:00:00.000000000,23:49:57.007000000,40000,62672,40.016616666666664,ready,117.0
RTS,2022-12-13,1,C:\data_quote\data_finam_RTS_tick_zip\20221213.zip,True,,True,c30bc44d512ae4cc65b329d05b8b2c751aeb01dda21e51e5585d5d38b1d04c5a,32400000000000,85797000000000,09:00:00.000000000,23:49:57.000000000,43430,72115,15.05,ready,142.0
RTS,2022-12-14,2,C:\data_quote\data_finam_RTS_tick_zip\20221214.zip,True,,True,10880f92a7a8089991ee498872c9ff6c47c0d4482b1110c606a900ca418e92c2,32400000000000,85797000000000,09:00:00.000000000,23:49:57.000000000,15716,23945,15.05,ready,38.0
RTS,2022-12-15,3,C:\data_quote\data_finam_RTS_tick_zip\20221215.zip,True,,True,ab20bb2ee078b9a57385de6622783435175725d4e4ba40379acb56b57daf7fb2,32400000000000,85799007000000,09:00:00.000000000,23:49:59.007000000,48975,77207,15.116666666666667,ready,165.0
RTS,2022-12-16,4,C:\data_quote\data_finam_RTS_tick_zip\20221216.zip,True,,True,1cdea1902539a3b9ac86e44a87afb83e790448dc2cdf604fdd56034f3a073ea4,32400000000000,85799005000000,09:00:00.000000000,23:49:59.005000000,46757,77092,15.033283333333333,ready,184.0
RTS,2022-12-19,0,C:\data_quote\data_finam_RTS_tick_zip\20221219.zip,True,,True,47ccb17e63c45408b9496daa41616de143e1c90b9dd3ff002ed53015fa26acdc,32400000000000,85799005000000,09:00:00.000000000,23:49:59.005000000,86705,140831,15.066650000000001,ready,303.0
RTS,2022-12-20,1,C:\data_quote\data_finam_RTS_tick_zip\20221220.zip,True,,True,0bcefa6bd691a6010b428adefd6a564348f5d17a8c0ad360f82af8b23d64cd36,32400000000000,85794004000000,09:00:00.000000000,23:49:54.004000000,68282,106998,15.033333333333333,ready,214.0
RTS,2022-12-21,2,C:\data_quote\data_finam_RTS_tick_zip\20221221.zip,True,,True,a0646845f159b89705d45462e63cb676a524d0699590ed4981652d32080a9bd5,32400000000000,85796000000000,09:00:00.000000000,23:49:56.000000000,75196,115783,15.049833333333334,ready,257.0
RTS,2022-12-22,3,C:\data_quote\data_finam_RTS_tick_zip\20221222.zip,True,,True,49267be1b940c2dd298346e713232619c81057fb051bbb140a7bba2c4aa89e1f,32400000000000,85799003000000,09:00:00.000000000,23:49:59.003000000,90341,139401,15.016616666666666,ready,280.0
RTS,2022-12-23,4,C:\data_quote\data_finam_RTS_tick_zip\20221223.zip,True,,True,8238c8653bfef6955873e043cbaa488a41e89bd928e1602ae92d65a6c04ec11c,32400000000000,85797001000000,09:00:00.000000000,23:49:57.001000000,69238,107928,15.016483333333333,ready,212.0
RTS,2022-12-26,0,C:\data_quote\data_finam_RTS_tick_zip\20221226.zip,True,,True,8a2c80280c3eecaf68e29e2de556f9c9950f0df1e4bb7fb904c6e1586f1f92a4,32400000000000,85799002000000,09:00:00.000000000,23:49:59.002000000,62493,93703,15.016633333333335,ready,153.0
RTS,2022-12-27,1,C:\data_quote\data_finam_RTS_tick_zip\20221227.zip,True,,True,0038a818cdee99345b68c377f6a2f3d61da44cfdf2bb896109405d2e0672a243,32400000000000,85796002000000,09:00:00.000000000,23:49:56.002000000,69606,105367,15.016666666666667,ready,183.0
RTS,2022-12-28,2,C:\data_quote\data_finam_RTS_tick_zip\20221228.zip,True,,True,a68d8abbeaef14a134b7cab75ef7d6488ef64f0a87d9cf401888fb4ac59ffe83,32400000000000,85797000000000,09:00:00.000000000,23:49:57.000000000,71526,111476,15.016666666666667,ready,212.0
RTS,2022-12-29,3,C:\data_quote\data_finam_RTS_tick_zip\20221229.zip,True,,True,2bea55088b0cc071d842286ba012329d685f4e32f4aa5a0e9f49f2d3388fcbd1,32400000000000,85799021000000,09:00:00.000000000,23:49:59.021000000,82706,121042,15.033333333333333,ready,196.0
RTS,2022-12-30,4,C:\data_quote\data_finam_RTS_tick_zip\20221230.zip,True,,True,bae39f8ede9ab44745453c7f79f2de6cea41a6965fd19fefcf0d717eabd6aae6,32400000000000,85799002000000,09:00:00.000000000,23:49:59.002000000,53721,78087,15.05,ready,112.0
RTS,2023-01-03,1,C:\data_quote\data_finam_RTS_tick_zip\20230103.zip,True,,True,fe7746eea22b0a5c70b993f277ad9cfb408d3d0dcb9091f930c680c5459be3f5,32400000000000,85799001000000,09:00:00.000000000,23:49:59.001000000,36282,50870,15.016616666666666,ready,85.0
RTS,2023-01-04,2,C:\data_quote\data_finam_RTS_tick_zip\20230104.zip,True,,True,8029d0ae6a386dccad8fef3255dc2e59002cd1903f4dfb0f706d642d78dfb4a9,32400000000000,85798000000000,09:00:00.000000000,23:49:58.000000000,41572,58402,15.09995,ready,98.0
RTS,2023-01-05,3,C:\data_quote\data_finam_RTS_tick_zip\20230105.zip,True,,True,f296ebc5cf53b528a78f8f35c66724241dad63dcd8f3d973fe17eb5f3eb2097c,32400000000000,85799000000000,09:00:00.000000000,23:49:59.000000000,38823,54066,15.016416666666666,ready,105.0
RTS,2023-01-06,4,C:\data_quote\data_finam_RTS_tick_zip\20230106.zip,True,,True,d44ad1ec34de97ae3e32f0b2a6a830221f141a59c0cd5948c476c270d64ab52c,32400000000000,85797000000000,09:00:00.000000000,23:49:57.000000000,32841,45786,15.216666666666667,ready,75.0
RTS,2023-01-09,0,C:\data_quote\data_finam_RTS_tick_zip\20230109.zip,True,,True,d39e0983f29c1baa388fc91accf93b01e28863c90dca9f25d651e9bfed7eef0d,32400000000000,85798001000000,09:00:00.000000000,23:49:58.001000000,55673,79796,15.033333333333333,ready,140.0
RTS,2023-01-10,1,C:\data_quote\data_finam_RTS_tick_zip\20230110.zip,True,,True,fbe8990ff57d7f68bf4eea2a7a5ccd14f36e702b8d82ffd7360ca4ce7432e905,32400000000000,85798001000000,09:00:00.000000000,23:49:58.001000000,51324,78760,15.049983333333333,ready,157.0
RTS,2023-01-11,2,C:\data_quote\data_finam_RTS_tick_zip\20230111.zip,True,,True,846caf2d0c045d50972ef3e87fadac4efb8431047aef2b11af2796baceff107a,32400000000000,85797014000000,09:00:00.000000000,23:49:57.014000000,76940,120083,15.083333333333334,ready,256.0
RTS,2023-01-12,3,C:\data_quote\data_finam_RTS_tick_zip\20230112.zip,True,,True,6a917ca159b6f0afdb486e1bddf4874aede25bdd5b142c66ce80a006e71b1308,32400000000000,85799000000000,09:00:00.000000000,23:49:59.000000000,54025,89136,15.01665,ready,187.0
RTS,2023-01-13,4,C:\data_quote\data_finam_RTS_tick_zip\20230113.zip,True,,True,df8dd5914101b75bcb3037faed0730d2726d08bf1c6cd50405a2e072e8268600,32400000000000,85799004000000,09:00:00.000000000,23:49:59.004000000,81909,125825,15.049983333333333,ready,225.0
RTS,2023-01-16,0,C:\data_quote\data_finam_RTS_tick_zip\20230116.zip,True,,True,f0094084417322b1e8ba23c5c1217d4a19fbc1445c70d826d225e5460b0c20df,32400000000000,85796000000000,09:00:00.000000000,23:49:56.000000000,61091,92822,15.133316666666667,ready,175.0
RTS,2023-01-17,1,C:\data_quote\data_finam_RTS_tick_zip\20230117.zip,True,,True,d1bd93b7888f7af900613f3bc42e0584cf0674e2b51a536c6caed80bbd10026f,32400000000000,85798003000000,09:00:00.000000000,23:49:58.003000000,55777,90334,15.049933333333334,ready,168.0
RTS,2023-01-18,2,C:\data_quote\data_finam_RTS_tick_zip\20230118.zip,True,,True,1aceb27ee07f75157a200ba0b20874cb04ad058a86d4ec4da9d38131ff2659d7,32400000000000,85799001000000,09:00:00.000000000,23:49:59.001000000,69862,109922,15.049983333333333,ready,230.0
RTS,2023-01-19,3,C:\data_quote\data_finam_RTS_tick_zip\20230119.zip,True,,True,bf151551c6a96f8b718a5e2b942add02d1172c96144ebe0fa51f7430002de2d3,32400000000000,85799002000000,09:00:00.000000000,23:49:59.002000000,63709,101828,15.016216666666667,ready,202.0
RTS,2023-01-20,4,C:\data_quote\data_finam_RTS_tick_zip\20230120.zip,True,,True,9c46b58436efd273b063f988280630eb5640c1ca56d29b0b070ac694e68cfa82,32400000000000,85798001000000,09:00:00.000000000,23:49:58.001000000,53828,82155,15.016666666666667,ready,154.0
RTS,2023-01-23,0,C:\data_quote\data_finam_RTS_tick_zip\20230123.zip,True,,True,37451337a1539aa052e1f645f31b48b7c17f802ecedfa38d0e3386776fac178c,32400000000000,85799002000000,09:00:00.000000000,23:49:59.002000000,55737,88021,15.083316666666667,ready,187.0
RTS,2023-01-24,1,C:\data_quote\data_finam_RTS_tick_zip\20230124.zip,True,,True,ea9933ffa5a6fe3d901f450d0b466560b251d5a9af0b0b8ff0fb0222ca37f4ba,32400000000000,85799008000000,09:00:00.000000000,23:49:59.008000000,57449,93157,15.049966666666668,ready,198.0
RTS,2023-01-25,2,C:\data_quote\data_finam_RTS_tick_zip\20230125.zip,True,,True,135eb1c04b91cdbdc9a817f7a4759b6176c3c19aead4ade9eba901f418e3c760,32400000000000,85799000000000,09:00:00.000000000,23:49:59.000000000,58864,91463,15.066633333333334,ready,169.0
RTS,2023-01-26,3,C:\data_quote\data_finam_RTS_tick_zip\20230126.zip,True,,True,27fadf1c35b3d0785b2e1892b82ddf44fe2d67c2ea84f4eba86f8ec974cfb3e6,32400000000000,85797006000000,09:00:00.000000000,23:49:57.006000000,62007,98984,15.033316666666668,ready,216.0
RTS,2023-01-27,4,C:\data_quote\data_finam_RTS_tick_zip\20230127.zip,True,,True,0d4b6c2521979b61fd21716e3b1a5d7da2f69ccfc160f103bb557d446519c2b0,32400000000000,85799003000000,09:00:00.000000000,23:49:59.003000000,38951,64961,15.049966666666668,ready,146.0
RTS,2023-01-30,0,C:\data_quote\data_finam_RTS_tick_zip\20230130.zip,True,,True,f5b1c157bcf50910b43a9a67f44d9da8fefa9e669803e086db071a1785d514bf,32400000000000,85799001000000,09:00:00.000000000,23:49:59.001000000,50865,84594,15.033333333333333,ready,187.0
RTS,2023-01-31,1,C:\data_quote\data_finam_RTS_tick_zip\20230131.zip,True,,True,13434933550d59c673e42a8ef71e7d3e76d207ab4e29a108616be2e09079ab24,32400000000000,85799003000000,09:00:00.000000000,23:49:59.003000000,59992,98588,15.033199999999999,ready,206.0
RTS,2023-02-01,2,C:\data_quote\data_finam_RTS_tick_zip\20230201.zip,True,,True,9bbf9064e4e25172baefced7093e04ae1abd83cdc2711cf80343e0f7d89598e9,32400000000000,85798000000000,09:00:00.000000000,23:49:58.000000000,57992,93700,15.033333333333333,ready,188.0
RTS,2023-02-02,3,C:\data_quote\data_finam_RTS_tick_zip\20230202.zip,True,,True,02a0cb9deb08b13544aa79245bb58be66950ae8314f44e342a49675dcec293ae,32400000000000,85798000000000,09:00:00.000000000,23:49:58.000000000,56660,91555,15.01665,ready,187.0
RTS,2023-02-03,4,C:\data_quote\data_finam_RTS_tick_zip\20230203.zip,True,,True,2382a6c5a958f013219c02179afe6a198832f3b596c56cf631fa4f2a0a5ed486,32400000000000,85798000000000,09:00:00.000000000,23:49:58.000000000,61849,105431,15.049916666666666,ready,216.0
RTS,2023-02-06,0,C:\data_quote\data_finam_RTS_tick_zip\20230206.zip,True,,True,ffd86ea01052f32a2c8d701c41e07654023b94087d75a811e7e6ff167406ebc3,32400000000000,85799002000000,09:00:00.000000000,23:49:59.002000000,51535,86776,15.066666666666666,ready,167.0
RTS,2023-02-07,1,C:\data_quote\data_finam_RTS_tick_zip\20230207.zip,True,,True,b112e416380095776f4e808d0e1d19e509934f5f07e0cc60a12fdaafa0ea3249,32400000000000,85796002000000,09:00:00.000000000,23:49:56.002000000,55476,91969,15.033316666666668,ready,192.0
RTS,2023-02-08,2,C:\data_quote\data_finam_RTS_tick_zip\20230208.zip,True,,True,a6074a72f48f8a947ba9592680f1c4ed8951ef26eeac1e7f231a483188be9bad,32400000000000,85799000000000,09:00:00.000000000,23:49:59.000000000,62638,107556,15.033283333333333,ready,211.0
RTS,2023-02-09,3,C:\data_quote\data_finam_RTS_tick_zip\20230209.zip,True,,True,d00b45fe1b3404388a8e060da1fbe444ef2bee4a9f8fb00aa9559c9f68766b8c,32400000000000,85793038000000,09:00:00.000000000,23:49:53.038000000,77746,128189,15.016666666666667,ready,231.0
RTS,2023-02-10,4,C:\data_quote\data_finam_RTS_tick_zip\20230210.zip,True,,True,8e39051272b418e5a3eeecc105baee08bc0c429b3de31885ce83c78513d08048,32400000000000,85797001000000,09:00:00.000000000,23:49:57.001000000,47526,79779,15.016666666666667,ready,145.0
RTS,2023-02-13,0,C:\data_quote\data_finam_RTS_tick_zip\20230213.zip,True,,True,df6693ded83d457b37867681a3eb0bf6988e03509d42e4080556deb407739c9d,32400000000000,85799001000000,09:00:00.000000000,23:49:59.001000000,53408,86222,15.033266666666666,ready,145.0
RTS,2023-02-14,1,C:\data_quote\data_finam_RTS_tick_zip\20230214.zip,True,,True,acf530901f88092ea80be216f628c12ef53c7f728e56db718dac2a6b1a7f2e2d,32400000000000,85791001000000,09:00:00.000000000,23:49:51.001000000,62953,104661,15.033333333333333,ready,187.0
RTS,2023-02-15,2,C:\data_quote\data_finam_RTS_tick_zip\20230215.zip,True,,True,ebf008c0b2c5e8106a46cdd0cd7f712ec9615ede13bcb5642da1424af814513f,32400000000000,85797001000000,09:00:00.000000000,23:49:57.001000000,84306,146670,15.016666666666667,ready,300.0
RTS,2023-02-16,3,C:\data_quote\data_finam_RTS_tick_zip\20230216.zip,True,,True,dcfb163f00c4c284594dbc88292b0c432c899f374ed6c63212574d61298a8b07,32400000000000,85795000000000,09:00:00.000000000,23:49:55.000000000,71018,116899,15.0166,ready,192.0
RTS,2023-02-17,4,C:\data_quote\data_finam_RTS_tick_zip\20230217.zip,True,,True,4f34135e460bf058c91d7cc41d95598355b194a7125f2abdba435084d863cf01,32400000000000,85796001000000,09:00:00.000000000,23:49:56.001000000,68911,112854,15.016533333333333,ready,206.0
RTS,2023-02-20,0,C:\data_quote\data_finam_RTS_tick_zip\20230220.zip,True,,True,1834402a2bdf0861c09f4b0690b4f29f4ab37239bdcfd4c9b7002dfadcebb5f3,32400000000000,85799008000000,09:00:00.000000000,23:49:59.008000000,65002,110478,15.016666666666667,ready,185.0
RTS,2023-02-21,1,C:\data_quote\data_finam_RTS_tick_zip\20230221.zip,True,,True,1bda46ec2dc5dee5b45ec3e855afbe484180a960445f9a0bb8034bba6ece3596,32400000000000,85799000000000,09:00:00.000000000,23:49:59.000000000,83091,141570,15.016583333333333,ready,252.0
RTS,2023-02-22,2,C:\data_quote\data_finam_RTS_tick_zip\20230222.zip,True,,True,b375404639e5628a849061bc7242f20256982792bdf49c9b3e1cf14e921d5ddf,32400000000000,85799002000000,09:00:00.000000000,23:49:59.002000000,51626,87117,15.049916666666666,ready,127.0
RTS,2023-02-24,4,C:\data_quote\data_finam_RTS_tick_zip\20230224.zip,True,,True,22a0f77661b9e97f84461976e42d7117adec70d1842534123a5951c89898b1fd,32400000000000,85798001000000,09:00:00.000000000,23:49:58.001000000,57954,94804,15.05,ready,163.0
RTS,2023-02-27,0,C:\data_quote\data_finam_RTS_tick_zip\20230227.zip,True,,True,04a813dbe5ba653a43534e5091e39475d7cdc01c163560cbbeff17b892fb2631,32400000000000,85797002000000,09:00:00.000000000,23:49:57.002000000,76360,128368,15.016666666666667,ready,208.0
RTS,2023-02-28,1,C:\data_quote\data_finam_RTS_tick_zip\20230228.zip,True,,True,4322b298af4b498195cfa950065787c42b566c5520e43366b0eb96ffbf7c5f01,32400000000000,85799001000000,09:00:00.000000000,23:49:59.001000000,60720,95741,15.016666666666667,ready,139.0
RTS,2023-03-01,2,C:\data_quote\data_finam_RTS_tick_zip\20230301.zip,True,,True,c1d1fdc49f9eee97ae20f7237255e1b81e3295f436e4b64133242a2575be534f,32400000000000,85798001000000,09:00:00.000000000,23:49:58.001000000,61618,96074,15.049983333333333,ready,140.0
RTS,2023-03-02,3,C:\data_quote\data_finam_RTS_tick_zip\20230302.zip,True,,True,12d2bb5dc857a32104018ae43288ef48b1b61bf908a605b208c3f02dd3459008,32400000000000,85799002000000,09:00:00.000000000,23:49:59.002000000,85267,142219,15.099966666666667,ready,249.0
RTS,2023-03-03,4,C:\data_quote\data_finam_RTS_tick_zip\20230303.zip,True,,True,c6c1735fb0bbba7dccea4702baa68ee8826eef8725f0740c6abb6d020d46afc4,32400000000000,85796000000000,09:00:00.000000000,23:49:56.000000000,51997,81709,15.049966666666668,ready,108.0
RTS,2023-03-06,0,C:\data_quote\data_finam_RTS_tick_zip\20230306.zip,True,,True,e987392b20b15f2b072b5238996ec853dca7888b055594288a0051e2ee4728f6,32400000000000,85798004000000,09:00:00.000000000,23:49:58.004000000,54148,85730,15.01665,ready,127.0
RTS,2023-03-07,1,C:\data_quote\data_finam_RTS_tick_zip\20230307.zip,True,,True,e2f69cc0291ef7f8bb6cf866ec4f799f70c5cc835025f8dc2967e374ad844f61,32400000000000,85798000000000,09:00:00.000000000,23:49:58.000000000,49572,75959,15.016616666666666,ready,135.0
RTS,2023-03-09,3,C:\data_quote\data_finam_RTS_tick_zip\20230309.zip,True,,True,e58b3989a0adf5f2f4f7835936a7e3256cf45790bf7d27e4fa0721b827f4ea07,32400000000000,85799000000000,09:00:00.000000000,23:49:59.000000000,61896,91574,15.049983333333333,ready,145.0
RTS,2023-03-10,4,C:\data_quote\data_finam_RTS_tick_zip\20230310.zip,True,,True,eb7e2aab45fa7e8cad451b86f19fbca7fb0f4a953df73aefbd9002a15df46637,32400000000000,85798001000000,09:00:00.000000000,23:49:58.001000000,46738,71268,15.083133333333334,ready,109.0
RTS,2023-03-13,0,C:\data_quote\data_finam_RTS_tick_zip\20230313.zip,True,,True,b415b30e40b13e1c7ab54d254a8831550744cef6e428e854d74af625f8d94f37,32400000000000,85797002000000,09:00:00.000000000,23:49:57.002000000,67856,108540,25.016666666666666,ready,202.0
RTS,2023-03-14,1,C:\data_quote\data_finam_RTS_tick_zip\20230314.zip,True,,True,44d0bcb0fc95667cae701336143f197087ea64d6f350cae257e87b599b20f8a0,32400000000000,85793002000000,09:00:00.000000000,23:49:53.002000000,51052,76836,25.016650000000002,ready,123.0
RTS,2023-03-15,2,C:\data_quote\data_finam_RTS_tick_zip\20230315.zip,True,,True,82426afd189d361942fba9ac1efc2efa1f69bf145269d7ece4bf7d4ea4aa49d8,32400000000000,85795002000000,09:00:00.000000000,23:49:55.002000000,23817,35527,25.033316666666668,ready,67.0
RTS,2023-03-16,3,C:\data_quote\data_finam_RTS_tick_zip\20230316.zip,True,,True,dbfbb186913507d5543bde7a175c2d9ab446b44f37618dd9cdad021cf8bea6ef,32400000000000,85799000000000,09:00:00.000000000,23:49:59.000000000,65123,105216,25.3,ready,195.0
RTS,2023-03-17,4,C:\data_quote\data_finam_RTS_tick_zip\20230317.zip,True,,True,d5b11ac117b764efdfb82b076d0b9693f2ffb108edefdbaaacaeeb5ae5b481a5,32400000000000,85799005000000,09:00:00.000000000,23:49:59.005000000,92384,151478,25.033316666666668,ready,273.0
RTS,2023-03-20,0,C:\data_quote\data_finam_RTS_tick_zip\20230320.zip,True,,True,5431588bbf3f16db9d0faebab10239163a9b99ea598980eae5e55ad2fc80a584,32400000000000,85798000000000,09:00:00.000000000,23:49:58.000000000,74571,129819,25.033333333333335,ready,286.0
RTS,2023-03-21,1,C:\data_quote\data_finam_RTS_tick_zip\20230321.zip,True,,True,faf0414fad830e3632b577eaccf06205ab572b4df809fb8993ffaf7b7915affb,32400000000000,85798000000000,09:00:00.000000000,23:49:58.000000000,79510,129796,15.01665,ready,265.0
RTS,2023-03-22,2,C:\data_quote\data_finam_RTS_tick_zip\20230322.zip,True,,True,f35560f22e319f82bcbd630fd8dcf498d8b12b78d47b58ab5d4c7a02f54d306d,32400000000000,85798000000000,09:00:00.000000000,23:49:58.000000000,66907,107696,15.016666666666667,ready,214.0
RTS,2023-03-23,3,C:\data_quote\data_finam_RTS_tick_zip\20230323.zip,True,,True,51cdc9fb57f71ea313fff8a8aaab7bbc1a95a069e4feada671f0efc8155a076d,32400000000000,85797001000000,09:00:00.000000000,23:49:57.001000000,61781,104913,15.01665,ready,226.0
RTS,2023-03-24,4,C:\data_quote\data_finam_RTS_tick_zip\20230324.zip,True,,True,b4929812f0310f72a1797bfbc093532e7f618666cfb19db53f1a16469cfeac9c,32400000000000,85799002000000,09:00:00.000000000,23:49:59.002000000,51954,86394,15.016633333333335,ready,162.0
RTS,2023-03-27,0,C:\data_quote\data_finam_RTS_tick_zip\20230327.zip,True,,True,b13529ca5de9cd023d9a16642a959e9d453c538724a5708729ca3e2217fde528,32400000000000,85798000000000,09:00:00.000000000,23:49:58.000000000,58526,101652,15.033333333333333,ready,190.0
RTS,2023-03-28,1,C:\data_quote\data_finam_RTS_tick_zip\20230328.zip,True,,True,42b42f12b9380a5a165ebe4be66776c3388cb9fba8ebc01a8847aaec8199b3b0,32400000000000,85798000000000,09:00:00.000000000,23:49:58.000000000,52810,90210,15.15,ready,175.0
RTS,2023-03-29,2,C:\data_quote\data_finam_RTS_tick_zip\20230329.zip,True,,True,b53b17cddfc225c2eb12b90b6081b4e76fc462ccf78979334de0ee662f37a2d9,32400000000000,85794000000000,09:00:00.000000000,23:49:54.000000000,66141,103286,15.033333333333333,ready,179.0
RTS,2023-03-30,3,C:\data_quote\data_finam_RTS_tick_zip\20230330.zip,True,,True,ecc80c5a794b7099105f369f3c1cf32c92fa9030f991f22a6a23195955cd2bb9,32400000000000,85795000000000,09:00:00.000000000,23:49:55.000000000,59009,101777,15.05,ready,211.0
RTS,2023-03-31,4,C:\data_quote\data_finam_RTS_tick_zip\20230331.zip,True,,True,bd2e448eb3d0014f32464bdf169bd2e1c817a4570a88e26beb827cfa5cb7b745,32400000000000,85798003000000,09:00:00.000000000,23:49:58.003000000,76397,140728,15.199983333333334,ready,283.0
RTS,2023-04-03,0,C:\data_quote\data_finam_RTS_tick_zip\20230403.zip,True,,True,983ace7fbc5c808e6905a95f9f3f39784f4193310a63cc4feace924637522fba,32389000000000,85799000000000,08:59:49.000000000,23:49:59.000000000,59078,106768,15.016666666666667,ready,223.0
RTS,2023-04-04,1,C:\data_quote\data_finam_RTS_tick_zip\20230404.zip,True,,True,1d7a29112b55fc324b3f76a9f5556dcae974c65d32dce5f1b9dc9030d8aae081,32361000000000,85799000000000,08:59:21.000000000,23:49:59.000000000,53293,92401,15.016583333333333,ready,185.0
RTS,2023-04-05,2,C:\data_quote\data_finam_RTS_tick_zip\20230405.zip,True,,True,a19684e208664f5c594f932bc38cd302bdd81e94239bd990235167e8bb6f1321,32360000000000,85799003000000,08:59:20.000000000,23:49:59.003000000,55674,92121,15.033233333333333,ready,171.0
RTS,2023-04-06,3,C:\data_quote\data_finam_RTS_tick_zip\20230406.zip,True,,True,9cabd4445eb6fd4e5b9e347f722a600a8773259c1974c2ebceefbb37ff71f834,32368000000000,85798001000000,08:59:28.000000000,23:49:58.001000000,68072,114801,15.01665,ready,209.0
RTS,2023-04-07,4,C:\data_quote\data_finam_RTS_tick_zip\20230407.zip,True,,True,5d2057b21543a294a45d9faab44033f4e5d509ac8ca17526eee1912bb3ab88b7,32363000000000,85799012000000,08:59:23.000000000,23:49:59.012000000,90818,153109,15.033266666666666,ready,234.0
RTS,2023-04-10,0,C:\data_quote\data_finam_RTS_tick_zip\20230410.zip,True,,True,faf76807fbc11bba954dddca49529125c0d160bc9c361057c49fb160b38a9734,32364000000000,85797002000000,08:59:24.000000000,23:49:57.002000000,62543,104159,15.016666666666667,ready,170.0
RTS,2023-04-11,1,C:\data_quote\data_finam_RTS_tick_zip\20230411.zip,True,,True,a91a3875c2fd3e656191114ad11222976a21427a148e2141e1cf7c821b345927,32352000000000,85796000000000,08:59:12.000000000,23:49:56.000000000,84588,137129,15.0166,ready,212.0
RTS,2023-04-12,2,C:\data_quote\data_finam_RTS_tick_zip\20230412.zip,True,,True,e68f10a8c7bd0289529975db69a49efb4810525fc45adb1a7c3355b76ec7f7f4,32345000000000,85797002000000,08:59:05.000000000,23:49:57.002000000,66185,104608,15.083333333333334,ready,133.0
RTS,2023-04-13,3,C:\data_quote\data_finam_RTS_tick_zip\20230413.zip,True,,True,e82b9b35372e5a24fc891acdf809747b08cd4003e2d0373580edb7d8361f54f5,32344000000000,85797004000000,08:59:04.000000000,23:49:57.004000000,56947,94376,15.016666666666667,ready,121.0
RTS,2023-04-14,4,C:\data_quote\data_finam_RTS_tick_zip\20230414.zip,True,,True,7f35567c87efdb7e55322eb842a7fbf3aec35b6bbb2e7462aba2c07b3ef9b077,32387000000000,85799000000000,08:59:47.000000000,23:49:59.000000000,54732,93930,15.05,ready,164.0
RTS,2023-04-17,0,C:\data_quote\data_finam_RTS_tick_zip\20230417.zip,True,,True,a0e7d9c6ca713a561882eace5b580c5efe4137d45113c324516335cb4c8e4b27,32390000000000,85799001000000,08:59:50.000000000,23:49:59.001000000,65999,116348,15.033283333333333,ready,182.0
RTS,2023-04-18,1,C:\data_quote\data_finam_RTS_tick_zip\20230418.zip,True,,True,935ff1e6e6916e5f680e9b6d3e5b2dd11aaae30b9120865bae192e9f7c016986,32350000000000,85799000000000,08:59:10.000000000,23:49:59.000000000,54026,97597,15.066616666666667,ready,163.0
RTS,2023-04-19,2,C:\data_quote\data_finam_RTS_tick_zip\20230419.zip,True,,True,3f77a1b47ce6200d62173c2edc1593d65dc4861fa8bde3aee68c709dff46c0f6,32400000000000,85798000000000,09:00:00.000000000,23:49:58.000000000,87828,151081,15.016666666666667,ready,231.0
RTS,2023-04-20,3,C:\data_quote\data_finam_RTS_tick_zip\20230420.zip,True,,True,ba2c7c0d4aa1e1432ddeedbb628a234af2b210b127a7b3d547ab48d5ed8599a7,32355000000000,85797003000000,08:59:15.000000000,23:49:57.003000000,80285,139778,15.0333,ready,211.0
RTS,2023-04-21,4,C:\data_quote\data_finam_RTS_tick_zip\20230421.zip,True,,True,296817742b359c38809a255891db63f3d8ba180f610b44d17f6ab926a6478563,32384000000000,85799000000000,08:59:44.000000000,23:49:59.000000000,52041,88094,15.033333333333333,ready,124.0
RTS,2023-04-24,0,C:\data_quote\data_finam_RTS_tick_zip\20230424.zip,True,,True,6bd61d6a0d9022e1923454771cd638c7c69e5f9bf2d06272e843ed3621a35b43,32342000000000,85799003000000,08:59:02.000000000,23:49:59.003000000,47368,79701,15.016666666666667,ready,113.0
RTS,2023-04-25,1,C:\data_quote\data_finam_RTS_tick_zip\20230425.zip,True,,True,23c7c9ae553e1c0edcd6c28d8db85a4f2d217484537c444e7d90e812b0e46d58,32373000000000,85799000000000,08:59:33.000000000,23:49:59.000000000,45762,77696,15.016666666666667,ready,113.0
RTS,2023-04-26,2,C:\data_quote\data_finam_RTS_tick_zip\20230426.zip,True,,True,376bf3b3ed60d85fc4c2070e4da80210dc4a29e0538570eb77255e1a25770ca8,32384000000000,85795001000000,08:59:44.000000000,23:49:55.001000000,49484,85607,15.016466666666668,ready,138.0
RTS,2023-04-27,3,C:\data_quote\data_finam_RTS_tick_zip\20230427.zip,True,,True,ef7451ce1391b7bfcd92153c1a9530af7cf5f10160dca9bd9fc7a9ef3c6246bc,32365000000000,85796017000000,08:59:25.000000000,23:49:56.017000000,53919,95684,15.033316666666668,ready,151.0
RTS,2023-04-28,4,C:\data_quote\data_finam_RTS_tick_zip\20230428.zip,True,,True,296e862b72e462e365f282b597e1c43bb18916b5e503e3908acb25f990b9183f,32376000000000,85799001000000,08:59:36.000000000,23:49:59.001000000,73749,131428,15.016633333333335,ready,223.0
RTS,2023-05-02,1,C:\data_quote\data_finam_RTS_tick_zip\20230502.zip,True,,True,59bb183dc1053fa5fe49398133389ef9769e09727030352db89de2ee8a2a4bbc,32360000000000,85794000000000,08:59:20.000000000,23:49:54.000000000,73725,122095,15.083316666666667,ready,184.0
RTS,2023-05-03,2,C:\data_quote\data_finam_RTS_tick_zip\20230503.zip,True,,True,99d843137edb5359bbe42e08c6196da56076d96ee906025bdaf06c7254cd5ca4,32376000000000,85793007000000,08:59:36.000000000,23:49:53.007000000,88490,154862,15.083300000000001,ready,257.0
RTS,2023-05-04,3,C:\data_quote\data_finam_RTS_tick_zip\20230504.zip,True,,True,2758ef06514055ca519d93f3a323e1a0318b50e66c1ded2f1856d4b248c24afa,32378000000000,85798002000000,08:59:38.000000000,23:49:58.002000000,70840,125940,15.016666666666667,ready,178.0
RTS,2023-05-05,4,C:\data_quote\data_finam_RTS_tick_zip\20230505.zip,True,,True,44b566d7ac0014ea97fe28b53d708b0cf22f6c3a7462c5f611425a98bf43fd9d,32376000000000,85798000000000,08:59:36.000000000,23:49:58.000000000,79858,145348,15.166666666666666,ready,231.0
RTS,2023-05-08,0,C:\data_quote\data_finam_RTS_tick_zip\20230508.zip,True,,True,d2f4b9b713f50f0802a779b7d1b3c0dfe905625a43604192895e1f129fec2049,32370000000000,85797000000000,08:59:30.000000000,23:49:57.000000000,49750,83315,15.033316666666668,ready,128.0
RTS,2023-05-10,2,C:\data_quote\data_finam_RTS_tick_zip\20230510.zip,True,,True,a908f8cb3fe2ada77e02991ef2f051722c2242f44c5092572cebf9363705e1d7,32349000000000,85798012000000,08:59:09.000000000,23:49:58.012000000,102655,189819,15.016616666666666,ready,335.0
RTS,2023-05-11,3,C:\data_quote\data_finam_RTS_tick_zip\20230511.zip,True,,True,2a6b9429efc2eb288d383cd26df69840bd652c16e7db57f45a3600e2359c98e0,32347000000000,85799001000000,08:59:07.000000000,23:49:59.001000000,127846,243380,15.05,ready,440.0
RTS,2023-05-12,4,C:\data_quote\data_finam_RTS_tick_zip\20230512.zip,True,,True,4830f4124192f4e59530cfc37f9874bf24e0a1f5c26b94c6c34ee2cf7c3a67e8,32372000000000,85799001000000,08:59:32.000000000,23:49:59.001000000,84808,154271,15.066666666666666,ready,228.0
RTS,2023-05-15,0,C:\data_quote\data_finam_RTS_tick_zip\20230515.zip,True,,True,45a0a438cbf14223b4b216d76d01a960ace93ce8246a645b4d2494c1eaabae49,32385000000000,85799000000000,08:59:45.000000000,23:49:59.000000000,72033,125304,15.016666666666667,ready,184.0
RTS,2023-05-16,1,C:\data_quote\data_finam_RTS_tick_zip\20230516.zip,True,,True,d18a0e3a7be89912d3550a747bf22cc025f3baadcc5bd49df44a7b8621d28721,32368000000000,85797000000000,08:59:28.000000000,23:49:57.000000000,80892,132975,15.016666666666667,ready,179.0
RTS,2023-05-17,2,C:\data_quote\data_finam_RTS_tick_zip\20230517.zip,True,,True,345770a9ba3ac6ddaa366f7362f32e784097827639bc3e72cf5358fec7d5073d,32376000000000,85798001000000,08:59:36.000000000,23:49:58.001000000,85938,150249,15.083283333333332,ready,211.0
RTS,2023-05-18,3,C:\data_quote\data_finam_RTS_tick_zip\20230518.zip,True,,True,8f770d13b95ee6814fe4cf34538ecc3969050a1f22e9e2c383643a9398d22200,32352000000000,85797001000000,08:59:12.000000000,23:49:57.001000000,87438,153962,15.116666666666667,ready,201.0
RTS,2023-05-19,4,C:\data_quote\data_finam_RTS_tick_zip\20230519.zip,True,,True,6cd90e82cd410a2ac3254f9cc357381109c34b73e12d9942f6dde7d6fad73ec2,32365000000000,85799000000000,08:59:25.000000000,23:49:59.000000000,61919,103179,15.166666666666666,ready,119.0
RTS,2023-05-22,0,C:\data_quote\data_finam_RTS_tick_zip\20230522.zip,True,,True,195b0855f30abc20be3aa25b9979aca09a34d9261882a4be86bfbbe9c4ad12f1,32383000000000,85797001000000,08:59:43.000000000,23:49:57.001000000,53807,90148,15.216666666666667,ready,134.0
RTS,2023-05-23,1,C:\data_quote\data_finam_RTS_tick_zip\20230523.zip,True,,True,c558f2086f1dcfa0f1e1813483346e7b7b6675d164f75fcf9a922e82ca7c29fb,32354000000000,85799001000000,08:59:14.000000000,23:49:59.001000000,87859,152199,15.033316666666668,ready,220.0
RTS,2023-05-24,2,C:\data_quote\data_finam_RTS_tick_zip\20230524.zip,True,,True,336acda49cc718cfe9ab2a8146674d61429faa98bc9406ac066450a8b599614e,32366000000000,85794021000000,08:59:26.000000000,23:49:54.021000000,59315,98110,15.116666666666667,ready,139.0
RTS,2023-05-25,3,C:\data_quote\data_finam_RTS_tick_zip\20230525.zip,True,,True,ea1a79b276aa5ed8597edf8262b623a55971c053b88cbc1c12ac5363c0ffea6d,32357000000000,85799000000000,08:59:17.000000000,23:49:59.000000000,54640,87116,15.083300000000001,ready,95.0
RTS,2023-05-26,4,C:\data_quote\data_finam_RTS_tick_zip\20230526.zip,True,,True,7990cbb01ba77a5a744c11c3b3e6c4f32076ddf799feb6f5ecc4f066d7f5afef,32354000000000,85799009000000,08:59:14.000000000,23:49:59.009000000,53652,92652,15.05,ready,127.0
RTS,2023-05-29,0,C:\data_quote\data_finam_RTS_tick_zip\20230529.zip,True,,True,afece6c0a9a29acc1e85b5a707c535643e68d460a705b6a7063689de3b5cd004,32357000000000,85795003000000,08:59:17.000000000,23:49:55.003000000,56697,99502,15.016666666666667,ready,137.0
RTS,2023-05-30,1,C:\data_quote\data_finam_RTS_tick_zip\20230530.zip,True,,True,a42dc06365c0ff71ffafe5d176487f1d588a9a27fc550b2be35908391b14e2fb,32371000000000,85796001000000,08:59:31.000000000,23:49:56.001000000,79282,146400,15.1,ready,230.0
RTS,2023-05-31,2,C:\data_quote\data_finam_RTS_tick_zip\20230531.zip,True,,True,5b88efcbd2954eed10b8bc18a6738c3261b377c4932aedd0515d42ae7a4207f5,32378000000000,85797006000000,08:59:38.000000000,23:49:57.006000000,62834,108569,15.216633333333334,ready,142.0
RTS,2023-06-01,3,C:\data_quote\data_finam_RTS_tick_zip\20230601.zip,True,,True,34a0bca40985a6d8b7e1289c96fa037ea3553f1639b70a39b377e64ac1d0ded4,32384000000000,85799000000000,08:59:44.000000000,23:49:59.000000000,53314,91172,34.199933333333334,ready,121.0
RTS,2023-06-02,4,C:\data_quote\data_finam_RTS_tick_zip\20230602.zip,True,,True,5753ae8032a3cccd834a6278ece8a9cbbcff79ccadc353316086b44cc188a90f,32347000000000,85799000000000,08:59:07.000000000,23:49:59.000000000,57121,102839,15.083300000000001,ready,137.0
RTS,2023-06-05,0,C:\data_quote\data_finam_RTS_tick_zip\20230605.zip,True,,True,0cd6e70a85c641255dae89a4ece8497bfcb1eed8ba49a84fe726c54639658525,32386000000000,85799028000000,08:59:46.000000000,23:49:59.028000000,78747,142680,15.083316666666667,ready,232.0
RTS,2023-06-06,1,C:\data_quote\data_finam_RTS_tick_zip\20230606.zip,True,,True,e42baa85803afa3c16351fd7b8c8311c94865c041f02ac4311859f2a12f7824c,32364000000000,85798000000000,08:59:24.000000000,23:49:58.000000000,85750,172905,15.033283333333333,ready,275.0
RTS,2023-06-07,2,C:\data_quote\data_finam_RTS_tick_zip\20230607.zip,True,,True,ac3e418b6ed79209f712ab6f7ac1cee52bce98167a28705b59d69ab082cb3f54,32345000000000,85799005000000,08:59:05.000000000,23:49:59.005000000,56256,113732,15.066666666666666,ready,178.0
RTS,2023-06-08,3,C:\data_quote\data_finam_RTS_tick_zip\20230608.zip,True,,True,199d3ab36d558c1b9bfbc0a583cf1e7edc78edee99e829f7fbe629ef61fd8c8b,32347000000000,85796000000000,08:59:07.000000000,23:49:56.000000000,55862,93275,15.066666666666666,ready,116.0
RTS,2023-06-09,4,C:\data_quote\data_finam_RTS_tick_zip\20230609.zip,True,,True,27f9915b88c43b40c556c6f1a220a60cc647526eeac75709d00b3ef70064edd8,32365000000000,85799002000000,08:59:25.000000000,23:49:59.002000000,56027,97038,15.016666666666667,ready,151.0
RTS,2023-06-13,1,C:\data_quote\data_finam_RTS_tick_zip\20230613.zip,True,,True,d2a8b60bf1c48718beb14ab513361066904c1807f7ab345db2808ede92d6fc66,32349000000000,85799002000000,08:59:09.000000000,23:49:59.002000000,58879,107512,15.033333333333333,ready,147.0
RTS,2023-06-14,2,C:\data_quote\data_finam_RTS_tick_zip\20230614.zip,True,,True,ae2e73444ed20928e0394e06588fd23903c4b6a241ec018e63bf55ede04ebf6f,32369000000000,85798000000000,08:59:29.000000000,23:49:58.000000000,23987,43340,15.033333333333333,ready,76.0
RTS,2023-06-15,3,C:\data_quote\data_finam_RTS_tick_zip\20230615.zip,True,,True,092a78e65c2c1a9ce3e32da7a71b33580bc48e44894d3a3fb719fd762621e853,32377000000000,85796001000000,08:59:37.000000000,23:49:56.001000000,52745,104047,15.05,ready,173.0
RTS,2023-06-16,4,C:\data_quote\data_finam_RTS_tick_zip\20230616.zip,True,,True,ea43ff3e0df4de68661e6096f74f7922775e497438f8c6b6b0c782c386632979,32356000000000,85799000000000,08:59:16.000000000,23:49:59.000000000,50147,87227,15.0333,ready,137.0
RTS,2023-06-19,0,C:\data_quote\data_finam_RTS_tick_zip\20230619.zip,True,,True,377b52bf82efb5dd875b5442571ba6f04e74fb268e28864dd3da3f17f439e7b8,32359000000000,85795000000000,08:59:19.000000000,23:49:55.000000000,50092,87682,15.03325,ready,142.0
RTS,2023-06-20,1,C:\data_quote\data_finam_RTS_tick_zip\20230620.zip,True,,True,5ab88cc7c8b4bb0effceda833e571319507ebecacdaf2001ff3c19661c6475eb,32386000000000,85799000000000,08:59:46.000000000,23:49:59.000000000,57470,104851,15.033333333333333,ready,195.0
RTS,2023-06-21,2,C:\data_quote\data_finam_RTS_tick_zip\20230621.zip,True,,True,9a5688cf502238b41c5d56c9aaf440f30f129a84a4f0d20295783ff990d13cdf,32344000000000,85793003000000,08:59:04.000000000,23:49:53.003000000,65120,121918,15.033333333333333,ready,218.0
RTS,2023-06-22,3,C:\data_quote\data_finam_RTS_tick_zip\20230622.zip,True,,True,f95f0f632210b072f39cc6b26fa4dc9d5671f2feb1a0fc0cea3f381242ee2c5c,32358000000000,85799000000000,08:59:18.000000000,23:49:59.000000000,44822,80010,15.049983333333333,ready,127.0
RTS,2023-06-23,4,C:\data_quote\data_finam_RTS_tick_zip\20230623.zip,True,,True,c8167abfc914d619bf9c5dbd630586041c5200533da77d570662698fc9ffc33c,32350000000000,85799000000000,08:59:10.000000000,23:49:59.000000000,92074,173386,15.166666666666666,ready,298.0
RTS,2023-06-26,0,C:\data_quote\data_finam_RTS_tick_zip\20230626.zip,True,,True,4f7174a12b773f3de1444b5671e462ae423c8c859b03aab7044fd5401900849f,32358000000000,85797000000000,08:59:18.000000000,23:49:57.000000000,121739,226534,15.016666666666667,ready,349.0
RTS,2023-06-27,1,C:\data_quote\data_finam_RTS_tick_zip\20230627.zip,True,,True,6c731710e32d66fc98a19b3cbfc7d8f5535cd56f8f373a13e3efecf8d5e9af99,32388000000000,85796001000000,08:59:48.000000000,23:49:56.001000000,54895,91013,15.05,ready,96.0
RTS,2023-06-28,2,C:\data_quote\data_finam_RTS_tick_zip\20230628.zip,True,,True,3c8e74b6200b0beac7e15ce98a836f85ab1e58e5e4a8bd45678084ce9905ca21,32384000000000,85798010000000,08:59:44.000000000,23:49:58.010000000,54728,95149,15.016666666666667,ready,126.0
RTS,2023-06-29,3,C:\data_quote\data_finam_RTS_tick_zip\20230629.zip,True,,True,96cae46f5cee1c52f8687c2e8a22e1ae9a0ecce505cc2a80c1467546470697c6,32343000000000,85796000000000,08:59:03.000000000,23:49:56.000000000,65863,117027,15.116566666666667,ready,179.0
RTS,2023-06-30,4,C:\data_quote\data_finam_RTS_tick_zip\20230630.zip,True,,True,4f6a2b25525c7f3799daa3ae187ab0736aabc60dfa2dad0c672202d9781fb1d9,32361000000000,85798001000000,08:59:21.000000000,23:49:58.001000000,84314,145243,15.033333333333333,ready,194.0
RTS,2023-07-03,0,C:\data_quote\data_finam_RTS_tick_zip\20230703.zip,True,,True,63b2d7a98ea70452cb4e023ae73fe878081fc568d608f76fbcb5be5753c7cbd2,32366000000000,85797001000000,08:59:26.000000000,23:49:57.001000000,59585,103455,15.033266666666666,ready,139.0
RTS,2023-07-04,1,C:\data_quote\data_finam_RTS_tick_zip\20230704.zip,True,,True,9f2319be8f5fb02d265f44d6bdd747f748a554a0511898c87c440dd2ee00e1b4,32369000000000,85799002000000,08:59:29.000000000,23:49:59.002000000,69242,118576,15.033333333333333,ready,178.0
RTS,2023-07-05,2,C:\data_quote\data_finam_RTS_tick_zip\20230705.zip,True,,True,50d163f32e6016f8c89888efe91d7b57c7ce2dd1043838db282de189f0c76807,32343000000000,85791001000000,08:59:03.000000000,23:49:51.001000000,56640,94601,15.033316666666668,ready,133.0
RTS,2023-07-06,3,C:\data_quote\data_finam_RTS_tick_zip\20230706.zip,True,,True,3b953a8e2e258feb0d3f85aa42f5421eaa8b84c03e3fdd106a0db9d7a7cfa684,32386000000000,85799001000000,08:59:46.000000000,23:49:59.001000000,82796,137646,15.033316666666668,ready,166.0
RTS,2023-07-07,4,C:\data_quote\data_finam_RTS_tick_zip\20230707.zip,True,,True,b991fe7178c33d1cf032f2a743e45198b699329ea79890d2b71373b2f0c37356,32383000000000,85799008000000,08:59:43.000000000,23:49:59.008000000,41193,68890,15.083316666666667,ready,84.0
RTS,2023-07-10,0,C:\data_quote\data_finam_RTS_tick_zip\20230710.zip,True,,True,350ea5cbfce2a95984cb196011bfaab10caf6e0a8b5f0e549d868f49030caa71,32388000000000,85797006000000,08:59:48.000000000,23:49:57.006000000,47905,84705,15.033233333333333,ready,150.0
RTS,2023-07-11,1,C:\data_quote\data_finam_RTS_tick_zip\20230711.zip,True,,True,a46a961f2cae7c8b014d0c13653593c6797f7c9a944658c7e9fd869915090557,32357000000000,85792000000000,08:59:17.000000000,23:49:52.000000000,49428,83662,15.066666666666666,ready,124.0
RTS,2023-07-12,2,C:\data_quote\data_finam_RTS_tick_zip\20230712.zip,True,,True,bc131f68327b39c3d7f3fdd58a69a59c5a51069aa278ef7fd09e7b9c0120e036,32372000000000,85799000000000,08:59:32.000000000,23:49:59.000000000,55375,90350,15.049983333333333,ready,152.0
RTS,2023-07-13,3,C:\data_quote\data_finam_RTS_tick_zip\20230713.zip,True,,True,899c86a2c23d3218e01658ee45ba67844cf430840531645b842dd9d5b00c809f,32372000000000,85797001000000,08:59:32.000000000,23:49:57.001000000,54982,93840,15.033333333333333,ready,173.0
RTS,2023-07-14,4,C:\data_quote\data_finam_RTS_tick_zip\20230714.zip,True,,True,7e31a2bce197d6746f587ee78fea19a4fb5057eb453371d3438908f55bb0da13,32346000000000,85795003000000,08:59:06.000000000,23:49:55.003000000,41581,68876,15.016666666666667,ready,116.0
RTS,2023-07-17,0,C:\data_quote\data_finam_RTS_tick_zip\20230717.zip,True,,True,fb4d85185e9821f8c8c55cc1338024c209c7fa451d2576c7e3c4d7a3ab65269b,32371000000000,85799001000000,08:59:31.000000000,23:49:59.001000000,54001,99648,15.05,ready,175.0
RTS,2023-07-18,1,C:\data_quote\data_finam_RTS_tick_zip\20230718.zip,True,,True,c615b7ca3d635bb1087befa72c7e7536b008c58d00fbf7c6f575a419b6943b9e,32376000000000,85796005000000,08:59:36.000000000,23:49:56.005000000,43474,77449,15.049983333333333,ready,131.0
RTS,2023-07-19,2,C:\data_quote\data_finam_RTS_tick_zip\20230719.zip,True,,True,7c0e4f85ad0490faff14a238741cf5c79b77f6fd5e0239252b2d3cd04548b896,32360000000000,85799022000000,08:59:20.000000000,23:49:59.022000000,38592,66076,15.016666666666667,ready,122.0
RTS,2023-07-20,3,C:\data_quote\data_finam_RTS_tick_zip\20230720.zip,True,,True,6dce898339c00c59c30fc40c998b5d7999157baa5641db0c1b3af54465ddfa24,32353000000000,85798000000000,08:59:13.000000000,23:49:58.000000000,54298,94237,15.016666666666667,ready,168.0
RTS,2023-07-21,4,C:\data_quote\data_finam_RTS_tick_zip\20230721.zip,True,,True,d4fe413b5357a6500427ddac815bb639d11050c8fb3b764e621ea48604f9fa5b,32373000000000,85799000000000,08:59:33.000000000,23:49:59.000000000,50233,94459,15.049966666666668,ready,177.0
RTS,2023-07-24,0,C:\data_quote\data_finam_RTS_tick_zip\20230724.zip,True,,True,7e60dc367f357d265d216b00154e762b652b0a27c2730a6cb055b9168a384648,32367000000000,85798000000000,08:59:27.000000000,23:49:58.000000000,35351,63447,15.16665,ready,106.0
RTS,2023-07-25,1,C:\data_quote\data_finam_RTS_tick_zip\20230725.zip,True,,True,74fad1ef07a9a2966fbb603b7d067f6acddb2c14b5f3c908fc524f0365a8de5a,32367000000000,85798000000000,08:59:27.000000000,23:49:58.000000000,38012,67518,15.099933333333333,ready,124.0
RTS,2023-07-26,2,C:\data_quote\data_finam_RTS_tick_zip\20230726.zip,True,,True,8b47d9147cf027900f4c9bf1550e381705e9c6c9723cea242e8cd0ee0873f4e3,32368000000000,85798000000000,08:59:28.000000000,23:49:58.000000000,34328,56805,15.01665,ready,105.0
RTS,2023-07-27,3,C:\data_quote\data_finam_RTS_tick_zip\20230727.zip,True,,True,bcde55a88ec372cb07db6269f98a1af2adb5726e352636d4f0d15a26a18b3414,32363000000000,85797000000000,08:59:23.000000000,23:49:57.000000000,37251,65456,15.066666666666666,ready,107.0
RTS,2023-07-28,4,C:\data_quote\data_finam_RTS_tick_zip\20230728.zip,True,,True,c2e66ce85fc698ab1a60a2eb2308ba2ee38609564b23b77886f9fd51fcb1a931,32354000000000,85793002000000,08:59:14.000000000,23:49:53.002000000,36816,63223,15.016666666666667,ready,101.0
RTS,2023-07-31,0,C:\data_quote\data_finam_RTS_tick_zip\20230731.zip,True,,True,6ff523ac52801959a404074bd748a8316ba007b73e5958ac6d64cc3a4f04702c,32343000000000,85796001000000,08:59:03.000000000,23:49:56.001000000,56015,98373,15.033333333333333,ready,190.0
RTS,2023-08-01,1,C:\data_quote\data_finam_RTS_tick_zip\20230801.zip,True,,True,d57f983c2c88308c85b8dff19c7c0132f19007da6841e0c550c743e11de05352,32362000000000,85797000000000,08:59:22.000000000,23:49:57.000000000,54996,94952,15.066650000000001,ready,194.0
RTS,2023-08-02,2,C:\data_quote\data_finam_RTS_tick_zip\20230802.zip,True,,True,b73901150b8773f9759afa1b2b8adac6c9e385f80aa0164425443bac6c02f367,32388000000000,85799000000000,08:59:48.000000000,23:49:59.000000000,67154,113504,15.016666666666667,ready,247.0
RTS,2023-08-03,3,C:\data_quote\data_finam_RTS_tick_zip\20230803.zip,True,,True,1274b64e18b8317137219f3a177ee3736b0d6553097f195682e90b37331ba3b6,32369000000000,85799000000000,08:59:29.000000000,23:49:59.000000000,56159,97540,15.05,ready,184.0
RTS,2023-08-04,4,C:\data_quote\data_finam_RTS_tick_zip\20230804.zip,True,,True,6a62f0d343003bd0c5abaeec6288d2b2eb8df1baddfe28cb3d986a607fe19595,32355000000000,85797000000000,08:59:15.000000000,23:49:57.000000000,113354,208629,15.049983333333333,ready,439.0
RTS,2023-08-07,0,C:\data_quote\data_finam_RTS_tick_zip\20230807.zip,True,,True,a03b440b46b1e54483812be7234cedd813462318de86fc85e3606f7417c281b8,32386000000000,85799002000000,08:59:46.000000000,23:49:59.002000000,66488,119654,15.066666666666666,ready,187.0
RTS,2023-08-08,1,C:\data_quote\data_finam_RTS_tick_zip\20230808.zip,True,,True,2cbc2eaf41bd05bf3acf96e9249c626d32ce6db1e3c29eda752edc9d08332348,32366000000000,85795009000000,08:59:26.000000000,23:49:55.009000000,57654,110613,15.033333333333333,ready,212.0
RTS,2023-08-09,2,C:\data_quote\data_finam_RTS_tick_zip\20230809.zip,True,,True,a2a8f54b95fac11120066967fbe947997cc30f4fdb2ef220bfa29168c32208d0,32385000000000,85795003000000,08:59:45.000000000,23:49:55.003000000,48285,89065,15.016633333333335,ready,144.0
RTS,2023-08-10,3,C:\data_quote\data_finam_RTS_tick_zip\20230810.zip,True,,True,5985930dec082af89456fae24cdbb00fa4e8f689afdd12e49cfa52a3ef76b838,32369000000000,85797002000000,08:59:29.000000000,23:49:57.002000000,44576,82054,15.05,ready,149.0
RTS,2023-08-11,4,C:\data_quote\data_finam_RTS_tick_zip\20230811.zip,True,,True,f8720f001917100a901d76697d24525293bc9a4e9d9e9cdffadb9d113bf7adb3,32356000000000,85796000000000,08:59:16.000000000,23:49:56.000000000,45057,83419,15.01665,ready,164.0
RTS,2023-08-14,0,C:\data_quote\data_finam_RTS_tick_zip\20230814.zip,True,,True,6ce025ba726597f4d2c284e28ef95fae27333d6a48953afb28ff468a6873c9ea,32343000000000,85797000000000,08:59:03.000000000,23:49:57.000000000,87056,150551,15.05,ready,259.0
RTS,2023-08-15,1,C:\data_quote\data_finam_RTS_tick_zip\20230815.zip,True,,True,8e962f7014eca7d2f2a33961db7bd4cf6eb146befb2f3f5db547e01107fd664d,32344000000000,85794006000000,08:59:04.000000000,23:49:54.006000000,79664,148110,15.016666666666667,ready,242.0
RTS,2023-08-16,2,C:\data_quote\data_finam_RTS_tick_zip\20230816.zip,True,,True,e5f1c5d3ccbc29ebc82a15caeaa7e55ddde09949881335d85aa0601f59484fe3,32343000000000,85794001000000,08:59:03.000000000,23:49:54.001000000,77606,138803,15.083333333333334,ready,217.0
RTS,2023-08-17,3,C:\data_quote\data_finam_RTS_tick_zip\20230817.zip,True,,True,1730f9c6ba4395ecbe7c91828fc86cc337be2272814d6550103b8b3cbe7ae058,32350000000000,85799000000000,08:59:10.000000000,23:49:59.000000000,59700,110356,15.015966666666666,ready,171.0
RTS,2023-08-18,4,C:\data_quote\data_finam_RTS_tick_zip\20230818.zip,True,,True,0000aa79c62849cbb86cbe0a1683210540dabeb983cc8f52a157b633a9c79e50,32388000000000,85799000000000,08:59:48.000000000,23:49:59.000000000,46537,89210,27.05,ready,161.0
RTS,2023-08-21,0,C:\data_quote\data_finam_RTS_tick_zip\20230821.zip,True,,True,42c9f9ef7716167681094cf1af607f65b37bee44f34dd307e336892a8752bf92,32362000000000,85781000000000,08:59:22.000000000,23:49:41.000000000,49574,93557,15.066666666666666,ready,157.0
RTS,2023-08-22,1,C:\data_quote\data_finam_RTS_tick_zip\20230822.zip,True,,True,6bd2cb5ca5bc9523843ac5c21b4bc83d885b3d97faaeea95b72240b32b955df9,32381000000000,85795000000000,08:59:41.000000000,23:49:55.000000000,54828,102753,15.6,ready,169.0
RTS,2023-08-23,2,C:\data_quote\data_finam_RTS_tick_zip\20230823.zip,True,,True,583dd40e2bd6ccfcf95ccf644fda04f561298ce348f5e1dfc7d61b479dad465f,32379000000000,85799002000000,08:59:39.000000000,23:49:59.002000000,66382,135599,15.01665,ready,252.0
RTS,2023-08-24,3,C:\data_quote\data_finam_RTS_tick_zip\20230824.zip,True,,True,32b114cc76f09182c7515771f5647145674dfcb7615b3b2421522532d788a464,32362000000000,85790004000000,08:59:22.000000000,23:49:50.004000000,41553,80038,15.083300000000001,ready,117.0
RTS,2023-08-25,4,C:\data_quote\data_finam_RTS_tick_zip\20230825.zip,True,,True,ee8d95993d687245537fced1ee4b30916f16f292a082acb76b9125c774731522,32344000000000,85799000000000,08:59:04.000000000,23:49:59.000000000,43608,85681,15.083333333333334,ready,154.0
RTS,2023-08-28,0,C:\data_quote\data_finam_RTS_tick_zip\20230828.zip,True,,True,1c8257509e812aea71323f3f9d75926861f3d5bbdf5837c8a34bd5618380acc7,32371000000000,85794000000000,08:59:31.000000000,23:49:54.000000000,38739,75957,15.0333,ready,114.0
RTS,2023-08-29,1,C:\data_quote\data_finam_RTS_tick_zip\20230829.zip,True,,True,78097fffed4a1990181b6e2cbca3ad68f86895dd1263a09f8de31e5296e40ba3,32383000000000,85794000000000,08:59:43.000000000,23:49:54.000000000,48737,93958,15.033333333333333,ready,149.0
RTS,2023-08-30,2,C:\data_quote\data_finam_RTS_tick_zip\20230830.zip,True,,True,3f762362c9690502f65c9388a4c2d61e802afb6f7113dc7b88c5f0c00a9a5ffd,32378000000000,85795003000000,08:59:38.000000000,23:49:55.003000000,38160,70558,15.132983333333334,ready,114.0
RTS,2023-08-31,3,C:\data_quote\data_finam_RTS_tick_zip\20230831.zip,True,,True,7deff3e602fa908a26d0e7ca2f2fbf74cf67b39590d7cc63a9b7661486725ea8,32400000000000,85797000000000,09:00:00.000000000,23:49:57.000000000,34917,63345,15.099966666666667,ready,105.0
RTS,2023-09-01,4,C:\data_quote\data_finam_RTS_tick_zip\20230901.zip,True,,True,c9cafa0d169bba0d52c9badd6f04c911305150323d19dbac133773e28fc3eea7,32365000000000,85799007000000,08:59:25.000000000,23:49:59.007000000,34185,66704,15.05,ready,129.0
RTS,2023-09-04,0,C:\data_quote\data_finam_RTS_tick_zip\20230904.zip,True,,True,d81a203005a063edc6a8cf10fd9fb7a0b3db83356029c3a82bc258a84486866c,32379000000000,85798000000000,08:59:39.000000000,23:49:58.000000000,35319,66495,15.033333333333333,ready,131.0
RTS,2023-09-05,1,C:\data_quote\data_finam_RTS_tick_zip\20230905.zip,True,,True,cc2f618e7713596d02df8287bc60d427cea22e89ed59d77c22e3a062e8178033,32349000000000,85794000000000,08:59:09.000000000,23:49:54.000000000,51694,98970,15.066666666666666,ready,223.0
RTS,2023-09-06,2,C:\data_quote\data_finam_RTS_tick_zip\20230906.zip,True,,True,f61baf443a5129f83603c5720daf0664f8931376052761622407423452946f85,32377000000000,85799000000000,08:59:37.000000000,23:49:59.000000000,43826,83611,15.016633333333335,ready,168.0
RTS,2023-09-07,3,C:\data_quote\data_finam_RTS_tick_zip\20230907.zip,True,,True,fbeded28765cf10e8328693844101dab0cb60bce3abf1eb31399fc32eb28f3e9,32346000000000,85797000000000,08:59:06.000000000,23:49:57.000000000,80216,169275,15.01665,ready,335.0
RTS,2023-09-08,4,C:\data_quote\data_finam_RTS_tick_zip\20230908.zip,True,,True,3475e8fd7ba24f285ea6ec16ab42bfcba17506d7c3c5cfa631365d7f8a40508c,32381000000000,85797000000000,08:59:41.000000000,23:49:57.000000000,55853,113309,15.01665,ready,183.0
RTS,2023-09-11,0,C:\data_quote\data_finam_RTS_tick_zip\20230911.zip,True,,True,2b264d4e6f7005f716f8378201372218b79ff6c7be337ece6acc0d2df9d3a969,32384000000000,85799001000000,08:59:44.000000000,23:49:59.001000000,49546,99604,15.01665,ready,177.0
RTS,2023-09-12,1,C:\data_quote\data_finam_RTS_tick_zip\20230912.zip,True,,True,6ddfe1ba9a24e847d15fef2d15fe4210134b09d06ffdd6f03ca828c2905decac,32372000000000,85793012000000,08:59:32.000000000,23:49:53.012000000,51601,101981,15.166666666666666,ready,178.0
RTS,2023-09-13,2,C:\data_quote\data_finam_RTS_tick_zip\20230913.zip,True,,True,28fb9f15cffe6480f93bb6c3fde5b801dc369ccd5475e2bc1cb0970ff6bab598,48600000000000,85796000000000,13:30:00.000000000,23:49:56.000000000,33365,67672,15.033333333333333,ready,105.0
RTS,2023-09-14,3,C:\data_quote\data_finam_RTS_tick_zip\20230914.zip,True,,True,8ccd5f491419a7310693c0bc48201766098e82c1dfda9fb0a3cb186b7361d605,32400000000000,85799000000000,09:00:00.000000000,23:49:59.000000000,72016,145974,15.016666666666667,ready,231.0
RTS,2023-09-15,4,C:\data_quote\data_finam_RTS_tick_zip\20230915.zip,True,,True,6b4ab6e4c10eeafbe1fff07303b7fa63bf5cf2b4cb490490d9dcf263eee66f5a,32400000000000,85795000000000,09:00:00.000000000,23:49:55.000000000,52643,104075,15.033333333333333,ready,157.0
RTS,2023-09-18,0,C:\data_quote\data_finam_RTS_tick_zip\20230918.zip,True,,True,6de3a0e89a589336f0306f0b415768118774459e64ceaa0648020fcfa944a63a,32400000000000,85798002000000,09:00:00.000000000,23:49:58.002000000,33623,64135,15.066633333333334,ready,121.0
RTS,2023-09-19,1,C:\data_quote\data_finam_RTS_tick_zip\20230919.zip,True,,True,8f8e56284aa9879fba3d25897123aae300eaebf60f6600b3d93a976e87af8d84,32400000000000,85798000000000,09:00:00.000000000,23:49:58.000000000,58567,122204,15.05,ready,228.0
RTS,2023-09-20,2,C:\data_quote\data_finam_RTS_tick_zip\20230920.zip,True,,True,cf90c958976f0742d396937e0470620db735c32dc6edce08b745f6f79bbb80d4,32400000000000,85793005000000,09:00:00.000000000,23:49:53.005000000,27466,44841,15.032866666666667,ready,83.0
RTS,2023-09-21,3,C:\data_quote\data_finam_RTS_tick_zip\20230921.zip,True,,True,5b74f9c74f43bff212f9166d91a191cbec7e95c4a8a9a945c953ab2bdd37c76c,32400000000000,85799000000000,09:00:00.000000000,23:49:59.000000000,60320,118362,15.033333333333333,ready,240.0
RTS,2023-09-22,4,C:\data_quote\data_finam_RTS_tick_zip\20230922.zip,True,,True,81f74e1f37be1347ff24bfc2b956f44831dc0638ddf300f34c1385a91d114874,32400000000000,85798000000000,09:00:00.000000000,23:49:58.000000000,59106,106670,15.083316666666667,ready,176.0
RTS,2023-09-25,0,C:\data_quote\data_finam_RTS_tick_zip\20230925.zip,True,,True,e546c8c7036ec387a9ca9c5d61f353968df4841b34786cb889a42863884a4de9,32400000000000,85792000000000,09:00:00.000000000,23:49:52.000000000,42710,74770,15.083333333333334,ready,112.0
RTS,2023-09-26,1,C:\data_quote\data_finam_RTS_tick_zip\20230926.zip,True,,True,5dce55ccefa59647b5376618a224eb66da737ffc4c22587047b2ec205e636f1b,32400000000000,85799000000000,09:00:00.000000000,23:49:59.000000000,42476,75161,15.016666666666667,ready,124.0
RTS,2023-09-27,2,C:\data_quote\data_finam_RTS_tick_zip\20230927.zip,True,,True,6c4069d467ae2803c93bb0119f63b221455a6dc7cd30c6ce1eab5622b91618bb,32400000000000,85794005000000,09:00:00.000000000,23:49:54.005000000,37053,69942,15.133116666666666,ready,132.0
RTS,2023-09-28,3,C:\data_quote\data_finam_RTS_tick_zip\20230928.zip,True,,True,91cd28867a3b09e2bbfed82a68ed30c76cf9c43c88fb042a2928a3f53d1749fb,32400000000000,85799002000000,09:00:00.000000000,23:49:59.002000000,38868,72704,15.016666666666667,ready,140.0
RTS,2023-09-29,4,C:\data_quote\data_finam_RTS_tick_zip\20230929.zip,True,,True,07577e9902c8a40cdaf80a6ff949dbf074909e8cda0cec4a22ee6e92aadc8f34,32400000000000,85792000000000,09:00:00.000000000,23:49:52.000000000,51686,100493,15.1499,ready,212.0
RTS,2023-10-02,0,C:\data_quote\data_finam_RTS_tick_zip\20231002.zip,True,,True,2ad59341c30d83f0a13152a24a558ae3a7603655e5bb3f9a3e2cadbe8d0eea66,32400000000000,85799000000000,09:00:00.000000000,23:49:59.000000000,42101,78336,15.016666666666667,ready,169.0
RTS,2023-10-03,1,C:\data_quote\data_finam_RTS_tick_zip\20231003.zip,True,,True,3f148251b3478e9d988dc6a2c660d981820c24c63bcd4b1887736836384edc2a,32400000000000,85795000000000,09:00:00.000000000,23:49:55.000000000,41508,75712,15.066666666666666,ready,154.0
RTS,2023-10-04,2,C:\data_quote\data_finam_RTS_tick_zip\20231004.zip,True,,True,e6832b5606446ac9d80bc3d1b10b94156c1e2a2e52d00cbe5ff7dbe2bca2b092,32401000000000,85793025000000,09:00:01.000000000,23:49:53.025000000,38314,65281,15.133333333333333,ready,123.0
RTS,2023-10-05,3,C:\data_quote\data_finam_RTS_tick_zip\20231005.zip,True,,True,4e114c85146f5d81325cc400c419ab5f2f4b8cb908a064c591fe4683264ef94d,32400000000000,85799003000000,09:00:00.000000000,23:49:59.003000000,38133,69248,15.05,ready,128.0
RTS,2023-10-06,4,C:\data_quote\data_finam_RTS_tick_zip\20231006.zip,True,,True,326445e18bd8ba998331219865808560ee1e2668933d1cefb143c71c1a5abab9,32400000000000,85799000000000,09:00:00.000000000,23:49:59.000000000,42366,76836,15.066516666666667,ready,155.0
RTS,2023-10-09,0,C:\data_quote\data_finam_RTS_tick_zip\20231009.zip,True,,True,4a75d7e359bceaf73fa7e20e257eb409fb6a81fc7cda6bdef5377c92e090a890,32400000000000,85799001000000,09:00:00.000000000,23:49:59.001000000,53889,104224,15.066666666666666,ready,211.0
RTS,2023-10-10,1,C:\data_quote\data_finam_RTS_tick_zip\20231010.zip,True,,True,95dbfc735ab8972ba04d681952260a7a97a314932bce28fca2009201037946c3,32400000000000,85797008000000,09:00:00.000000000,23:49:57.008000000,34147,62453,15.066633333333334,ready,119.0
RTS,2023-10-11,2,C:\data_quote\data_finam_RTS_tick_zip\20231011.zip,True,,True,56d1b2d784da66abc023fefef800ea11e243b49ea933209dbdab469296d11b43,32400000000000,85799000000000,09:00:00.000000000,23:49:59.000000000,42991,78717,15.01665,ready,178.0
RTS,2023-10-12,3,C:\data_quote\data_finam_RTS_tick_zip\20231012.zip,True,,True,ee454d877f104dbd7d9101eb75fb014f2a5a47a55cccf0263006de7e21cf8827,32400000000000,85789001000000,09:00:00.000000000,23:49:49.001000000,37024,68472,15.05,ready,153.0
RTS,2023-10-13,4,C:\data_quote\data_finam_RTS_tick_zip\20231013.zip,True,,True,03b72dd49e4d248211ca2c7305f1c9982adeb341f2852c9f26d8a0599a9d7755,32400000000000,85799000000000,09:00:00.000000000,23:49:59.000000000,37146,66613,15.19985,ready,149.0
RTS,2023-10-16,0,C:\data_quote\data_finam_RTS_tick_zip\20231016.zip,True,,True,71d73b2d64b5467cd7cd79905ae8896289548fda5d5e6a5419dbd2f4632a7936,32400000000000,85799000000000,09:00:00.000000000,23:49:59.000000000,30459,58901,15.116433333333333,ready,118.0
RTS,2023-10-17,1,C:\data_quote\data_finam_RTS_tick_zip\20231017.zip,True,,True,91010447aeeaf854e5e159858acd00c273317d3d18b27ee2a203c3c800444da1,32400000000000,85797001000000,09:00:00.000000000,23:49:57.001000000,34505,59245,15.066650000000001,ready,102.0
RTS,2023-10-18,2,C:\data_quote\data_finam_RTS_tick_zip\20231018.zip,True,,True,5040244d1eb9684e341f6097418c3cf6805424fb60f6765010edd17d7e950026,32400000000000,85799000000000,09:00:00.000000000,23:49:59.000000000,42793,77148,15.066666666666666,ready,195.0
RTS,2023-10-19,3,C:\data_quote\data_finam_RTS_tick_zip\20231019.zip,True,,True,a17b603fc6fb991d24ce4557df7e8a8e8ad7838e79f54d6dd7b661404ae7dd8d,32400000000000,85793000000000,09:00:00.000000000,23:49:53.000000000,34084,59938,15.133333333333333,ready,141.0
RTS,2023-10-20,4,C:\data_quote\data_finam_RTS_tick_zip\20231020.zip,True,,True,4c4e18dd323202afc46f33f99284f42252aba4a18b3cb792c626711a59a33c6a,32400000000000,85793005000000,09:00:00.000000000,23:49:53.005000000,39747,72825,15.0333,ready,180.0
RTS,2023-10-23,0,C:\data_quote\data_finam_RTS_tick_zip\20231023.zip,True,,True,658ace958f081f13ba0e0dde742f2c368df3bf9fa07f9f53c4a7042a4b4b1fc2,32401000000000,85791000000000,09:00:01.000000000,23:49:51.000000000,34859,61907,15.033333333333333,ready,153.0
RTS,2023-10-24,1,C:\data_quote\data_finam_RTS_tick_zip\20231024.zip,True,,True,5cbd6f26c25b3e24568607475b24fa0d05348417d083d99192ddda65ab5d6879,32400000000000,85794000000000,09:00:00.000000000,23:49:54.000000000,33139,57107,15.416666666666666,ready,140.0
RTS,2023-10-25,2,C:\data_quote\data_finam_RTS_tick_zip\20231025.zip,True,,True,c5e3d861ccf55633aabed4c976d8b7b600c30cef46e4ee50834a5eb18fdd3cd9,32400000000000,85799001000000,09:00:00.000000000,23:49:59.001000000,39732,67251,15.016666666666667,ready,145.0
RTS,2023-10-26,3,C:\data_quote\data_finam_RTS_tick_zip\20231026.zip,True,,True,efc00f955042585a9ecf55cabb0ff10b5c9fe5889343dbce1724cb9625768906,32400000000000,85795000000000,09:00:00.000000000,23:49:55.000000000,51574,93349,15.0333,ready,214.0
RTS,2023-10-27,4,C:\data_quote\data_finam_RTS_tick_zip\20231027.zip,True,,True,34a14a07bf80308f1d1012efbcc2fd786970af7c6c39ae3ace25c463e729a6cd,32400000000000,85793002000000,09:00:00.000000000,23:49:53.002000000,51993,95797,15.149883333333333,ready,237.0
RTS,2023-10-30,0,C:\data_quote\data_finam_RTS_tick_zip\20231030.zip,True,,True,71aad98f53540eb05e14c6fbcff8fc04291a10f5d00531feab1e5bdb1e1c8005,32386000000000,85790000000000,08:59:46.000000000,23:49:50.000000000,37834,65409,15.083300000000001,ready,154.0
RTS,2023-10-31,1,C:\data_quote\data_finam_RTS_tick_zip\20231031.zip,True,,True,3d77a6aa118d68aa490f6c7e60d069228f1846d94ccf1b12e6777ac747ea6d56,32386000000000,85796002000000,08:59:46.000000000,23:49:56.002000000,51937,92460,15.033333333333333,ready,208.0
RTS,2023-11-01,2,C:\data_quote\data_finam_RTS_tick_zip\20231101.zip,True,,True,e4da3d8647bce7842f9a49c9864d0122bb58aac422649c9af79aa1077c5d138a,32359000000000,85799001000000,08:59:19.000000000,23:49:59.001000000,32833,61830,15.066633333333334,ready,157.0
RTS,2023-11-02,3,C:\data_quote\data_finam_RTS_tick_zip\20231102.zip,True,,True,e111651c2b9ff246c15271837306db370d58814322aa9474b6136af9ee287f45,32377000000000,85792000000000,08:59:37.000000000,23:49:52.000000000,32382,55649,15.0333,ready,143.0
RTS,2023-11-03,4,C:\data_quote\data_finam_RTS_tick_zip\20231103.zip,True,,True,01fd0f7ed41b2fb9d460fa1fe6e18930f5103ff0b09d83b726fe7620e4ba30f8,32359000000000,85799000000000,08:59:19.000000000,23:49:59.000000000,31406,55900,15.049983333333333,ready,146.0
RTS,2023-11-06,0,C:\data_quote\data_finam_RTS_tick_zip\20231106.zip,True,,True,3548a264fbb8577bf80d1a49c27ccdaf93d5ee225e90c041a326018909082ee9,32387000000000,85791000000000,08:59:47.000000000,23:49:51.000000000,23691,42119,15.016666666666667,ready,100.0
RTS,2023-11-07,1,C:\data_quote\data_finam_RTS_tick_zip\20231107.zip,True,,True,2b28b89f967cf25c4cfaf9c71fd9874df56aa56ae6527fa59913eb22d1b04171,32354000000000,85796000000000,08:59:14.000000000,23:49:56.000000000,28642,49518,15.049949999999999,ready,104.0
RTS,2023-11-08,2,C:\data_quote\data_finam_RTS_tick_zip\20231108.zip,True,,True,bcd27bae4bc3ec92798be4e4575b9eb53f69585634989bfec51507daa687caaf,32382000000000,85794000000000,08:59:42.000000000,23:49:54.000000000,35038,57551,15.066666666666666,ready,149.0
RTS,2023-11-09,3,C:\data_quote\data_finam_RTS_tick_zip\20231109.zip,True,,True,d2fc1bbe1fbf722721aa5877009f4bf3f5c6227a675d7eb6a13ed2a7d970a143,32357000000000,85794000000000,08:59:17.000000000,23:49:54.000000000,37513,64130,15.049966666666668,ready,194.0
RTS,2023-11-10,4,C:\data_quote\data_finam_RTS_tick_zip\20231110.zip,True,,True,f2ef0bd6e8182d4b1575e0d4726b93448074e1262b4fc0ca9e1017b14551e984,32351000000000,85798000000000,08:59:11.000000000,23:49:58.000000000,29116,50989,15.01665,ready,160.0
RTS,2023-11-13,0,C:\data_quote\data_finam_RTS_tick_zip\20231113.zip,True,,True,659387342e19f03fafd95678d04cfb0e72ab9a93ecd351ff778094080d452f95,32374000000000,85794001000000,08:59:34.000000000,23:49:54.001000000,34491,62570,15.016666666666667,ready,175.0
RTS,2023-11-14,1,C:\data_quote\data_finam_RTS_tick_zip\20231114.zip,True,,True,b71bacd4e09410d1aa3e04334a08242f9844299119afc69fb6c8a762f96bb19e,32386000000000,85794000000000,08:59:46.000000000,23:49:54.000000000,35832,63837,15.016666666666667,ready,193.0
RTS,2023-11-15,2,C:\data_quote\data_finam_RTS_tick_zip\20231115.zip,True,,True,60a7ae446a150484a4c25f1b48fbf8419e15900bde7262b0d37a06f4ecda3fa0,32358000000000,85787003000000,08:59:18.000000000,23:49:47.003000000,41354,72990,15.066650000000001,ready,204.0
RTS,2023-11-16,3,C:\data_quote\data_finam_RTS_tick_zip\20231116.zip,True,,True,4679c731ee6303b5eb2e9033334be66b3b61638b0df378730079a2ba8520c990,32389000000000,85799002000000,08:59:49.000000000,23:49:59.002000000,36874,65718,15.016666666666667,ready,173.0
RTS,2023-11-17,4,C:\data_quote\data_finam_RTS_tick_zip\20231117.zip,True,,True,ecc803fd5c14186d2f94aea0f733178cc013b45409b25f2a67d39530a5c90967,32366000000000,85796000000000,08:59:26.000000000,23:49:56.000000000,37383,63058,15.033333333333333,ready,172.0
RTS,2023-11-20,0,C:\data_quote\data_finam_RTS_tick_zip\20231120.zip,True,,True,cbfa52af0f193e9c15bdf61739e01f821d54111f510f088b63c2844b9d839221,32371000000000,85798000000000,08:59:31.000000000,23:49:58.000000000,38056,70575,15.166666666666666,ready,189.0
RTS,2023-11-21,1,C:\data_quote\data_finam_RTS_tick_zip\20231121.zip,True,,True,fe11682c703ed701c3b14bcda1ca39fe43eb1b4b68fa12cbafe7d26306063151,32369000000000,85765000000000,08:59:29.000000000,23:49:25.000000000,31740,54275,15.033283333333333,ready,148.0
RTS,2023-11-22,2,C:\data_quote\data_finam_RTS_tick_zip\20231122.zip,True,,True,1568245cf2b7fea7580cbe867b38ec66ed7ae51f88e97d67bbcb45df3ca05a58,32384000000000,85798004000000,08:59:44.000000000,23:49:58.004000000,32596,56242,15.016666666666667,ready,146.0
RTS,2023-11-23,3,C:\data_quote\data_finam_RTS_tick_zip\20231123.zip,True,,True,2ab5530af223505df226d44abd3a94829529d3c6dd279f2e7584bf509817b429,32381000000000,85794003000000,08:59:41.000000000,23:49:54.003000000,32037,52308,15.016666666666667,ready,124.0
RTS,2023-11-24,4,C:\data_quote\data_finam_RTS_tick_zip\20231124.zip,True,,True,9ee918cbd6212e0e1506d3f56ab3d4022d4e9dddc0d5d5fc72e4c2eac3cd04df,32345000000000,85799001000000,08:59:05.000000000,23:49:59.001000000,44326,79132,15.049966666666668,ready,253.0
RTS,2023-11-27,0,C:\data_quote\data_finam_RTS_tick_zip\20231127.zip,True,,True,b45af0dc9b7f53a4ab35aeef83210491fa0d73da31b72847074c4483814f47e0,32375000000000,85790017000000,08:59:35.000000000,23:49:50.017000000,39060,70841,15.05,ready,207.0
RTS,2023-11-28,1,C:\data_quote\data_finam_RTS_tick_zip\20231128.zip,True,,True,6303b450d28a0bd214b8eb8328635eda78197a82e199c315765e3a1841b9fae3,32389000000000,85799000000000,08:59:49.000000000,23:49:59.000000000,29945,51503,15.166666666666666,ready,125.0
RTS,2023-11-29,2,C:\data_quote\data_finam_RTS_tick_zip\20231129.zip,True,,True,ebda0af966ce421c4ff73dcf0a8bdefd7a591863f2dc504d1a5064ca56110ba7,32371000000000,85798001000000,08:59:31.000000000,23:49:58.001000000,39864,70978,15.049933333333334,ready,216.0
RTS,2023-11-30,3,C:\data_quote\data_finam_RTS_tick_zip\20231130.zip,True,,True,0ea553204ba77f41f6546f9a49254f9a7dc8beefa0aa7ded75acbb05329d8339,32363000000000,85789000000000,08:59:23.000000000,23:49:49.000000000,46871,82948,15.033333333333333,ready,227.0
RTS,2023-12-01,4,C:\data_quote\data_finam_RTS_tick_zip\20231201.zip,True,,True,ddf4773fedce7b904e2a9145ba17717b2b85f96ffc3d8cdb28679188097b1df2,32373000000000,85795001000000,08:59:33.000000000,23:49:55.001000000,36685,66070,15.066666666666666,ready,182.0
RTS,2023-12-04,0,C:\data_quote\data_finam_RTS_tick_zip\20231204.zip,True,,True,2575535077c1d74fa15574563cb944697865e9dc2f9bde533371898edfa40950,32357000000000,85793000000000,08:59:17.000000000,23:49:53.000000000,37617,73508,15.033316666666668,ready,225.0
RTS,2023-12-05,1,C:\data_quote\data_finam_RTS_tick_zip\20231205.zip,True,,True,00978c207fa2f5731195a745f236281c65250c2c6e704646059817c38fec6031,32363000000000,85788000000000,08:59:23.000000000,23:49:48.000000000,39228,76830,15.2,ready,202.0
RTS,2023-12-06,2,C:\data_quote\data_finam_RTS_tick_zip\20231206.zip,True,,True,a2d63edf39973c7851a74fc96adef2ee4c338fd729f0d943d7269fcf2e385c85,32380000000000,85799001000000,08:59:40.000000000,23:49:59.001000000,63640,125223,15.049966666666668,ready,316.0
RTS,2023-12-07,3,C:\data_quote\data_finam_RTS_tick_zip\20231207.zip,True,,True,3414faa08ca4c4099f62073d042a8b3bd3afe9ada1e78131c35e5c034f7443d8,32355000000000,85798000000000,08:59:15.000000000,23:49:58.000000000,47843,92497,15.049983333333333,ready,184.0
RTS,2023-12-08,4,C:\data_quote\data_finam_RTS_tick_zip\20231208.zip,True,,True,26ebb675017a7e8d4301f71b82516523aab1f643bbb6c676d6a0b547efa2cf73,32389000000000,85793000000000,08:59:49.000000000,23:49:53.000000000,39639,76935,15.049949999999999,ready,177.0
RTS,2023-12-11,0,C:\data_quote\data_finam_RTS_tick_zip\20231211.zip,True,,True,7b9c49d4d9f7920d177c0f09cb4738be6e7db26670115f739a40dba9b1a8dbed,32350000000000,85795000000000,08:59:10.000000000,23:49:55.000000000,49975,91539,15.016666666666667,ready,185.0
RTS,2023-12-12,1,C:\data_quote\data_finam_RTS_tick_zip\20231212.zip,True,,True,d8806e0e00c483aff320f072913d11985ddb3a8214d0fb024e4f64ea105785bf,32343000000000,85794000000000,08:59:03.000000000,23:49:54.000000000,47435,89329,15.016666666666667,ready,196.0
RTS,2023-12-13,2,C:\data_quote\data_finam_RTS_tick_zip\20231213.zip,True,,True,c2aeac200dda02e2aa726b7aaeb6c3b58e50cdabc7c9ecdea6a48538f4763c47,32373000000000,85790004000000,08:59:33.000000000,23:49:50.004000000,39660,73140,15.033333333333333,ready,165.0
RTS,2023-12-14,3,C:\data_quote\data_finam_RTS_tick_zip\20231214.zip,True,,True,93e043d6f9bea949e08c70a99ea141fe84fc817cba2359d9a5f0c7062212c52f,32342000000000,85796000000000,08:59:02.000000000,23:49:56.000000000,50200,95264,15.033333333333333,ready,238.0
RTS,2023-12-15,4,C:\data_quote\data_finam_RTS_tick_zip\20231215.zip,True,,True,e5448880bfd6ed9bd173b50e6fafa8a1347377671ab5ac704618e6a05bb4b5ac,32374000000000,85799002000000,08:59:34.000000000,23:49:59.002000000,51263,99291,15.0162,ready,228.0
RTS,2023-12-18,0,C:\data_quote\data_finam_RTS_tick_zip\20231218.zip,True,,True,2bdddb1c957f73bb1aa1209702a0740b2fcca87d35d410d8d113a77dbe3bdcf4,32343000000000,85797003000000,08:59:03.000000000,23:49:57.003000000,40921,75023,15.199966666666667,ready,150.0
RTS,2023-12-19,1,C:\data_quote\data_finam_RTS_tick_zip\20231219.zip,True,,True,b9eed8e4e90503deb63fe7cf7fe0799990e637b94d53027012e458c9f46b41f3,32344000000000,85798000000000,08:59:04.000000000,23:49:58.000000000,39338,70575,15.049949999999999,ready,152.0
RTS,2023-12-20,2,C:\data_quote\data_finam_RTS_tick_zip\20231220.zip,True,,True,db61b104f92d734a357c10782bad5be7b866af9c1d18ebd8e99a63002dcc854a,32410000000000,85783000000000,09:00:10.000000000,23:49:43.000000000,12308,17059,15.26665,ready,37.0
RTS,2023-12-21,3,C:\data_quote\data_finam_RTS_tick_zip\20231221.zip,True,,True,21d731a3fe2cc36a42941bf5ed5703d65408a7c56b1c6951ccef32975768c1d0,32359000000000,85799000000000,08:59:19.000000000,23:49:59.000000000,39409,64750,15.1166,ready,137.0
RTS,2023-12-22,4,C:\data_quote\data_finam_RTS_tick_zip\20231222.zip,True,,True,c47fd999006b2787cb57f7df0cf1bfae455bfd5b6c988c70f1fabab44dad759f,32345000000000,85798001000000,08:59:05.000000000,23:49:58.001000000,31060,53499,15.11665,ready,127.0
RTS,2023-12-25,0,C:\data_quote\data_finam_RTS_tick_zip\20231225.zip,True,,True,54ce80067a33c23f8e4a494b0198cb552d0f23a6af4bd994fcc1f0f77463059d,32379000000000,85799001000000,08:59:39.000000000,23:49:59.001000000,28028,49852,15.316616666666667,ready,112.0
RTS,2023-12-26,1,C:\data_quote\data_finam_RTS_tick_zip\20231226.zip,True,,True,434ce2551e004450d6bf8d7e5cf734bd3d822d7960a62cbf3e83462b663875a6,32384000000000,85795002000000,08:59:44.000000000,23:49:55.002000000,23701,43488,15.083300000000001,ready,93.0
RTS,2023-12-27,2,C:\data_quote\data_finam_RTS_tick_zip\20231227.zip,True,,True,3d74c2aa53bdff9bdcb42741ed25717d04c343a4f3d0ed2f7c744a80d50a7516,32347000000000,85795001000000,08:59:07.000000000,23:49:55.001000000,24440,44931,15.09995,ready,107.0
RTS,2023-12-28,3,C:\data_quote\data_finam_RTS_tick_zip\20231228.zip,True,,True,de4ba7c8f7ef24b63fca1ead40bbdb6081132f11f9d139fec69877543a219727,32376000000000,85786000000000,08:59:36.000000000,23:49:46.000000000,36461,68645,15.016666666666667,ready,187.0
RTS,2023-12-29,4,C:\data_quote\data_finam_RTS_tick_zip\20231229.zip,True,,True,a3866fb0eceb5736f744e9b102aa077f0941b44d7875d059e7a450727d18c5a2,32382000000000,85799000000000,08:59:42.000000000,23:49:59.000000000,23902,44147,15.049949999999999,ready,116.0
RTS,2024-01-03,2,C:\data_quote\data_finam_RTS_tick_zip\20240103.zip,True,,True,51f2577e98960749ae29e3bc58d0d9241e330a38d8a65ca0312c72d205f1c170,32353000000000,85799007000000,08:59:13.000000000,23:49:59.007000000,17373,31084,15.199983333333334,ready,76.0
RTS,2024-01-04,3,C:\data_quote\data_finam_RTS_tick_zip\20240104.zip,True,,True,46a0dc320506032f7937e8e642b3af0f0201589f2002ad516be0c961911b5ab3,32341000000000,85799000000000,08:59:01.000000000,23:49:59.000000000,19294,32626,15.016666666666667,ready,62.0
RTS,2024-01-05,4,C:\data_quote\data_finam_RTS_tick_zip\20240105.zip,True,,True,fad7ee60ab3876178000de83b5c1e8635fb1b2951e26cf310053037ad83a0436,32347000000000,85793000000000,08:59:07.000000000,23:49:53.000000000,13821,25493,15.033316666666668,ready,53.0
RTS,2024-01-08,0,C:\data_quote\data_finam_RTS_tick_zip\20240108.zip,True,,True,546bdcf70f0db64b2efaa54bedc6ba162fec13df04798fac1c6a1b582b74cc9e,32380000000000,85790002000000,08:59:40.000000000,23:49:50.002000000,24316,41844,15.199516666666666,ready,125.0
RTS,2024-01-09,1,C:\data_quote\data_finam_RTS_tick_zip\20240109.zip,True,,True,ab41643cee86dc7f33233c3cfa9fb1a777f8b4585f787d76e091b9502d550d18,32357000000000,85799000000000,08:59:17.000000000,23:49:59.000000000,27227,46167,15.033333333333333,ready,141.0
RTS,2024-01-10,2,C:\data_quote\data_finam_RTS_tick_zip\20240110.zip,True,,True,e28873fd8337c6a3c20b9e08e7b0c75d9214109f2c545897bb6225a005f02340,32372000000000,85795000000000,08:59:32.000000000,23:49:55.000000000,22157,36855,15.033316666666668,ready,114.0
RTS,2024-01-11,3,C:\data_quote\data_finam_RTS_tick_zip\20240111.zip,True,,True,7e036cadb4f274d18a45658b993e36763b9d4cbf59ee79b3a041b1028bd7fdad,32373000000000,85797001000000,08:59:33.000000000,23:49:57.001000000,26098,44484,15.049916666666666,ready,129.0
RTS,2024-01-12,4,C:\data_quote\data_finam_RTS_tick_zip\20240112.zip,True,,True,dd71fa435d982cc52a328b7b936b77106b7c5e99f851573ff5d210f69f9d9132,32357000000000,85797000000000,08:59:17.000000000,23:49:57.000000000,26575,45669,15.033333333333333,ready,162.0
RTS,2024-01-15,0,C:\data_quote\data_finam_RTS_tick_zip\20240115.zip,True,,True,833c1107db22391bbc4f5b0d43a07f256a1f5f3d29b7486720b84de57ea2ece3,32351000000000,85792000000000,08:59:11.000000000,23:49:52.000000000,28347,48680,15.016666666666667,ready,160.0
RTS,2024-01-16,1,C:\data_quote\data_finam_RTS_tick_zip\20240116.zip,True,,True,d706366e8bf3aef0603afd720860ef9fffe9c21f77c715a240fb682809233425,32366000000000,85796002000000,08:59:26.000000000,23:49:56.002000000,36379,62209,15.033316666666668,ready,228.0
RTS,2024-01-17,2,C:\data_quote\data_finam_RTS_tick_zip\20240117.zip,True,,True,0ed29ec2cd93308bc1c0f59c627f03207ec7de66421262fd6c0d3735c2e296d2,32388000000000,85799002000000,08:59:48.000000000,23:49:59.002000000,35070,62213,15.049966666666668,ready,252.0
RTS,2024-01-18,3,C:\data_quote\data_finam_RTS_tick_zip\20240118.zip,True,,True,59ad952ea59bb9563c689110ac8d7efeb1dffbe85b789b4a0105f7b48a478bb2,32385000000000,85798001000000,08:59:45.000000000,23:49:58.001000000,27381,47430,15.033316666666668,ready,173.0
RTS,2024-01-19,4,C:\data_quote\data_finam_RTS_tick_zip\20240119.zip,True,,True,bba41ec5b91b4583718b6cf10afd71af5494f1ad4d7343418d6cbfd31045ce54,32371000000000,85797004000000,08:59:31.000000000,23:49:57.004000000,24427,45503,15.033316666666668,ready,185.0
RTS,2024-01-22,0,C:\data_quote\data_finam_RTS_tick_zip\20240122.zip,True,,True,ec6f649f84699f819a54c6d9e757139c1b8759a96b318b71c109a7a8d65a9ba0,32384000000000,85795002000000,08:59:44.000000000,23:49:55.002000000,21844,38617,15.116616666666665,ready,141.0
RTS,2024-01-23,1,C:\data_quote\data_finam_RTS_tick_zip\20240123.zip,True,,True,c6de9bb8c84f326b471630bb75e63b8d6facf9c520b8d39c0bfe0cdd8e998828,32366000000000,85799001000000,08:59:26.000000000,23:49:59.001000000,27363,49357,15.033333333333333,ready,209.0
RTS,2024-01-24,2,C:\data_quote\data_finam_RTS_tick_zip\20240124.zip,True,,True,ee7c9b9060d114bdb70c96b5b14835bb825adda6e7306db9a0db29e0e4498a2a,32365000000000,85799001000000,08:59:25.000000000,23:49:59.001000000,28649,50604,15.033316666666668,ready,201.0
RTS,2024-01-25,3,C:\data_quote\data_finam_RTS_tick_zip\20240125.zip,True,,True,b3d8afb75fb100079d508489dae516be21e850485df1eb5e768a795b7d91ce88,32377000000000,85794000000000,08:59:37.000000000,23:49:54.000000000,29609,53217,15.083316666666667,ready,193.0
RTS,2024-01-26,4,C:\data_quote\data_finam_RTS_tick_zip\20240126.zip,True,,True,101a878728e5d1f6b4642c123c58fe7749d555dff0db336fddaacdcccb671ce8,32382000000000,85799000000000,08:59:42.000000000,23:49:59.000000000,24488,42414,15.116633333333334,ready,157.0
RTS,2024-01-29,0,C:\data_quote\data_finam_RTS_tick_zip\20240129.zip,True,,True,37f8831d8e8bf7c799863b1499d8d572cb966fb1bf012addf8caa18d830b13bf,32348000000000,85798002000000,08:59:08.000000000,23:49:58.002000000,30624,54357,15.033316666666668,ready,204.0
RTS,2024-01-30,1,C:\data_quote\data_finam_RTS_tick_zip\20240130.zip,True,,True,7768dd7408a30ee6fe741f7bfa97cbab07fa9e589503c1765da41929db82b2ab,32369000000000,85795001000000,08:59:29.000000000,23:49:55.001000000,23571,41219,15.049949999999999,ready,147.0
RTS,2024-01-31,2,C:\data_quote\data_finam_RTS_tick_zip\20240131.zip,True,,True,32716585cc382e256bf537d36837cb469f19fa62bfa884cbbd50e8905b97fc76,32360000000000,85799001000000,08:59:20.000000000,23:49:59.001000000,32654,59624,15.049983333333333,ready,235.0
RTS,2024-02-01,3,C:\data_quote\data_finam_RTS_tick_zip\20240201.zip,True,,True,d1742d366fcc5172118509dd86f750f607dfa1adf79ac6456bbf526ee199fed5,32343000000000,85793005000000,08:59:03.000000000,23:49:53.005000000,27685,50635,15.014066666666668,ready,212.0
RTS,2024-02-02,4,C:\data_quote\data_finam_RTS_tick_zip\20240202.zip,True,,True,998504093747e7ede9faf5a1e44737a40a2b0ccdb68b38c4d155485deed2ca59,32373000000000,85798000000000,08:59:33.000000000,23:49:58.000000000,28755,54699,15.1,ready,227.0
RTS,2024-02-05,0,C:\data_quote\data_finam_RTS_tick_zip\20240205.zip,True,,True,d01c7c2cb7d66dc772a2d6ba39f132dd2f087fa5faa7dd23133ec9a7251cbdf5,32384000000000,85797006000000,08:59:44.000000000,23:49:57.006000000,30895,59307,15.233333333333333,ready,247.0
RTS,2024-02-06,1,C:\data_quote\data_finam_RTS_tick_zip\20240206.zip,True,,True,f41e4a74cf0e382a0bb33981dd2323abd4746caba894fd68d9a242e5cdbb2d65,32390000000000,85787000000000,08:59:50.000000000,23:49:47.000000000,18428,32566,15.049966666666668,ready,101.0
RTS,2024-02-07,2,C:\data_quote\data_finam_RTS_tick_zip\20240207.zip,True,,True,64de2fb83b31dcc826b27f598587e8217746eed810492281c9cd6bc936eaa3e0,32400000000000,85796000000000,09:00:00.000000000,23:49:56.000000000,28418,51956,15.049983333333333,ready,202.0
RTS,2024-02-08,3,C:\data_quote\data_finam_RTS_tick_zip\20240208.zip,True,,True,b81a23211192e735b1e198a686733d928aeb5658ef4398a730d35b1ac5f0325f,32371000000000,85799001000000,08:59:31.000000000,23:49:59.001000000,30433,56226,15.133333333333333,ready,229.0
RTS,2024-02-09,4,C:\data_quote\data_finam_RTS_tick_zip\20240209.zip,True,,True,27ebb0e2d84ae0f6bb2ab9b064e99f4744054ec81f68faf617b86cf4e9f9710d,32372000000000,85797000000000,08:59:32.000000000,23:49:57.000000000,25226,46019,15.066566666666667,ready,164.0
RTS,2024-02-12,0,C:\data_quote\data_finam_RTS_tick_zip\20240212.zip,True,,True,39782bca837463e34b54d436e569654e1de219fb19919b19ad7c9f594f94322f,32342000000000,85799001000000,08:59:02.000000000,23:49:59.001000000,29250,55893,15.083316666666667,ready,193.0
RTS,2024-02-13,1,C:\data_quote\data_finam_RTS_tick_zip\20240213.zip,True,,True,6494ebc53e5e7a3bf9d2a4316ad992527b33e84fbbf3b124e3f9a71336efb879,32359000000000,85799003000000,08:59:19.000000000,23:49:59.003000000,28892,55727,15.05,ready,187.0
RTS,2024-02-14,2,C:\data_quote\data_finam_RTS_tick_zip\20240214.zip,True,,True,813c915fc53f2c58284f41c62a69db19dace5af9a3ac164b15d2b36f8ab518f6,32370000000000,85795001000000,08:59:30.000000000,23:49:55.001000000,27714,54000,15.033333333333333,ready,213.0
RTS,2024-02-15,3,C:\data_quote\data_finam_RTS_tick_zip\20240215.zip,True,,True,e3747b8625d1f2d97086e386b573c7d6bb815b7bdb870c0fdea42516799354d5,32413000000000,85799001000000,09:00:13.000000000,23:49:59.001000000,32264,64918,15.149983333333333,ready,240.0
RTS,2024-02-16,4,C:\data_quote\data_finam_RTS_tick_zip\20240216.zip,True,,True,c0fc6079d54454643e2107620755e87b7122de4c50005c7db69dcff6e86eb3d0,32386000000000,85798000000000,08:59:46.000000000,23:49:58.000000000,32453,69932,15.033333333333333,ready,292.0
RTS,2024-02-19,0,C:\data_quote\data_finam_RTS_tick_zip\20240219.zip,True,,True,9ef0cd45f5a37055f9f59dd02294a7c1470b4ebba61cbec1c5fcb6328b66b202,32346000000000,85794000000000,08:59:06.000000000,23:49:54.000000000,27284,56611,15.033333333333333,ready,238.0
RTS,2024-02-20,1,C:\data_quote\data_finam_RTS_tick_zip\20240220.zip,True,,True,4a7d65555f41de4691d12726d373c9332810d93477198387e22aac81d5b08315,32400000000000,85799000000000,09:00:00.000000000,23:49:59.000000000,34117,67407,15.066666666666666,ready,221.0
RTS,2024-02-21,2,C:\data_quote\data_finam_RTS_tick_zip\20240221.zip,True,,True,96fb8315f399fbedc3e7590da6a54fd4511841ea136bb57fa7e7db7dce6f7b29,32372000000000,85798000000000,08:59:32.000000000,23:49:58.000000000,47723,89843,15.049983333333333,ready,300.0
RTS,2024-02-22,3,C:\data_quote\data_finam_RTS_tick_zip\20240222.zip,True,,True,fdb231e8e5998178111409afb5c9a378c95d1160c81f5691d1f06317fa7d2f10,32377000000000,85795000000000,08:59:37.000000000,23:49:55.000000000,41702,78481,15.083333333333334,ready,243.0
RTS,2024-02-26,0,C:\data_quote\data_finam_RTS_tick_zip\20240226.zip,True,,True,ecb9da6ec1e707018a30d0b8dcacb8d8054273c449f07156e04c0d5840bffa71,32370000000000,85793000000000,08:59:30.000000000,23:49:53.000000000,39601,77921,15.166633333333333,ready,249.0
RTS,2024-02-27,1,C:\data_quote\data_finam_RTS_tick_zip\20240227.zip,True,,True,c324058b363922c2ab2eaf80e9226c16e678703597d80c87183d2090613e3b16,32390000000000,85788005000000,08:59:50.000000000,23:49:48.005000000,21865,41535,15.083333333333334,ready,129.0
RTS,2024-02-28,2,C:\data_quote\data_finam_RTS_tick_zip\20240228.zip,True,,True,9bd1f236d9c33675a2d7d9194a4927f4af93182e9db91ebc44b06f48886ecfea,32383000000000,85799001000000,08:59:43.000000000,23:49:59.001000000,34147,66153,15.16665,ready,206.0
RTS,2024-02-29,3,C:\data_quote\data_finam_RTS_tick_zip\20240229.zip,True,,True,c2b100afdaedc8f988a42fc7f8552fb4538f59e783865eff2c0921e6e382d526,32376000000000,85793031000000,08:59:36.000000000,23:49:53.031000000,32310,60278,15.083300000000001,ready,176.0
RTS,2024-03-01,4,C:\data_quote\data_finam_RTS_tick_zip\20240301.zip,True,,True,25cc8f3b92c5e4612c38b7c5d67684250de2b567c8c9788c72399e4fc4851d46,32367000000000,85798001000000,08:59:27.000000000,23:49:58.001000000,23611,40957,15.083300000000001,ready,128.0
RTS,2024-03-04,0,C:\data_quote\data_finam_RTS_tick_zip\20240304.zip,True,,True,6a40686413951a04ff6e866564806d712679f662ff4525064297f6d914f781cb,32357000000000,85797001000000,08:59:17.000000000,23:49:57.001000000,28544,53737,15.1,ready,144.0
RTS,2024-03-05,1,C:\data_quote\data_finam_RTS_tick_zip\20240305.zip,True,,True,3b0969cbaaa707df6566bb298aaee542661946127a183576d346320f077c58ed,32348000000000,85795001000000,08:59:08.000000000,23:49:55.001000000,25011,44477,15.05,ready,107.0
RTS,2024-03-06,2,C:\data_quote\data_finam_RTS_tick_zip\20240306.zip,True,,True,0a989b1c12c16ccf7df789d93034c2bc58456938ee1b413f7b221ad9bccd1946,32355000000000,85799000000000,08:59:15.000000000,23:49:59.000000000,31535,60341,15.133216666666668,ready,188.0
RTS,2024-03-07,3,C:\data_quote\data_finam_RTS_tick_zip\20240307.zip,True,,True,888cc90f41dd56765ea855940027dd93c6b7ea56792f885eb0cd9f2c5d8bb2af,32382000000000,85793013000000,08:59:42.000000000,23:49:53.013000000,26359,48360,15.449983333333334,ready,131.0
RTS,2024-03-11,0,C:\data_quote\data_finam_RTS_tick_zip\20240311.zip,True,,True,2630628236e47feb8ba53d421e6029c4cd193785db11f736392dcfb1179cd9bb,32358000000000,85799000000000,08:59:18.000000000,23:49:59.000000000,26563,53105,15.166633333333333,ready,150.0
RTS,2024-03-12,1,C:\data_quote\data_finam_RTS_tick_zip\20240312.zip,True,,True,d0af3b846a5c2093003ccc9b86598630ccb7aea2f4ce3ec42f9c761883044758,32348000000000,85799001000000,08:59:08.000000000,23:49:59.001000000,33364,69914,15.05,ready,228.0
RTS,2024-03-13,2,C:\data_quote\data_finam_RTS_tick_zip\20240313.zip,True,,True,27bbf562af07b7f899b7b334f172bead64636356d86bc9b3d100c9823c20abc8,32389000000000,85794003000000,08:59:49.000000000,23:49:54.003000000,35894,71266,15.066666666666666,ready,226.0
RTS,2024-03-14,3,C:\data_quote\data_finam_RTS_tick_zip\20240314.zip,True,,True,c2bd715d64b8cd5de530989b838dd9a7fea74d114ebd8d576e1e55b8d42660d5,32352000000000,85794000000000,08:59:12.000000000,23:49:54.000000000,36640,73134,15.033316666666668,ready,221.0
RTS,2024-03-15,4,C:\data_quote\data_finam_RTS_tick_zip\20240315.zip,True,,True,ea79c1f08d4c38ed76df4f27e413c59ca995131b1c0c694241963b5494eddb64,32362000000000,85794000000000,08:59:22.000000000,23:49:54.000000000,33665,69543,15.016666666666667,ready,198.0
RTS,2024-03-18,0,C:\data_quote\data_finam_RTS_tick_zip\20240318.zip,True,,True,daea85c7d76e3985d245977484e6b969bfd211980d1e0b2c5f3a61f8c761e248,32374000000000,85799000000000,08:59:34.000000000,23:49:59.000000000,25662,53227,15.016483333333333,ready,136.0
RTS,2024-03-19,1,C:\data_quote\data_finam_RTS_tick_zip\20240319.zip,True,,True,835fce13f67641fc88207162059b0e2e57e186a8a83c59ab986871ffba6e53f9,32388000000000,85796001000000,08:59:48.000000000,23:49:56.001000000,36581,73937,15.083333333333334,ready,205.0
RTS,2024-03-20,2,C:\data_quote\data_finam_RTS_tick_zip\20240320.zip,True,,True,12a91122bd44c7fa2357df23a32100e7285d1ee597eca18a693b6307cbb3525f,32406000000000,85793027000000,09:00:06.000000000,23:49:53.027000000,18850,29249,15.015733333333333,ready,68.0
RTS,2024-03-21,3,C:\data_quote\data_finam_RTS_tick_zip\20240321.zip,True,,True,cb2f218c3e2e693c6e2122d0d94539c46a7298a2a8cb7e1ab5fc8aa6c01c358b,32367000000000,85792001000000,08:59:27.000000000,23:49:52.001000000,33772,68316,15.066633333333334,ready,206.0
RTS,2024-03-22,4,C:\data_quote\data_finam_RTS_tick_zip\20240322.zip,True,,True,de28387a2db407cdb73760c8db54eaf6e9d14285515e326a882b0e6cbc2bf8d6,32376000000000,85799003000000,08:59:36.000000000,23:49:59.003000000,51575,98013,15.183183333333334,ready,291.0
RTS,2024-03-25,0,C:\data_quote\data_finam_RTS_tick_zip\20240325.zip,True,,True,7d320248c44f417fa933efe23ed859d68d199d74ffc4980c0721f36be958fa0d,32385000000000,85799005000000,08:59:45.000000000,23:49:59.005000000,39888,76397,15.0331,ready,200.0
RTS,2024-03-26,1,C:\data_quote\data_finam_RTS_tick_zip\20240326.zip,True,,True,2d091823d1a56f34fcb5e70f1235ad44a91bc39c3b1db528c09d266c680f9a1b,32373000000000,85796000000000,08:59:33.000000000,23:49:56.000000000,25141,47527,15.166516666666666,ready,139.0
RTS,2024-03-27,2,C:\data_quote\data_finam_RTS_tick_zip\20240327.zip,True,,True,a26ad98797f8b21d1efcd838b174be2a84da9435d3768b71f8159b7e9ba16c56,32342000000000,85796000000000,08:59:02.000000000,23:49:56.000000000,32291,64362,15.066566666666667,ready,187.0
RTS,2024-03-28,3,C:\data_quote\data_finam_RTS_tick_zip\20240328.zip,True,,True,60f409c914664dc9d8b2f33313762bdff55c8e97095d20c05ab64b310ccf5e98,32380000000000,85787001000000,08:59:40.000000000,23:49:47.001000000,24817,46119,15.283333333333333,ready,113.0
RTS,2024-03-29,4,C:\data_quote\data_finam_RTS_tick_zip\20240329.zip,True,,True,4fbbf945ee79eeb8081e2574a950d88be1e241ada70cbd867359d709abd79c31,32400000000000,85799000000000,09:00:00.000000000,23:49:59.000000000,25276,48534,15.0333,ready,143.0
RTS,2024-04-01,0,C:\data_quote\data_finam_RTS_tick_zip\20240401.zip,True,,True,0f4b36e1678bf59cde6d0e19d90ada04353d41340f66c72033949fc2e62bc019,32372000000000,85789000000000,08:59:32.000000000,23:49:49.000000000,23847,46810,15.016666666666667,ready,136.0
RTS,2024-04-02,1,C:\data_quote\data_finam_RTS_tick_zip\20240402.zip,True,,True,b9ce65ce8780dde32560feb31f7e270fe0e4888456b8d52c1900492dc6724a90,32343000000000,85795000000000,08:59:03.000000000,23:49:55.000000000,22849,44064,15.033333333333333,ready,129.0
RTS,2024-04-03,2,C:\data_quote\data_finam_RTS_tick_zip\20240403.zip,True,,True,12808a7ea41f81410b229bb3ea69243e9e4b9ceab46c026c75f991f0f61244f7,32390000000000,85796000000000,08:59:50.000000000,23:49:56.000000000,23627,47863,15.266666666666667,ready,136.0
RTS,2024-04-04,3,C:\data_quote\data_finam_RTS_tick_zip\20240404.zip,True,,True,7cb097f3108995e241c09192ed1b3f5cff165c99854f97c789c84f4e9ad700bf,32374000000000,85798002000000,08:59:34.000000000,23:49:58.002000000,23562,46757,15.133316666666667,ready,118.0
RTS,2024-04-05,4,C:\data_quote\data_finam_RTS_tick_zip\20240405.zip,True,,True,c66998878bf6c6649fdd55cfea6656667cc96811aa443a859fec2f8fe8720173,32354000000000,85781002000000,08:59:14.000000000,23:49:41.002000000,23352,46363,15.049800000000001,ready,141.0
RTS,2024-04-08,0,C:\data_quote\data_finam_RTS_tick_zip\20240408.zip,True,,True,e00dbeff29f9dea9971c687597dc5306f2f93871812033ebd15a81397fb07519,32373000000000,85799000000000,08:59:33.000000000,23:49:59.000000000,21560,41042,15.25,ready,110.0
RTS,2024-04-09,1,C:\data_quote\data_finam_RTS_tick_zip\20240409.zip,True,,True,f890ef9894e9a14a619d06acdc67a96d8e38e4a744794f9242049404b0aa147a,32367000000000,85798002000000,08:59:27.000000000,23:49:58.002000000,29301,58480,15.083116666666665,ready,197.0
RTS,2024-04-10,2,C:\data_quote\data_finam_RTS_tick_zip\20240410.zip,True,,True,40d7969110fe08b7a7e611cc00d3ee3d3900e7f77078b8563bc5e776d100606c,32376000000000,85790000000000,08:59:36.000000000,23:49:50.000000000,32101,66145,15.183333333333334,ready,225.0
RTS,2024-04-11,3,C:\data_quote\data_finam_RTS_tick_zip\20240411.zip,True,,True,dab2867f48a8a4ef1197ac933b875b087f2ff51aaf3a8e57826a2ce5c825b3c3,32346000000000,85798000000000,08:59:06.000000000,23:49:58.000000000,25555,48466,15.11665,ready,149.0
RTS,2024-04-12,4,C:\data_quote\data_finam_RTS_tick_zip\20240412.zip,True,,True,c0cd8f1d6784f3747b0553e8199d2466ac2048b46f573fc441e9980003fd7baf,32352000000000,85796000000000,08:59:12.000000000,23:49:56.000000000,27528,51999,15.066266666666667,ready,159.0
RTS,2024-04-15,0,C:\data_quote\data_finam_RTS_tick_zip\20240415.zip,True,,True,f6e037de1f1e5de68600a1b7b893ee91105d83d754953f720105aa9297669ea6,32387000000000,85798000000000,08:59:47.000000000,23:49:58.000000000,22604,44081,15.083300000000001,ready,134.0
RTS,2024-04-16,1,C:\data_quote\data_finam_RTS_tick_zip\20240416.zip,True,,True,1d426a8065cd190a41e89b51ecff3db3d677986942d3e42131a238390d54f16a,32353000000000,85798000000000,08:59:13.000000000,23:49:58.000000000,29687,57676,15.116666666666667,ready,210.0
RTS,2024-04-17,2,C:\data_quote\data_finam_RTS_tick_zip\20240417.zip,True,,True,0765a33775df215f147e047456662fbf341aaa6c6809d7501d2d8fc23fb80224,32342000000000,85790000000000,08:59:02.000000000,23:49:50.000000000,29660,56050,15.033333333333333,ready,193.0
RTS,2024-04-18,3,C:\data_quote\data_finam_RTS_tick_zip\20240418.zip,True,,True,8533fd1265092ec28351e56164a2d8d262a04d68f9869bdcf00fa7e150c500dc,32385000000000,85797002000000,08:59:45.000000000,23:49:57.002000000,29184,58203,15.066650000000001,ready,198.0
RTS,2024-04-19,4,C:\data_quote\data_finam_RTS_tick_zip\20240419.zip,True,,True,5ea4cdb2003bdc4b4b78bd9577cca2f4c8c0134c9bd627f0968d9507d9c449e2,32356000000000,85792001000000,08:59:16.000000000,23:49:52.001000000,31389,59846,15.2166,ready,164.0
RTS,2024-04-22,0,C:\data_quote\data_finam_RTS_tick_zip\20240422.zip,True,,True,62eb2ce78b149641ca48aab41c3b54b0eb5c5053420350994a82b9b02e0af2ae,32347000000000,85791020000000,08:59:07.000000000,23:49:51.020000000,24010,44752,15.016666666666667,ready,136.0
RTS,2024-04-23,1,C:\data_quote\data_finam_RTS_tick_zip\20240423.zip,True,,True,06962bd7e3f67258649cd2f38cfd07de145618fe1c128c14082722b2a3a3170b,32362000000000,85799001000000,08:59:22.000000000,23:49:59.001000000,37731,73905,15.066666666666666,ready,275.0
RTS,2024-04-24,2,C:\data_quote\data_finam_RTS_tick_zip\20240424.zip,True,,True,40cf1b8f875800eb60664429e400d58b3dff0039f9a03288608b21dd07a76b8c,32366000000000,85786004000000,08:59:26.000000000,23:49:46.004000000,39120,65540,15.066666666666666,ready,171.0
RTS,2024-04-25,3,C:\data_quote\data_finam_RTS_tick_zip\20240425.zip,True,,True,7d7b5eb7c82f36c8e47cdd33fe372bdbbfb3d3e205e36d2a9c347a1ade67e3a6,32345000000000,85799001000000,08:59:05.000000000,23:49:59.001000000,36290,65654,15.033283333333333,ready,206.0
RTS,2024-04-26,4,C:\data_quote\data_finam_RTS_tick_zip\20240426.zip,True,,True,6c67b75ef7f944b95ed92059b608965e1584d515fa0d31e52d42dce06ec24002,32381000000000,85799002000000,08:59:41.000000000,23:49:59.002000000,38751,69984,15.049983333333333,ready,218.0
RTS,2024-04-27,5,C:\data_quote\data_finam_RTS_tick_zip\20240427.zip,True,,True,02db59370109d069f207341661ee513cc161743ae4a35d2f598a4bd92dc14dd4,32366000000000,85795000000000,08:59:26.000000000,23:49:55.000000000,12092,22065,15.083333333333334,ready,50.0
RTS,2024-04-29,0,C:\data_quote\data_finam_RTS_tick_zip\20240429.zip,True,,True,ce97ccf0db688e4cea1c57f5a521c88f0721b5fc481fdd11025a4147a0027771,32376000000000,85794000000000,08:59:36.000000000,23:49:54.000000000,18304,32374,15.033333333333333,ready,94.0
RTS,2024-04-30,1,C:\data_quote\data_finam_RTS_tick_zip\20240430.zip,True,,True,3e6a966515dd2d0a2080c980c762ad0426d4ba591ddd19296c2f33653b806415,32374000000000,85797000000000,08:59:34.000000000,23:49:57.000000000,18010,30009,15.183316666666666,ready,77.0
RTS,2024-05-02,3,C:\data_quote\data_finam_RTS_tick_zip\20240502.zip,True,,True,77b17c6a4940ef5fbc953e1ec1e096f2a139a53989992c9c8d6364f9f94f6063,32341000000000,85799022000000,08:59:01.000000000,23:49:59.022000000,29081,52988,15.216666666666667,ready,173.0
RTS,2024-05-03,4,C:\data_quote\data_finam_RTS_tick_zip\20240503.zip,True,,True,51761d6ff787f857377c3f66cb31516d84ae8dd10bbe80a29e56898e1052abe9,32354000000000,85796013000000,08:59:14.000000000,23:49:56.013000000,21041,37029,15.05,ready,102.0
RTS,2024-05-06,0,C:\data_quote\data_finam_RTS_tick_zip\20240506.zip,True,,True,e4fbb9bf4ac086f0aa35867fde4768d3c7a23446c95e790991d450319b6b4791,32357000000000,85796000000000,08:59:17.000000000,23:49:56.000000000,32753,60095,15.066666666666666,ready,209.0
RTS,2024-05-07,1,C:\data_quote\data_finam_RTS_tick_zip\20240507.zip,True,,True,6df40d8c1ebe19012e4bdcb4231963339564aa7f1ea93b51b36f07a4d8b9438c,32389000000000,85797000000000,08:59:49.000000000,23:49:57.000000000,29754,53518,15.066650000000001,ready,188.0
RTS,2024-05-08,2,C:\data_quote\data_finam_RTS_tick_zip\20240508.zip,True,,True,b295f00bcfc76be98e222f7b272b095b1d3a464444c76250aa41a180bb601fee,32342000000000,85795000000000,08:59:02.000000000,23:49:55.000000000,21521,38817,15.066633333333334,ready,121.0
RTS,2024-05-10,4,C:\data_quote\data_finam_RTS_tick_zip\20240510.zip,True,,True,3c02d42b2fe6c9944355480332441265b4a7309c8de205380f8da9f444da4e59,32359000000000,85799001000000,08:59:19.000000000,23:49:59.001000000,15368,29661,15.05,ready,95.0
RTS,2024-05-13,0,C:\data_quote\data_finam_RTS_tick_zip\20240513.zip,True,,True,62e80a9eece8dd5ac2f8e7c0d13cae7c36f8df3589d4cd651033892e398c015c,32377000000000,85798000000000,08:59:37.000000000,23:49:58.000000000,27297,53279,15.066650000000001,ready,180.0
RTS,2024-05-14,1,C:\data_quote\data_finam_RTS_tick_zip\20240514.zip,True,,True,3a39897e99466946c7d58b05fb7ea1479f8887dd5eef8785d393c250bcc456d9,32387000000000,85797000000000,08:59:47.000000000,23:49:57.000000000,22573,38491,15.066466666666667,ready,109.0
RTS,2024-05-15,2,C:\data_quote\data_finam_RTS_tick_zip\20240515.zip,True,,True,c248d5cb172077efdce11345d63592fe5707f7337a39458657a46d3bc99735ee,32342000000000,85795001000000,08:59:02.000000000,23:49:55.001000000,27641,50858,15.149983333333333,ready,149.0
RTS,2024-05-16,3,C:\data_quote\data_finam_RTS_tick_zip\20240516.zip,True,,True,e85697b4a306ad8de478f1bebf55c561f90cec7c6a3df04445059f2e3d46076c,32364000000000,85796000000000,08:59:24.000000000,23:49:56.000000000,28205,48350,15.033333333333333,ready,109.0
RTS,2024-05-17,4,C:\data_quote\data_finam_RTS_tick_zip\20240517.zip,True,,True,0fc63ab5d71e737b7ec3e69f5baa3dc7a693b68858f92fc4a211e98c1ca2c3bd,32379000000000,85799001000000,08:59:39.000000000,23:49:59.001000000,50050,91239,15.133000000000001,ready,200.0
RTS,2024-05-20,0,C:\data_quote\data_finam_RTS_tick_zip\20240520.zip,True,,True,89584a167a7195211d43386a949c9f4fa80baf570cbced31b07bc9609b2ad3c4,32380000000000,85799000000000,08:59:40.000000000,23:49:59.000000000,49878,98556,15.066666666666666,ready,329.0
RTS,2024-05-21,1,C:\data_quote\data_finam_RTS_tick_zip\20240521.zip,True,,True,7942df045765586d892025447ff23f5e237bd7f95eadd87665bbb90fa38dc37f,32363000000000,85799000000000,08:59:23.000000000,23:49:59.000000000,43600,87385,15.099983333333334,ready,309.0
RTS,2024-05-22,2,C:\data_quote\data_finam_RTS_tick_zip\20240522.zip,True,,True,77cf6a0a0a2771ca75bab63239d4f8f2d1d613efb06bf38916f5250dd5ffe698,32365000000000,85797005000000,08:59:25.000000000,23:49:57.005000000,24124,45721,15.166266666666667,ready,130.0
RTS,2024-05-23,3,C:\data_quote\data_finam_RTS_tick_zip\20240523.zip,True,,True,956ddd95f7dedf52104bda8ebcfd2cea17fb4f726b6968d7dd657c0532973069,32353000000000,85797001000000,08:59:13.000000000,23:49:57.001000000,30434,63368,15.099933333333333,ready,229.0
RTS,2024-05-24,4,C:\data_quote\data_finam_RTS_tick_zip\20240524.zip,True,,True,46a89007debb87f4f824232fac502d438a570a8da5400f580b701ae84bc4c542,32351000000000,85794000000000,08:59:11.000000000,23:49:54.000000000,47727,99150,15.2,ready,324.0
RTS,2024-05-27,0,C:\data_quote\data_finam_RTS_tick_zip\20240527.zip,True,,True,cf05a646eff88507aef729271e828baf752f3dcbf78509d41b1628a8c4141623,32351000000000,85796000000000,08:59:11.000000000,23:49:56.000000000,38531,81652,15.166533333333332,ready,271.0
RTS,2024-05-28,1,C:\data_quote\data_finam_RTS_tick_zip\20240528.zip,True,,True,7437489435aacaf7347d79fe0444efe750f050ba7013c86403e17b30066308cf,32345000000000,85796000000000,08:59:05.000000000,23:49:56.000000000,43558,94981,15.033333333333333,ready,337.0
RTS,2024-05-29,2,C:\data_quote\data_finam_RTS_tick_zip\20240529.zip,True,,True,32909cd626d75675b9bda68209e58ca05cbb06554365ff32bb742e1b2b1bb2ac,32350000000000,85798000000000,08:59:10.000000000,23:49:58.000000000,39457,82309,15.0666,ready,246.0
RTS,2024-05-30,3,C:\data_quote\data_finam_RTS_tick_zip\20240530.zip,True,,True,a3c188d1dc94d6a8a91a0cb028787c2e8ce7c6024c1897de7482c14357a89faf,32352000000000,85797002000000,08:59:12.000000000,23:49:57.002000000,47223,104067,15.049966666666668,ready,350.0
RTS,2024-05-31,4,C:\data_quote\data_finam_RTS_tick_zip\20240531.zip,True,,True,f533ae431479c2c6bbc8ce45e51087f26f93ab68a769816c439c888657344f5f,32375000000000,85798008000000,08:59:35.000000000,23:49:58.008000000,55708,110732,15.083333333333334,ready,287.0
RTS,2024-06-03,0,C:\data_quote\data_finam_RTS_tick_zip\20240603.zip,True,,True,6d707ce4ca445e9dbca7cf2e6ebbd6d95f64a72870e959ddce6d594168bd5978,32348000000000,85793015000000,08:59:08.000000000,23:49:53.015000000,92841,182482,15.066666666666666,ready,352.0
RTS,2024-06-04,1,C:\data_quote\data_finam_RTS_tick_zip\20240604.zip,True,,True,fedf10b0b218aac94b4b2dafb5da8ff28bc272fb0093cf701f9ec9f134471a12,32346000000000,85799000000000,08:59:06.000000000,23:49:59.000000000,45426,90593,15.049966666666668,ready,212.0
RTS,2024-06-05,2,C:\data_quote\data_finam_RTS_tick_zip\20240605.zip,True,,True,abcc41c36a7c9448c75a70194f40a4bc78bff7d40941b41fae7eaf69b074cbc5,32356000000000,85799003000000,08:59:16.000000000,23:49:59.003000000,59685,105135,15.633333333333333,ready,198.0
RTS,2024-06-06,3,C:\data_quote\data_finam_RTS_tick_zip\20240606.zip,True,,True,21b7ab055b707e43916c679cf709de5479ec5f86c5e41090a0c8e4c03ef17d19,32357000000000,85798000000000,08:59:17.000000000,23:49:58.000000000,54194,100711,15.016633333333335,ready,203.0
RTS,2024-06-07,4,C:\data_quote\data_finam_RTS_tick_zip\20240607.zip,True,,True,b4f6a3f1d7f966f7489c60df12beeff02cadb93a10afa6482dceaf340b54895e,32389000000000,85797000000000,08:59:49.000000000,23:49:57.000000000,57105,112024,15.033333333333333,ready,243.0
RTS,2024-06-10,0,C:\data_quote\data_finam_RTS_tick_zip\20240610.zip,True,,True,38efe5d5b13894aabfceec838c720435fa1cbbc31ae0148229c26a17562844b6,32387000000000,85799000000000,08:59:47.000000000,23:49:59.000000000,44489,85886,15.033316666666668,ready,152.0
RTS,2024-06-11,1,C:\data_quote\data_finam_RTS_tick_zip\20240611.zip,True,,True,57b8c250cff3695cabe8c40e64f22f66726b3e49d24c3ec3e9c24b19eebad35c,32400000000000,85781002000000,09:00:00.000000000,23:49:41.002000000,55810,106411,15.066666666666666,ready,181.0
RTS,2024-06-13,3,C:\data_quote\data_finam_RTS_tick_zip\20240613.zip,True,,True,6efe601e4bf3be7edddac240cfe4134f11608d5680cf682bc02fec5eb5a80728,35977000000000,85799000000000,09:59:37.000000000,23:49:59.000000000,37626,71302,15.0333,ready,135.0
RTS,2024-06-14,4,C:\data_quote\data_finam_RTS_tick_zip\20240614.zip,True,,True,c8ee516eee02d059f10a78798ad972544e14629e638c55b88cd1c878372ec5f0,35968000000000,85796003000000,09:59:28.000000000,23:49:56.003000000,40656,68502,15.199966666666667,ready,108.0
RTS,2024-06-17,0,C:\data_quote\data_finam_RTS_tick_zip\20240617.zip,True,,True,f622f18c2cdf13074b7516b95b76c6e47cbdc4c9a053e5699f14dc4c0c660e81,35948000000000,85752001000000,09:59:08.000000000,23:49:12.001000000,27886,51605,15.333316666666667,ready,94.0
RTS,2024-06-18,1,C:\data_quote\data_finam_RTS_tick_zip\20240618.zip,True,,True,0cfd0b9546b7117067626857bf1489fce231918adc9b253a3087de402462fdd3,35949000000000,85797000000000,09:59:09.000000000,23:49:57.000000000,29908,58805,15.1,ready,122.0
RTS,2024-06-19,2,C:\data_quote\data_finam_RTS_tick_zip\20240619.zip,True,,True,14140feca16cb02c22dd69cd1f0840b5a63243a74c2c78370eca7c2a1a234d24,35977000000000,85793000000000,09:59:37.000000000,23:49:53.000000000,23969,38070,15.3,ready,78.0
RTS,2024-06-20,3,C:\data_quote\data_finam_RTS_tick_zip\20240620.zip,True,,True,8a066a99509428c63dd2d95a78f37809a6ef976f88c825d3079f9cbc6ea1e01f,35963000000000,85795000000000,09:59:23.000000000,23:49:55.000000000,55480,86400,15.15,ready,163.0
RTS,2024-06-21,4,C:\data_quote\data_finam_RTS_tick_zip\20240621.zip,True,,True,076d86698c49b246eeb3b70ec9e505f4778baac3e8a2f3f859ae4b4aa334d82a,35954000000000,85788029000000,09:59:14.000000000,23:49:48.029000000,41316,66820,15.316666666666666,ready,112.0
RTS,2024-06-24,0,C:\data_quote\data_finam_RTS_tick_zip\20240624.zip,True,,True,0d2381597d8d9410b623207c4481f93bf47fd5908dae92ef1317c35ed88c3616,35978000000000,85796000000000,09:59:38.000000000,23:49:56.000000000,27536,53271,15.016666666666667,ready,98.0
RTS,2024-06-25,1,C:\data_quote\data_finam_RTS_tick_zip\20240625.zip,True,,True,f5fb3d338e2dd49e458f8d306c1c7ade41645c06ccbc7c69c776c1654b95827c,35963000000000,85799000000000,09:59:23.000000000,23:49:59.000000000,31447,57164,15.066650000000001,ready,129.0
RTS,2024-06-26,2,C:\data_quote\data_finam_RTS_tick_zip\20240626.zip,True,,True,98404c3e7a112ae7881f0399706acef8b7ce64af270ff6b41a2a7dba91d86e77,35962000000000,85798000000000,09:59:22.000000000,23:49:58.000000000,37345,67849,15.099966666666667,ready,129.0
RTS,2024-06-27,3,C:\data_quote\data_finam_RTS_tick_zip\20240627.zip,True,,True,408da659b63addf0408107ab0045268bcd4c8088922cc87ceb30a364ff691668,35950000000000,85790000000000,09:59:10.000000000,23:49:50.000000000,32271,57562,15.049966666666668,ready,90.0
RTS,2024-06-28,4,C:\data_quote\data_finam_RTS_tick_zip\20240628.zip,True,,True,617bbb9981db1367363e23c1a81ee1af3bb8f1918dc097f6d2aff931ce16c28d,35948000000000,85790013000000,09:59:08.000000000,23:49:50.013000000,27258,48580,15.033316666666668,ready,73.0
RTS,2024-07-01,0,C:\data_quote\data_finam_RTS_tick_zip\20240701.zip,True,,True,fb0174a86db7ca4349e8cc2c7d1eb6d0e8f802e192eefb34c80fc0b4167b2219,36000000000000,85799000000000,10:00:00.000000000,23:49:59.000000000,25758,47733,15.099933333333333,ready,107.0
RTS,2024-07-02,1,C:\data_quote\data_finam_RTS_tick_zip\20240702.zip,True,,True,ff3e9f323358c3d55b7533606766264123dc8c0125a806629cddaaf5153bcbcd,35954000000000,85792006000000,09:59:14.000000000,23:49:52.006000000,24056,43864,15.066633333333334,ready,96.0
RTS,2024-07-03,2,C:\data_quote\data_finam_RTS_tick_zip\20240703.zip,True,,True,3e4640e2efd48b5e48414a7acbe24a26ed8907fec179b975125729aad6249c40,35941000000000,85795000000000,09:59:01.000000000,23:49:55.000000000,29083,52283,15.033166666666666,ready,136.0
RTS,2024-07-04,3,C:\data_quote\data_finam_RTS_tick_zip\20240704.zip,True,,True,5947aa39bb6e531247c50955192538e3c624a30757b5e5dfed85db97b609d4b6,35968000000000,85795000000000,09:59:28.000000000,23:49:55.000000000,40120,71975,15.1,ready,150.0
RTS,2024-07-05,4,C:\data_quote\data_finam_RTS_tick_zip\20240705.zip,True,,True,7bf58a37b1a9b3487d53279ff64063bbb5534f71ef72552513f4e144f279911c,35952000000000,85792004000000,09:59:12.000000000,23:49:52.004000000,41573,78661,15.049966666666668,ready,178.0
RTS,2024-07-08,0,C:\data_quote\data_finam_RTS_tick_zip\20240708.zip,True,,True,ea349575a300389840e3561bfd500309c18cc455e80dc024aaa6953114b85db9,35961000000000,85793004000000,09:59:21.000000000,23:49:53.004000000,28100,51387,15.183316666666666,ready,123.0
RTS,2024-07-09,1,C:\data_quote\data_finam_RTS_tick_zip\20240709.zip,True,,True,4a5b893beb3422d63f3d7b89d1fce9ce5d6c83ca39570e53542c6aea4d9e8b7a,35956000000000,85796000000000,09:59:16.000000000,23:49:56.000000000,33865,63507,15.11665,ready,155.0
RTS,2024-07-10,2,C:\data_quote\data_finam_RTS_tick_zip\20240710.zip,True,,True,50f7e8d3069b48194330cab109e9e0b2052db48ec02b36bd40b897164664d6f0,35945000000000,85799001000000,09:59:05.000000000,23:49:59.001000000,53919,104917,15.099983333333334,ready,266.0
RTS,2024-07-11,3,C:\data_quote\data_finam_RTS_tick_zip\20240711.zip,True,,True,ce6310d4ff2973d773151aae1535c984370c2be57ae41f7615196063cad96d4d,35951000000000,85798000000000,09:59:11.000000000,23:49:58.000000000,48492,102885,15.033216666666668,ready,269.0
RTS,2024-07-12,4,C:\data_quote\data_finam_RTS_tick_zip\20240712.zip,True,,True,3fa7eef03f66ab0fbde361b2b95a30ac7a06bd955be05a4f68811dee94a1be52,35953000000000,85797001000000,09:59:13.000000000,23:49:57.001000000,47948,99323,15.05,ready,265.0
RTS,2024-07-15,0,C:\data_quote\data_finam_RTS_tick_zip\20240715.zip,True,,True,6675c1880bf38d453b0edaba0eb5f743cd9a84c395d83756fb943b23818a2a88,35953000000000,85795005000000,09:59:13.000000000,23:49:55.005000000,42920,91279,15.249966666666667,ready,247.0
RTS,2024-07-16,1,C:\data_quote\data_finam_RTS_tick_zip\20240716.zip,True,,True,555122d956eea9645330b5338ecb2e72c70a530707c6a920ddc66573cc79216a,35972000000000,85797008000000,09:59:32.000000000,23:49:57.008000000,65577,140470,15.05,ready,327.0
RTS,2024-07-17,2,C:\data_quote\data_finam_RTS_tick_zip\20240717.zip,True,,True,9f7b76f39b8bffa26bf99f67d88174be958d7d538795853e8a5bc2ca63cc091a,35976000000000,85797000000000,09:59:36.000000000,23:49:57.000000000,42387,83036,15.033150000000001,ready,168.0
RTS,2024-07-18,3,C:\data_quote\data_finam_RTS_tick_zip\20240718.zip,True,,True,0a26c932c9c999e82aefdb1310a2ee0c4dd5b3d580c8cd481dbd8035844e4b4e,35967000000000,85797000000000,09:59:27.000000000,23:49:57.000000000,40025,75929,15.049933333333334,ready,152.0
RTS,2024-07-19,4,C:\data_quote\data_finam_RTS_tick_zip\20240719.zip,True,,True,39f68245801f4b502a945088c8cbe1e9f06ebe8e5d68cd263de721612fb0825d,35945000000000,85795000000000,09:59:05.000000000,23:49:55.000000000,35901,71020,15.083316666666667,ready,152.0
RTS,2024-07-22,0,C:\data_quote\data_finam_RTS_tick_zip\20240722.zip,True,,True,674ea5201ccaf263879abf221c11751e533059936679ddc0eb2de3833b712218,35960000000000,85793004000000,09:59:20.000000000,23:49:53.004000000,33548,63063,15.05,ready,124.0
RTS,2024-07-23,1,C:\data_quote\data_finam_RTS_tick_zip\20240723.zip,True,,True,435e606552e5c31470a0d1a47be29908adc0e2daea55cbd8dfdfcf1e967f69d7,35946000000000,85797000000000,09:59:06.000000000,23:49:57.000000000,29744,58161,15.033333333333333,ready,138.0
RTS,2024-07-24,2,C:\data_quote\data_finam_RTS_tick_zip\20240724.zip,True,,True,6b0cd47c35dd03ee54ebcf09d7aa8b1704ef53e292b32acf97b5142569e9ae73,35944000000000,85797000000000,09:59:04.000000000,23:49:57.000000000,26554,52837,15.083316666666667,ready,120.0
RTS,2024-07-25,3,C:\data_quote\data_finam_RTS_tick_zip\20240725.zip,True,,True,25c34fe6a57b2f0d243c54d42df423bc995cd5c042fca6af6b0252f22f2d2616,35947000000000,85798001000000,09:59:07.000000000,23:49:58.001000000,33687,67818,15.083316666666667,ready,175.0
RTS,2024-07-26,4,C:\data_quote\data_finam_RTS_tick_zip\20240726.zip,True,,True,3e471b9cd52dd78dde3a48178eaf7919e6fd416286637b1425bcf062570de972,35968000000000,85795000000000,09:59:28.000000000,23:49:55.000000000,49723,99685,15.016633333333335,ready,252.0
RTS,2024-07-29,0,C:\data_quote\data_finam_RTS_tick_zip\20240729.zip,True,,True,60d87ea0b186a502ed437e7d4b067b94de8ad0a1417756626d2746a4033c0071,35970000000000,85797000000000,09:59:30.000000000,23:49:57.000000000,42595,85184,15.116616666666665,ready,194.0
RTS,2024-07-30,1,C:\data_quote\data_finam_RTS_tick_zip\20240730.zip,True,,True,4016dd9f5e192bca18e9582c5f6ded53b2b6df4ac53f2b801b1fdce5249aee30,35973000000000,85794001000000,09:59:33.000000000,23:49:54.001000000,35309,68167,15.033016666666667,ready,148.0
RTS,2024-07-31,2,C:\data_quote\data_finam_RTS_tick_zip\20240731.zip,True,,True,e0350ec96399cafeeebc3945cb0e09e77925d8d48338dd01e89aeca3b96b7618,35965000000000,85796000000000,09:59:25.000000000,23:49:56.000000000,40509,78098,15.066550000000001,ready,178.0
RTS,2024-08-01,3,C:\data_quote\data_finam_RTS_tick_zip\20240801.zip,True,,True,d202a5357c0fd2a5b4cdd31847698b413e0bc3c4e01e0e8fb74487e33deebf2a,35954000000000,85795000000000,09:59:14.000000000,23:49:55.000000000,31768,59629,15.033283333333333,ready,107.0
RTS,2024-08-02,4,C:\data_quote\data_finam_RTS_tick_zip\20240802.zip,True,,True,2c53c224924792c64c848520e55232a1f5b1b98702ab8926ca4e243e7fbd0dc9,35967000000000,85797003000000,09:59:27.000000000,23:49:57.003000000,38200,73421,15.116616666666665,ready,171.0
RTS,2024-08-05,0,C:\data_quote\data_finam_RTS_tick_zip\20240805.zip,True,,True,5140e2003cbe53b656cb89857a744b176ce14034e0ab5479a2431f31951724ed,35983000000000,85791001000000,09:59:43.000000000,23:49:51.001000000,46792,96211,15.016666666666667,ready,207.0
RTS,2024-08-06,1,C:\data_quote\data_finam_RTS_tick_zip\20240806.zip,True,,True,0ba95ed7bbcef430aa506b6088d12151cf408fedf08ac45021c0bb678246fd52,35975000000000,85798001000000,09:59:35.000000000,23:49:58.001000000,36926,80509,15.083283333333332,ready,207.0
RTS,2024-08-07,2,C:\data_quote\data_finam_RTS_tick_zip\20240807.zip,True,,True,b4026fd33b682c9288a967732ddc45c9f80544eab88046b0c27cf1e69a341735,35957000000000,85796000000000,09:59:17.000000000,23:49:56.000000000,47793,100057,15.033333333333333,ready,200.0
RTS,2024-08-08,3,C:\data_quote\data_finam_RTS_tick_zip\20240808.zip,True,,True,5e8a3a255dad8452a3570829374f76d68ba4847239119424722635ef3785ae04,35974000000000,85775000000000,09:59:34.000000000,23:49:35.000000000,35740,71902,15.033333333333333,ready,128.0
RTS,2024-08-09,4,C:\data_quote\data_finam_RTS_tick_zip\20240809.zip,True,,True,dc406621b8412fba6fa9962eb96f24ce0c5db2fc350090b71d82d2d053062df4,35988000000000,85798003000000,09:59:48.000000000,23:49:58.003000000,29762,55958,15.0333,ready,120.0
RTS,2024-08-12,0,C:\data_quote\data_finam_RTS_tick_zip\20240812.zip,True,,True,0600a1992ee0e3220f73bf9a24ff472f6b48e11cfd2baca3a822ac9e0d69f1ab,35981000000000,85797001000000,09:59:41.000000000,23:49:57.001000000,43539,82170,15.05,ready,165.0
RTS,2024-08-13,1,C:\data_quote\data_finam_RTS_tick_zip\20240813.zip,True,,True,a57a2fb51ab6fe9ed8054159d503f909792ec5b642b095da3f32e90eabbeb4f7,35947000000000,85789000000000,09:59:07.000000000,23:49:49.000000000,33528,64005,15.016666666666667,ready,107.0
RTS,2024-08-14,2,C:\data_quote\data_finam_RTS_tick_zip\20240814.zip,True,,True,5c72aee3651eb8b739e82471d2e1e6748acbbd6e99a6797cd542fadc2edb9b65,35948000000000,85799006000000,09:59:08.000000000,23:49:59.006000000,36832,75022,15.066650000000001,ready,160.0
RTS,2024-08-15,3,C:\data_quote\data_finam_RTS_tick_zip\20240815.zip,True,,True,a2441ca51ae90ee82a75f158973f98fae729f1389d5cf71cc571780464e99dd5,35954000000000,85796001000000,09:59:14.000000000,23:49:56.001000000,36363,73753,15.05,ready,163.0
RTS,2024-08-16,4,C:\data_quote\data_finam_RTS_tick_zip\20240816.zip,True,,True,affd28a8f23ae8ce14b3935d10cf71c1a8df1e6e239174b24d87cdde7b1fc6c5,35958000000000,85793000000000,09:59:18.000000000,23:49:53.000000000,30355,62748,15.133333333333333,ready,157.0
RTS,2024-08-19,0,C:\data_quote\data_finam_RTS_tick_zip\20240819.zip,True,,True,600438e583e49977ff5d4d4bb864a6402601d4ef0fb911477fc189459082633e,35980000000000,85791000000000,09:59:40.000000000,23:49:51.000000000,42808,81655,15.049983333333333,ready,174.0
RTS,2024-08-20,1,C:\data_quote\data_finam_RTS_tick_zip\20240820.zip,True,,True,0ffadf07b630ee03a6302fcfe1b5a3fd2bf895d231db76432bfb49f2627ff8e2,35953000000000,85777000000000,09:59:13.000000000,23:49:37.000000000,40837,82411,15.0333,ready,197.0
RTS,2024-08-21,2,C:\data_quote\data_finam_RTS_tick_zip\20240821.zip,True,,True,f37b92a5abdaf4ad404624483a7bc67a3c19d085f9deedf8e520fcf41dbf5c92,35977000000000,85799000000000,09:59:37.000000000,23:49:59.000000000,43990,89304,15.033316666666668,ready,191.0
RTS,2024-08-22,3,C:\data_quote\data_finam_RTS_tick_zip\20240822.zip,True,,True,0f29ad74c72e5e97039a9cf10925be7a6d15cea8907de8ebc859f6f7b06e8c12,35977000000000,85797001000000,09:59:37.000000000,23:49:57.001000000,49635,101425,15.033166666666666,ready,199.0
RTS,2024-08-23,4,C:\data_quote\data_finam_RTS_tick_zip\20240823.zip,True,,True,038f487cb564c2f191d2594e8dc7a9e1242213eb3c039e5e625b2425df068a2d,35959000000000,85792000000000,09:59:19.000000000,23:49:52.000000000,54171,106250,15.033266666666666,ready,209.0
RTS,2024-08-26,0,C:\data_quote\data_finam_RTS_tick_zip\20240826.zip,True,,True,f5ab2872834628391a1106e5ee37703da2e552cd37f0095625b7c585bf2bfe10,35962000000000,85799000000000,09:59:22.000000000,23:49:59.000000000,46086,96685,15.049983333333333,ready,196.0
RTS,2024-08-27,1,C:\data_quote\data_finam_RTS_tick_zip\20240827.zip,True,,True,03c84d864345648fe9a3ad40d2d7e8d397fb63eea4497047aa82ac0565c7bb7f,35985000000000,85794001000000,09:59:45.000000000,23:49:54.001000000,43260,92624,15.033333333333333,ready,215.0
RTS,2024-08-28,2,C:\data_quote\data_finam_RTS_tick_zip\20240828.zip,True,,True,382a5275211a3403bc1a02e5acf791a3c5be8d4d1b83d553498a959c20dd16bf,35964000000000,85798001000000,09:59:24.000000000,23:49:58.001000000,60421,122014,15.033333333333333,ready,243.0
RTS,2024-08-29,3,C:\data_quote\data_finam_RTS_tick_zip\20240829.zip,True,,True,d15950260a62a97859d6fd7f99b449eb482d7777caf3c6125ef423c1fc0ad3fe,35976000000000,85799001000000,09:59:36.000000000,23:49:59.001000000,57967,128557,15.05,ready,260.0
RTS,2024-08-30,4,C:\data_quote\data_finam_RTS_tick_zip\20240830.zip,True,,True,79a0d8f11fd8c38f5c2e11d5303e477e800a556e276d4bdfb8acfcd372fb35ac,35989000000000,85795004000000,09:59:49.000000000,23:49:55.004000000,58402,122258,15.033316666666668,ready,207.0
RTS,2024-09-02,0,C:\data_quote\data_finam_RTS_tick_zip\20240902.zip,True,,True,9e21b49869ecb7df01753bfee5642fb7891faceead4e15bb31fd30cd434bcf9b,35951000000000,85792000000000,09:59:11.000000000,23:49:52.000000000,60681,126959,15.033216666666668,ready,223.0
RTS,2024-09-03,1,C:\data_quote\data_finam_RTS_tick_zip\20240903.zip,True,,True,5aa51d2e7c68b06cca2dc4eedc4b5ac95ed6ed576d49a49ba7ebb510bb7ef4b0,35948000000000,85799001000000,09:59:08.000000000,23:49:59.001000000,79141,160867,15.05,ready,272.0
RTS,2024-09-04,2,C:\data_quote\data_finam_RTS_tick_zip\20240904.zip,True,,True,d81a10771455631a4ea01c2c91df17e846c7426c41502e602a4c1b01708d9447,35967000000000,85795002000000,09:59:27.000000000,23:49:55.002000000,50435,95661,15.0495,ready,146.0
RTS,2024-09-05,3,C:\data_quote\data_finam_RTS_tick_zip\20240905.zip,True,,True,2fd60866f6073d385041310394dbbc962f94b48b130b6546ab4befcad0a47167,35948000000000,85799001000000,09:59:08.000000000,23:49:59.001000000,46903,90942,15.066666666666666,ready,129.0
RTS,2024-09-06,4,C:\data_quote\data_finam_RTS_tick_zip\20240906.zip,True,,True,7f8002902c2c757051ea636ad0bccee8ab044771da49d0b5bd48b94599db7ceb,35966000000000,85797000000000,09:59:26.000000000,23:49:57.000000000,39758,79796,15.183300000000001,ready,139.0
RTS,2024-09-09,0,C:\data_quote\data_finam_RTS_tick_zip\20240909.zip,True,,True,007aef3db142e6f5894702053aacc4a81af5fc21508a3cd03cfe19fc7cc5753e,35950000000000,85791004000000,09:59:10.000000000,23:49:51.004000000,36516,70670,15.049983333333333,ready,107.0
RTS,2024-09-10,1,C:\data_quote\data_finam_RTS_tick_zip\20240910.zip,True,,True,8f1d9214f6b1643f30119520b9f293b0f8b254460414c1ed46e4984c62c590b1,35970000000000,85796000000000,09:59:30.000000000,23:49:56.000000000,44923,84371,15.05,ready,128.0
RTS,2024-09-11,2,C:\data_quote\data_finam_RTS_tick_zip\20240911.zip,True,,True,66f203e4d749ab238bddddfffc9695b03cf908ab6223d00d4a9a7075d2595773,35947000000000,85797002000000,09:59:07.000000000,23:49:57.002000000,38462,72324,15.066633333333334,ready,104.0
RTS,2024-09-12,3,C:\data_quote\data_finam_RTS_tick_zip\20240912.zip,True,,True,a97faddd30a87cbb1619d87dbc7921ac643e1ac79d84d06ca3c512e911d5d70a,35980000000000,85780001000000,09:59:40.000000000,23:49:40.001000000,40936,75619,15.066650000000001,ready,115.0
RTS,2024-09-13,4,C:\data_quote\data_finam_RTS_tick_zip\20240913.zip,True,,True,d647605d483c7f3b4a9a9001b6fed5b3900fff510cf54fba576deb7dd7155b94,35961000000000,85797002000000,09:59:21.000000000,23:49:57.002000000,63847,121336,15.033316666666668,ready,231.0
RTS,2024-09-16,0,C:\data_quote\data_finam_RTS_tick_zip\20240916.zip,True,,True,3ab78c770954c33a865a7ded4cb4bdd56fa068067f0c978d5ce320105856788c,35961000000000,85798001000000,09:59:21.000000000,23:49:58.001000000,40456,78184,15.033316666666668,ready,134.0
RTS,2024-09-17,1,C:\data_quote\data_finam_RTS_tick_zip\20240917.zip,True,,True,9d8c4ff2aea8bec16024974ebd653c6712350e317d1cf6e222f34b833da92524,35948000000000,85798007000000,09:59:08.000000000,23:49:58.007000000,39338,71922,15.016666666666667,ready,110.0
RTS,2024-09-18,2,C:\data_quote\data_finam_RTS_tick_zip\20240918.zip,True,,True,95982d22d37aec2768faab9eba2959db3ec7d369f98b30596b0c09321ada22b3,35958000000000,85798000000000,09:59:18.000000000,23:49:58.000000000,17726,25969,15.033316666666668,ready,37.0
RTS,2024-09-19,3,C:\data_quote\data_finam_RTS_tick_zip\20240919.zip,True,,True,f64931bc16998c336e89ba848dc418d28c7615cb4d3cbcea71600f567d69cd28,35957000000000,85799000000000,09:59:17.000000000,23:49:59.000000000,36971,68202,30.216600000000003,ready,112.0
RTS,2024-09-20,4,C:\data_quote\data_finam_RTS_tick_zip\20240920.zip,True,,True,62f70f2e2d59b671781dd19546f1b3e78b6b6aa61d82baa50eeb52e2ed51a86d,35977000000000,85796002000000,09:59:37.000000000,23:49:56.002000000,34302,66611,15.183266666666666,ready,131.0
RTS,2024-09-23,0,C:\data_quote\data_finam_RTS_tick_zip\20240923.zip,True,,True,4e42ac603489fc9fffc2a213835d20fcf21c545cd6e0b5af9426e1865d47e1e6,35952000000000,85797000000000,09:59:12.000000000,23:49:57.000000000,29431,55096,15.049983333333333,ready,119.0
RTS,2024-09-24,1,C:\data_quote\data_finam_RTS_tick_zip\20240924.zip,True,,True,0a265830193dfc2714072556dc2fc58bced8fe48ea77fcc8bbebdbbd77d0dc3c,35978000000000,85799006000000,09:59:38.000000000,23:49:59.006000000,41097,80539,15.049983333333333,ready,160.0
RTS,2024-09-25,2,C:\data_quote\data_finam_RTS_tick_zip\20240925.zip,True,,True,a5e7804b8f8374a0d5295a6364b70969adff83a15b4cc619790d719d9ff44dd7,35968000000000,85792000000000,09:59:28.000000000,23:49:52.000000000,43317,86320,15.05,ready,174.0
RTS,2024-09-26,3,C:\data_quote\data_finam_RTS_tick_zip\20240926.zip,True,,True,987f717e8eea9558822dc1f3367ddc24ae76255b0d16b23b054420ad5c5627a3,35974000000000,85794004000000,09:59:34.000000000,23:49:54.004000000,41603,91255,15.033199999999999,ready,198.0
RTS,2024-09-27,4,C:\data_quote\data_finam_RTS_tick_zip\20240927.zip,True,,True,005c4d42ad4e320e31a0e605830b46aaaa55beac8400e666cf4f19f0e4784796,35946000000000,85793000000000,09:59:06.000000000,23:49:53.000000000,21656,39471,15.05,ready,65.0
RTS,2024-09-30,0,C:\data_quote\data_finam_RTS_tick_zip\20240930.zip,True,,True,0c9cffa88dee09a28b90b225c4b74d92363aba91acf85434839ecc7b50b70fa9,35971000000000,85793001000000,09:59:31.000000000,23:49:53.001000000,36825,69437,15.033333333333333,ready,131.0
RTS,2024-10-01,1,C:\data_quote\data_finam_RTS_tick_zip\20241001.zip,True,,True,6950a7243646019eae4a6c525b004c837fb6a165354ce85a9c5dbe12082be1b9,35989000000000,85794000000000,09:59:49.000000000,23:49:54.000000000,39286,73996,15.11665,ready,159.0
RTS,2024-10-02,2,C:\data_quote\data_finam_RTS_tick_zip\20241002.zip,True,,True,7566d26e9cfa7b0c5729c385454254972c8e9cbe7ac4b953d2a60c38e7de4777,35969000000000,85798001000000,09:59:29.000000000,23:49:58.001000000,40306,80993,15.049983333333333,ready,187.0
RTS,2024-10-03,3,C:\data_quote\data_finam_RTS_tick_zip\20241003.zip,True,,True,87b6d5573393d4416ba6b7ac8184e6f76ddad71213e05490fbebb66f29e1dc38,35977000000000,85798000000000,09:59:37.000000000,23:49:58.000000000,52302,109796,15.049983333333333,ready,242.0
RTS,2024-10-04,4,C:\data_quote\data_finam_RTS_tick_zip\20241004.zip,True,,True,10e682833c3050f1cde39c5067108b9948afe56de547bfd5e0268b0b38e0f255,35975000000000,85798000000000,09:59:35.000000000,23:49:58.000000000,33269,67190,15.05,ready,154.0
RTS,2024-10-07,0,C:\data_quote\data_finam_RTS_tick_zip\20241007.zip,True,,True,cc952352da3fb4a2d4250d0f655a002a045a6d26e7b561fed488e2d073c541b9,35944000000000,85798000000000,09:59:04.000000000,23:49:58.000000000,34347,67251,15.033333333333333,ready,125.0
RTS,2024-10-08,1,C:\data_quote\data_finam_RTS_tick_zip\20241008.zip,True,,True,7a8e80a52a2feff442c5928fcdf719fd20da052d9f1dfbab8b6afaa68368a1b0,35979000000000,85793014000000,09:59:39.000000000,23:49:53.014000000,38930,78262,15.066666666666666,ready,173.0
RTS,2024-10-09,2,C:\data_quote\data_finam_RTS_tick_zip\20241009.zip,True,,True,8485a45bcf7e5e5ec84439c7eeb2b06d8d651d494f0e30e65635eb4b8e8cc6d3,35983000000000,85791003000000,09:59:43.000000000,23:49:51.003000000,47189,94527,15.0497,ready,225.0
RTS,2024-10-10,3,C:\data_quote\data_finam_RTS_tick_zip\20241010.zip,True,,True,ad251041cbb9950048c495f64c98efc5771985346cbd0cc3bda481019c72e960,35949000000000,85796002000000,09:59:09.000000000,23:49:56.002000000,43020,85567,15.033166666666666,ready,184.0
RTS,2024-10-11,4,C:\data_quote\data_finam_RTS_tick_zip\20241011.zip,True,,True,9ceb93d22aba83ae946a833d3e41ed7b564fed62c3e97d34ca78f03939c25415,35986000000000,85799005000000,09:59:46.000000000,23:49:59.005000000,33032,64467,15.016666666666667,ready,143.0
RTS,2024-10-14,0,C:\data_quote\data_finam_RTS_tick_zip\20241014.zip,True,,True,58adc6b15b8c2aeaca8e9ea87a24c7f80e010408cdcfc6bab91ffd7938ae55e8,35948000000000,85799068000000,09:59:08.000000000,23:49:59.068000000,39459,76675,15.066650000000001,ready,178.0
RTS,2024-10-15,1,C:\data_quote\data_finam_RTS_tick_zip\20241015.zip,True,,True,bdb4bea7aa08d491b8289058a4814e7c076ce7107c66a86c7eea32cc5bc9347e,35975000000000,85799001000000,09:59:35.000000000,23:49:59.001000000,31110,57651,15.033333333333333,ready,101.0
RTS,2024-10-16,2,C:\data_quote\data_finam_RTS_tick_zip\20241016.zip,True,,True,51587c57f9be9026f8f9d92f699ab56bd6bc3b226ba379101360e5efc10263d1,35945000000000,85799001000000,09:59:05.000000000,23:49:59.001000000,31277,56664,15.016666666666667,ready,111.0
RTS,2024-10-17,3,C:\data_quote\data_finam_RTS_tick_zip\20241017.zip,True,,True,22df386e1a68af351983530cf26273c4394923508d5778f85287fc4b63033be1,35957000000000,85799001000000,09:59:17.000000000,23:49:59.001000000,35366,66106,15.116583333333333,ready,138.0
RTS,2024-10-18,4,C:\data_quote\data_finam_RTS_tick_zip\20241018.zip,True,,True,76371a6fd45ebd1a1f8f4a846d9a9204181e9d7c4e472da4d577a46fced09cd6,35967000000000,85797001000000,09:59:27.000000000,23:49:57.001000000,32091,65546,15.066616666666667,ready,163.0
RTS,2024-10-21,0,C:\data_quote\data_finam_RTS_tick_zip\20241021.zip,True,,True,df1e7077f337c049dd1bcdb14929973704f7ba858dc8281da246b205b3bad922,35944000000000,85798000000000,09:59:04.000000000,23:49:58.000000000,22235,41484,15.066516666666667,ready,77.0
RTS,2024-10-22,1,C:\data_quote\data_finam_RTS_tick_zip\20241022.zip,True,,True,904c044c3f5d33514bc2c62887d25e2453af64c154ccaff2eb72d33105c36e20,35973000000000,85798000000000,09:59:33.000000000,23:49:58.000000000,31234,61145,15.049983333333333,ready,160.0
RTS,2024-10-23,2,C:\data_quote\data_finam_RTS_tick_zip\20241023.zip,True,,True,f1b10801a83a27dc3ef9a70c40e4c7201705d1bd8a600d50fa1cadc862ab67a9,35954000000000,85794001000000,09:59:14.000000000,23:49:54.001000000,32491,63492,15.016666666666667,ready,156.0
RTS,2024-10-24,3,C:\data_quote\data_finam_RTS_tick_zip\20241024.zip,True,,True,0a138b874bda6d3d3460f0fce908ba930ba2fa62500e5001173bb47498b6f98c,35968000000000,85796001000000,09:59:28.000000000,23:49:56.001000000,29244,55225,15.049983333333333,ready,136.0
RTS,2024-10-25,4,C:\data_quote\data_finam_RTS_tick_zip\20241025.zip,True,,True,e99a695502e78881b1f42e0d7ac41586df781cb21155f67a9b58623cd6d405e5,35967000000000,85799002000000,09:59:27.000000000,23:49:59.002000000,68716,141855,15.033333333333333,ready,384.0
RTS,2024-10-28,0,C:\data_quote\data_finam_RTS_tick_zip\20241028.zip,True,,True,0b3a11d29929fd8ff6f0a3ff9a98c480e0c9f4bc9a6bb7148082269475728f5d,35962000000000,85797000000000,09:59:22.000000000,23:49:57.000000000,58348,118541,15.049933333333334,ready,253.0
RTS,2024-10-29,1,C:\data_quote\data_finam_RTS_tick_zip\20241029.zip,True,,True,46cc465b9535c1da34c28d950c4273b944538849a36387e2d84fbf85576bf3e3,35958000000000,85796003000000,09:59:18.000000000,23:49:56.003000000,58050,124341,15.1165,ready,242.0
RTS,2024-10-30,2,C:\data_quote\data_finam_RTS_tick_zip\20241030.zip,True,,True,79f432e26a9de6a2d55db24f3087ca9aa7697e1a5dfeb72019c241d0b5ca1915,35946000000000,85796001000000,09:59:06.000000000,23:49:56.001000000,43817,92997,15.1165,ready,205.0
RTS,2024-10-31,3,C:\data_quote\data_finam_RTS_tick_zip\20241031.zip,True,,True,780bb4985b9681998a88ce9d6d11fce87debb90804f03a8d3c82445e00772c3a,35978000000000,85799000000000,09:59:38.000000000,23:49:59.000000000,53208,114266,15.0166,ready,242.0
RTS,2024-11-01,4,C:\data_quote\data_finam_RTS_tick_zip\20241101.zip,True,,True,af3bc2e1f34edfa051d23a067b2d06789c8e951e3ac2b4b7aa70fbb0998471e2,35949000000000,85799000000000,09:59:09.000000000,23:49:59.000000000,38533,83890,15.083333333333334,ready,172.0
RTS,2024-11-02,5,C:\data_quote\data_finam_RTS_tick_zip\20241102.zip,True,,True,98d86355e2557fbaf5fe8c7f3e2262240d8bbc163c8c56d191498bd07d600b11,36011000000000,85799001000000,10:00:11.000000000,23:49:59.001000000,14546,29662,15.049949999999999,ready,49.0
RTS,2024-11-05,1,C:\data_quote\data_finam_RTS_tick_zip\20241105.zip,True,,True,1631b7c62fffcdf79aa43c5d2341649ba7fd21da0051613ce6d13c7fc38c7c0c,35949000000000,85795000000000,09:59:09.000000000,23:49:55.000000000,28094,59254,15.033333333333333,ready,130.0
RTS,2024-11-06,2,C:\data_quote\data_finam_RTS_tick_zip\20241106.zip,True,,True,591c0660fc65b5e58818cb584a2c722d589cc5affa6ce862e646d54cca353349,35942000000000,85799000000000,09:59:02.000000000,23:49:59.000000000,49267,108823,15.066666666666666,ready,217.0
RTS,2024-11-07,3,C:\data_quote\data_finam_RTS_tick_zip\20241107.zip,True,,True,5fde818d02f6c94423d01d95f76a1811b49e76374a37a8bf4afb840355baa225,35942000000000,85796001000000,09:59:02.000000000,23:49:56.001000000,42118,92097,15.099966666666667,ready,226.0
RTS,2024-11-08,4,C:\data_quote\data_finam_RTS_tick_zip\20241108.zip,True,,True,b466bab3c6fc93dfc99ecb5f807ee64576eb372405d60608eda58737a6e864da,35977000000000,85795000000000,09:59:37.000000000,23:49:55.000000000,47154,107116,15.033266666666666,ready,256.0
RTS,2024-11-11,0,C:\data_quote\data_finam_RTS_tick_zip\20241111.zip,True,,True,eccf38631dc59fbaa68fd41e9393a2b2a6136c4a1bd211d159b31b501736c553,35958000000000,85794000000000,09:59:18.000000000,23:49:54.000000000,41982,92449,15.016633333333335,ready,206.0
RTS,2024-11-12,1,C:\data_quote\data_finam_RTS_tick_zip\20241112.zip,True,,True,0bb483e1db865527fed32d60cfab6be88620ad892cbeaa42ee59b0083ccc3451,35962000000000,85799000000000,09:59:22.000000000,23:49:59.000000000,38386,81342,15.16645,ready,163.0
RTS,2024-11-13,2,C:\data_quote\data_finam_RTS_tick_zip\20241113.zip,True,,True,2490e7d8165098a89ac82b060dc8271b815613de6e704b6921f5dcc9c51f30eb,35968000000000,85795000000000,09:59:28.000000000,23:49:55.000000000,40020,88094,15.016666666666667,ready,174.0
RTS,2024-11-14,3,C:\data_quote\data_finam_RTS_tick_zip\20241114.zip,True,,True,1b7ed764904d1ad2837816a9b83b76d53a7537d59702df5d5102e02ffabc8b21,35957000000000,85797000000000,09:59:17.000000000,23:49:57.000000000,38688,86492,15.01655,ready,163.0
RTS,2024-11-15,4,C:\data_quote\data_finam_RTS_tick_zip\20241115.zip,True,,True,79a34bbda45dd10d56c9cd5c7f882a9f7534d0386c05b57b7653e6d9430f7d9d,35949000000000,85796002000000,09:59:09.000000000,23:49:56.002000000,39198,86743,15.049883333333334,ready,179.0
RTS,2024-11-18,0,C:\data_quote\data_finam_RTS_tick_zip\20241118.zip,True,,True,ff5d899d33102b54b38663ae8ea25c9bc8107cd90b738b60544a15144afcbd29,35978000000000,85799000000000,09:59:38.000000000,23:49:59.000000000,42694,94780,15.11665,ready,161.0
RTS,2024-11-19,1,C:\data_quote\data_finam_RTS_tick_zip\20241119.zip,True,,True,c5be6175ef8d16bb5c93d12f02ac59b4822ee6497eade337cb84b2f563ba5d9a,35944000000000,85798005000000,09:59:04.000000000,23:49:58.005000000,56281,125931,34.46656666666667,ready,243.0
RTS,2024-11-20,2,C:\data_quote\data_finam_RTS_tick_zip\20241120.zip,True,,True,4a494f1bf44573fa2efd60633d7bef3b06be095352ccc21c62ba52708df5673e,35978000000000,85799000000000,09:59:38.000000000,23:49:59.000000000,61056,141789,15.066616666666667,ready,254.0
RTS,2024-11-21,3,C:\data_quote\data_finam_RTS_tick_zip\20241121.zip,True,,True,d9b8dbf4278e45ef61502bef5d931602d9801f498b2d33bb931db12e7126aadf,35942000000000,85798002000000,09:59:02.000000000,23:49:58.002000000,73298,176867,15.09995,ready,293.0
RTS,2024-11-22,4,C:\data_quote\data_finam_RTS_tick_zip\20241122.zip,True,,True,b049bad66d95339065eb3bea593a00cce4393e90802837f0a2edcc9564064642,35980000000000,85793005000000,09:59:40.000000000,23:49:53.005000000,55840,136397,15.033333333333333,ready,212.0
RTS,2024-11-25,0,C:\data_quote\data_finam_RTS_tick_zip\20241125.zip,True,,True,48803a976e2f96dcfb4fbb95d6f170772492cb7eea4c932d63a7dad9d19f4ade,35958000000000,85798002000000,09:59:18.000000000,23:49:58.002000000,72015,174156,15.033133333333334,ready,255.0
RTS,2024-11-26,1,C:\data_quote\data_finam_RTS_tick_zip\20241126.zip,True,,True,9bd8f1c16c1365cee9ea5fe4a1b744586287f3adefc3fee2973940dc9977acbb,35969000000000,85798001000000,09:59:29.000000000,23:49:58.001000000,88667,225648,15.016666666666667,ready,356.0
RTS,2024-11-27,2,C:\data_quote\data_finam_RTS_tick_zip\20241127.zip,True,,True,8e1ca23f01cfaf2e54d7b1fe752c9ebd980e6cc80647c7371577e9021dbd92ec,35967000000000,85798000000000,09:59:27.000000000,23:49:58.000000000,134141,330559,15.05,ready,456.0
RTS,2024-11-28,3,C:\data_quote\data_finam_RTS_tick_zip\20241128.zip,True,,True,78b0a5b9f767a1a4e8a2b9227eaabfd92519ceb761bc826ffc12f0ae195671b9,35984000000000,85796000000000,09:59:44.000000000,23:49:56.000000000,83936,194158,15.05,ready,268.0
RTS,2024-11-29,4,C:\data_quote\data_finam_RTS_tick_zip\20241129.zip,True,,True,db60c3fe0c9c791092102dea0ad73a7e72124b33d8e34910a31a3edcb20ea419,35957000000000,85794003000000,09:59:17.000000000,23:49:54.003000000,59160,134163,15.099983333333334,ready,161.0
RTS,2024-12-02,0,C:\data_quote\data_finam_RTS_tick_zip\20241202.zip,True,,True,4defca1890d97b39bfb34b7a3a186a4203999e07f6e030ad48e6460b836b0788,35958000000000,85799008000000,09:59:18.000000000,23:49:59.008000000,46922,103334,15.016616666666666,ready,121.0
RTS,2024-12-03,1,C:\data_quote\data_finam_RTS_tick_zip\20241203.zip,True,,True,447751b9faa0bdb5c4f8f219803ecbd3ed21b733399ee8a2850cc65afb47127c,35978000000000,85797005000000,09:59:38.000000000,23:49:57.005000000,51853,115483,15.166666666666666,ready,150.0
RTS,2024-12-04,2,C:\data_quote\data_finam_RTS_tick_zip\20241204.zip,True,,True,65dafa62ecf8a9bb7c29f281156c11aa58479bcc97d4aa9c93a91da572ae7a7b,35951000000000,85797000000000,09:59:11.000000000,23:49:57.000000000,77762,188280,15.016666666666667,ready,254.0
RTS,2024-12-05,3,C:\data_quote\data_finam_RTS_tick_zip\20241205.zip,True,,True,08ed94a2f2f80c674807d4f76a7efadeb47415294b479f9555788a606be8b90d,35983000000000,85785000000000,09:59:43.000000000,23:49:45.000000000,97215,235270,15.01665,ready,307.0
RTS,2024-12-06,4,C:\data_quote\data_finam_RTS_tick_zip\20241206.zip,True,,True,517afe137fdf03f1a96c0e85b0808159f8432b014703f9c833134838a61c6e1a,35980000000000,85799000000000,09:59:40.000000000,23:49:59.000000000,68172,157814,15.1,ready,176.0
RTS,2024-12-09,0,C:\data_quote\data_finam_RTS_tick_zip\20241209.zip,True,,True,28fb1ea9477ebd5f5b973d84f143697f37ac16cf4fce1ebad256e3141f6a49af,35986000000000,85796000000000,09:59:46.000000000,23:49:56.000000000,49904,112389,15.033333333333333,ready,117.0
RTS,2024-12-10,1,C:\data_quote\data_finam_RTS_tick_zip\20241210.zip,True,,True,28b12138b2c0376aee6f6afcc4a7ca61780a77c671df2b553a52227bcfd3dd72,35948000000000,85799004000000,09:59:08.000000000,23:49:59.004000000,55862,122197,15.199983333333334,ready,122.0
RTS,2024-12-11,2,C:\data_quote\data_finam_RTS_tick_zip\20241211.zip,True,,True,06c2ec5673f49583165e055106e8054746c9f974f4c5037d435824b7b0f8b5a8,35953000000000,85799000000000,09:59:13.000000000,23:49:59.000000000,66098,151268,15.049900000000001,ready,173.0
RTS,2024-12-12,3,C:\data_quote\data_finam_RTS_tick_zip\20241212.zip,True,,True,eb11b9ddd69a62fff9f0fe1fe571f1e99945085cf4894b6844e63462105078ee,35949000000000,85793002000000,09:59:09.000000000,23:49:53.002000000,63986,163903,15.083316666666667,ready,198.0
RTS,2024-12-13,4,C:\data_quote\data_finam_RTS_tick_zip\20241213.zip,True,,True,98039000ad49d9190f0f60638b4e72f02b84cc419d010c1924429c2fb3742fdc,35954000000000,85799002000000,09:59:14.000000000,23:49:59.002000000,43241,103862,15.01665,ready,110.0
RTS,2024-12-16,0,C:\data_quote\data_finam_RTS_tick_zip\20241216.zip,True,,True,dfd05a25fe173754cdc25bac726412cb7d74bc125a6da7f95be3f97e0b120471,35958000000000,85796000000000,09:59:18.000000000,23:49:56.000000000,53620,122257,15.01665,ready,125.0
RTS,2024-12-17,1,C:\data_quote\data_finam_RTS_tick_zip\20241217.zip,True,,True,a179102f785f6e2549723433805954291938dd040ad082d3d10326ca0236108e,35977000000000,85796000000000,09:59:37.000000000,23:49:56.000000000,43045,101707,15.05,ready,100.0
RTS,2024-12-18,2,C:\data_quote\data_finam_RTS_tick_zip\20241218.zip,True,,True,99fc51d919825ea613d13150b38601154d6aacbea726acb8749feb9b6d494fc6,35967000000000,85799007000000,09:59:27.000000000,23:49:59.007000000,39814,92641,15.083283333333332,ready,78.0
RTS,2024-12-19,3,C:\data_quote\data_finam_RTS_tick_zip\20241219.zip,True,,True,95055180e0d9b6ef2d685e5246bbf71378b678cccebdef1a5f5f5923a8d84899,35971000000000,67780000000000,09:59:31.000000000,18:49:40.000000000,13272,43792,7.683316666666667,ready,49.0
RTS,2024-12-20,4,C:\data_quote\data_finam_RTS_tick_zip\20241220.zip,True,,True,ce6df8cadf3a6c7a21b5c03b1d0f942234d24ac24af15bb6be38753834fe7cc3,68700000000000,85797000000000,19:05:00.000000000,23:49:57.000000000,7287,16043,1.7,ready,15.0
RTS,2024-12-23,0,C:\data_quote\data_finam_RTS_tick_zip\20241223.zip,True,,True,3a86ad1dfa00059e6bfe05b8bf5a37c8a26922fe28efcebd854db8935765b459,35984000000000,85799016000000,09:59:44.000000000,23:49:59.016000000,74353,161381,15.033333333333333,ready,154.0
RTS,2024-12-24,1,C:\data_quote\data_finam_RTS_tick_zip\20241224.zip,True,,True,bc045a3a339582a1f74df80de5cb5d86bd042dddefe842b8f9fefdf7f9e653e4,35945000000000,85798000000000,09:59:05.000000000,23:49:58.000000000,50496,105024,15.15,ready,110.0
RTS,2024-12-25,2,C:\data_quote\data_finam_RTS_tick_zip\20241225.zip,True,,True,6aed3247084492a8976a0a4aa67b825e8df9f0e23b5fcb9c007d04808e19f424,35969000000000,85799003000000,09:59:29.000000000,23:49:59.003000000,61492,124702,15.05,ready,124.0
RTS,2024-12-26,3,C:\data_quote\data_finam_RTS_tick_zip\20241226.zip,True,,True,f6a4e40c4ed30602ba4b599638861c68c65f683f23780c0f319391c75a5c0a05,35950000000000,85799001000000,09:59:10.000000000,23:49:59.001000000,56632,123629,15.099983333333334,ready,141.0
RTS,2024-12-27,4,C:\data_quote\data_finam_RTS_tick_zip\20241227.zip,True,,True,c6350a86b1bf70a6ba0a1d82fd020435c9927f63cb785e196a1de6f5cfb8bb0d,35981000000000,85797000000000,09:59:41.000000000,23:49:57.000000000,44715,96187,15.01665,ready,105.0
RTS,2024-12-28,5,C:\data_quote\data_finam_RTS_tick_zip\20241228.zip,True,,True,6904f50d4f01e9e8be80df8b695313d0fde068033a5b809e81883fd9395eb2e5,35952000000000,85799001000000,09:59:12.000000000,23:49:59.001000000,31133,61812,15.299816666666667,ready,67.0
RTS,2024-12-30,0,C:\data_quote\data_finam_RTS_tick_zip\20241230.zip,True,,True,1d93d4de38c35988623ddd72582de7bef20c994063b8e38bf1eead610cdc0c3e,35969000000000,85798000000000,09:59:29.000000000,23:49:58.000000000,37103,80628,15.05,ready,82.0
RTS,2025-01-03,4,C:\data_quote\data_finam_RTS_tick_zip\20250103.zip,True,,True,e7788012734d609f010a41bcaa9cbd8b5e2e3aac046d65608de0ee1bd48f9a81,35978000000000,85796008000000,09:59:38.000000000,23:49:56.008000000,33098,66127,15.249966666666667,ready,60.0
RTS,2025-01-06,0,C:\data_quote\data_finam_RTS_tick_zip\20250106.zip,True,,True,720986a35dd07483cdfc3219bc3f2a69fa46f6202ad4c9132de38ca8786b86b4,35961000000000,85792002000000,09:59:21.000000000,23:49:52.002000000,31999,67431,15.09995,ready,73.0
RTS,2025-01-08,2,C:\data_quote\data_finam_RTS_tick_zip\20250108.zip,True,,True,85a1875cabeed132cf541b7250f17089d44bc57df76bc3f6f642a0c6f4068e02,35987000000000,85795000000000,09:59:47.000000000,23:49:55.000000000,29474,58105,15.149666666666667,ready,60.0
RTS,2025-01-09,3,C:\data_quote\data_finam_RTS_tick_zip\20250109.zip,True,,True,0f1dbd5f85c1a4b574a93a6473e25e3bde5e24698d249dfcb14e4e470ebab81b,35971000000000,85797000000000,09:59:31.000000000,23:49:57.000000000,54824,118037,15.05,ready,182.0
RTS,2025-01-10,4,C:\data_quote\data_finam_RTS_tick_zip\20250110.zip,True,,True,c6788c5e60dfb0f12ea4b7a17e8b8db9b55dcb2367afe37b7422aa47aa83eb8e,35964000000000,85799000000000,09:59:24.000000000,23:49:59.000000000,60662,132015,15.033316666666668,ready,216.0
RTS,2025-01-13,0,C:\data_quote\data_finam_RTS_tick_zip\20250113.zip,True,,True,9459de8c76fa4b990933d3a8b6beff68ab9e6b57a40faeb7928b404c67502327,35968000000000,85796001000000,09:59:28.000000000,23:49:56.001000000,50159,103916,15.199966666666667,ready,167.0
RTS,2025-01-14,1,C:\data_quote\data_finam_RTS_tick_zip\20250114.zip,True,,True,6aca2e9137f8500683979c6fb99019d1cd2cda0d978622e6d19a902664059197,35948000000000,85797000000000,09:59:08.000000000,23:49:57.000000000,44960,88682,15.399833333333333,ready,128.0
RTS,2025-01-15,2,C:\data_quote\data_finam_RTS_tick_zip\20250115.zip,True,,True,8de76550d9e04f971ea342e3d81daa85692832c9bfb3c3ba7c860e5c31442119,35971000000000,85799001000000,09:59:31.000000000,23:49:59.001000000,49897,100032,15.049866666666667,ready,155.0
RTS,2025-01-16,3,C:\data_quote\data_finam_RTS_tick_zip\20250116.zip,True,,True,704d271156ac43ff7c3abc2ee2c03569c0d6f6f9f7918934f285d94c047579b4,35975000000000,85798000000000,09:59:35.000000000,23:49:58.000000000,50964,103618,15.033333333333333,ready,172.0
RTS,2025-01-17,4,C:\data_quote\data_finam_RTS_tick_zip\20250117.zip,True,,True,0235b14895f550ff0f80d43f63019dc4ce8a260ed412d354cc5382bb4876c382,35965000000000,85799001000000,09:59:25.000000000,23:49:59.001000000,43544,88732,15.033316666666668,ready,162.0
RTS,2025-01-20,0,C:\data_quote\data_finam_RTS_tick_zip\20250120.zip,True,,True,5f384db4b518c769a5c0df7abca452ad266830ad1ef8910cfaf855b7ccc37a67,35969000000000,85799000000000,09:59:29.000000000,23:49:59.000000000,64906,130689,15.066633333333334,ready,203.0
RTS,2025-01-21,1,C:\data_quote\data_finam_RTS_tick_zip\20250121.zip,True,,True,99fb8933ccc728f46189c983c69e81f720b3d37038ec88b4c29cd912f5364ec7,35964000000000,85796000000000,09:59:24.000000000,23:49:56.000000000,60897,127207,15.033333333333333,ready,243.0
RTS,2025-01-22,2,C:\data_quote\data_finam_RTS_tick_zip\20250122.zip,True,,True,053e9c0f0273318cdcb6a4654ad8236fab9c4d8f31c0959eab4cbc4ab51a7b98,35971000000000,85797002000000,09:59:31.000000000,23:49:57.002000000,56460,116399,15.016666666666667,ready,200.0
RTS,2025-01-23,3,C:\data_quote\data_finam_RTS_tick_zip\20250123.zip,True,,True,abbae36045cbc191694c7aaaab5572abbf737c12f48a6c9e006d2a281380ee1a,35975000000000,85795001000000,09:59:35.000000000,23:49:55.001000000,55509,117979,15.049983333333333,ready,222.0
RTS,2025-01-24,4,C:\data_quote\data_finam_RTS_tick_zip\20250124.zip,True,,True,44646351231c1a0c175d2392aec9a55a6afdd9852e07763617e6565c5cb137b9,35986000000000,85799002000000,09:59:46.000000000,23:49:59.002000000,49610,102479,15.033199999999999,ready,177.0
RTS,2025-01-27,0,C:\data_quote\data_finam_RTS_tick_zip\20250127.zip,True,,True,83ac483a86c39fa78c77465d55ce177b759e1a44515a6885309f5c6b8b993010,32400000000000,85799000000000,09:00:00.000000000,23:49:59.000000000,49385,100232,15.1,ready,165.0
RTS,2025-01-28,1,C:\data_quote\data_finam_RTS_tick_zip\20250128.zip,True,,True,61a8f020158dcfbc56591feb155d5c044c2ac3bd3b0c51140a27fe84cf365610,32381000000000,85799004000000,08:59:41.000000000,23:49:59.004000000,50852,102409,15.183333333333334,ready,149.0
RTS,2025-01-29,2,C:\data_quote\data_finam_RTS_tick_zip\20250129.zip,True,,True,5084241e73b80ca0b2034742e36c1458d6f72630e2315460578a3c8643081e2c,32368000000000,85799000000000,08:59:28.000000000,23:49:59.000000000,42429,81530,15.05,ready,123.0
RTS,2025-01-30,3,C:\data_quote\data_finam_RTS_tick_zip\20250130.zip,True,,True,8b8007955f0682baaaad0808fba49fb9335edb0db64eef3b9bec76318c9b4315,32372000000000,85796000000000,08:59:32.000000000,23:49:56.000000000,46340,92819,15.066666666666666,ready,135.0
RTS,2025-01-31,4,C:\data_quote\data_finam_RTS_tick_zip\20250131.zip,True,,True,238342be7eceba830ecdb174256728a2602d8de96ce0f2fcb869f14714e7d801,32373000000000,85799000000000,08:59:33.000000000,23:49:59.000000000,54117,117701,15.066666666666666,ready,214.0
RTS,2025-02-03,0,C:\data_quote\data_finam_RTS_tick_zip\20250203.zip,True,,True,9b822d818e3ada6424db292f58b06d1152eb8d6e12bd616b4df64d250cb40166,32374000000000,85799004000000,08:59:34.000000000,23:49:59.004000000,50332,99250,15.066666666666666,ready,162.0
RTS,2025-02-04,1,C:\data_quote\data_finam_RTS_tick_zip\20250204.zip,True,,True,de49bad6bd521e00a5599bf811f8811c58bcea94821209018bc9e5e9ff577436,32349000000000,85799002000000,08:59:09.000000000,23:49:59.002000000,39736,76090,15.016666666666667,ready,133.0
RTS,2025-02-05,2,C:\data_quote\data_finam_RTS_tick_zip\20250205.zip,True,,True,9053cb9be2dbbc132ab7253ff177e4a9ca30ff487bfe0e5ae0f1a3a72eb62be8,32385000000000,85797001000000,08:59:45.000000000,23:49:57.001000000,69306,140399,15.049983333333333,ready,226.0
RTS,2025-02-06,3,C:\data_quote\data_finam_RTS_tick_zip\20250206.zip,True,,True,f94f7f3d345f07a61ea9b9d125e0fc0240e8ea68f3bf5593a0de643c7ae4a852,32363000000000,85799000000000,08:59:23.000000000,23:49:59.000000000,52329,101575,15.016666666666667,ready,137.0
RTS,2025-02-07,4,C:\data_quote\data_finam_RTS_tick_zip\20250207.zip,True,,True,1db5d644f4ae1b102ddaecaa4e0cab4ac5b4e628054c32c21161c21812006cfa,32389000000000,85799003000000,08:59:49.000000000,23:49:59.003000000,41528,75801,15.05,ready,104.0
RTS,2025-02-10,0,C:\data_quote\data_finam_RTS_tick_zip\20250210.zip,True,,True,633488d7f85507fefdac844bebf378e512929fbb3ce65ca00d03b0d00a7c86dc,32387000000000,85798001000000,08:59:47.000000000,23:49:58.001000000,43168,76862,15.033333333333333,ready,93.0
RTS,2025-02-11,1,C:\data_quote\data_finam_RTS_tick_zip\20250211.zip,True,,True,2262bfe9b8fefc8c98b10d39207f57a1ebdf5a440b387fd15fc79fa68f7c1efe,32343000000000,85797000000000,08:59:03.000000000,23:49:57.000000000,57129,120656,15.083316666666667,ready,281.0
RTS,2025-02-12,2,C:\data_quote\data_finam_RTS_tick_zip\20250212.zip,True,,True,7410363f28874df0e824abb9962c866aade4ef650b09a2b3be71157a5e799b34,32349000000000,85796000000000,08:59:09.000000000,23:49:56.000000000,98010,207346,15.049883333333334,ready,345.0
RTS,2025-02-13,3,C:\data_quote\data_finam_RTS_tick_zip\20250213.zip,True,,True,d414bd91b21e960dc1d62f7c6d59a49ffae4206c4a7180717deb64ea0347dda0,32350000000000,85797000000000,08:59:10.000000000,23:49:57.000000000,83529,171044,15.033283333333333,ready,231.0
RTS,2025-02-14,4,C:\data_quote\data_finam_RTS_tick_zip\20250214.zip,True,,True,4fbeacb175d177aab1b3892c3c3cd92f7eb44cf67421929836950a55697c52e7,32379000000000,85795000000000,08:59:39.000000000,23:49:55.000000000,135528,279891,15.016666666666667,ready,407.0
RTS,2025-02-17,0,C:\data_quote\data_finam_RTS_tick_zip\20250217.zip,True,,True,1733da3b90dcaef2dc138c5dab160ec359c4639a549e5bbf5b6be78e48333430,32366000000000,85799000000000,08:59:26.000000000,23:49:59.000000000,91438,198632,15.05,ready,273.0
RTS,2025-02-18,1,C:\data_quote\data_finam_RTS_tick_zip\20250218.zip,True,,True,46bb1559d7c5dc79d79a662d095e87c596e312b33c131cc14f29130579679707,32377000000000,85799005000000,08:59:37.000000000,23:49:59.005000000,119821,238590,15.016666666666667,ready,291.0
RTS,2025-02-19,2,C:\data_quote\data_finam_RTS_tick_zip\20250219.zip,True,,True,8a8ec321b04afddcf4b47d614b6eb11939b89a0b4f08b3335424e6eb6c707479,32367000000000,85798000000000,08:59:27.000000000,23:49:58.000000000,78657,147292,15.01665,ready,167.0
RTS,2025-02-20,3,C:\data_quote\data_finam_RTS_tick_zip\20250220.zip,True,,True,021c4914400cd63126815b1578eff5a6532a5593dc3b90b976366ab2f3be7ee4,32382000000000,85797000000000,08:59:42.000000000,23:49:57.000000000,83324,158726,15.01665,ready,213.0
RTS,2025-02-21,4,C:\data_quote\data_finam_RTS_tick_zip\20250221.zip,True,,True,2ae04b51952ca51b0b08d8c1c57ac27a96cf865ce20290fe33888b4900b80a9d,32347000000000,85798001000000,08:59:07.000000000,23:49:58.001000000,76463,148072,15.01665,ready,183.0
RTS,2025-02-24,0,C:\data_quote\data_finam_RTS_tick_zip\20250224.zip,True,,True,02bd6f935a870920a7b6f67627db1954025f1050f08446ff27f85064d7a05585,32368000000000,85798007000000,08:59:28.000000000,23:49:58.007000000,73514,142658,15.016666666666667,ready,203.0
RTS,2025-02-25,1,C:\data_quote\data_finam_RTS_tick_zip\20250225.zip,True,,True,1ed0ef8a029d2f5f117a21ac8b3b3f8d5daa65657978c63792f5bdb231100796,32351000000000,85798000000000,08:59:11.000000000,23:49:58.000000000,66148,131039,15.033333333333333,ready,197.0
RTS,2025-02-26,2,C:\data_quote\data_finam_RTS_tick_zip\20250226.zip,True,,True,d04c8400ebf2d40995755f620073594287d38986e1b42156709ecf42936b3c85,32368000000000,85798000000000,08:59:28.000000000,23:49:58.000000000,133258,251978,15.083333333333334,ready,280.0
RTS,2025-02-27,3,C:\data_quote\data_finam_RTS_tick_zip\20250227.zip,True,,True,065ab0f7fb42c664290623fecd1b1196fe9bc0b1ce0650d6670ff7e8abc9cc08,32359000000000,85799003000000,08:59:19.000000000,23:49:59.003000000,122109,248780,15.016666666666667,ready,268.0
RTS,2025-02-28,4,C:\data_quote\data_finam_RTS_tick_zip\20250228.zip,True,,True,936e858021e4c99d54b0dea995914bd48122dca762194db9100aac548c5f2785,32375000000000,85798002000000,08:59:35.000000000,23:49:58.002000000,125672,230955,15.066650000000001,ready,207.0
RTS,2025-03-03,0,C:\data_quote\data_finam_RTS_tick_zip\20250303.zip,True,,True,d4e2f54150ed91480abbea63d7ad57948714597ae293ab3a90b262b2d0b37e16,32373000000000,85799000000000,08:59:33.000000000,23:49:59.000000000,118188,222001,15.033283333333333,ready,199.0
RTS,2025-03-04,1,C:\data_quote\data_finam_RTS_tick_zip\20250304.zip,True,,True,9f427809d2d262fccc274bbb788c92af375bae0e8af5193a7cf425623b6d319f,32381000000000,85799000000000,08:59:41.000000000,23:49:59.000000000,84339,152315,15.05,ready,141.0
RTS,2025-03-05,2,C:\data_quote\data_finam_RTS_tick_zip\20250305.zip,True,,True,a5c4f3259f2a6f3dc8374781f11d92fd824da74ce93f58807b00aa36e62f7c9e,32375000000000,85798001000000,08:59:35.000000000,23:49:58.001000000,88181,165155,15.049983333333333,ready,175.0
RTS,2025-03-06,3,C:\data_quote\data_finam_RTS_tick_zip\20250306.zip,True,,True,69ef07d00d187ff8db1e51b1f143bbabbff3ddee8e41d16cdc1de96afda9d5de,32341000000000,85799000000000,08:59:01.000000000,23:49:59.000000000,76543,135222,15.066666666666666,ready,109.0
RTS,2025-03-07,4,C:\data_quote\data_finam_RTS_tick_zip\20250307.zip,True,,True,0f89a3c405176da0ebfbccf5daf13d0fb46ea24903c0a2f51b0b092d033f46cd,32365000000000,85798001000000,08:59:25.000000000,23:49:58.001000000,96935,189997,15.016666666666667,ready,186.0
RTS,2025-03-10,0,C:\data_quote\data_finam_RTS_tick_zip\20250310.zip,True,,True,fe6b863bdd97c57b307220b64731ee820a232db99b9081038f4250d4348cd0a6,32359000000000,85799000000000,08:59:19.000000000,23:49:59.000000000,63181,103099,15.016666666666667,ready,80.0
RTS,2025-03-11,1,C:\data_quote\data_finam_RTS_tick_zip\20250311.zip,True,,True,bd42eb116524e90adff364f01f99c92d0180cbb58754e8e04200eb3b230d2ac8,32374000000000,85799000000000,08:59:34.000000000,23:49:59.000000000,92120,163393,15.0164,ready,141.0
RTS,2025-03-12,2,C:\data_quote\data_finam_RTS_tick_zip\20250312.zip,True,,True,306e544fc44d5960778847d80fa6ac759868481f78a17f7c925fc65071dac831,32379000000000,85799000000000,08:59:39.000000000,23:49:59.000000000,65693,114954,15.05,ready,101.0
RTS,2025-03-13,3,C:\data_quote\data_finam_RTS_tick_zip\20250313.zip,True,,True,207df9fcf9248d15632c86fdea8248a827ec187152d0a0d249ed6d204e608688,32367000000000,85799000000000,08:59:27.000000000,23:49:59.000000000,116683,209344,15.015283333333334,ready,200.0
RTS,2025-03-14,4,C:\data_quote\data_finam_RTS_tick_zip\20250314.zip,True,,True,003645e319bdec074360eea0618331ceb6e058d6dda55393a23db7cc9baab8c8,32354000000000,85797002000000,08:59:14.000000000,23:49:57.002000000,73864,124642,15.083333333333334,ready,121.0
RTS,2025-03-17,0,C:\data_quote\data_finam_RTS_tick_zip\20250317.zip,True,,True,3edff57f5a38c9ff94bb58a1b154f7537d85136a887198faa6df43f991a4bace,32382000000000,85797002000000,08:59:42.000000000,23:49:57.002000000,73587,124511,15.03325,ready,118.0
RTS,2025-03-18,1,C:\data_quote\data_finam_RTS_tick_zip\20250318.zip,True,,True,25d43cb339084aa41c9b96eb14bc639de4c4ac67b66b801b08be7f7d8bde0a65,32372000000000,85798000000000,08:59:32.000000000,23:49:58.000000000,120908,185412,15.049933333333334,ready,165.0
RTS,2025-03-19,2,C:\data_quote\data_finam_RTS_tick_zip\20250319.zip,True,,True,f1450b385db6ff179d8f3cae636ef79862553d0956611432bf676eb41abaacf9,32354000000000,85796001000000,08:59:14.000000000,23:49:56.001000000,33176,49003,15.049983333333333,ready,45.0
RTS,2025-03-20,3,C:\data_quote\data_finam_RTS_tick_zip\20250320.zip,True,,True,04c1a3f20149976bff46104953045b8fee7e7472e485788e899e4bd6cd7c3b8a,32359000000000,85799000000000,08:59:19.000000000,23:49:59.000000000,53415,83199,15.066666666666666,ready,89.0
RTS,2025-03-21,4,C:\data_quote\data_finam_RTS_tick_zip\20250321.zip,True,,True,7930634944c8c4418738f8bb40e33100a23c268077e2138c00f1cc2698a84b15,32348000000000,85798000000000,08:59:08.000000000,23:49:58.000000000,66175,98635,15.099983333333334,ready,122.0
RTS,2025-03-24,0,C:\data_quote\data_finam_RTS_tick_zip\20250324.zip,True,,True,6332d27cce0d89bd8947a09f63b4a72f4a9a389d88a9099f251d01b6cfaff5dd,32366000000000,85797000000000,08:59:26.000000000,23:49:57.000000000,53888,90754,15.249983333333335,ready,102.0
RTS,2025-03-25,1,C:\data_quote\data_finam_RTS_tick_zip\20250325.zip,True,,True,15ded0055e57e7204cecf2098e6de1d7eaf06f6fd747aa162946968fe655a43b,32359000000000,85797000000000,08:59:19.000000000,23:49:57.000000000,57943,102728,30.033283333333333,ready,128.0
RTS,2025-03-26,2,C:\data_quote\data_finam_RTS_tick_zip\20250326.zip,True,,True,6aad706de8bdc62400c098a08eb828dafc65453cc4b07a54174098ef66f4ff29,32383000000000,85797000000000,08:59:43.000000000,23:49:57.000000000,50708,81018,15.149966666666668,ready,80.0
RTS,2025-03-27,3,C:\data_quote\data_finam_RTS_tick_zip\20250327.zip,True,,True,bc49a689a1ace96efe2833909b020898bf0ff79bc678f491a3b7f37f30bbb90b,32388000000000,85799004000000,08:59:48.000000000,23:49:59.004000000,63558,102578,15.133316666666667,ready,121.0
RTS,2025-03-28,4,C:\data_quote\data_finam_RTS_tick_zip\20250328.zip,True,,True,fea746e8bff033cf09759f2c526f3817c586ac597e66882d2de778724dc2ea01,32357000000000,85799000000000,08:59:17.000000000,23:49:59.000000000,90980,157206,15.066566666666667,ready,214.0
RTS,2025-03-31,0,C:\data_quote\data_finam_RTS_tick_zip\20250331.zip,True,,True,38b650e713bc3fd68e7919e67041d99f85ce2de6deeb194bebc17cbdb560f029,32365000000000,85798009000000,08:59:25.000000000,23:49:58.009000000,72601,120153,15.049983333333333,ready,141.0
RTS,2025-04-01,1,C:\data_quote\data_finam_RTS_tick_zip\20250401.zip,True,,True,c824350e316e129f7995a26317af2b660aa18bb64b1c808cd0cad7b8ab8a1876,32345000000000,85798002000000,08:59:05.000000000,23:49:58.002000000,84564,145024,15.016666666666667,ready,188.0
RTS,2025-04-02,2,C:\data_quote\data_finam_RTS_tick_zip\20250402.zip,True,,True,b3fd792bab7f33f414378dcdcf54a191b6129a76a2199a8e81173bd47a76592a,32354000000000,85791000000000,08:59:14.000000000,23:49:51.000000000,73693,120882,15.05,ready,159.0
RTS,2025-04-03,3,C:\data_quote\data_finam_RTS_tick_zip\20250403.zip,True,,True,c8074f9f6e809dc51a00c19ea820a30dde4991c3d78229346cb70062805b3fd1,32379000000000,85799000000000,08:59:39.000000000,23:49:59.000000000,112327,202847,15.033333333333333,ready,300.0
RTS,2025-04-04,4,C:\data_quote\data_finam_RTS_tick_zip\20250404.zip,True,,True,dcf7dd69f92ae387788b5c1f47ef4bfdc0baba1f8e28043098f3b9a8393bf484,32352000000000,85794001000000,08:59:12.000000000,23:49:54.001000000,107113,188740,15.066666666666666,ready,270.0
RTS,2025-04-07,0,C:\data_quote\data_finam_RTS_tick_zip\20250407.zip,True,,True,6506e45fe6b0bad44a0440c5208fa97fd165cdb5aa55b91d1bcaff22445ce184,32351000000000,85799000000000,08:59:11.000000000,23:49:59.000000000,122870,216326,15.01665,ready,295.0
RTS,2025-04-08,1,C:\data_quote\data_finam_RTS_tick_zip\20250408.zip,True,,True,0ba0b8e9ed4882ae61f22cea96bd1c8bf8631e65d2cf4a67fa281b60f85c024a,32345000000000,85799003000000,08:59:05.000000000,23:49:59.003000000,85846,137756,15.033233333333333,ready,160.0
RTS,2025-04-09,2,C:\data_quote\data_finam_RTS_tick_zip\20250409.zip,True,,True,131483a553545d973b4efa2643ac665c5b8c6d0ac3f0d4e0ef26e242901b5796,32361000000000,85798011000000,08:59:21.000000000,23:49:58.011000000,138992,235377,15.016666666666667,ready,279.0
RTS,2025-04-10,3,C:\data_quote\data_finam_RTS_tick_zip\20250410.zip,True,,True,8df2750fbeda82d3c8e95c8bc31880fc81808280a1f14f44197e0601041035bf,32361000000000,85797008000000,08:59:21.000000000,23:49:57.008000000,108885,189961,15.033316666666668,ready,267.0
RTS,2025-04-11,4,C:\data_quote\data_finam_RTS_tick_zip\20250411.zip,True,,True,fbdb71b037558c77553a454395c524c68619d423040e5a62cfa3208273f325e1,32345000000000,85799002000000,08:59:05.000000000,23:49:59.002000000,88456,149347,15.083333333333334,ready,174.0
RTS,2025-04-14,0,C:\data_quote\data_finam_RTS_tick_zip\20250414.zip,True,,True,defbd26a74a899b3833ab473d0b1921f8a5e42492b79213fb4f62dc7894aaa0c,32375000000000,85799000000000,08:59:35.000000000,23:49:59.000000000,64872,98103,15.016666666666667,ready,100.0
RTS,2025-04-15,1,C:\data_quote\data_finam_RTS_tick_zip\20250415.zip,True,,True,ac2c02a1e389f5ec9141f60753ae4519b9a1a706037268ed8c217f4a8058558f,32377000000000,85799001000000,08:59:37.000000000,23:49:59.001000000,61024,89956,15.083316666666667,ready,100.0
RTS,2025-04-16,2,C:\data_quote\data_finam_RTS_tick_zip\20250416.zip,True,,True,6f70753c66f41eebad8536ec14bbb639f539c5403d9efe8abd3acb69f4c664ff,32341000000000,85797001000000,08:59:01.000000000,23:49:57.001000000,72038,111318,15.066550000000001,ready,134.0
RTS,2025-04-17,3,C:\data_quote\data_finam_RTS_tick_zip\20250417.zip,True,,True,22382283add885fb18224769edd23c3bc046d53284bb1e1e5c07c1bfc644da72,32348000000000,85797002000000,08:59:08.000000000,23:49:57.002000000,79940,127362,15.01665,ready,169.0
RTS,2025-04-18,4,C:\data_quote\data_finam_RTS_tick_zip\20250418.zip,True,,True,520e8f26e01a0f3e5f6ace8fc9a1be1ef0573eb49e2dd694bbc48558ee29462c,32345000000000,85798013000000,08:59:05.000000000,23:49:58.013000000,103220,168969,15.116616666666665,ready,237.0
RTS,2025-04-21,0,C:\data_quote\data_finam_RTS_tick_zip\20250421.zip,True,,True,714b3afbef97dc740a39834769e33e14e6b08358920b62014d75cd56e8fb315e,32380000000000,85797001000000,08:59:40.000000000,23:49:57.001000000,59367,90728,15.016466666666668,ready,111.0
RTS,2025-04-22,1,C:\data_quote\data_finam_RTS_tick_zip\20250422.zip,True,,True,b2c70b64f3a7ab323a67c4633ca6fabb47bdf2cc6e1909ac1b2b4aaf1dac6c9f,32364000000000,85799000000000,08:59:24.000000000,23:49:59.000000000,83205,139339,31.61658333333333,ready,206.0
RTS,2025-04-23,2,C:\data_quote\data_finam_RTS_tick_zip\20250423.zip,True,,True,aabc0a44b38e2761b90c943b16162bce3aa75fb390f199cf982d31598c2d3868,32352000000000,85798000000000,08:59:12.000000000,23:49:58.000000000,96044,154938,15.01655,ready,182.0
RTS,2025-04-24,3,C:\data_quote\data_finam_RTS_tick_zip\20250424.zip,True,,True,73e6b5636081b419ff3f8234bab9f4fa5a5683abffaf85564b3909a3a2aa2135,32348000000000,85798000000000,08:59:08.000000000,23:49:58.000000000,53008,80833,15.03325,ready,75.0
RTS,2025-04-25,4,C:\data_quote\data_finam_RTS_tick_zip\20250425.zip,True,,True,4a9fbb5ed3f134a0471d77df3eef4bcbeb6339990beda9a7bea64d77204e3f79,32362000000000,85797002000000,08:59:22.000000000,23:49:57.002000000,63874,102005,15.033333333333333,ready,108.0
RTS,2025-04-28,0,C:\data_quote\data_finam_RTS_tick_zip\20250428.zip,True,,True,2bd2a304894b8a4e4351b3ba6c4a25e3333fb19ed47986029eb5182bf14adc84,32383000000000,85796001000000,08:59:43.000000000,23:49:56.001000000,77297,119585,70.03320000000001,ready,124.0
RTS,2025-04-29,1,C:\data_quote\data_finam_RTS_tick_zip\20250429.zip,True,,True,a96adac7663af004ee29c3d5bff3108d7aabe0851941b3ddf7227b9454be4dda,32378000000000,85799001000000,08:59:38.000000000,23:49:59.001000000,64661,99020,15.116666666666667,ready,110.0
RTS,2025-04-30,2,C:\data_quote\data_finam_RTS_tick_zip\20250430.zip,True,,True,c069b615acd9e9ed536567eab8118e54f914cae173806fabbbb1ca7b34548341,32388000000000,85798004000000,08:59:48.000000000,23:49:58.004000000,69897,112116,15.033333333333333,ready,129.0
RTS,2025-05-02,4,C:\data_quote\data_finam_RTS_tick_zip\20250502.zip,True,,True,9f15f5ec7fc6a18445478964c10552e080852df24434d95cf42d55ec8bcd81bf,32378000000000,85798000000000,08:59:38.000000000,23:49:58.000000000,50521,84218,15.083300000000001,ready,107.0
RTS,2025-05-05,0,C:\data_quote\data_finam_RTS_tick_zip\20250505.zip,True,,True,d163552c9a1650f586d3192f418cd73518b5346512f57eb3e929acb7b070046c,32353000000000,85797000000000,08:59:13.000000000,23:49:57.000000000,59370,104895,15.333116666666665,ready,143.0
RTS,2025-05-06,1,C:\data_quote\data_finam_RTS_tick_zip\20250506.zip,True,,True,99483f118e3a943f749128ce7488bddd69da767ee6263fa915abfade55319d35,32349000000000,85798000000000,08:59:09.000000000,23:49:58.000000000,64635,110356,15.066550000000001,ready,155.0
RTS,2025-05-07,2,C:\data_quote\data_finam_RTS_tick_zip\20250507.zip,True,,True,1c666a87bec6d45ccb1a7bfed16d5e7b120eba338fd8b288cbeac0aa88dbafb2,32346000000000,85796000000000,08:59:06.000000000,23:49:56.000000000,60383,104369,15.01665,ready,145.0
RTS,2025-05-08,3,C:\data_quote\data_finam_RTS_tick_zip\20250508.zip,True,,True,649704dcf7e51ee18de63d6f8e8869bb45823e8362ee65597dd9886f14ac024e,32347000000000,85799001000000,08:59:07.000000000,23:49:59.001000000,48290,84314,15.066666666666666,ready,82.0
RTS,2025-05-12,0,C:\data_quote\data_finam_RTS_tick_zip\20250512.zip,True,,True,5ed8874c4b1ded6e1e080da9145f8805cacc204c11e800f991a9c6d44668af67,32368000000000,85797007000000,08:59:28.000000000,23:49:57.007000000,51621,93505,15.116283333333334,ready,137.0
RTS,2025-05-13,1,C:\data_quote\data_finam_RTS_tick_zip\20250513.zip,True,,True,e735de7b24b5f84e4cd17505a9cd84692b54b891c6b66c0d3321f9670c8b8b6a,32358000000000,85797001000000,08:59:18.000000000,23:49:57.001000000,47099,74021,15.05,ready,118.0
RTS,2025-05-14,2,C:\data_quote\data_finam_RTS_tick_zip\20250514.zip,True,,True,a1c55141e51dd22c0560799056526b487d5708d63564b110ad84e4bdad30a8f4,32345000000000,85799001000000,08:59:05.000000000,23:49:59.001000000,53665,89256,15.1,ready,152.0
RTS,2025-05-15,3,C:\data_quote\data_finam_RTS_tick_zip\20250515.zip,True,,True,a27682bebf543c8222f180b218678717fc4b451a7cecafaf3cd41c6f7e6b9d60,32369000000000,85799000000000,08:59:29.000000000,23:49:59.000000000,68286,127107,15.016616666666666,ready,199.0
RTS,2025-05-16,4,C:\data_quote\data_finam_RTS_tick_zip\20250516.zip,True,,True,9b2bde1b0c50a92b92ec68cc5c8af06969d0d416da5aaaa5cee0ceab43beeb77,32372000000000,85795004000000,08:59:32.000000000,23:49:55.004000000,72596,126741,15.133183333333333,ready,219.0
RTS,2025-05-19,0,C:\data_quote\data_finam_RTS_tick_zip\20250519.zip,True,,True,dfcc889a45b9a032cd31288364d83aaf321e5ef7d22b228ad442ab54c86dabeb,32373000000000,85799000000000,08:59:33.000000000,23:49:59.000000000,61120,103747,15.066650000000001,ready,160.0
RTS,2025-05-20,1,C:\data_quote\data_finam_RTS_tick_zip\20250520.zip,True,,True,5830f3d6d4d0b7a51ed5ec44936a125866c8f491b241250af5bbed92cbd05276,32361000000000,85799000000000,08:59:21.000000000,23:49:59.000000000,38803,71507,15.233333333333333,ready,109.0
RTS,2025-05-21,2,C:\data_quote\data_finam_RTS_tick_zip\20250521.zip,True,,True,ef72f3f500883a15e205f0ca99c13b4948ca3a18ecf0cf7510b13654beece1ac,32384000000000,85799000000000,08:59:44.000000000,23:49:59.000000000,43626,78312,15.116666666666667,ready,130.0
RTS,2025-05-22,3,C:\data_quote\data_finam_RTS_tick_zip\20250522.zip,True,,True,bd4b68eeae9f12e215f8bcda92b4d9df5e6b07d808e54b794c29d0bd7a3dd873,32358000000000,85796000000000,08:59:18.000000000,23:49:56.000000000,57564,116082,15.083333333333334,ready,214.0
RTS,2025-05-23,4,C:\data_quote\data_finam_RTS_tick_zip\20250523.zip,True,,True,db0947cdd894983f02a3700034928477c0136b26906342017e29ebb2a9723a99,32369000000000,85798001000000,08:59:29.000000000,23:49:58.001000000,36799,70555,15.283333333333333,ready,138.0
RTS,2025-05-26,0,C:\data_quote\data_finam_RTS_tick_zip\20250526.zip,True,,True,0f492f37bad1a89220aa8bef43585b816979124d1b2a93b43d7f612ece36f635,32352000000000,85797000000000,08:59:12.000000000,23:49:57.000000000,41030,77945,15.049983333333333,ready,136.0
RTS,2025-05-27,1,C:\data_quote\data_finam_RTS_tick_zip\20250527.zip,True,,True,aef713dda30877e224396f530cf6f8626dde0e3a1232d93f1c777576c16c68c2,32346000000000,85798005000000,08:59:06.000000000,23:49:58.005000000,39225,68443,15.033333333333333,ready,117.0
RTS,2025-05-28,2,C:\data_quote\data_finam_RTS_tick_zip\20250528.zip,True,,True,53426c18810b1a8542565e6f56caae52fe26a1db0f52a64bf48d8fb26b62b105,32351000000000,85798001000000,08:59:11.000000000,23:49:58.001000000,51207,100354,15.199883333333334,ready,197.0
RTS,2025-05-29,3,C:\data_quote\data_finam_RTS_tick_zip\20250529.zip,True,,True,c38c21ef10470c46f8225fc7f1117b2c8c83c63dbee495683ce52ce265a0f6c5,32379000000000,85799000000000,08:59:39.000000000,23:49:59.000000000,51769,98110,15.099983333333334,ready,191.0
RTS,2025-05-30,4,C:\data_quote\data_finam_RTS_tick_zip\20250530.zip,True,,True,4bdec1a3c39b2400a4b58b2d364ed16c0146b8b17e4ae400a814be508063d82a,32359000000000,85794000000000,08:59:19.000000000,23:49:54.000000000,40479,74562,15.21665,ready,139.0
RTS,2025-06-02,0,C:\data_quote\data_finam_RTS_tick_zip\20250602.zip,True,,True,38a72afdc467fff09f12326270e09f43a7459d9c88836ad63b5283edb1231d70,32373000000000,85799006000000,08:59:33.000000000,23:49:59.006000000,55608,106584,15.049933333333334,ready,230.0
RTS,2025-06-03,1,C:\data_quote\data_finam_RTS_tick_zip\20250603.zip,True,,True,a10b708e00fb8de9e683e970898d9c6f7e69eb98eccd1151e5fac3a5a9fb1967,32385000000000,85798000000000,08:59:45.000000000,23:49:58.000000000,36473,69501,15.083316666666667,ready,159.0
RTS,2025-06-04,2,C:\data_quote\data_finam_RTS_tick_zip\20250604.zip,True,,True,f584faf3387ec19619db0f1ce164975ff288cfdcd27da24ddc298d6d2f114008,32344000000000,85799000000000,08:59:04.000000000,23:49:59.000000000,55574,107979,15.016266666666667,ready,233.0
RTS,2025-06-05,3,C:\data_quote\data_finam_RTS_tick_zip\20250605.zip,True,,True,5c115553657fdcb3e4b2bacffe70b8b41ecbe68755521ad3ef25f05349b7259e,32373000000000,85798000000000,08:59:33.000000000,23:49:58.000000000,40054,82622,15.233333333333333,ready,182.0
RTS,2025-06-06,4,C:\data_quote\data_finam_RTS_tick_zip\20250606.zip,True,,True,0d4f03a729e6c7e68c4a41e272041e0522c622313f8f91e10a670de2d70e21a9,32387000000000,85799001000000,08:59:47.000000000,23:49:59.001000000,87171,172206,15.016666666666667,ready,376.0
RTS,2025-06-09,0,C:\data_quote\data_finam_RTS_tick_zip\20250609.zip,True,,True,a8b090914816b48aeaeafbbd88b3518ed8e8ae3339c840ce89b58b304c23f620,32374000000000,85799001000000,08:59:34.000000000,23:49:59.001000000,44595,87171,15.066666666666666,ready,180.0
RTS,2025-06-10,1,C:\data_quote\data_finam_RTS_tick_zip\20250610.zip,True,,True,d438fcce7c911e69203fabde8b3ce73be8e9ae7f7d8cb9359d961fe882ef0253,32352000000000,85799000000000,08:59:12.000000000,23:49:59.000000000,38622,74185,15.033216666666668,ready,145.0
RTS,2025-06-11,2,C:\data_quote\data_finam_RTS_tick_zip\20250611.zip,True,,True,c213584ab1e20dafc8aa43c106868e846f33dc274f1423c5b5a0a776842352b0,32364000000000,85799000000000,08:59:24.000000000,23:49:59.000000000,45511,89489,15.016666666666667,ready,183.0
RTS,2025-06-13,4,C:\data_quote\data_finam_RTS_tick_zip\20250613.zip,True,,True,b220308811ba56463c27a70fda1a8cd96fb88c826a2c56e4243c7b1a858576d1,32383000000000,85798000000000,08:59:43.000000000,23:49:58.000000000,37237,74062,15.233333333333333,ready,156.0
RTS,2025-06-16,0,C:\data_quote\data_finam_RTS_tick_zip\20250616.zip,True,,True,c378ffb2e3a58c150df5db5e236641c204055ac9fcdbe9a20ee0b300673b2be4,32359000000000,85798003000000,08:59:19.000000000,23:49:58.003000000,34071,59743,15.133316666666667,ready,107.0
RTS,2025-06-17,1,C:\data_quote\data_finam_RTS_tick_zip\20250617.zip,True,,True,0469701cbf1ff537843d272717f92b9175f85378e97057e4128252f8e1cff228,32382000000000,85792000000000,08:59:42.000000000,23:49:52.000000000,39954,74479,15.083333333333334,ready,136.0
RTS,2025-06-18,2,C:\data_quote\data_finam_RTS_tick_zip\20250618.zip,True,,True,2d83357285be0d44f105d728ad782e7ba008e6616d2fb34c63e0e1301f7e5dee,32346000000000,85798003000000,08:59:06.000000000,23:49:58.003000000,18433,26915,15.016616666666666,ready,37.0
RTS,2025-06-19,3,C:\data_quote\data_finam_RTS_tick_zip\20250619.zip,True,,True,bdd50108c97bd15e791eab90dd354c13b5a466e13cabda0e277de461d1f741b7,32381000000000,85796001000000,08:59:41.000000000,23:49:56.001000000,35848,63688,15.166616666666666,ready,140.0
RTS,2025-06-20,4,C:\data_quote\data_finam_RTS_tick_zip\20250620.zip,True,,True,1b81687b8d301603768bf52bb96ad82cff9d9adef0c6703d47780f005fdbdb8b,32380000000000,85799000000000,08:59:40.000000000,23:49:59.000000000,26673,47443,15.249983333333335,ready,113.0
RTS,2025-06-23,0,C:\data_quote\data_finam_RTS_tick_zip\20250623.zip,True,,True,04bdb46ab369b67e3611d789a8bb43d6d35ae11acf780e63ce9f078fd15ca800,32371000000000,85799001000000,08:59:31.000000000,23:49:59.001000000,31285,58209,15.166583333333334,ready,123.0
RTS,2025-06-24,1,C:\data_quote\data_finam_RTS_tick_zip\20250624.zip,True,,True,acfbade6a2e3e135a766bde078b58b1f56675d3105968c0682a03eb1b55af779,32375000000000,85794001000000,08:59:35.000000000,23:49:54.001000000,42099,81229,15.166616666666666,ready,184.0
RTS,2025-06-25,2,C:\data_quote\data_finam_RTS_tick_zip\20250625.zip,True,,True,c129a836885d1ca828b2d2e7bdcf54ee02f22fb838f4fcd5400dac9bffe3521b,32349000000000,85792000000000,08:59:09.000000000,23:49:52.000000000,32079,63509,15.033333333333333,ready,139.0
RTS,2025-06-26,3,C:\data_quote\data_finam_RTS_tick_zip\20250626.zip,True,,True,936e15e7af31b67f35280575c3936cfe17e8cb2be0a5468168996fb28f0e087b,32363000000000,85792000000000,08:59:23.000000000,23:49:52.000000000,25089,46501,15.25,ready,94.0
RTS,2025-06-27,4,C:\data_quote\data_finam_RTS_tick_zip\20250627.zip,True,,True,8d66d51ca1b6c2b5a053779dd0501100c63272e050edb4701325f2e90bd9b23a,32348000000000,85799010000000,08:59:08.000000000,23:49:59.010000000,33265,65326,15.066550000000001,ready,168.0
RTS,2025-06-30,0,C:\data_quote\data_finam_RTS_tick_zip\20250630.zip,True,,True,2ffa3cb13461527df2e11f8d33d58dd0cb3f93d891a56727aa4ff6e32de33120,32358000000000,85797000000000,08:59:18.000000000,23:49:57.000000000,27951,49663,15.166633333333333,ready,110.0
RTS,2025-07-01,1,C:\data_quote\data_finam_RTS_tick_zip\20250701.zip,True,,True,1666b7edfa139b33b0caf64b055d96f4066ab6960829ab0c68bb0db825e69aae,32361000000000,85794000000000,08:59:21.000000000,23:49:54.000000000,28225,51735,15.033166666666666,ready,132.0
RTS,2025-07-02,2,C:\data_quote\data_finam_RTS_tick_zip\20250702.zip,True,,True,5fc352fa7760dbb2352bddb8bf543229b5c0cdae920fbeec02a3f249bfd4e446,32369000000000,85799000000000,08:59:29.000000000,23:49:59.000000000,39728,75534,15.05,ready,199.0
RTS,2025-07-03,3,C:\data_quote\data_finam_RTS_tick_zip\20250703.zip,True,,True,f14caf6b78fee4d406ebf2d2b1fa449508d9d7c9124300493ad60eb54eb9d7cf,32349000000000,85799000000000,08:59:09.000000000,23:49:59.000000000,40814,82170,15.1,ready,225.0
RTS,2025-07-04,4,C:\data_quote\data_finam_RTS_tick_zip\20250704.zip,True,,True,51fe2b0d386b623b52bcb966db2d5be6ade784194bebfc427d9cd23254b38e60,32379000000000,85781004000000,08:59:39.000000000,23:49:41.004000000,27994,51980,15.15,ready,124.0
RTS,2025-07-07,0,C:\data_quote\data_finam_RTS_tick_zip\20250707.zip,True,,True,54b3cdf32e14cbb552aa9212c3d211f76756e8a2fca9591593108c6876230627,32359000000000,85798001000000,08:59:19.000000000,23:49:58.001000000,28587,57831,15.116666666666667,ready,159.0
RTS,2025-07-08,1,C:\data_quote\data_finam_RTS_tick_zip\20250708.zip,True,,True,c7d1ee1293485b1bae12a3600f62da39011ac92e3a0607e1379e4d34e7c8029b,32363000000000,85795000000000,08:59:23.000000000,23:49:55.000000000,32241,64254,15.016616666666666,ready,191.0
RTS,2025-07-09,2,C:\data_quote\data_finam_RTS_tick_zip\20250709.zip,True,,True,d00bc9e4af09e945943ae64d6ff6a766763efe12f78f737f37ea3c67bb75bd44,32378000000000,85797000000000,08:59:38.000000000,23:49:57.000000000,35490,72721,15.133233333333333,ready,212.0
RTS,2025-07-10,3,C:\data_quote\data_finam_RTS_tick_zip\20250710.zip,True,,True,d3f7261b1cde7a0bdff58df5764396cc27ba915708cd9021170ea18422527f75,32363000000000,85794000000000,08:59:23.000000000,23:49:54.000000000,30205,61286,15.033316666666668,ready,164.0
RTS,2025-07-11,4,C:\data_quote\data_finam_RTS_tick_zip\20250711.zip,True,,True,6decd4ec0a4f705f25943fe2cf50c65fff607c16ffc4b21b75a4a2675aab110d,32364000000000,85798001000000,08:59:24.000000000,23:49:58.001000000,41327,85446,15.1,ready,257.0
RTS,2025-07-14,0,C:\data_quote\data_finam_RTS_tick_zip\20250714.zip,True,,True,10f1dfcbe477266f3090b6fe0aaf3dce6e0e6a14a99136556751a48ce25f7cb4,32381000000000,85797000000000,08:59:41.000000000,23:49:57.000000000,53239,111598,15.116383333333333,ready,352.0
RTS,2025-07-15,1,C:\data_quote\data_finam_RTS_tick_zip\20250715.zip,True,,True,260ab72437b35f33bd4f49e751aba3ea1f079401623c334c3c3362440a1ed56e,32358000000000,85798000000000,08:59:18.000000000,23:49:58.000000000,27999,56343,15.116666666666667,ready,157.0
RTS,2025-07-16,2,C:\data_quote\data_finam_RTS_tick_zip\20250716.zip,True,,True,6f403871821f7420921bdc4bb83c0b644549a2f6333c25c4c8ca458c8c2a1dc7,32376000000000,85788003000000,08:59:36.000000000,23:49:48.003000000,29019,55168,15.166666666666666,ready,149.0
RTS,2025-07-17,3,C:\data_quote\data_finam_RTS_tick_zip\20250717.zip,True,,True,88f23da5dfed38305203bd96ae182324053ab05803b151d6b3c452a72defd8a3,32363000000000,85796000000000,08:59:23.000000000,23:49:56.000000000,30271,55426,15.016666666666667,ready,104.0
RTS,2025-07-18,4,C:\data_quote\data_finam_RTS_tick_zip\20250718.zip,True,,True,cdb452cbab4aa9bde467fb45f0412326ee8cec8d3985944012f6f55f29135fb8,32379000000000,85796004000000,08:59:39.000000000,23:49:56.004000000,34470,66407,15.083333333333334,ready,161.0
RTS,2025-07-21,0,C:\data_quote\data_finam_RTS_tick_zip\20250721.zip,True,,True,f39b841dffe504067bf49e5fbe23fecb36baf54ce0711436d57ae5f0a9d2c534,32374000000000,85797000000000,08:59:34.000000000,23:49:57.000000000,29030,56574,15.05,ready,150.0
RTS,2025-07-22,1,C:\data_quote\data_finam_RTS_tick_zip\20250722.zip,True,,True,bf3abe80b4f213a3d942a668c42a3edb0e962d9c3e66a6e9f56ac858c5e1cdaf,32363000000000,85799015000000,08:59:23.000000000,23:49:59.015000000,23359,44661,15.183316666666666,ready,125.0
RTS,2025-07-23,2,C:\data_quote\data_finam_RTS_tick_zip\20250723.zip,True,,True,66e285ff1826be2a40992d586235c897e8061969e23f244f8e501dc41fa4d7f0,32377000000000,85798008000000,08:59:37.000000000,23:49:58.008000000,27993,51189,15.016666666666667,ready,141.0
RTS,2025-07-24,3,C:\data_quote\data_finam_RTS_tick_zip\20250724.zip,True,,True,df91056e23b8d8d636191168a58541c6a5eb9e4f41172c9272e7fb0e18006820,32362000000000,85799000000000,08:59:22.000000000,23:49:59.000000000,33982,65361,15.116666666666667,ready,167.0
RTS,2025-07-25,4,C:\data_quote\data_finam_RTS_tick_zip\20250725.zip,True,,True,d4d9ea241ac8545e4e7387ce7e1b631e5ee624064cb0cdc110617185a2ac71aa,32370000000000,85792009000000,08:59:30.000000000,23:49:52.009000000,46282,96531,15.233333333333333,ready,282.0
RTS,2025-07-28,0,C:\data_quote\data_finam_RTS_tick_zip\20250728.zip,True,,True,d2fdeeb9d67895f0930417e3e575307e212f881a45edee1539875f00d0a318ce,32369000000000,85795000000000,08:59:29.000000000,23:49:55.000000000,49009,96312,15.033333333333333,ready,267.0
RTS,2025-07-29,1,C:\data_quote\data_finam_RTS_tick_zip\20250729.zip,True,,True,3d50d6b4beacfc145b21f227654f5db5b0e46dee10466d87e6bd652eb2aeaeea,32364000000000,85798002000000,08:59:24.000000000,23:49:58.002000000,43372,86442,15.1333,ready,223.0
RTS,2025-07-30,2,C:\data_quote\data_finam_RTS_tick_zip\20250730.zip,True,,True,135930ca8d46a97bf5d8d69da269e4b81fb0ff33c3b30f6ad07f940658b73c40,32382000000000,85798001000000,08:59:42.000000000,23:49:58.001000000,29429,58006,15.05,ready,141.0
RTS,2025-07-31,3,C:\data_quote\data_finam_RTS_tick_zip\20250731.zip,True,,True,e0745dc480cc2ccdf956c8d7065f6a29cea189bc26b157a412f528cfd9d69686,32366000000000,85798000000000,08:59:26.000000000,23:49:58.000000000,42909,86904,15.033333333333333,ready,236.0
RTS,2025-08-01,4,C:\data_quote\data_finam_RTS_tick_zip\20250801.zip,True,,True,3546fbce44e8e79c463a55768b4221ab0212d90c710c18711b347780cebb59cb,32366000000000,85797000000000,08:59:26.000000000,23:49:57.000000000,28918,54878,15.233316666666667,ready,128.0
RTS,2025-08-04,0,C:\data_quote\data_finam_RTS_tick_zip\20250804.zip,True,,True,c64c68221f7176eb5af3282279db799df40c1375f0b1ce58ba0545cc88222c79,32360000000000,85798000000000,08:59:20.000000000,23:49:58.000000000,30571,60611,15.033333333333333,ready,160.0
RTS,2025-08-05,1,C:\data_quote\data_finam_RTS_tick_zip\20250805.zip,True,,True,81dc2330c29a24c24b6185b2230245ef546ee309f81b350b4e633d93626c61b5,32382000000000,85794000000000,08:59:42.000000000,23:49:54.000000000,31236,60532,15.183216666666668,ready,170.0
RTS,2025-08-06,2,C:\data_quote\data_finam_RTS_tick_zip\20250806.zip,True,,True,eb9890ecf980e5c9c1ee139684bc19a1bec0a2f2fd717135753aae393edf4409,32375000000000,85799000000000,08:59:35.000000000,23:49:59.000000000,88679,174374,15.049966666666668,ready,432.0
RTS,2025-08-07,3,C:\data_quote\data_finam_RTS_tick_zip\20250807.zip,True,,True,259a857d0ae52a3a4bb1b8c7712a3c9ff1461e042e73a9b89bd458ac51e0a32c,32388000000000,85798000000000,08:59:48.000000000,23:49:58.000000000,74709,137582,15.033333333333333,ready,292.0
RTS,2025-08-08,4,C:\data_quote\data_finam_RTS_tick_zip\20250808.zip,True,,True,ffb49f556874a2354de9c03959ffee2d659c04a22333d18a206a16254b447e7a,32348000000000,85796000000000,08:59:08.000000000,23:49:56.000000000,47531,88731,15.1,ready,188.0
RTS,2025-08-11,0,C:\data_quote\data_finam_RTS_tick_zip\20250811.zip,True,,True,03f965e70886365144a6a0e9ecb63d49e4f40b1fec8e64e9e1becc4a4feadbdb,32371000000000,85798000000000,08:59:31.000000000,23:49:58.000000000,42026,72258,15.033333333333333,ready,134.0
RTS,2025-08-12,1,C:\data_quote\data_finam_RTS_tick_zip\20250812.zip,True,,True,afa0f0decf0566c27c8bf620027024e2fe1fb684e1e12d6475cd65e0cb856da6,32360000000000,85798000000000,08:59:20.000000000,23:49:58.000000000,27465,48020,15.016666666666667,ready,118.0
RTS,2025-08-13,2,C:\data_quote\data_finam_RTS_tick_zip\20250813.zip,True,,True,0cfaed940a1e36dcd4df72ef62ff9e88c1fa69ff2f7b4bd627f6d0855ba66960,32378000000000,85798001000000,08:59:38.000000000,23:49:58.001000000,32219,54877,15.01665,ready,131.0
RTS,2025-08-14,3,C:\data_quote\data_finam_RTS_tick_zip\20250814.zip,True,,True,1aa8e475b1a07f14237b2168be8b1b5296d914807c25e76b7b02f1d8f18ddb24,32361000000000,85789004000000,08:59:21.000000000,23:49:49.004000000,41957,75624,15.249766666666666,ready,190.0
RTS,2025-08-15,4,C:\data_quote\data_finam_RTS_tick_zip\20250815.zip,True,,True,da17252bf33df982cba0c7f0e4989a0af68c2b9f39b437616065049e8bd44e97,32350000000000,85799000000000,08:59:10.000000000,23:49:59.000000000,25408,44059,15.033316666666668,ready,96.0
RTS,2025-08-16,5,C:\data_quote\data_finam_RTS_tick_zip\20250816.zip,True,,True,5640f15da1b0c4c477000d346c89bc7247a63e11fe8e841c60a911af1fe76ab9,35944000000000,68399000000000,09:59:04.000000000,18:59:59.000000000,5713,11078,5.649966666666667,ready,29.0
RTS,2025-08-17,6,C:\data_quote\data_finam_RTS_tick_zip\20250817.zip,True,,True,3940faf70c587a1b6cafd4713a6869653ff5037570c58cabac0d09b1811af6ad,35970000000000,68399000000000,09:59:30.000000000,18:59:59.000000000,2532,5689,11.6,ready,22.0
RTS,2025-08-18,0,C:\data_quote\data_finam_RTS_tick_zip\20250818.zip,True,,True,fd611db2d906f1996b2df4a0062201ea5e2eceef36dcdabc33ab2546c0bc1ccf,32386000000000,85798000000000,08:59:46.000000000,23:49:58.000000000,55958,100256,15.016666666666667,ready,256.0
RTS,2025-08-19,1,C:\data_quote\data_finam_RTS_tick_zip\20250819.zip,True,,True,fc35a81bd2d11253a72e507a9b1e960e96077891097548547fd0baf28a6c12c8,32341000000000,85789001000000,08:59:01.000000000,23:49:49.001000000,28505,50237,15.1,ready,124.0
RTS,2025-08-20,2,C:\data_quote\data_finam_RTS_tick_zip\20250820.zip,True,,True,c653ad1ce833cfde11de1c9217956b2f6aa03ba5a49493afd0a02e3edab67d50,32346000000000,85798000000000,08:59:06.000000000,23:49:58.000000000,28414,49371,15.033333333333333,ready,102.0
RTS,2025-08-21,3,C:\data_quote\data_finam_RTS_tick_zip\20250821.zip,True,,True,db7253c120ca96d90f3b80b04ffd7d3a4d010283bc7b8e06c5a5df2aa4907efe,32356000000000,85799001000000,08:59:16.000000000,23:49:59.001000000,45435,87649,15.033316666666668,ready,206.0
RTS,2025-08-22,4,C:\data_quote\data_finam_RTS_tick_zip\20250822.zip,True,,True,50561d63a5e3b20e4b43491d5521d04df243089d3307e51128c64e89aadd63be,32352000000000,85799001000000,08:59:12.000000000,23:49:59.001000000,37571,73813,15.033283333333333,ready,182.0
RTS,2025-08-23,5,C:\data_quote\data_finam_RTS_tick_zip\20250823.zip,True,,True,bf5eb2bffb166a6ca0243ed71ab068fb5c4d0f38be37a1439ca59925144c88a1,35961000000000,68394000000000,09:59:21.000000000,18:59:54.000000000,1204,2809,22.69996666666667,ready,8.0
RTS,2025-08-24,6,C:\data_quote\data_finam_RTS_tick_zip\20250824.zip,True,,True,feeb50a518d3ecc1aabd24d8e466bc80934c7cbe0befa04b2f93a4ebc366807b,35988000000000,68397000000000,09:59:48.000000000,18:59:57.000000000,925,2098,29.966666666666665,ready,5.0
RTS,2025-08-25,0,C:\data_quote\data_finam_RTS_tick_zip\20250825.zip,True,,True,4df3b97de5805d1299ed1cd0f1ef26f6d667546478daad038cd9e0041b16b4a8,32362000000000,85790003000000,08:59:22.000000000,23:49:50.003000000,37307,73578,15.014466666666667,ready,186.0
RTS,2025-08-26,1,C:\data_quote\data_finam_RTS_tick_zip\20250826.zip,True,,True,ed06d471f641f7aa5a1596a9e461152731214cd09caca0f3ff270b8ff8ebe61e,32352000000000,85794007000000,08:59:12.000000000,23:49:54.007000000,27935,53307,15.049983333333333,ready,126.0
RTS,2025-08-27,2,C:\data_quote\data_finam_RTS_tick_zip\20250827.zip,True,,True,d358b39f1792f3f28c058543a745b652733f13b6aa360dc0ecacfede7fc2657b,32388000000000,85796002000000,08:59:48.000000000,23:49:56.002000000,29145,56434,15.233316666666667,ready,152.0
RTS,2025-08-28,3,C:\data_quote\data_finam_RTS_tick_zip\20250828.zip,True,,True,5dfcc18ba73d3a00544fb30f4a18b09e87c3b9b111645e2ee14d297ff06e312a,32389000000000,85798002000000,08:59:49.000000000,23:49:58.002000000,35720,70789,55.09983333333333,ready,134.0
RTS,2025-08-29,4,C:\data_quote\data_finam_RTS_tick_zip\20250829.zip,True,,True,4b87d0cf8059bb29c72c2ba62c651aa7d6845a65b48a084513daeddd68f67dfd,32371000000000,85798000000000,08:59:31.000000000,23:49:58.000000000,29059,52404,15.083333333333334,ready,116.0
RTS,2025-08-30,5,C:\data_quote\data_finam_RTS_tick_zip\20250830.zip,True,,True,d6d902b1989b4f314de85ddb120e338717048f7258efb26ac987325072fa2d4d,35946000000000,68390001000000,09:59:06.000000000,18:59:50.001000000,870,1504,17.783333333333335,ready,5.0
RTS,2025-08-31,6,C:\data_quote\data_finam_RTS_tick_zip\20250831.zip,True,,True,86091af89a2cfddac7f843dbdfcc4b05477452abcb3132121d5e55733a69cca7,35955000000000,68321000000000,09:59:15.000000000,18:58:41.000000000,1304,2807,28.366666666666667,ready,8.0
RTS,2025-09-01,0,C:\data_quote\data_finam_RTS_tick_zip\20250901.zip,True,,True,54e341837103cb683f3d217e6525ac51817386f6e06a0ccdfcccf6ba57b66da7,32347000000000,85796000000000,08:59:07.000000000,23:49:56.000000000,25641,48205,15.166666666666666,ready,118.0
RTS,2025-09-02,1,C:\data_quote\data_finam_RTS_tick_zip\20250902.zip,True,,True,68980cff1f66bcd858842aac55dfbcb4b962f9809b1dd431255c975448463624,32370000000000,85799001000000,08:59:30.000000000,23:49:59.001000000,37357,70900,15.066666666666666,ready,155.0
RTS,2025-09-03,2,C:\data_quote\data_finam_RTS_tick_zip\20250903.zip,True,,True,a1c9fff9adb02eed1d1f3a35ab54fdc45d16efd172dc6c70c4bc0344c1f6b57b,32383000000000,85799000000000,08:59:43.000000000,23:49:59.000000000,30513,58216,15.033333333333333,ready,117.0
RTS,2025-09-04,3,C:\data_quote\data_finam_RTS_tick_zip\20250904.zip,True,,True,0dcd4a48890664378b9bd351d54e4f85b12ce6c517853f487db91742473cae65,32349000000000,85798000000000,08:59:09.000000000,23:49:58.000000000,30802,62460,15.05,ready,133.0
RTS,2025-09-05,4,C:\data_quote\data_finam_RTS_tick_zip\20250905.zip,True,,True,478deb9363d20557001c1533d679003232b67cc1c2093e97fbec2622d3e6cced,32359000000000,85796000000000,08:59:19.000000000,23:49:56.000000000,20016,39243,15.05,ready,109.0
RTS,2025-09-06,5,C:\data_quote\data_finam_RTS_tick_zip\20250906.zip,True,,True,857496225994e0bb837cb48b1e4791fbb85cf1142bb15c70a59b5d2a191b0368,36015000000000,68285000000000,10:00:15.000000000,18:58:05.000000000,781,1583,31.049983333333333,ready,7.0
RTS,2025-09-07,6,C:\data_quote\data_finam_RTS_tick_zip\20250907.zip,True,,True,0b70d12fea2926e0089191286aac55fd50862127e0c407e73945ec1985e7cbca,36000000000000,68382000000000,10:00:00.000000000,18:59:42.000000000,1563,3373,28.416666666666668,ready,16.0
RTS,2025-09-08,0,C:\data_quote\data_finam_RTS_tick_zip\20250908.zip,True,,True,fc9c18c972beeecda78e8a901227b922b13c31a4135f3db166c997d8cc283eda,32361000000000,85797000000000,08:59:21.000000000,23:49:57.000000000,23575,48104,15.216666666666667,ready,140.0
RTS,2025-09-09,1,C:\data_quote\data_finam_RTS_tick_zip\20250909.zip,True,,True,e7ccee7d2f6b8cb7427581a93ff16e1587e95860def8576007e826b21dc137f9,32352000000000,85797001000000,08:59:12.000000000,23:49:57.001000000,31368,60411,15.049966666666668,ready,161.0
RTS,2025-09-10,2,C:\data_quote\data_finam_RTS_tick_zip\20250910.zip,True,,True,331540df35e39e4ad30cb51cdbad85b664142634c0e6baf336f921a6ea0778e7,32359000000000,85799001000000,08:59:19.000000000,23:49:59.001000000,39705,78044,15.066666666666666,ready,189.0
RTS,2025-09-11,3,C:\data_quote\data_finam_RTS_tick_zip\20250911.zip,True,,True,31ed0aa56d749f0dae870841a23dfdd3fb46f3f345802aae293e1e556f183946,32360000000000,85799000000000,08:59:20.000000000,23:49:59.000000000,38109,75258,30.16665,ready,167.0
RTS,2025-09-12,4,C:\data_quote\data_finam_RTS_tick_zip\20250912.zip,True,,True,904b9f578e3d6b4a683d85614934151b021f237f2e7f9cdb6e28718042444d42,32366000000000,85797000000000,08:59:26.000000000,23:49:57.000000000,51176,96306,15.0333,ready,220.0
RTS,2025-09-13,5,C:\data_quote\data_finam_RTS_tick_zip\20250913.zip,True,,True,8ad0056e68793f48ac07f7c0842a63dbafd4c157f02255ad32bfa844073ada94,36006000000000,68390002000000,10:00:06.000000000,18:59:50.002000000,609,953,29.55,ready,4.0
RTS,2025-09-14,6,C:\data_quote\data_finam_RTS_tick_zip\20250914.zip,True,,True,32d930f1a4bf87f69427355cf146eb4d2887196d3289262fa5dcac7d5568e6be,36003000000000,68396004000000,10:00:03.000000000,18:59:56.004000000,3027,5420,13.633316666666667,ready,23.0
RTS,2025-09-15,0,C:\data_quote\data_finam_RTS_tick_zip\20250915.zip,True,,True,31926626387b5b69418be8c0c7b99c4d2f0710e2f6ff760521eb8adb224f0585,32357000000000,85798000000000,08:59:17.000000000,23:49:58.000000000,30547,54932,15.233216666666667,ready,117.0
RTS,2025-09-16,1,C:\data_quote\data_finam_RTS_tick_zip\20250916.zip,True,,True,dc0f11b7990ae59d3088317d7387ea6b03f912f70704109ab11234e0b1923199,32342000000000,85799000000000,08:59:02.000000000,23:49:59.000000000,44031,86154,15.599983333333334,ready,226.0
RTS,2025-09-17,2,C:\data_quote\data_finam_RTS_tick_zip\20250917.zip,True,,True,087384b98104de6fe5394f2142a94ddb1744f80a7669ad011e6dcc32cb682b0b,32375000000000,85787000000000,08:59:35.000000000,23:49:47.000000000,18759,28585,15.566666666666666,ready,71.0
RTS,2025-09-18,3,C:\data_quote\data_finam_RTS_tick_zip\20250918.zip,True,,True,33a2c883773f5e27ac59e14f6d89eb7ecd8fae6df53d4d8c360cf8e0150ec246,32356000000000,85797000000000,08:59:16.000000000,23:49:57.000000000,30828,55529,15.049983333333333,ready,154.0
RTS,2025-09-19,4,C:\data_quote\data_finam_RTS_tick_zip\20250919.zip,True,,True,f5265c8809a666f47aecdb18c4840ba638dc5a56ce60c781aca8360f7f841370,32363000000000,85797000000000,08:59:23.000000000,23:49:57.000000000,43474,73427,15.183333333333334,ready,210.0
RTS,2025-09-22,0,C:\data_quote\data_finam_RTS_tick_zip\20250922.zip,True,,True,06b9a28c9bff7bd4e0757b01cce6622fb18016419b699e3b7c25e35583030650,32386000000000,85799001000000,08:59:46.000000000,23:49:59.001000000,52199,92916,15.099966666666667,ready,276.0
RTS,2025-09-23,1,C:\data_quote\data_finam_RTS_tick_zip\20250923.zip,True,,True,1441e5bb20eafcd4b32e0e4f6fd0a79789a4f7b9bfc2c8d2d6636876c79b1973,32374000000000,85799001000000,08:59:34.000000000,23:49:59.001000000,49304,88312,15.05,ready,252.0
RTS,2025-09-24,2,C:\data_quote\data_finam_RTS_tick_zip\20250924.zip,True,,True,eac9a43bcda80b1485fd9209886f4cc930e0e9778272b74f7844e5cb9e42a62d,32385000000000,85798000000000,08:59:45.000000000,23:49:58.000000000,62366,120386,15.283316666666668,ready,382.0
RTS,2025-09-25,3,C:\data_quote\data_finam_RTS_tick_zip\20250925.zip,True,,True,6c530d64c7cf37a9503dbea11e2d6fe0a4bb66b9dc730d6f723d1fa3af56000a,32375000000000,85798001000000,08:59:35.000000000,23:49:58.001000000,37127,66405,15.033283333333333,ready,198.0
RTS,2025-09-26,4,C:\data_quote\data_finam_RTS_tick_zip\20250926.zip,True,,True,459b6e5d64616292b543fab101dc7c14ef4586edb831e112885702bfb5d5f1aa,32348000000000,85799001000000,08:59:08.000000000,23:49:59.001000000,38670,75352,15.033333333333333,ready,234.0
RTS,2025-09-27,5,C:\data_quote\data_finam_RTS_tick_zip\20250927.zip,True,,True,aea0062d1a99567a5b4623a56505a393d4a7436128aa9f71710d8cadcb25eb95,35979000000000,67793000000000,09:59:39.000000000,18:49:53.000000000,1112,2017,21.133333333333333,ready,8.0
RTS,2025-09-28,6,C:\data_quote\data_finam_RTS_tick_zip\20250928.zip,True,,True,6f3c9536c10669de758efdddaa7cf8a5e2a5a760a574c8d9c0403f2fe2303ec8,37806000000000,68397000000000,10:30:06.000000000,18:59:57.000000000,636,1210,19.31665,ready,5.0
RTS,2025-09-29,0,C:\data_quote\data_finam_RTS_tick_zip\20250929.zip,True,,True,9525ffb24a333e62b8883318aa19e3f7efb1db07e46538df0bf0a748351f49ec,32347000000000,85797002000000,08:59:07.000000000,23:49:57.002000000,43195,80218,15.033333333333333,ready,235.0
RTS,2025-09-30,1,C:\data_quote\data_finam_RTS_tick_zip\20250930.zip,True,,True,6447e52e9a5a1aab3ad870bc429a2d4cf62093de64ab9ff8a6204c836ee850d6,32347000000000,85799000000000,08:59:07.000000000,23:49:59.000000000,52098,94131,15.033316666666668,ready,235.0
RTS,2025-10-01,2,C:\data_quote\data_finam_RTS_tick_zip\20251001.zip,True,,True,a958257963c126fa1cc50d0756891e89e5a2991fc8cdc2fb3e07c99cc563ec46,32364000000000,85798005000000,08:59:24.000000000,23:49:58.005000000,49885,89775,15.099833333333333,ready,241.0
RTS,2025-10-02,3,C:\data_quote\data_finam_RTS_tick_zip\20251002.zip,True,,True,d60dc73cb2351c549b2a1f03d520ba2daab5e660be4acabb756f598ad72ee947,32385000000000,85798000000000,08:59:45.000000000,23:49:58.000000000,48284,90693,15.05,ready,205.0
RTS,2025-10-03,4,C:\data_quote\data_finam_RTS_tick_zip\20251003.zip,True,,True,221904df7fa517b046ed924c63ec7b857452f59ecfcac870f0ee401975b33df7,32360000000000,85797001000000,08:59:20.000000000,23:49:57.001000000,51304,95639,15.01635,ready,205.0
RTS,2025-10-04,5,C:\data_quote\data_finam_RTS_tick_zip\20251004.zip,True,,True,cf9717d37de7564e940e732552befe22a8bb812dabbfd58c4de50712d8a060ae,35957000000000,68195000000000,09:59:17.000000000,18:56:35.000000000,2917,6052,6.999983333333334,ready,19.0
RTS,2025-10-05,6,C:\data_quote\data_finam_RTS_tick_zip\20251005.zip,True,,True,744099cf392f575f065f6b8cc0bf7753df0224ec7f3b0bdb9b295034ccf5996d,35968000000000,68398002000000,09:59:28.000000000,18:59:58.002000000,2447,7363,13.366616666666665,ready,35.0
RTS,2025-10-06,0,C:\data_quote\data_finam_RTS_tick_zip\20251006.zip,True,,True,0fc2405ff19281f57d987abab5a367cc7e1d3788f5af03373c229555203711f7,32381000000000,85799000000000,08:59:41.000000000,23:49:59.000000000,74331,144929,15.04985,ready,373.0
RTS,2025-10-07,1,C:\data_quote\data_finam_RTS_tick_zip\20251007.zip,True,,True,b384787d71d7a416e2140c6eafa52b795a3c83b4e9725f179497aadf3a4fbf7d,32342000000000,85799000000000,08:59:02.000000000,23:49:59.000000000,45132,77208,15.166666666666666,ready,143.0
RTS,2025-10-08,2,C:\data_quote\data_finam_RTS_tick_zip\20251008.zip,True,,True,5dc290c4f82a4a03c38e74253b66ac906eacfc80d7ed38ba1fd9e09732076fbe,32373000000000,85796005000000,08:59:33.000000000,23:49:56.005000000,81201,135644,15.033333333333333,ready,277.0
RTS,2025-10-09,3,C:\data_quote\data_finam_RTS_tick_zip\20251009.zip,True,,True,04ead9c05fc87cdc6f4b5280fe3d356cd422d913c3b0be7a28ee9c643e7cc6e0,32362000000000,85798004000000,08:59:22.000000000,23:49:58.004000000,114206,193715,15.049816666666667,ready,370.0
RTS,2025-10-10,4,C:\data_quote\data_finam_RTS_tick_zip\20251010.zip,True,,True,236ed243ac00fcaa3bcb12a79b15b119d97492ac10d44e167ea736b5d7000517,32342000000000,85799000000000,08:59:02.000000000,23:49:59.000000000,75421,122097,15.016666666666667,ready,214.0
RTS,2025-10-11,5,C:\data_quote\data_finam_RTS_tick_zip\20251011.zip,True,,True,ff3b3fe2565c8eca92766a5d69f834674fe6a78fb5a32ec465f8b1dbc40fdfa4,35965000000000,68328000000000,09:59:25.000000000,18:58:48.000000000,1798,3931,32.53333333333333,ready,11.0
RTS,2025-10-12,6,C:\data_quote\data_finam_RTS_tick_zip\20251012.zip,True,,True,3b25f8b9f1cb8e87f0e79daf74fa44a342ed949dd418d77b6de748b5c4149ddb,35943000000000,68393003000000,09:59:03.000000000,18:59:53.003000000,894,1523,23.583333333333332,ready,4.0
RTS,2025-10-13,0,C:\data_quote\data_finam_RTS_tick_zip\20251013.zip,True,,True,05d873858bca151c0d08d9967073e9489bc4fa5d0e0a45fdee8c1bea73630750,32354000000000,85794000000000,08:59:14.000000000,23:49:54.000000000,66840,115534,15.1,ready,238.0
RTS,2025-10-14,1,C:\data_quote\data_finam_RTS_tick_zip\20251014.zip,True,,True,100c57ba75a3cf7f9c195bdca039bdfd088a1b5e529d379c0e3c32579248d623,32382000000000,85799005000000,08:59:42.000000000,23:49:59.005000000,51221,85656,15.049983333333333,ready,140.0
RTS,2025-10-15,2,C:\data_quote\data_finam_RTS_tick_zip\20251015.zip,True,,True,521e0ea54a0cdecaf6445583495630269255413087cdd7664ab6897178cb3cbe,32362000000000,85797001000000,08:59:22.000000000,23:49:57.001000000,55769,94538,15.149983333333333,ready,179.0
RTS,2025-10-16,3,C:\data_quote\data_finam_RTS_tick_zip\20251016.zip,True,,True,c96d8d324b0ac541f66ee733784f38f364c729fa7ee5813feb200e425f447308,32345000000000,85798000000000,08:59:05.000000000,23:49:58.000000000,121776,216232,15.199966666666667,ready,374.0
RTS,2025-10-17,4,C:\data_quote\data_finam_RTS_tick_zip\20251017.zip,True,,True,d3fecf1250aba69c0cde603650c715020a77de7b83b4058ebb1e9e8cfbb0fa91,32371000000000,85799006000000,08:59:31.000000000,23:49:59.006000000,74185,124351,15.066666666666666,ready,191.0
RTS,2025-10-18,5,C:\data_quote\data_finam_RTS_tick_zip\20251018.zip,True,,True,b586124ba3c69f1ebf9a9efbd13e64531d5dabb2090a33f99f53e1cc3335bded,35986000000000,68281001000000,09:59:46.000000000,18:58:01.001000000,1466,3041,15.083333333333334,ready,7.0
RTS,2025-10-19,6,C:\data_quote\data_finam_RTS_tick_zip\20251019.zip,True,,True,025cce46f987ac6ac101aa8f82011db018be36cdc40e4165b034ae1802691594,35950000000000,68396000000000,09:59:10.000000000,18:59:56.000000000,1364,2971,20.33331666666667,ready,7.0
RTS,2025-10-20,0,C:\data_quote\data_finam_RTS_tick_zip\20251020.zip,True,,True,5c43431c09d927aedc1e8e6e7e827ac1b08b70af5172185100ebf408cb2d75dd,32353000000000,85798000000000,08:59:13.000000000,23:49:58.000000000,39191,64471,15.05,ready,101.0
RTS,2025-10-21,1,C:\data_quote\data_finam_RTS_tick_zip\20251021.zip,True,,True,86ee8e1d5c601ffa8f1abf607fa97b77ef2218f2a7e0a6aaf150e723ced4c731,32375000000000,85799001000000,08:59:35.000000000,23:49:59.001000000,90152,157015,15.016666666666667,ready,266.0
RTS,2025-10-22,2,C:\data_quote\data_finam_RTS_tick_zip\20251022.zip,True,,True,ee46f9ba3ea200c7389901e8eed7409199d9ce6bf59bc3d5a44924a78e847ad1,32347000000000,85799003000000,08:59:07.000000000,23:49:59.003000000,76498,133064,15.133283333333333,ready,229.0
RTS,2025-10-23,3,C:\data_quote\data_finam_RTS_tick_zip\20251023.zip,True,,True,67a5a45fd399500ba854efb8900d05025263d7e21f7e61c73402e5b1f7c10371,32375000000000,85798000000000,08:59:35.000000000,23:49:58.000000000,52718,85937,15.049983333333333,ready,119.0
RTS,2025-10-24,4,C:\data_quote\data_finam_RTS_tick_zip\20251024.zip,True,,True,739eaa34c9cdb7b06b9d1ed5d28eb23ee25e240a3ba0223cec9c67b1241caf3e,32378000000000,85795000000000,08:59:38.000000000,23:49:55.000000000,61321,101788,15.033166666666666,ready,157.0
RTS,2025-10-27,0,C:\data_quote\data_finam_RTS_tick_zip\20251027.zip,True,,True,c98291b25dee829ad7dab3fdc3236569a1f0c864ea5b175fb8b6edc6942e7617,32366000000000,85795000000000,08:59:26.000000000,23:49:55.000000000,54288,97042,15.033316666666668,ready,145.0
RTS,2025-10-28,1,C:\data_quote\data_finam_RTS_tick_zip\20251028.zip,True,,True,b410dc1222bfbddf5271aa1fb96992ad057aea1769c507d4e19b847ce1526631,32379000000000,85797000000000,08:59:39.000000000,23:49:57.000000000,52309,93895,15.366666666666667,ready,173.0
RTS,2025-10-29,2,C:\data_quote\data_finam_RTS_tick_zip\20251029.zip,True,,True,57a35768442e7b627e71552934d73b3f191dcca3bfd22fc0659bdbe0ef8b9ad2,32364000000000,85798000000000,08:59:24.000000000,23:49:58.000000000,41512,74555,15.016633333333335,ready,143.0
RTS,2025-10-30,3,C:\data_quote\data_finam_RTS_tick_zip\20251030.zip,True,,True,1a77d03ccc0ff2ace8e593170ce91cd646effce28db2129da7000d6e8c6189a9,32344000000000,85794001000000,08:59:04.000000000,23:49:54.001000000,37666,61646,15.016616666666666,ready,69.0
RTS,2025-10-31,4,C:\data_quote\data_finam_RTS_tick_zip\20251031.zip,True,,True,c91082ff5aafffef5fe8eec605a40918e24e3c1cc8524b78ee7f549614dea912,32355000000000,85799000000000,08:59:15.000000000,23:49:59.000000000,45384,75682,15.01665,ready,128.0
RTS,2025-11-01,5,C:\data_quote\data_finam_RTS_tick_zip\20251101.zip,True,,True,cba5cfdcd2d009dce99b062285e4729c1b676d5c8ae3a59d2c063322299235eb,32382000000000,85797000000000,08:59:42.000000000,23:49:57.000000000,14141,24096,17.383333333333333,ready,41.0
RTS,2025-11-03,0,C:\data_quote\data_finam_RTS_tick_zip\20251103.zip,True,,True,bf83ab50cb07ac38b39ba80d75171b12076893ca527f727603c70133f9048bc0,32357000000000,85797000000000,08:59:17.000000000,23:49:57.000000000,22978,42024,15.05,ready,66.0
RTS,2025-11-05,2,C:\data_quote\data_finam_RTS_tick_zip\20251105.zip,True,,True,28f6d5b2ae4347484807bf5be1834761ac2f07ebcf70ef0e2e5939cd9e7de275,32378000000000,85798001000000,08:59:38.000000000,23:49:58.001000000,48943,84725,15.366616666666665,ready,156.0
RTS,2025-11-06,3,C:\data_quote\data_finam_RTS_tick_zip\20251106.zip,True,,True,964f67ebe23f5209195cd22dcc09ba1c961d2e2c1a0036d507d3db9c2fc3b41f,32385000000000,85799004000000,08:59:45.000000000,23:49:59.004000000,27692,44705,75.23311666666667,ready,61.0
RTS,2025-11-07,4,C:\data_quote\data_finam_RTS_tick_zip\20251107.zip,True,,True,8195eacca136c6a68cf17921e4ba012cd356e95010e9c4af2462767c215f1fe6,32362000000000,85797000000000,08:59:22.000000000,23:49:57.000000000,37344,64907,15.099983333333334,ready,131.0
RTS,2025-11-08,5,C:\data_quote\data_finam_RTS_tick_zip\20251108.zip,True,,True,caa7ec577ea3e826ab9334e10cf4037c0aa7bdfd03aa88065fe47dd612c32eb5,35987000000000,68366001000000,09:59:47.000000000,18:59:26.001000000,570,903,29.116433333333337,ready,2.0
RTS,2025-11-09,6,C:\data_quote\data_finam_RTS_tick_zip\20251109.zip,True,,True,68ac0be2e9b7797496f98d0c75c56399b4561f95c25125d9e8333525a1a8cae7,36001000000000,68399002000000,10:00:01.000000000,18:59:59.002000000,991,2323,44.68331666666666,ready,8.0
RTS,2025-11-10,0,C:\data_quote\data_finam_RTS_tick_zip\20251110.zip,True,,True,01ddde8763335b642c4a3d7bd825ce48b141671f2c6721b34992db62a941c2e5,32382000000000,85799000000000,08:59:42.000000000,23:49:59.000000000,34444,58681,15.066666666666666,ready,106.0
RTS,2025-11-11,1,C:\data_quote\data_finam_RTS_tick_zip\20251111.zip,True,,True,ac10f33239b7cc10e328717e4dc7ab9c9547ed427b140c8401a2b0cc55d88f5c,32364000000000,85795000000000,08:59:24.000000000,23:49:55.000000000,33544,59480,15.5,ready,125.0
RTS,2025-11-12,2,C:\data_quote\data_finam_RTS_tick_zip\20251112.zip,True,,True,c00205ce0579ed0fa7d71d901ee978238490379ea7a70c40ab5409a55e638e35,32388000000000,85799001000000,08:59:48.000000000,23:49:59.001000000,33686,55078,15.083333333333334,ready,101.0
RTS,2025-11-13,3,C:\data_quote\data_finam_RTS_tick_zip\20251113.zip,True,,True,b61842bfe67d9091051043199495f16f3c87f9f3bae674a5a4a467101071f10d,32380000000000,85797000000000,08:59:40.000000000,23:49:57.000000000,32393,57985,15.166666666666666,ready,104.0
RTS,2025-11-14,4,C:\data_quote\data_finam_RTS_tick_zip\20251114.zip,True,,True,b49cc2751cce3ba1f59e69797f97d3cbc167d3553f882ca7309b64bc60b89f93,32371000000000,85799000000000,08:59:31.000000000,23:49:59.000000000,32745,60519,15.183333333333334,ready,133.0
RTS,2025-11-15,5,C:\data_quote\data_finam_RTS_tick_zip\20251115.zip,True,,True,92fa627cb33b27e418395ce491d43bb79c49796999fb5da5feb25a1c8789e9e8,35968000000000,68218000000000,09:59:28.000000000,18:56:58.000000000,1110,1865,36.63333333333333,ready,6.0
RTS,2025-11-16,6,C:\data_quote\data_finam_RTS_tick_zip\20251116.zip,True,,True,46a40db41881dc6fa63eafafa16de1925691d5eaa5f0a2ac20d475a47dfe5962,35980000000000,68394004000000,09:59:40.000000000,18:59:54.004000000,1170,2356,19.916666666666668,ready,9.0
RTS,2025-11-17,0,C:\data_quote\data_finam_RTS_tick_zip\20251117.zip,True,,True,f991b98fe2aeefb186b4198b9581a9a3785859d4dd78f9459dc1873276993d42,32343000000000,85795003000000,08:59:03.000000000,23:49:55.003000000,26519,45906,15.233333333333333,ready,76.0
RTS,2025-11-18,1,C:\data_quote\data_finam_RTS_tick_zip\20251118.zip,True,,True,ac9701bd264823275d874d9129a1208080128faa3fbe70b02828f688bb6662a2,32387000000000,85797000000000,08:59:47.000000000,23:49:57.000000000,55301,111748,15.066666666666666,ready,322.0
RTS,2025-11-19,2,C:\data_quote\data_finam_RTS_tick_zip\20251119.zip,True,,True,a9459e429f8940391387ae6f37bec31183fc809f3bdde8cab15def235ecbd8f2,32386000000000,85799010000000,08:59:46.000000000,23:49:59.010000000,80666,161361,15.05,ready,368.0
RTS,2025-11-20,3,C:\data_quote\data_finam_RTS_tick_zip\20251120.zip,True,,True,5023143b25a3291ee31f7b90c280b8fd136865aba2590952a3ec116fbe5804b9,32359000000000,85796001000000,08:59:19.000000000,23:49:56.001000000,70529,130427,15.1,ready,300.0
RTS,2025-11-21,4,C:\data_quote\data_finam_RTS_tick_zip\20251121.zip,True,,True,a813cb780f7c36a5a2717c634f12767c9a6bbb2dce0aac37491522584adc2a60,32366000000000,85799027000000,08:59:26.000000000,23:49:59.027000000,51971,94796,15.066650000000001,ready,213.0
RTS,2025-11-24,0,C:\data_quote\data_finam_RTS_tick_zip\20251124.zip,True,,True,19ec7320b04045f233c24a262bca58ed7801610cba934fb1e54a9888c448def8,32380000000000,85799004000000,08:59:40.000000000,23:49:59.004000000,45946,84607,15.16655,ready,192.0
RTS,2025-11-25,1,C:\data_quote\data_finam_RTS_tick_zip\20251125.zip,True,,True,ef36139b0a90dbc8ff3234a3acc531f89b1fa9702f33022a3d495563d1cd9536,32361000000000,85794000000000,08:59:21.000000000,23:49:54.000000000,65525,119848,15.133316666666667,ready,262.0
RTS,2025-11-26,2,C:\data_quote\data_finam_RTS_tick_zip\20251126.zip,True,,True,6801b816ac132bd015534dc3c38c9db2a571b40fe1c981de83cef4a4bed47b97,32370000000000,85799000000000,08:59:30.000000000,23:49:59.000000000,24565,42711,15.099983333333334,ready,82.0
RTS,2025-11-27,3,C:\data_quote\data_finam_RTS_tick_zip\20251127.zip,True,,True,57762e04b57832083660b5c394d3fc39ff56014061de6aca303d2a8afdc8e879,32388000000000,85797000000000,08:59:48.000000000,23:49:57.000000000,42031,73647,15.049966666666668,ready,172.0
RTS,2025-11-28,4,C:\data_quote\data_finam_RTS_tick_zip\20251128.zip,True,,True,cecccf4375c3239c581da7020e698d84a867a1f30cc93d0cd28ade35be818624,32387000000000,85798000000000,08:59:47.000000000,23:49:58.000000000,76031,173303,15.083283333333332,ready,229.0
RTS,2025-11-29,5,C:\data_quote\data_finam_RTS_tick_zip\20251129.zip,True,,True,0b9abf39b5a9f62e514cfedb43726325f76e340899da42a64a4234533f212e5c,36001000000000,68361000000000,10:00:01.000000000,18:59:21.000000000,792,1371,19.54981666666667,ready,2.0
RTS,2025-11-30,6,C:\data_quote\data_finam_RTS_tick_zip\20251130.zip,True,,True,b209d2dabaca3f1375e17c80eba6110bdc410120e84d2b2d2d97c399880263ba,36048000000000,68390000000000,10:00:48.000000000,18:59:50.000000000,1317,2651,19.583333333333332,ready,10.0
RTS,2025-12-01,0,C:\data_quote\data_finam_RTS_tick_zip\20251201.zip,True,,True,244015fdbc74ced0e6e8941da212a7bb8dd3299c22a0281d021386c577c11da6,32387000000000,85797000000000,08:59:47.000000000,23:49:57.000000000,43962,82351,15.066666666666666,ready,186.0
RTS,2025-12-02,1,C:\data_quote\data_finam_RTS_tick_zip\20251202.zip,True,,True,6c62142a80255d8d728c0ce88165be41cc1c9b18bfccaa09c2abb5d8d27c9b71,32400000000000,85797000000000,09:00:00.000000000,23:49:57.000000000,44119,74051,15.033316666666668,ready,151.0
RTS,2025-12-03,2,C:\data_quote\data_finam_RTS_tick_zip\20251203.zip,True,,True,45275eb12d2cc746c63520d4b30941ad18e58e5c5d002061ce24fa1e8dba175b,32382000000000,85792001000000,08:59:42.000000000,23:49:52.001000000,48991,87671,15.032866666666667,ready,176.0
RTS,2025-12-04,3,C:\data_quote\data_finam_RTS_tick_zip\20251204.zip,True,,True,a947b4943bf5a346e8e43dacde1f04bf47dd1fb1b534a9b55b0c2a61dd3e1aff,32388000000000,85799007000000,08:59:48.000000000,23:49:59.007000000,39001,72991,15.099883333333334,ready,146.0
RTS,2025-12-05,4,C:\data_quote\data_finam_RTS_tick_zip\20251205.zip,True,,True,ee149c56c76e1cd65b25608d3abb94bf3c9eb041fc8a337d649af6514924fd1a,32356000000000,85795000000000,08:59:16.000000000,23:49:55.000000000,45968,84523,15.099633333333333,ready,146.0
RTS,2025-12-08,0,C:\data_quote\data_finam_RTS_tick_zip\20251208.zip,True,,True,f55e477839181503bfa26d20c3c8620d5c721e984dbd4d8621c74268c7e58801,32367000000000,85793000000000,08:59:27.000000000,23:49:53.000000000,42045,77021,15.19985,ready,160.0
RTS,2025-12-09,1,C:\data_quote\data_finam_RTS_tick_zip\20251209.zip,True,,True,83768c6c8e5aac647196cb711c4c98a541b974762c239e141f024e2cb875f713,32368000000000,85798000000000,08:59:28.000000000,23:49:58.000000000,43107,79520,15.066650000000001,ready,165.0
RTS,2025-12-10,2,C:\data_quote\data_finam_RTS_tick_zip\20251210.zip,True,,True,640a26a599b1963d7acb59df97d3e897b5315c11c170d4d98af1183604a5051c,32374000000000,85795000000000,08:59:34.000000000,23:49:55.000000000,35980,60667,15.133233333333333,ready,108.0
RTS,2025-12-11,3,C:\data_quote\data_finam_RTS_tick_zip\20251211.zip,True,,True,9e4e906a5d28e489373d42060d7d85a21468a5d55cbe76cf14b44d80700ed8f8,32351000000000,85797000000000,08:59:11.000000000,23:49:57.000000000,61126,110806,15.016666666666667,ready,217.0
RTS,2025-12-12,4,C:\data_quote\data_finam_RTS_tick_zip\20251212.zip,True,,True,4c489df1348743952d3cdf928cd0334b67750d63bf59cb646e9ffb09705bcb61,32367000000000,85795000000000,08:59:27.000000000,23:49:55.000000000,36236,61784,15.033333333333333,ready,109.0
RTS,2025-12-13,5,C:\data_quote\data_finam_RTS_tick_zip\20251213.zip,True,,True,325d464a11425778312e5ab981a16475ac987d9c5c662e4a78c2eee2bc5acedd,35984000000000,68350000000000,09:59:44.000000000,18:59:10.000000000,710,1179,29.216633333333334,ready,2.0
RTS,2025-12-14,6,C:\data_quote\data_finam_RTS_tick_zip\20251214.zip,True,,True,5ccaa3820ef8225fb376105f2c57884cc8df98f8fa3d7e5efce953ea306e7e83,36020000000000,68397000000000,10:00:20.000000000,18:59:57.000000000,954,1956,26.33331666666667,ready,4.0
RTS,2025-12-15,0,C:\data_quote\data_finam_RTS_tick_zip\20251215.zip,True,,True,91f92e22f3770b6be35eb77789758fdabf5cfd466ec32ea819553cc5dccbf47f,32359000000000,85796000000000,08:59:19.000000000,23:49:56.000000000,43977,73190,15.133333333333333,ready,133.0
RTS,2025-12-16,1,C:\data_quote\data_finam_RTS_tick_zip\20251216.zip,True,,True,1d6308d546b5bb88d11801efd28f632533363037f0c1921f79c8b9db690617ed,32387000000000,85797000000000,08:59:47.000000000,23:49:57.000000000,28324,47382,15.366633333333334,ready,88.0
RTS,2025-12-17,2,C:\data_quote\data_finam_RTS_tick_zip\20251217.zip,True,,True,2de8d426fb426729a1867a91545bbbb119e9f8224be1368120e698d6aba68871,32362000000000,85781000000000,08:59:22.000000000,23:49:41.000000000,24461,36442,15.733333333333333,ready,68.0
RTS,2025-12-18,3,C:\data_quote\data_finam_RTS_tick_zip\20251218.zip,True,,True,29145094217e28e2b99c605d28c10ca8d3df63f901b2db8fdc1f2673564f423b,32357000000000,85795005000000,08:59:17.000000000,23:49:55.005000000,39914,71314,15.099983333333334,ready,127.0
RTS,2025-12-19,4,C:\data_quote\data_finam_RTS_tick_zip\20251219.zip,True,,True,0b56567aef7f98c704a84e9c351d77f405dcdb96635576913ea50c13620e860d,32365000000000,85792000000000,08:59:25.000000000,23:49:52.000000000,53358,88042,15.083333333333334,ready,156.0
RTS,2025-12-20,5,C:\data_quote\data_finam_RTS_tick_zip\20251220.zip,True,,True,cd9d3940978108c67ed9e30e1d43bfb301af119b86c1bd2fd3ae78d4dc6e4a5a,36001000000000,68399000000000,10:00:01.000000000,18:59:59.000000000,1306,2908,42.916666666666664,ready,10.0
RTS,2025-12-21,6,C:\data_quote\data_finam_RTS_tick_zip\20251221.zip,True,,True,a331cf52265a1c54cb8a7e47968aeafdbac72a8df8967e371bc1a7b0ad998611,36012000000000,68376002000000,10:00:12.000000000,18:59:36.002000000,751,1280,39.68333333333333,ready,5.0
RTS,2025-12-22,0,C:\data_quote\data_finam_RTS_tick_zip\20251222.zip,True,,True,f262b6fdfa45219f87cfd7bc2d9803d133b363dad8057540e108cdb50dff3715,32370000000000,85795000000000,08:59:30.000000000,23:49:55.000000000,41137,71921,15.05,ready,177.0
RTS,2025-12-23,1,C:\data_quote\data_finam_RTS_tick_zip\20251223.zip,True,,True,81f0f28675e0c3e8a92744a8a0019dece7418bb799d9e743881192df68dafc95,32387000000000,85798000000000,08:59:47.000000000,23:49:58.000000000,34333,57700,15.049949999999999,ready,132.0
RTS,2025-12-24,2,C:\data_quote\data_finam_RTS_tick_zip\20251224.zip,True,,True,a67491d6a8b3bb9c72e8b9ba9835df332c5c2525bbb37167a7a35278760d97dc,32380000000000,85799000000000,08:59:40.000000000,23:49:59.000000000,35377,58695,15.166666666666666,ready,139.0
RTS,2025-12-25,3,C:\data_quote\data_finam_RTS_tick_zip\20251225.zip,True,,True,6e907520cb790cc09c13e7e800744119c144019acd6bf7cd6a6376106db9fbb4,32369000000000,85798000000000,08:59:29.000000000,23:49:58.000000000,22942,39671,15.016616666666666,ready,90.0
RTS,2025-12-26,4,C:\data_quote\data_finam_RTS_tick_zip\20251226.zip,True,,True,45fd4eb79c9a3e03d3aa308c986027a3eff755722de7a01d8235f342ba05fb19,32380000000000,85798000000000,08:59:40.000000000,23:49:58.000000000,33543,57337,15.116633333333334,ready,142.0
RTS,2025-12-27,5,C:\data_quote\data_finam_RTS_tick_zip\20251227.zip,True,,True,4ad8cdf7c1df5dbf0f1b1cb88ac68b3ec227c2bcd31de8496b5bab02bda2ec83,35967000000000,67709001000000,09:59:27.000000000,18:48:29.001000000,924,2003,23.749983333333333,ready,9.0
RTS,2025-12-28,6,C:\data_quote\data_finam_RTS_tick_zip\20251228.zip,True,,True,44618204410afb52650e857d0fd9fdab50efcd58c76fcc2cbde8025e8ee17fe6,35960000000000,68399000000000,09:59:20.000000000,18:59:59.000000000,2049,3442,10.65,ready,13.0
RTS,2025-12-29,0,C:\data_quote\data_finam_RTS_tick_zip\20251229.zip,True,,True,108a1162d92eaf395f7c456ed9076f7e47d3d50894da42e355a5b4fee772136e,32388000000000,85795004000000,08:59:48.000000000,23:49:55.004000000,57281,96907,15.016666666666667,ready,223.0
RTS,2025-12-30,1,C:\data_quote\data_finam_RTS_tick_zip\20251230.zip,True,,True,b08d1ea7d479394f93afaad372e6fde09042713c87d76dfb9a5db33a41aa294e,32375000000000,85794002000000,08:59:35.000000000,23:49:54.002000000,29306,51437,15.049983333333333,ready,106.0
RTS,2026-01-05,0,C:\data_quote\data_finam_RTS_tick_zip\20260105.zip,True,,True,d0ffb2ccdfeaa86799b49bab10b53b6fd4edc90127aff831ae01f9de06063e48,32370000000000,85796013000000,08:59:30.000000000,23:49:56.013000000,25403,41675,15.15,ready,101.0
RTS,2026-01-06,1,C:\data_quote\data_finam_RTS_tick_zip\20260106.zip,True,,True,9a022c3a15a181f3b684c60833f43932e4caf611dde0c4436cdde1d1ef16699a,32400000000000,85798000000000,09:00:00.000000000,23:49:58.000000000,18864,29244,15.133333333333333,ready,69.0
RTS,2026-01-08,3,C:\data_quote\data_finam_RTS_tick_zip\20260108.zip,True,,True,234638405f860c55d4ad234e676328fb8a6e120b2d4f345f47f19d764abd93a7,32382000000000,85795000000000,08:59:42.000000000,23:49:55.000000000,23627,40333,15.266449999999999,ready,114.0
RTS,2026-01-09,4,C:\data_quote\data_finam_RTS_tick_zip\20260109.zip,True,,True,0f5185f258a3e984e18a5eec289d58b5f1fabdcad982dcf4fc83fc973debb31a,32387000000000,85795000000000,08:59:47.000000000,23:49:55.000000000,21047,37271,15.049983333333333,ready,110.0
RTS,2026-01-12,0,C:\data_quote\data_finam_RTS_tick_zip\20260112.zip,True,,True,5cb42572585d2e53f0ffe6b3cf02d315973eb921a9221d6681fde8a1ce799894,32358000000000,85799001000000,08:59:18.000000000,23:49:59.001000000,24464,41984,15.01665,ready,121.0
RTS,2026-01-13,1,C:\data_quote\data_finam_RTS_tick_zip\20260113.zip,True,,True,ab00e6d4b41a179de8576c4f12d1073ab989503c9b906f87a512922c7b7de7d0,32369000000000,85782005000000,08:59:29.000000000,23:49:42.005000000,22992,41214,15.083316666666667,ready,129.0
RTS,2026-01-14,2,C:\data_quote\data_finam_RTS_tick_zip\20260114.zip,True,,True,692547871a461304724735790b5ef3185bb5805df7c376bde42a6c9adc777a82,32390000000000,85797000000000,08:59:50.000000000,23:49:57.000000000,38557,70574,15.199983333333334,ready,236.0
RTS,2026-01-15,3,C:\data_quote\data_finam_RTS_tick_zip\20260115.zip,True,,True,887c9029b405479dff21d62a87543274dd5a443cffa88b62255901f246c5af11,32348000000000,85796000000000,08:59:08.000000000,23:49:56.000000000,32943,62590,15.133333333333333,ready,224.0
RTS,2026-01-16,4,C:\data_quote\data_finam_RTS_tick_zip\20260116.zip,True,,True,6148624eef0171201cc20d1f7f0bce2d3b0fa43274d3ddc4515e04cb395f90ee,32374000000000,85796001000000,08:59:34.000000000,23:49:56.001000000,26400,50795,15.249966666666667,ready,177.0
RTS,2026-01-17,5,C:\data_quote\data_finam_RTS_tick_zip\20260117.zip,True,,True,a6209e83fae82b11bed7d52ab619dd27bb57a4c1c55c8138912663c4938a30d3,36001000000000,68280003000000,10:00:01.000000000,18:58:00.003000000,304,705,48.88333333333333,ready,4.0
RTS,2026-01-18,6,C:\data_quote\data_finam_RTS_tick_zip\20260118.zip,True,,True,a674fc8a27c4efdb7d6972b91e06342b74fceca34c3217f3eff336d25da95746,36062000000000,68396002000000,10:01:02.000000000,18:59:56.002000000,798,1419,20.9,ready,5.0
RTS,2026-01-19,0,C:\data_quote\data_finam_RTS_tick_zip\20260119.zip,True,,True,5dd3ed92ea04d4c1b6c67218e0022c8e32350559a27165c1828e044ee7c4344b,32370000000000,85796000000000,08:59:30.000000000,23:49:56.000000000,24899,47199,15.016666666666667,ready,189.0
RTS,2026-01-20,1,C:\data_quote\data_finam_RTS_tick_zip\20260120.zip,True,,True,d54e932c16191befeb74622d12abc90d6a4e96f2efd78e94b4d643bbe6972590,32369000000000,85799000000000,08:59:29.000000000,23:49:59.000000000,23096,42244,15.65,ready,130.0
RTS,2026-01-21,2,C:\data_quote\data_finam_RTS_tick_zip\20260121.zip,True,,True,08851da4134bd68f526c095aa80894e631a48f9487bb4f24c8ff484875738422,32364000000000,85798000000000,08:59:24.000000000,23:49:58.000000000,36947,66581,15.083283333333332,ready,206.0
RTS,2026-01-22,3,C:\data_quote\data_finam_RTS_tick_zip\20260122.zip,True,,True,3468a33160fb35733bd38fdd87643478b8d5be7640983ec16f54fecd6def2520,32384000000000,85799000000000,08:59:44.000000000,23:49:59.000000000,40523,68462,15.099933333333333,ready,232.0
RTS,2026-01-23,4,C:\data_quote\data_finam_RTS_tick_zip\20260123.zip,True,,True,552b5e3bd923f3acecdd6bb05c370d3c5d0685e3913fe4c6d5a44b54d6119389,32344000000000,85799000000000,08:59:04.000000000,23:49:59.000000000,23693,38010,15.11665,ready,102.0
RTS,2026-01-24,5,C:\data_quote\data_finam_RTS_tick_zip\20260124.zip,True,,True,d4ee751417f46e8de5c92bc48d4b7468214fdc8a11270fe9808211ee9810395a,35978000000000,68398000000000,09:59:38.000000000,18:59:58.000000000,3286,5899,17.066666666666666,ready,29.0
RTS,2026-01-25,6,C:\data_quote\data_finam_RTS_tick_zip\20260125.zip,True,,True,a637357ab1b54996fcf22d98e463d25251f0953a4cd94746b4a5f5f4b1115e8a,35979000000000,68127001000000,09:59:39.000000000,18:55:27.001000000,1443,2635,12.516666666666667,ready,13.0
RTS,2026-01-26,0,C:\data_quote\data_finam_RTS_tick_zip\20260126.zip,True,,True,70b83af5ae974d66553ac7597e27ea755f668ce514df64874dcea0a86c5e0caf,32375000000000,85795004000000,08:59:35.000000000,23:49:55.004000000,36754,66316,15.016666666666667,ready,232.0
RTS,2026-01-27,1,C:\data_quote\data_finam_RTS_tick_zip\20260127.zip,True,,True,50603907fb4e4c4336d320779be06b845936e37e511cdb1961ff185c6b1e2495,32354000000000,85791000000000,08:59:14.000000000,23:49:51.000000000,28767,52220,15.116666666666667,ready,169.0
RTS,2026-01-28,2,C:\data_quote\data_finam_RTS_tick_zip\20260128.zip,True,,True,2ee4b208a740574bd0ea3038e82878d36a392aa370873a3ace77ae2b9b104a2a,32344000000000,85795005000000,08:59:04.000000000,23:49:55.005000000,30510,52039,15.049983333333333,ready,152.0
RTS,2026-01-29,3,C:\data_quote\data_finam_RTS_tick_zip\20260129.zip,True,,True,7b7da676af0d2d7f427831b5dd6cf55efe6f9805c5f814a58d9a688560f9b44f,32351000000000,85795000000000,08:59:11.000000000,23:49:55.000000000,62310,109856,15.066650000000001,ready,336.0
RTS,2026-01-30,4,C:\data_quote\data_finam_RTS_tick_zip\20260130.zip,True,,True,9a3ccbac2f88d493634799f92315d34e43026597ce97506c261d5d38fc53ced8,32352000000000,85796000000000,08:59:12.000000000,23:49:56.000000000,42364,74487,15.166666666666666,ready,225.0
RTS,2026-01-31,5,C:\data_quote\data_finam_RTS_tick_zip\20260131.zip,True,,True,bff8562ad346f2931259e9a1d9e3aff4fc7601441440163eb4d7f6fd78b42092,35981000000000,68342001000000,09:59:41.000000000,18:59:02.001000000,1059,1936,28.399933333333333,ready,9.0
RTS,2026-02-01,6,C:\data_quote\data_finam_RTS_tick_zip\20260201.zip,True,,True,46f53fa4361b2f57f5b3e2c73a289355931cbe7b77c5ff2be586d704364dd73a,36060000000000,68348000000000,10:01:00.000000000,18:59:08.000000000,1096,2161,14.533333333333333,ready,11.0
RTS,2026-02-02,0,C:\data_quote\data_finam_RTS_tick_zip\20260202.zip,True,,True,7d8b1030271394bc3e6257c5c1ba2b2fa64c7c591e6fb200b7e5291b97457a4f,32378000000000,85789000000000,08:59:38.000000000,23:49:49.000000000,39919,75395,15.366666666666667,ready,255.0
RTS,2026-02-03,1,C:\data_quote\data_finam_RTS_tick_zip\20260203.zip,True,,True,d2327cac29b4a608c1ac0680f1ea2b4fe2ee80c563c3c268f1d3ac5eae643d75,32352000000000,85794000000000,08:59:12.000000000,23:49:54.000000000,25567,44733,15.216666666666667,ready,132.0
RTS,2026-02-04,2,C:\data_quote\data_finam_RTS_tick_zip\20260204.zip,True,,True,7b57b91cf2865ec19c9a652f576d27850419c699be8e77f9db07575d7a11cbe8,32369000000000,85796000000000,08:59:29.000000000,23:49:56.000000000,36238,64406,15.083333333333334,ready,226.0
RTS,2026-02-05,3,C:\data_quote\data_finam_RTS_tick_zip\20260205.zip,True,,True,1509b0bca733f22a5d76bfb2e37c0f865a8784de6c4c3917170d56814a421039,32364000000000,85796000000000,08:59:24.000000000,23:49:56.000000000,43721,80885,15.049966666666668,ready,244.0
RTS,2026-02-06,4,C:\data_quote\data_finam_RTS_tick_zip\20260206.zip,True,,True,c00d172caff5d9baa031078d689bd64537ee63c62de5fef84f31962c27f7af66,32368000000000,85799000000000,08:59:28.000000000,23:49:59.000000000,30320,52810,15.366666666666667,ready,129.0
RTS,2026-02-07,5,C:\data_quote\data_finam_RTS_tick_zip\20260207.zip,True,,True,f3df374cf825cbfb7f3d84821c497c9876a5ac58704e69b999398881e68a86de,36001000000000,68167000000000,10:00:01.000000000,18:56:07.000000000,608,1025,27.166666666666668,ready,4.0
RTS,2026-02-08,6,C:\data_quote\data_finam_RTS_tick_zip\20260208.zip,True,,True,868a83dc37aee2993fab1d9a2a5aac7aadebef4ff578472076c66786c215fc4b,36055000000000,67753000000000,10:00:55.000000000,18:49:13.000000000,1127,2128,16.94996666666667,ready,9.0
RTS,2026-02-09,0,C:\data_quote\data_finam_RTS_tick_zip\20260209.zip,True,,True,e9532575b5fc6dc8870bb3c47a343c01264706d221f4ac32e3fe0ff8db90d939,32379000000000,85795000000000,08:59:39.000000000,23:49:55.000000000,26613,48719,15.116666666666667,ready,128.0
RTS,2026-02-10,1,C:\data_quote\data_finam_RTS_tick_zip\20260210.zip,True,,True,6729409732dd6068295d9bfe014ad2a0b6ea103a0e0c3b11a142f01d774595ab,32367000000000,85798000000000,08:59:27.000000000,23:49:58.000000000,24631,45146,15.266566666666668,ready,135.0
RTS,2026-02-11,2,C:\data_quote\data_finam_RTS_tick_zip\20260211.zip,True,,True,0c019c6a0149d7b407ac694e3557120a50d24e42fac8290fbb97b9bd24660b39,32346000000000,85799000000000,08:59:06.000000000,23:49:59.000000000,37680,75041,15.083333333333334,ready,246.0
RTS,2026-02-12,3,C:\data_quote\data_finam_RTS_tick_zip\20260212.zip,True,,True,cf092204ad66e833e4809dc3c4492b000e44b68049535a73a35d8db52053aa4c,32386000000000,85796000000000,08:59:46.000000000,23:49:56.000000000,26233,50823,15.183316666666666,ready,140.0
RTS,2026-02-13,4,C:\data_quote\data_finam_RTS_tick_zip\20260213.zip,True,,True,abc56947b3df925be885d2d60d4841a0ce4474f2b7ba0e912d02e1ea121432d2,32372000000000,85787000000000,08:59:32.000000000,23:49:47.000000000,35475,68777,15.016666666666667,ready,232.0
RTS,2026-02-16,0,C:\data_quote\data_finam_RTS_tick_zip\20260216.zip,True,,True,917798976ccfa7400765b3deedabf75215601019c414abc025f0f8e0f976f67c,32371000000000,85795004000000,08:59:31.000000000,23:49:55.004000000,19810,40325,15.133333333333333,ready,102.0
RTS,2026-02-17,1,C:\data_quote\data_finam_RTS_tick_zip\20260217.zip,True,,True,f28fecde511f980e2466fed29daa9711b29544abef0933bb88ac4e19ee7aa521,32347000000000,85796000000000,08:59:07.000000000,23:49:56.000000000,23292,45199,15.233316666666667,ready,132.0
RTS,2026-02-18,2,C:\data_quote\data_finam_RTS_tick_zip\20260218.zip,True,,True,1b0f52f12e48258b92015675ba02d33872c7163239f49d06bbb9294c58046fcf,32372000000000,85798001000000,08:59:32.000000000,23:49:58.001000000,35947,73665,15.01665,ready,258.0
RTS,2026-02-19,3,C:\data_quote\data_finam_RTS_tick_zip\20260219.zip,True,,True,cd9c4dd918ced86c9230c867dbd798b7046fe499e2ac0810d3b39a65eb9a1bc5,32363000000000,85796000000000,08:59:23.000000000,23:49:56.000000000,26145,50658,15.016666666666667,ready,137.0
RTS,2026-02-20,4,C:\data_quote\data_finam_RTS_tick_zip\20260220.zip,True,,True,bf9e305c1efcc37834e248eef8b7d1ce9465d3545561e34332408de8a6c59af8,32367000000000,85797000000000,08:59:27.000000000,23:49:57.000000000,22958,42532,15.133333333333333,ready,125.0
RTS,2026-02-21,5,C:\data_quote\data_finam_RTS_tick_zip\20260221.zip,True,,True,dc7987c6d846af63eaa570c257acf192cde5110fde572b3e607f88273771646b,36000000000000,68323000000000,10:00:00.000000000,18:58:43.000000000,297,462,36.86665,ready,3.0
RTS,2026-02-22,6,C:\data_quote\data_finam_RTS_tick_zip\20260222.zip,True,,True,9838db8393bdabf39cb0d7c8287e4e4ae6533b0a8935f4653f81b44c0a74ea6c,35966000000000,68325000000000,09:59:26.000000000,18:58:45.000000000,865,1585,40.24995,ready,5.0
RTS,2026-02-23,0,C:\data_quote\data_finam_RTS_tick_zip\20260223.zip,True,,True,b7431d35a72717c4a4853c1322644ff77e147a9c3222d60b71b8e89f090e8e76,35962000000000,68324003000000,09:59:22.000000000,18:58:44.003000000,3884,10014,19.266583333333333,ready,47.0
RTS,2026-02-24,1,C:\data_quote\data_finam_RTS_tick_zip\20260224.zip,True,,True,fb9e50303bc307f1d82d3292da0d62299bdb84e2d9c6759951e77a22186040a3,32347000000000,85798000000000,08:59:07.000000000,23:49:58.000000000,25040,51543,15.483333333333333,ready,155.0
RTS,2026-02-25,2,C:\data_quote\data_finam_RTS_tick_zip\20260225.zip,True,,True,850a89546f26db640b14b0b21d8634851bbb44acdb94978300c17a195dcf5877,32380000000000,85798000000000,08:59:40.000000000,23:49:58.000000000,30746,64410,15.166666666666666,ready,230.0
RTS,2026-02-26,3,C:\data_quote\data_finam_RTS_tick_zip\20260226.zip,True,,True,a91f1aeac389af7e4b6812c05129a5a58b5398c8fff89c666ba9cea055bb75d0,32365000000000,85799000000000,08:59:25.000000000,23:49:59.000000000,23463,47866,15.016666666666667,ready,151.0
RTS,2026-02-27,4,C:\data_quote\data_finam_RTS_tick_zip\20260227.zip,True,,True,959c5ef3a9a115d28556997d0064c18c5b3e5ce54592a72b046cdfdf08b63a16,32360000000000,85787000000000,08:59:20.000000000,23:49:47.000000000,24092,48272,15.05,ready,158.0
RTS,2026-02-28,5,C:\data_quote\data_finam_RTS_tick_zip\20260228.zip,True,,True,2858cdbbbc6a2997154f4aad02c6aa293791f25d48096d1645d68fe39b66977a,36000000000000,68377000000000,10:00:00.000000000,18:59:37.000000000,2082,5291,8.449983333333334,ready,19.0
RTS,2026-03-01,6,C:\data_quote\data_finam_RTS_tick_zip\20260301.zip,True,,True,6fe6e3d320f1e74aca9d0a0052b4c276c6e23fc73064c6b895a4433f15670cb0,35947000000000,68397003000000,09:59:07.000000000,18:59:57.003000000,3473,9580,8.449983333333334,ready,45.0
RTS,2026-03-02,0,C:\data_quote\data_finam_RTS_tick_zip\20260302.zip,True,,True,93d47351a79b5cc6db5170e862adf243f305c893534179cb74a70cc21b23fcd1,32379000000000,85799000000000,08:59:39.000000000,23:49:59.000000000,38201,75982,15.35,ready,216.0
RTS,2026-03-03,1,C:\data_quote\data_finam_RTS_tick_zip\20260303.zip,True,,True,d139f44ac75061b4d1137444c7c79361e2a5e87095183605e73d678285cdf37a,32350000000000,85798001000000,08:59:10.000000000,23:49:58.001000000,27355,53967,15.349633333333333,ready,157.0
RTS,2026-03-04,2,C:\data_quote\data_finam_RTS_tick_zip\20260304.zip,True,,True,c2b20a267da49a32fc0dedba2c95d6c2eb54b1d49440192a62cff2ed02994c08,32384000000000,85797005000000,08:59:44.000000000,23:49:57.005000000,30817,64335,15.066666666666666,ready,200.0
RTS,2026-03-05,3,C:\data_quote\data_finam_RTS_tick_zip\20260305.zip,True,,True,5feefb66ecabe5c806cbdd64e50ae8903c6d750f5d46c71d68f01571e41eaa1c,32353000000000,85796000000000,08:59:13.000000000,23:49:56.000000000,24598,49675,15.083333333333334,ready,131.0
RTS,2026-03-06,4,C:\data_quote\data_finam_RTS_tick_zip\20260306.zip,True,,True,ce7db4e65be21ac77b9111faadd50001a93349b36ce3c1234bb07002d0b28aea,32378000000000,85798000000000,08:59:38.000000000,23:49:58.000000000,29055,60245,15.0166,ready,185.0
RTS,2026-03-09,0,C:\data_quote\data_finam_RTS_tick_zip\20260309.zip,True,,True,72643aada894fed61fde03eb583087385782af1451bd338bcb24da7c6cb65237,32356000000000,85795000000000,08:59:16.000000000,23:49:55.000000000,35495,71461,15.083333333333334,ready,202.0
RTS,2026-03-10,1,C:\data_quote\data_finam_RTS_tick_zip\20260310.zip,True,,True,d490aaa25bbec38a1b1e1b88172964af77866359730fb14d1e4088c6f2118cfe,32373000000000,85796010000000,08:59:33.000000000,23:49:56.010000000,34096,66286,15.133333333333333,ready,206.0
RTS,2026-03-11,2,C:\data_quote\data_finam_RTS_tick_zip\20260311.zip,True,,True,aa9d336beedf1614c2efbfa5a0d844f5c1873f847822da9ae3be50d2cdbccd90,32364000000000,85796000000000,08:59:24.000000000,23:49:56.000000000,24054,44178,15.083333333333334,ready,122.0
RTS,2026-03-12,3,C:\data_quote\data_finam_RTS_tick_zip\20260312.zip,True,,True,b91b56c1915a6e250ae46517bdf7b9c427ec95f975c7082068cdf16f07b8c478,32359000000000,85784000000000,08:59:19.000000000,23:49:44.000000000,23205,46797,15.016666666666667,ready,138.0
RTS,2026-03-13,4,C:\data_quote\data_finam_RTS_tick_zip\20260313.zip,True,,True,437955d749c6c48f31c8c7c43a810ae971ae2ac76822240ea744c6678a21654a,32382000000000,85788000000000,08:59:42.000000000,23:49:48.000000000,22269,44422,15.099966666666667,ready,128.0
RTS,2026-03-14,5,C:\data_quote\data_finam_RTS_tick_zip\20260314.zip,True,,True,7fd9531de5047383c9854a7df65951850f86743d78777a8c7ca4ab93fc0145e5,36002000000000,68394000000000,10:00:02.000000000,18:59:54.000000000,954,1570,16.683316666666666,ready,4.0
RTS,2026-03-15,6,C:\data_quote\data_finam_RTS_tick_zip\20260315.zip,True,,True,4d3abc44937525a31530853258d3773c94e197bd21339bd090a9273ad41eba16,35963000000000,68284000000000,09:59:23.000000000,18:58:04.000000000,335,620,38.81666666666667,ready,2.0
RTS,2026-03-16,0,C:\data_quote\data_finam_RTS_tick_zip\20260316.zip,True,,True,23336b2032020e3213fd9e67b48629457f446fd3b4e962a5f8f4070d109a35a0,32368000000000,85797006000000,08:59:28.000000000,23:49:57.006000000,27313,54118,15.05,ready,184.0
RTS,2026-03-17,1,C:\data_quote\data_finam_RTS_tick_zip\20260317.zip,True,,True,5f210a071d9cf9bd178989b2f227b42022ba6f05d211c4791ade8d556f7ffaad,32352000000000,85779000000000,08:59:12.000000000,23:49:39.000000000,22696,43342,15.199983333333334,ready,139.0
RTS,2026-03-18,2,C:\data_quote\data_finam_RTS_tick_zip\20260318.zip,True,,True,006f9261015797b4a0a73dce330ef2fdbcce4274a868159ce8bcc206246f13b5,32375000000000,85742001000000,08:59:35.000000000,23:49:02.001000000,15862,25666,15.95,ready,83.0
RTS,2026-03-19,3,C:\data_quote\data_finam_RTS_tick_zip\20260319.zip,True,,True,db7f7417370f65bc6c4b6213cb9cc12d09253ae5af931953101014e4e019424d,32400000000000,85797000000000,09:00:00.000000000,23:49:57.000000000,42061,71464,15.116666666666667,ready,266.0
RTS,2026-03-20,4,C:\data_quote\data_finam_RTS_tick_zip\20260320.zip,True,,True,fb30b924693007f3b94bc77159c3606170dc0d674555bffc75a7b9971a1fa398,32375000000000,67798000000000,08:59:35.000000000,18:49:58.000000000,39180,65052,5.95,ready,214.0
RTS,2026-03-23,0,C:\data_quote\data_finam_RTS_tick_zip\20260323.zip,True,,True,6e6b53cde5a6e995c28107158d4c979cedc7dbd5ad757bcf58fdf08508541392,32386000000000,85799000000000,08:59:46.000000000,23:49:59.000000000,46941,82485,2.4166666666666665,ready,277.0
RTS,2026-03-24,1,C:\data_quote\data_finam_RTS_tick_zip\20260324.zip,True,,True,7217c5b941ead848fdf7593a33d2b46a884224c922764ce76e7533a44065b54b,32354000000000,85798000000000,08:59:14.000000000,23:49:58.000000000,35401,62572,4.2,ready,186.0
RTS,2026-03-25,2,C:\data_quote\data_finam_RTS_tick_zip\20260325.zip,True,,True,b3a0a745acdd71068d933afb45936a1c402b18001bdb604aa43cd0ddaed98f40,32367000000000,85795000000000,08:59:27.000000000,23:49:55.000000000,26191,42224,3.3333,ready,130.0
RTS,2026-03-26,3,C:\data_quote\data_finam_RTS_tick_zip\20260326.zip,True,,True,cb597776b7c10a2e906398e9d957706df3fa81771ad172ebe9ed524949580796,32341000000000,85798001000000,08:59:01.000000000,23:49:58.001000000,40778,68732,3.5,ready,213.0
RTS,2026-03-27,4,C:\data_quote\data_finam_RTS_tick_zip\20260327.zip,True,,True,299fac35b4985d2c590e2b1946498a5b7e572c5a9cead0e3f83ff5a9eabb8674,32400000000000,85797001000000,09:00:00.000000000,23:49:57.001000000,37756,64567,3.15,ready,182.0
RTS,2026-03-28,5,C:\data_quote\data_finam_RTS_tick_zip\20260328.zip,True,,True,4c46dcb56b40be05bba7f7e47985f23cf9d93895e3ef7479c396f0431ed73ff1,36012000000000,68281000000000,10:00:12.000000000,18:58:01.000000000,1125,1625,27.233333333333334,ready,5.0
RTS,2026-03-29,6,C:\data_quote\data_finam_RTS_tick_zip\20260329.zip,True,,True,dba85a5bde52e235f818af0bed4f36f499219cf4537d8beb03e305ed2e916f3a,36008000000000,68035000000000,10:00:08.000000000,18:53:55.000000000,1125,2190,15.616666666666667,ready,8.0
RTS,2026-03-30,0,C:\data_quote\data_finam_RTS_tick_zip\20260330.zip,True,,True,369d8f91d5ba977ad8ad42e0dbceac58ed68db0868f3283b8a9de693d4879bc8,32400000000000,85798001000000,09:00:00.000000000,23:49:58.001000000,33801,60229,4.849983333333333,ready,201.0
RTS,2026-03-31,1,C:\data_quote\data_finam_RTS_tick_zip\20260331.zip,True,,True,22d00aff49dcfb7c47b130f056cfe67f69d1fac3926b907e17b4d67a65a25908,32378000000000,85798001000000,08:59:38.000000000,23:49:58.001000000,32767,56668,4.216666666666667,ready,185.0
RTS,2026-04-01,2,C:\data_quote\data_finam_RTS_tick_zip\20260401.zip,True,,True,714d43b43b428763a8ec51b04881ed0d0307e014f7760902f218a48f4865d698,32363000000000,85796003000000,08:59:23.000000000,23:49:56.003000000,31256,53432,2.6999833333333334,ready,181.0
RTS,2026-04-02,3,C:\data_quote\data_finam_RTS_tick_zip\20260402.zip,True,,True,94060d201b95c24533475a3eb953ddb383fdce08f2b20225133bdc50233b42fc,32369000000000,85793000000000,08:59:29.000000000,23:49:53.000000000,23947,40995,7.333316666666667,ready,116.0
RTS,2026-04-03,4,C:\data_quote\data_finam_RTS_tick_zip\20260403.zip,True,,True,f3b290f0c26fc4de7d517ee42a81bc42b04ffe34d941c6af23fa9bf91bcd7e29,32376000000000,85790001000000,08:59:36.000000000,23:49:50.001000000,23413,42312,6.866666666666666,ready,153.0
RTS,2026-04-04,5,C:\data_quote\data_finam_RTS_tick_zip\20260404.zip,True,,True,7ba3624d6ce6d9ee3fc4561a2ab9172cfaee2c903dfe6da98ac69c2b5358e355,36016000000000,68398001000000,10:00:16.000000000,18:59:58.001000000,848,1344,20.616600000000002,ready,5.0
RTS,2026-04-05,6,C:\data_quote\data_finam_RTS_tick_zip\20260405.zip,True,,True,18eb5bd46b185a20d038ab14a6e422f117af90586c732a71dbf0d5c232720ebc,35985000000000,68351000000000,09:59:45.000000000,18:59:11.000000000,1030,2134,34.9333,ready,10.0
RTS,2026-04-06,0,C:\data_quote\data_finam_RTS_tick_zip\20260406.zip,True,,True,e76ec2d905c6ace2fff01d3c5ad0987d307a44b7985ff1f1d989a0b5b93f4b80,32377000000000,85794000000000,08:59:37.000000000,23:49:54.000000000,29284,56019,4.1333,ready,199.0
RTS,2026-04-07,1,C:\data_quote\data_finam_RTS_tick_zip\20260407.zip,True,,True,774115ccbe51e41edc5f1d6c284f10afc747196d76b04b9a548b11873d97b826,32350000000000,85796000000000,08:59:10.000000000,23:49:56.000000000,25925,46538,5.433316666666667,ready,144.0
RTS,2026-04-08,2,C:\data_quote\data_finam_RTS_tick_zip\20260408.zip,True,,True,ee35afa06872653999c2ee43d5b1c569ff2af01ef0bc35605ad452d9aebe9fe0,32369000000000,85797001000000,08:59:29.000000000,23:49:57.001000000,23769,40294,5.6,ready,134.0
RTS,2026-04-09,3,C:\data_quote\data_finam_RTS_tick_zip\20260409.zip,True,,True,31c0a4eec4b6a568da4a858480c5580de719d21695d849e3d0cc02c361dca5d2,32380000000000,85786001000000,08:59:40.000000000,23:49:46.001000000,29444,54538,4.3,ready,196.0
RTS,2026-04-10,4,C:\data_quote\data_finam_RTS_tick_zip\20260410.zip,True,,True,a2901edec7568b6a43b82fce8c110b8bbfa57e9722404fc04887f52f8f51727e,32388000000000,85798000000000,08:59:48.000000000,23:49:58.000000000,22137,39732,4.966666666666667,ready,126.0
RTS,2026-04-11,5,C:\data_quote\data_finam_RTS_tick_zip\20260411.zip,True,,True,3227de2266af4c350601b3d05278fc90cdb29867f3624d43d44d0fbfc0e826e0,36009000000000,68200000000000,10:00:09.000000000,18:56:40.000000000,844,1452,22.433333333333334,ready,8.0
RTS,2026-04-12,6,C:\data_quote\data_finam_RTS_tick_zip\20260412.zip,True,,True,82763ac94687245517e3a54ae3bbb3b9184f264c092e7e7aa5f4859f31b66033,35954000000000,68379000000000,09:59:14.000000000,18:59:39.000000000,2182,5878,16.649983333333335,ready,30.0
RTS,2026-04-13,0,C:\data_quote\data_finam_RTS_tick_zip\20260413.zip,True,,True,ea1c709f5a89de50ba24d1fb99a15c0d1f58dff1b2bf59375b997fbe05176d30,32358000000000,85795000000000,08:59:18.000000000,23:49:55.000000000,31496,58487,5.55,ready,189.0
RTS,2026-04-14,1,C:\data_quote\data_finam_RTS_tick_zip\20260414.zip,True,,True,315a75aaa42b1c932d534f8b83285857622a58ff534a82ea6d29961acf6d7af5,32360000000000,85798000000000,08:59:20.000000000,23:49:58.000000000,29170,52096,2.85,ready,176.0
RTS,2026-04-15,2,C:\data_quote\data_finam_RTS_tick_zip\20260415.zip,True,,True,caabab2d9d40b8cfd4cf1ee617f8a751fe24d8e30894227703b78f044bf3f67b,32400000000000,85798000000000,09:00:00.000000000,23:49:58.000000000,30614,50785,6.349966666666666,ready,161.0
RTS,2026-04-16,3,C:\data_quote\data_finam_RTS_tick_zip\20260416.zip,True,,True,b78bb4cf0d79df1609bfb4a2bf8e6fb9c54a9c809b89fad6a7f7b37eab39b53d,32400000000000,85791000000000,09:00:00.000000000,23:49:51.000000000,33951,60966,3.51665,ready,209.0
RTS,2026-04-17,4,C:\data_quote\data_finam_RTS_tick_zip\20260417.zip,True,,True,e07d3b04b476ded19b7899c56ff38f8aa59e22b1cf2d92c115f4784c27d23ad3,32400000000000,85793000000000,09:00:00.000000000,23:49:53.000000000,31720,55240,4.61645,ready,181.0
RTS,2026-04-18,5,C:\data_quote\data_finam_RTS_tick_zip\20260418.zip,True,,True,115bc587c58518053f5199d4c68cc6cb8e70efe14ed37255cae6b1c555532832,36000000000000,68384001000000,10:00:00.000000000,18:59:44.001000000,1322,2439,17.083333333333332,ready,11.0
RTS,2026-04-19,6,C:\data_quote\data_finam_RTS_tick_zip\20260419.zip,True,,True,1eb84a40322462b3aa47d2c3473e0383254ce935d0cf3fa28194e0f07ea91c1d,35954000000000,68343000000000,09:59:14.000000000,18:59:03.000000000,758,1419,29.05,ready,6.0
RTS,2026-04-20,0,C:\data_quote\data_finam_RTS_tick_zip\20260420.zip,True,,True,079a408b405973e1ae12fb80691a19caaedc15579276bf97dbc51755ac911bb6,32372000000000,85798000000000,08:59:32.000000000,23:49:58.000000000,28522,51223,3.4166666666666665,ready,184.0
RTS,2026-04-21,1,C:\data_quote\data_finam_RTS_tick_zip\20260421.zip,True,,True,5cb0ca629c9e7e0188004b8b662ed584940efb24539569b8503a6117ecf5a05b,32367000000000,85797000000000,08:59:27.000000000,23:49:57.000000000,30183,51777,4.05,ready,173.0
RTS,2026-04-22,2,C:\data_quote\data_finam_RTS_tick_zip\20260422.zip,True,,True,36b929a76f51e885c5fa7d8213a2861da8db86a2c94a6c21210563617631cc59,32400000000000,85798000000000,09:00:00.000000000,23:49:58.000000000,23143,35760,7.1,ready,119.0
RTS,2026-04-23,3,C:\data_quote\data_finam_RTS_tick_zip\20260423.zip,True,,True,bfa0e0c2842005e70cc80c272506696b95023d7fadec4e99154ebfb33903dc72,32387000000000,85796000000000,08:59:47.000000000,23:49:56.000000000,30743,50192,3.8,ready,158.0
RTS,2026-04-24,4,C:\data_quote\data_finam_RTS_tick_zip\20260424.zip,True,,True,2e00fd2ba9003555775a829dd00af6d216557122a6fe499b86eb5f10a19ea2d2,32378000000000,85798001000000,08:59:38.000000000,23:49:58.001000000,32609,54991,6.983333333333333,ready,201.0
RTS,2026-04-25,5,C:\data_quote\data_finam_RTS_tick_zip\20260425.zip,True,,True,cfeaf394ee2dd6830456887a824f8313e24ff2ae9ffdbaf2a94538286ad97bc7,36000000000000,68276000000000,10:00:00.000000000,18:57:56.000000000,354,543,23.733316666666667,ready,1.0
RTS,2026-04-26,6,C:\data_quote\data_finam_RTS_tick_zip\20260426.zip,True,,True,0aa0767357b628f7e22ea6b94465cb3a5fe27745f5bd733f9d299dedfb3c04c3,35969000000000,68378000000000,09:59:29.000000000,18:59:38.000000000,1179,2595,25.433333333333334,ready,14.0
RTS,2026-04-27,0,C:\data_quote\data_finam_RTS_tick_zip\20260427.zip,True,,True,fc9747d5acf0e09a026ac709e4e84e9aad1b0821f0f111f43d70c847c0da70b9,32366000000000,85798000000000,08:59:26.000000000,23:49:58.000000000,20720,35645,4.016666666666667,ready,104.0
RTS,2026-04-28,1,C:\data_quote\data_finam_RTS_tick_zip\20260428.zip,True,,True,cd9b9f824c4cec21c373077ddc5265ee21b1ad6a2140e6c56ff6ee297bfe7d1c,32400000000000,85797000000000,09:00:00.000000000,23:49:57.000000000,33929,60158,4.216666666666667,ready,237.0
RTS,2026-04-29,2,C:\data_quote\data_finam_RTS_tick_zip\20260429.zip,True,,True,bd3e10aaccc494676dfcaa7a728a30e9321790acae990960ccb3ab54e836dc25,32400000000000,85796000000000,09:00:00.000000000,23:49:56.000000000,39503,67779,2.066666666666667,ready,233.0
RTS,2026-04-30,3,C:\data_quote\data_finam_RTS_tick_zip\20260430.zip,True,,True,d1f7d6e8bc7f6d80406ca143ba3620400b0af41f09e3a8797507b01bd7cd3ef6,32400000000000,85795001000000,09:00:00.000000000,23:49:55.001000000,25868,43083,3.65,ready,159.0
RTS,2026-05-01,4,C:\data_quote\data_finam_RTS_tick_zip\20260501.zip,True,,True,4caeec00e8d4f8912641bc122497996b5b30b5215d3c2a8d7d897599d5e89a96,36000000000000,85720000000000,10:00:00.000000000,23:48:40.000000000,2503,4662,66.43333333333334,ready,12.0
RTS,2026-05-02,5,C:\data_quote\data_finam_RTS_tick_zip\20260502.zip,True,,True,7b9af7ea6206b2835cdb355edccc051afe8857943f9bd5ce962aa26b4c177ab5,36006000000000,68346002000000,10:00:06.000000000,18:59:06.002000000,770,1111,30.133316666666666,ready,5.0
RTS,2026-05-03,6,C:\data_quote\data_finam_RTS_tick_zip\20260503.zip,True,,True,6117e26a8001dab26c6c69b6eec86e1c98d4f790dd597a4d85b37978407eb1e6,36000000000000,68074000000000,10:00:00.000000000,18:54:34.000000000,492,1042,66.85,ready,6.0
RTS,2026-05-04,0,C:\data_quote\data_finam_RTS_tick_zip\20260504.zip,True,,True,7df7296f925a137c778b7b2729075ccdccd823a80c0211a5cf4d3fcbc81500e4,32376000000000,85795000000000,08:59:36.000000000,23:49:55.000000000,33191,59090,3.6166666666666667,ready,222.0
RTS,2026-05-05,1,C:\data_quote\data_finam_RTS_tick_zip\20260505.zip,True,,True,ba490a4ab2f615c80e006db5487606a5c3f23dde992b7e3926d978c7ab6a2f46,32400000000000,85799001000000,09:00:00.000000000,23:49:59.001000000,33276,55603,5.583333333333333,ready,199.0
RTS,2026-05-06,2,C:\data_quote\data_finam_RTS_tick_zip\20260506.zip,True,,True,428fc33486066f0e1ff5eceafd87df4b96464db668b8adaf45de4dfd75863b78,32400000000000,85796000000000,09:00:00.000000000,23:49:56.000000000,39427,68325,4.183333333333334,ready,266.0
RTS,2026-05-07,3,C:\data_quote\data_finam_RTS_tick_zip\20260507.zip,True,,True,6d8fde4e22c42963b7e413ddfe3bf10dc815744a20db6e69978ab4e9d57332d9,32360000000000,85798000000000,08:59:20.000000000,23:49:58.000000000,22294,38099,4.65,ready,131.0
RTS,2026-05-08,4,C:\data_quote\data_finam_RTS_tick_zip\20260508.zip,True,,True,d19c860fa5c24aa358ca936141a68ab2d853e4eb799a0e4d7d3346f73ff3e5bd,32348000000000,85797007000000,08:59:08.000000000,23:49:57.007000000,23061,39330,5.849983333333333,ready,143.0
RTS,2026-05-11,0,C:\data_quote\data_finam_RTS_tick_zip\20260511.zip,True,,True,a659fa767a200f8d7710a1e1942e144e47ed8d207e4a157903986e4f37b34116,32354000000000,85797000000000,08:59:14.000000000,23:49:57.000000000,21644,36247,5.283333333333333,ready,98.0
RTS,2026-05-12,1,C:\data_quote\data_finam_RTS_tick_zip\20260512.zip,True,,True,5d7799a9f425af7b975728623d7fe1ed1a2e70274825a3a6c03421629e6d5e45,32352000000000,85790001000000,08:59:12.000000000,23:49:50.001000000,28747,47015,3.416616666666667,ready,144.0
RTS,2026-05-13,2,C:\data_quote\data_finam_RTS_tick_zip\20260513.zip,True,,True,3d82c2c3adcbe24a2e69be14428883b7bbe457d29602d0b878b1fc7bfc57bf3f,32400000000000,85794000000000,09:00:00.000000000,23:49:54.000000000,23309,39982,5.4,ready,134.0
RTS,2026-05-14,3,C:\data_quote\data_finam_RTS_tick_zip\20260514.zip,True,,True,73e1b69395248cde44647b9df92be2d57740214e5f8c883398366d026ef7f9a3,32354000000000,85797000000000,08:59:14.000000000,23:49:57.000000000,29018,51032,4.399983333333334,ready,187.0
RTS,2026-05-15,4,C:\data_quote\data_finam_RTS_tick_zip\20260515.zip,True,,True,0a38b948c1a070fd343ef8d3ef65948b70f2608bf1117f3dcd1c529ff0cafd9a,32353000000000,85797000000000,08:59:13.000000000,23:49:57.000000000,24397,40916,5.866666666666666,ready,125.0
RTS,2026-05-16,5,C:\data_quote\data_finam_RTS_tick_zip\20260516.zip,True,,True,81b50b58b8e1299822a5bf0153696f4267abb5319b3fdec76656cc1ce45f62cf,36009000000000,68288000000000,10:00:09.000000000,18:58:08.000000000,606,833,34.94971666666667,ready,4.0
RTS,2026-05-17,6,C:\data_quote\data_finam_RTS_tick_zip\20260517.zip,True,,True,cc7fcc24b53974931495c36e189f8900d6e3efdacbb7516210c406e939fcde8f,36008000000000,68374001000000,10:00:08.000000000,18:59:34.001000000,1605,2632,27.083333333333332,ready,11.0
RTS,2026-05-18,0,C:\data_quote\data_finam_RTS_tick_zip\20260518.zip,True,,True,36e653220c6e43e8c4ee6d90cbeb7f21013e989e839b95f824cf3393860e5bd3,32400000000000,85795002000000,09:00:00.000000000,23:49:55.002000000,35519,64212,4.283316666666667,ready,247.0
RTS,2026-05-19,1,C:\data_quote\data_finam_RTS_tick_zip\20260519.zip,True,,True,ead66b3c6e7ae226afd165f3e49da2154f12b88d458e1f656525bb221ddf2849,32373000000000,85799004000000,08:59:33.000000000,23:49:59.004000000,35325,62617,3.0166666666666666,ready,226.0
RTS,2026-05-20,2,C:\data_quote\data_finam_RTS_tick_zip\20260520.zip,True,,True,b05b9d49562b64eacb91b5624dcd2b4a51530b3ffaad176d56ac5563f38874e7,32344000000000,85792000000000,08:59:04.000000000,23:49:52.000000000,46273,78692,3.0499666666666667,ready,272.0
RTS,2026-05-21,3,C:\data_quote\data_finam_RTS_tick_zip\20260521.zip,True,,True,b819c32e84887d801db82f8092a3c8e6651876008a4fae2cbdca1829968f1c36,32379000000000,85793001000000,08:59:39.000000000,23:49:53.001000000,38885,68906,4.166666666666667,ready,222.0
RTS,2026-05-22,4,C:\data_quote\data_finam_RTS_tick_zip\20260522.zip,True,,True,827b7f3a26f150c2bed5ec0025d52dd83df3465a5d060c15356a8a9633651bec,32386000000000,85778000000000,08:59:46.000000000,23:49:38.000000000,43891,74919,4.066666666666666,ready,258.0
RTS,2026-05-23,5,C:\data_quote\data_finam_RTS_tick_zip\20260523.zip,True,,True,05f1e874912a7d63508a35427c46714c2b76621d53d1812cbaf1e1abec65a856,35961000000000,68361000000000,09:59:21.000000000,18:59:21.000000000,925,1284,39.28333333333333,ready,7.0
RTS,2026-05-24,6,C:\data_quote\data_finam_RTS_tick_zip\20260524.zip,True,,True,220aae8c59a7c4727501c7b9f9f4354b214179a7feecfd88e6d1ff0e8258b052,35976000000000,68376000000000,09:59:36.000000000,18:59:36.000000000,1937,4242,15.599983333333334,ready,19.0
RTS,2026-05-25,0,C:\data_quote\data_finam_RTS_tick_zip\20260525.zip,True,,True,9bca432bf5562cf67d0fbee3a2e7371939f19599815f789d05410bdd9dc6ca07,32362000000000,85782000000000,08:59:22.000000000,23:49:42.000000000,49186,85790,4.183333333333334,ready,272.0
RTS,2026-05-26,1,C:\data_quote\data_finam_RTS_tick_zip\20260526.zip,True,,True,a0a56104039cee7449f052701ae3b7816ac49549d94441aafcf589c4090a1be1,32375000000000,85797001000000,08:59:35.000000000,23:49:57.001000000,39479,68756,7.199966666666667,ready,234.0
RTS,2026-05-27,2,C:\data_quote\data_finam_RTS_tick_zip\20260527.zip,True,,True,20e234a67de3c5b4eca8846f223faf57044833433efd01fbb7ed041d36dbd2ee,32377000000000,85798000000000,08:59:37.000000000,23:49:58.000000000,34804,61211,5.483333333333333,ready,207.0
RTS,2026-05-28,3,C:\data_quote\data_finam_RTS_tick_zip\20260528.zip,True,,True,427a98be79dde5dfab37b55ec03da7c73dbe4c28407ac8df896502a36f8f206d,32379000000000,85799000000000,08:59:39.000000000,23:49:59.000000000,31639,53985,2.4,ready,168.0
RTS,2026-05-29,4,C:\data_quote\data_finam_RTS_tick_zip\20260529.zip,True,,True,63e07f46891341d21189f8bb0edd854b859edb33b0c6cedd27a9ad9aef9100f9,32383000000000,85798000000000,08:59:43.000000000,23:49:58.000000000,27251,45823,5.233233333333334,ready,154.0
RTS,2026-05-30,5,C:\data_quote\data_finam_RTS_tick_zip\20260530.zip,True,,True,a7504f5e3dfce5351b3a1136be04e37dff9de74df0152c241f85009c709de24e,36006000000000,68266000000000,10:00:06.000000000,18:57:46.000000000,294,441,49.3,ready,2.0
RTS,2026-05-31,6,C:\data_quote\data_finam_RTS_tick_zip\20260531.zip,True,,True,27539c72da6fa10d216a61b1314ec782b34983a19602a227c4fd0fd6ea523b8d,36005000000000,68390000000000,10:00:05.000000000,18:59:50.000000000,674,1027,42.15,ready,6.0
RTS,2026-06-01,0,C:\data_quote\data_finam_RTS_tick_zip\20260601.zip,True,,True,442e8fa90a72f2b2e7efadea996e39cc62617f88b92b2e9cb2581e01881bb006,32353000000000,85799000000000,08:59:13.000000000,23:49:59.000000000,34062,62416,6.8332500000000005,ready,206.0
RTS,2026-06-02,1,C:\data_quote\data_finam_RTS_tick_zip\20260602.zip,True,,True,62ff553566da599208c347fb30bda0cd80654abd5702fc92d3d93fb833f62645,32400000000000,85797000000000,09:00:00.000000000,23:49:57.000000000,36567,63055,4.649983333333334,ready,199.0
RTS,2026-06-03,2,C:\data_quote\data_finam_RTS_tick_zip\20260603.zip,True,,True,1e5e7276a6ff65e502c967326738610a849bde7390b889a1349eafd3db32eb7b,32370000000000,85798000000000,08:59:30.000000000,23:49:58.000000000,40562,72161,4.783333333333333,ready,240.0
RTS,2026-06-04,3,C:\data_quote\data_finam_RTS_tick_zip\20260604.zip,True,,True,f96f0a8adbf8b879a215afa3fead8480e0b4ab72caf74e972bf056f6c551d073,32347000000000,85798000000000,08:59:07.000000000,23:49:58.000000000,31843,51454,3.7333333333333334,ready,145.0
RTS,2026-06-05,4,C:\data_quote\data_finam_RTS_tick_zip\20260605.zip,True,,True,da3d509c84a6eb11683997e50ca5bd5dc93e654ec570c332ad1ba120b7cdc792,32345000000000,85789000000000,08:59:05.000000000,23:49:49.000000000,25806,40143,3.833266666666667,ready,103.0
RTS,2026-06-06,5,C:\data_quote\data_finam_RTS_tick_zip\20260606.zip,True,,True,5ea421d9167e68444356e5ac3ce4a530c4e803af653ec05bd919fccc1d968ac9,35950000000000,67808001000000,09:59:10.000000000,18:50:08.001000000,400,764,43.06666666666667,ready,4.0
RTS,2026-06-07,6,C:\data_quote\data_finam_RTS_tick_zip\20260607.zip,True,,True,835ab8520454314ebea260171b0f7e1e9268077a97523e6109d2721267c88793,36011000000000,68393000000000,10:00:11.000000000,18:59:53.000000000,236,523,56.03333333333333,ready,4.0
RTS,2026-06-08,0,C:\data_quote\data_finam_RTS_tick_zip\20260608.zip,True,,True,722a45b4e02536f23908e0ece662dafa548f97a8b51305150a5990d3086105ad,32371000000000,85797003000000,08:59:31.000000000,23:49:57.003000000,32444,56623,4.599933333333333,ready,175.0
RTS,2026-06-09,1,C:\data_quote\data_finam_RTS_tick_zip\20260609.zip,True,,True,25b082db5cde1e442dc80690c472bd998a77a5f35c6098f3edc2d1795f295360,32343000000000,85791000000000,08:59:03.000000000,23:49:51.000000000,44881,78747,4.65,ready,232.0
RTS,2026-06-10,2,C:\data_quote\data_finam_RTS_tick_zip\20260610.zip,True,,True,3d67ea44c2894d241096db161b89c807f84cdca1ed5c019c4809a172d646cf47,32344000000000,85798002000000,08:59:04.000000000,23:49:58.002000000,46331,80118,4.1,ready,214.0
RTS,2026-06-11,3,C:\data_quote\data_finam_RTS_tick_zip\20260611.zip,True,,True,8c83509cd23eb658e7a86c42718ddc3eddfca7f908d0cbc489c2dec228198478,32377000000000,85796000000000,08:59:37.000000000,23:49:56.000000000,23711,38693,5.133333333333334,ready,97.0
RTS,2026-06-12,4,C:\data_quote\data_finam_RTS_tick_zip\20260612.zip,True,,True,fd62547dfb7b943cbdf0b74044c0fb733a8dd5f1d7d45802cc6b2803ca85e20c,36003000000000,85758000000000,10:00:03.000000000,23:49:18.000000000,2378,4283,25.03326666666667,ready,15.0
RTS,2026-06-13,5,C:\data_quote\data_finam_RTS_tick_zip\20260613.zip,True,,True,56174d048a18838822a88e59cecb2e8037a4275c12c73f424875ebd865e71ac5,36003000000000,68282000000000,10:00:03.000000000,18:58:02.000000000,582,918,50.516666666666666,ready,5.0
RTS,2026-06-14,6,C:\data_quote\data_finam_RTS_tick_zip\20260614.zip,True,,True,b52061c42dc8ee992e33360876ccf2aeeb3f30349062a1c1be1481d1663b6fbd,35944000000000,68399002000000,09:59:04.000000000,18:59:59.002000000,839,1750,30.466666666666665,ready,9.0
RTS,2026-06-15,0,C:\data_quote\data_finam_RTS_tick_zip\20260615.zip,True,,True,120d4aca13f6eca7f4d330fcc741235fe4e87a7447c934960c9b944e2dc0ceb3,32356000000000,85767000000000,08:59:16.000000000,23:49:27.000000000,32611,56303,4.883283333333334,ready,167.0
RTS,2026-06-16,1,C:\data_quote\data_finam_RTS_tick_zip\20260616.zip,True,,True,31321851ff3a8492b158574882c63723b134f9e55e383fc15b280fc0d62d9b51,32383000000000,85790000000000,08:59:43.000000000,23:49:50.000000000,43824,79181,4.833333333333333,ready,224.0
RTS,2026-06-17,2,C:\data_quote\data_finam_RTS_tick_zip\20260617.zip,True,,True,41069005c3f1cee60ecce1c509ae512643b837911ca4829af3d33b8cc26483f1,32401000000000,85794000000000,09:00:01.000000000,23:49:54.000000000,16965,24812,4.099933333333333,ready,62.0
RTS,2026-06-18,3,C:\data_quote\data_finam_RTS_tick_zip\20260618.zip,True,,True,cec9b80b7937bd392d70079ac12400298c0d262dd2b1efefec02422f2a5199d7,32375000000000,85799000000000,08:59:35.000000000,23:49:59.000000000,27087,48599,3.7832999999999997,ready,127.0
RTS,2026-06-19,4,C:\data_quote\data_finam_RTS_tick_zip\20260619.zip,True,,True,a3d6b3fcd27177ebd604e01d00eb3a497e6ce187ffb0f992487379b5f06128c6,32354000000000,85799012000000,08:59:14.000000000,23:49:59.012000000,33917,63522,7.366666666666666,ready,201.0
RTS,2026-06-22,0,C:\data_quote\data_finam_RTS_tick_zip\20260622.zip,True,,True,5085f539fb668b70dd111fb3018434ade4abcf358d4aeea1e0efa787bd107b62,32368000000000,85797000000000,08:59:28.000000000,23:49:57.000000000,66957,138554,1.6332833333333334,ready,483.0
RTS,2026-06-23,1,C:\data_quote\data_finam_RTS_tick_zip\20260623.zip,True,,True,5351ab126912fb61f52a2574060953094ee5e7c6c87a13dc3a9ee2d4998cddbd,32383000000000,85798000000000,08:59:43.000000000,23:49:58.000000000,64673,137397,3.6166666666666667,ready,487.0
RTS,2026-06-24,2,C:\data_quote\data_finam_RTS_tick_zip\20260624.zip,True,,True,3e35276dc4bead4be06314164992875a454ba495c4dfa26207f4d614ed78dddb,32378000000000,85789000000000,08:59:38.000000000,23:49:49.000000000,60441,111399,2.483233333333333,ready,299.0
RTS,2026-06-25,3,C:\data_quote\data_finam_RTS_tick_zip\20260625.zip,True,,True,e5e10812449e516be2daba24bbbca41644e4eaa5db504096d9108cfe462ffd73,32347000000000,85799000000000,08:59:07.000000000,23:49:59.000000000,61311,112431,3.066666666666667,ready,279.0
RTS,2026-06-26,4,C:\data_quote\data_finam_RTS_tick_zip\20260626.zip,True,,True,10eb2930108b67b87bd82e0537632894c0879bbf244705dfdea5e37a2914107c,32342000000000,85795000000000,08:59:02.000000000,23:49:55.000000000,94490,191021,2.8666666666666667,ready,562.0
RTS,2026-06-27,5,C:\data_quote\data_finam_RTS_tick_zip\20260627.zip,True,,True,1ad2a2db538b99c3d57d84a9ad4b491516f4da4374ad78a5b5e69f489cbc447f,35977000000000,68395001000000,09:59:37.000000000,18:59:55.001000000,877,1550,23.5,ready,3.0
RTS,2026-06-28,6,C:\data_quote\data_finam_RTS_tick_zip\20260628.zip,True,,True,df222ac0328f68ddf9bddf7af9356144a8067ef4b8e7c5194b7a3405b2db5dec,36008000000000,68332000000000,10:00:08.000000000,18:58:52.000000000,697,1487,15.199983333333334,ready,5.0
RTS,2026-06-29,0,C:\data_quote\data_finam_RTS_tick_zip\20260629.zip,True,,True,6a665a749ca6b0a55e3855e5f95457239a82f199ef502e5d434fe19d34593245,32364000000000,85797000000000,08:59:24.000000000,23:49:57.000000000,84163,156279,2.316666666666667,ready,364.0
RTS,2026-06-30,1,C:\data_quote\data_finam_RTS_tick_zip\20260630.zip,True,,True,f9bf6a62e8883894b2451ba995649f187a70a400a50196cd059ad0b63d280183,32382000000000,85757001000000,08:59:42.000000000,23:49:17.001000000,58464,102625,2.933333333333333,ready,245.0
RTS,2026-07-01,2,C:\data_quote\data_finam_RTS_tick_zip\20260701.zip,True,,True,6df9f112d353ef75044c682405cfba5b0ff5c33556bf7da044041aa6b69dc56c,32345000000000,85798003000000,08:59:05.000000000,23:49:58.003000000,55656,99313,5.116650000000001,ready,213.0
RTS,2026-07-02,3,C:\data_quote\data_finam_RTS_tick_zip\20260702.zip,True,,True,f5951ae9149e0e01388337f144ec4176d1130630226a6191ce97ab3ac34baa38,32351000000000,85799000000000,08:59:11.000000000,23:49:59.000000000,60851,114030,3.7332666666666667,ready,224.0
RTS,2026-07-03,4,C:\data_quote\data_finam_RTS_tick_zip\20260703.zip,True,,True,6b7e6316b83de070efc10b7f09e4c2bfb381b4a226fbb69c1b617ad953c9804d,32358000000000,85797000000000,08:59:18.000000000,23:49:57.000000000,53859,93191,2.916633333333333,ready,190.0
RTS,2026-07-04,5,C:\data_quote\data_finam_RTS_tick_zip\20260704.zip,True,,True,aedaecc6c61b9e80a3cc5450dfda4743b39f81448b5d7e62fdd34f6c3f5a52f1,36004000000000,68378000000000,10:00:04.000000000,18:59:38.000000000,1609,2500,21.266650000000002,ready,5.0
RTS,2026-07-05,6,C:\data_quote\data_finam_RTS_tick_zip\20260705.zip,True,,True,782ca1c9f354bf32ea894151026000deeee99e552348be4a83348f7edfe7bbe6,35942000000000,68396001000000,09:59:02.000000000,18:59:56.001000000,2262,5439,12.983333333333333,ready,12.0
RTS,2026-07-06,0,C:\data_quote\data_finam_RTS_tick_zip\20260706.zip,True,,True,bee967cb862031d86ddb49ae603a99eef69b0fcb85c5653704086d413633f6a4,32373000000000,85796002000000,08:59:33.000000000,23:49:56.002000000,53373,105155,2.6,ready,223.0
RTS,2026-07-07,1,C:\data_quote\data_finam_RTS_tick_zip\20260707.zip,True,,True,2a4818c36ed415eb05aa6f100fa9d7c22c6cf50236a7a8f27418720771fda5cc,32359000000000,85792002000000,08:59:19.000000000,23:49:52.002000000,69263,138391,3.8499833333333333,ready,273.0
RTS,2026-07-08,2,C:\data_quote\data_finam_RTS_tick_zip\20260708.zip,True,,True,7521f8a7ad8687cd7d6d63923d3437153dda35238bbda058bd218546e21eded9,32390000000000,85795000000000,08:59:50.000000000,23:49:55.000000000,57421,105340,2.35,ready,207.0
RTS,2026-07-09,3,C:\data_quote\data_finam_RTS_tick_zip\20260709.zip,True,,True,cff13b0b1d2ef36fb2477d902c56d258ce336a7d3044838f3b20ed1266b45d13,32361000000000,85799002000000,08:59:21.000000000,23:49:59.002000000,43759,77745,3.4166499999999997,ready,136.0
RTS,2026-07-10,4,C:\data_quote\data_finam_RTS_tick_zip\20260710.zip,True,,True,710b73e8f8b4661f461e67a0e3929f8f5cb25921469b562677674b2217bb2f2f,32344000000000,85791018000000,08:59:04.000000000,23:49:51.018000000,35701,62217,2.9166666666666665,ready,90.0
RTS,2026-07-11,5,C:\data_quote\data_finam_RTS_tick_zip\20260711.zip,True,,True,acf4ce99b5f850d8e47d7ca0e7780cb6aa62d109f2e416774f1ea2159de1e402,35951000000000,68394000000000,09:59:11.000000000,18:59:54.000000000,976,1872,33.95,ready,4.0
RTS,2026-07-12,6,C:\data_quote\data_finam_RTS_tick_zip\20260712.zip,True,,True,6390612c72ab185dd5aa1bffcda4093d12df30b0b9b3934f387d5549de71668c,35986000000000,68379006000000,09:59:46.000000000,18:59:39.006000000,1346,3083,11.816666666666666,ready,8.0
RTS,2026-07-13,0,C:\data_quote\data_finam_RTS_tick_zip\20260713.zip,True,,True,74fd6736e3dc29167daffbbb84a7851f6c8667fcaf25ff978b2135a445a00057,32370000000000,85795006000000,08:59:30.000000000,23:49:55.006000000,55300,108038,4.033316666666667,ready,192.0
RTS,2026-07-14,1,C:\data_quote\data_finam_RTS_tick_zip\20260714.zip,True,,True,e62869827554143c8074665964b1c5b06a1605a81b97f459e16cf7277cb9758c,25200000000000,85775001000000,07:00:00.000000000,23:49:35.001000000,46439,84316,4.049966666666666,ready,129.0
RTS,2026-07-15,2,C:\data_quote\data_finam_RTS_tick_zip\20260715.zip,True,,True,d2269bb37abeba4256b1cbb1bc020973a3ee15d234cf2050d3df5da75925572c,25143000000000,85791001000000,06:59:03.000000000,23:49:51.001000000,59110,116397,3.2156499999999997,ready,191.0
RTS,2026-07-16,3,C:\data_quote\data_finam_RTS_tick_zip\20260716.zip,True,,True,4340726e902c90b45ea353fad276e746592dee08c274b3db22e7420c306fea57,25200000000000,85785000000000,07:00:00.000000000,23:49:45.000000000,82531,176228,1.4666666666666666,ready,294.0
RTS,2026-07-17,4,C:\data_quote\data_finam_RTS_tick_zip\20260717.zip,True,,True,1ca6362864c8cf62eb0960982663f0ccbcc3a4a3bbd0e3fb58032279bb6b211f,25156000000000,85798001000000,06:59:16.000000000,23:49:58.001000000,78722,155524,1.3998666666666668,ready,250.0
RTS,2026-07-18,5,C:\data_quote\data_finam_RTS_tick_zip\20260718.zip,True,,True,6b266d1bff24becb26f82ad53d8faaefa9559b6c6e189e2a543d3e6e15acf0ad,35986000000000,68360000000000,09:59:46.000000000,18:59:20.000000000,3731,6888,6.466666666666667,ready,6.0
RTS,2026-07-19,6,C:\data_quote\data_finam_RTS_tick_zip\20260719.zip,True,,True,a3a51dce768740a3acc3f0daca44c84c34418192a101ebe296840462b934e7bc,35966000000000,68398000000000,09:59:26.000000000,18:59:58.000000000,3329,6731,8.75,ready,12.0
RTS,2026-07-20,0,C:\data_quote\data_finam_RTS_tick_zip\20260720.zip,True,,True,5852d2506dd2583367923d02bd66e4af37b573b194a8c18acaef88ed835073b5,25200000000000,85798000000000,07:00:00.000000000,23:49:58.000000000,95909,188458,1.4333333333333333,ready,293.0
RTS,2026-07-21,1,C:\data_quote\data_finam_RTS_tick_zip\20260721.zip,True,,True,d6024d1113afe154a64ee0f7b81c458b96394361e9234cdfe043aeab372ed0d0,25184000000000,85794000000000,06:59:44.000000000,23:49:54.000000000,104110,212888,2.3,ready,354.0
RTS,2026-07-22,2,C:\data_quote\data_finam_RTS_tick_zip\20260722.zip,True,,True,e1c29657f563d110a3f2c1ec49d6feaf2be2ab5fcb3ab138eb2049a40b77d24e,25162000000000,85799000000000,06:59:22.000000000,23:49:59.000000000,82059,164263,3.4832833333333335,ready,269.0
RTS,2026-07-23,3,C:\data_quote\data_finam_RTS_tick_zip\20260723.zip,True,,True,301ab95d3a2ad60a81dea2608128e5c54d97ef38ad59846a6ce1feafd8b854ff,25158000000000,85795000000000,06:59:18.000000000,23:49:55.000000000,70291,141304,2.366616666666667,ready,223.0
RTS,2026-07-24,4,C:\data_quote\data_finam_RTS_tick_zip\20260724.zip,True,,True,34db9451618b63a7aca890dc71e2dad2686b7fd5ab804deb2f70bfdca66a4fe4,25142000000000,85790005000000,06:59:02.000000000,23:49:50.005000000,96477,192846,2.6333166666666665,ready,277.0
RTS,2026-07-25,5,C:\data_quote\data_finam_RTS_tick_zip\20260725.zip,True,,True,e7f9ac212da55e2535476ae0825a5292cf2a056b1828d502203f341c9704bd53,35949000000000,68395000000000,09:59:09.000000000,18:59:55.000000000,2295,4836,11.016666666666667,ready,7.0
RTS,2026-07-26,6,C:\data_quote\data_finam_RTS_tick_zip\20260726.zip,True,,True,a79d9053ba1a0debf034ffb2cab09cd05d19829fc616c5fec25249f3ed2c9b2c,35980000000000,68361000000000,09:59:40.000000000,18:59:21.000000000,3038,6039,6.266666666666667,ready,12.0
RTS,2026-07-27,0,C:\data_quote\data_finam_RTS_tick_zip\20260727.zip,True,,True,ee034289489604305910cf0b40fb31293377e6bcc50816f28cb13cf8340f0bab,25176000000000,85797000000000,06:59:36.000000000,23:49:57.000000000,54903,104869,3.9,ready,154.0
RTS,2026-07-28,1,C:\data_quote\data_finam_RTS_tick_zip\20260728.zip,True,,True,55af7062faf03935b17e662a13013520710198f706f267800a8366f9ed22b8c3,25179000000000,85797002000000,06:59:39.000000000,23:49:57.002000000,53101,100747,3.01655,ready,170.0
RTS,2026-07-29,2,C:\data_quote\data_finam_RTS_tick_zip\20260729.zip,True,,True,53847fc13d371c0a8eaa9daa0c4f2582fdfb431538fa0307ecb7468e5502cfd8,25184000000000,85790005000000,06:59:44.000000000,23:49:50.005000000,35765,68621,3.65,ready,106.0
RTS,2026-07-30,3,C:\data_quote\data_finam_RTS_tick_zip\20260730.zip,True,,True,1d8ea9a3ae1868fcd17121ff31f357dd19efb9bcac14d01e8cac3c55e95fb211,25203000000000,85798003000000,07:00:03.000000000,23:49:58.003000000,51649,98781,5.6,ready,163.0
RTS,2026-07-31,4,C:\data_quote\data_finam_RTS_tick_zip\20260731.zip,True,,True,776e738681bd1d40c1b84a4a8a904027cd882c888718846bd9aff575f3249bb8,25200000000000,85794004000000,07:00:00.000000000,23:49:54.004000000,40432,74770,3.6331166666666665,ready,125.0
RTS,2026-08-03,0,C:\data_quote\data_finam_RTS_tick_zip\20260803.zip,True,,True,28aa93d16e65cbdc46c4676b8900640ba62d496fc2c0f3793cfbe766908d84b4,25183000000000,85794000000000,06:59:43.000000000,23:49:54.000000000,28315,52269,4.0,ready,89.0
RTS,2026-08-04,1,C:\data_quote\data_finam_RTS_tick_zip\20260804.zip,True,,True,7d9759895ea72f06572f190cf16518927d8e4a55c60c56028671c53357d457d3,25177000000000,85797000000000,06:59:37.000000000,23:49:57.000000000,47275,93476,3.4,ready,189.0
RTS,2026-08-05,2,C:\data_quote\data_finam_RTS_tick_zip\20260805.zip,True,,True,54e0a5090fc6f7297c2c6a8ed9af2f6fa502066c2794efd520e7f2bb47457122,25200000000000,85791001000000,07:00:00.000000000,23:49:51.001000000,33335,64787,5.2,ready,121.0
RTS,2026-08-06,3,C:\data_quote\data_finam_RTS_tick_zip\20260806.zip,True,,True,3238e66c7bc2782efc820d6da29f0b2a9cf6dc120b0a4b5bf54b4028558026ac,25185000000000,85768000000000,06:59:45.000000000,23:49:28.000000000,42559,77348,4.866650000000001,ready,143.0
RTS,2026-08-07,4,C:\data_quote\data_finam_RTS_tick_zip\20260807.zip,True,,True,56bc52daf89e201c980d250c670c2f5df2eb8ec3e8cbb632848634153ddb39a6,25200000000000,85795000000000,07:00:00.000000000,23:49:55.000000000,34332,64192,3.7666666666666666,ready,125.0
RTS,2026-08-08,5,C:\data_quote\data_finam_RTS_tick_zip\20260808.zip,True,,True,9af52afbd37f34142100afb61b248a575ff71adfb6bff68ee07b1e30ae972ed4,35943000000000,68329000000000,09:59:03.000000000,18:58:49.000000000,2853,5417,12.166666666666666,ready,8.0
RTS,2026-08-09,6,C:\data_quote\data_finam_RTS_tick_zip\20260809.zip,True,,True,7232f91abd02de475419e2c0ccbb2e0f073ecc4713a9cd2329bfed832eb4504b,35968000000000,68382000000000,09:59:28.000000000,18:59:42.000000000,1148,2361,18.933333333333334,ready,4.0
RTS,2026-08-10,0,C:\data_quote\data_finam_RTS_tick_zip\20260810.zip,True,,True,4aa9a3c64efdf8da50b4b9fef469a092871d552a80ebe88b4b8c731fe0e5239f,25180000000000,85799000000000,06:59:40.000000000,23:49:59.000000000,30760,56850,2.6,ready,106.0
RTS,2026-08-11,1,C:\data_quote\data_finam_RTS_tick_zip\20260811.zip,True,,True,e0594bb4532c6c3c1c6bb2029b00e5a5b494c9bcc222ed4690a8ce377eedadd1,25201000000000,85798000000000,07:00:01.000000000,23:49:58.000000000,27725,54964,5.316666666666666,ready,108.0
RTS,2026-08-12,2,C:\data_quote\data_finam_RTS_tick_zip\20260812.zip,True,,True,7f25db9cb5c19654345f230ab89b62d0bf4f17b8711b642d70fff590b4187aed,25162000000000,85794001000000,06:59:22.000000000,23:49:54.001000000,30282,59244,4.0499,ready,119.0
RTS,2026-08-13,3,C:\data_quote\data_finam_RTS_tick_zip\20260813.zip,True,,True,01f6c5291ef15233de4547fd3d2159fc2387ec947036141b7cd60a314d6f1896,25200000000000,85798019000000,07:00:00.000000000,23:49:58.019000000,50816,106962,1.9499666666666668,ready,223.0
RTS,2026-08-14,4,C:\data_quote\data_finam_RTS_tick_zip\20260814.zip,True,,True,ea81d9ea7ff1c4f75387e8e99a6ff973284ae7a8b1e82cf20e5b31d7ffc53a92,25171000000000,85792000000000,06:59:31.000000000,23:49:52.000000000,61313,121792,3.7,ready,260.0
RTS,2026-08-17,0,C:\data_quote\data_finam_RTS_tick_zip\20260817.zip,True,,True,9d60896b056149efa71171e192eabba1d63f3574370a71afcbe6a0279f8a0ef9,25175000000000,85796001000000,06:59:35.000000000,23:49:56.001000000,66301,135814,2.55,ready,273.0
RTS,2026-08-18,1,C:\data_quote\data_finam_RTS_tick_zip\20260818.zip,True,,True,2014a71db675f637768403f25bf772d69724002e447e9cd5cc04c7857d6c9ffd,25181000000000,85799000000000,06:59:41.000000000,23:49:59.000000000,58751,126419,2.3832333333333335,ready,274.0
RTS,2026-08-19,2,C:\data_quote\data_finam_RTS_tick_zip\20260819.zip,True,,True,1e905967b4d1d919699b2b64aa28859f770b60d0c2c1d5684e7f28b3b16bb4e2,25200000000000,85798001000000,07:00:00.000000000,23:49:58.001000000,55513,115272,2.7,ready,247.0
RTS,2026-08-20,3,C:\data_quote\data_finam_RTS_tick_zip\20260820.zip,True,,True,30fdb965c01961c2ef104d1d4b2c3b63067d746139fcb4822c8168d9db971a9c,25200000000000,85792000000000,07:00:00.000000000,23:49:52.000000000,54440,112385,3.6666666666666665,ready,259.0
RTS,2026-08-21,4,C:\data_quote\data_finam_RTS_tick_zip\20260821.zip,True,,True,9bac5efa764bdd412119373b274f81098e839118d8f90c4e721bc926fe2c435b,25161000000000,85790010000000,06:59:21.000000000,23:49:50.010000000,42029,88752,3.51665,ready,205.0
RTS,2026-08-22,5,C:\data_quote\data_finam_RTS_tick_zip\20260822.zip,True,,True,9506f4bba1c8cea9f9b2adbcc31ed1569a871eddc3f97a38ee125f1a7eda2a82,35989000000000,68389000000000,09:59:49.000000000,18:59:49.000000000,1755,3882,8.516666666666667,ready,7.0
RTS,2026-08-23,6,C:\data_quote\data_finam_RTS_tick_zip\20260823.zip,True,,True,95f813545487402510b022b5d8dcaee0003a84f7ffa3a665cb79c1d0afd33bef,35980000000000,68370000000000,09:59:40.000000000,18:59:30.000000000,2123,3988,10.649966666666668,ready,11.0
RTS,2026-08-24,0,C:\data_quote\data_finam_RTS_tick_zip\20260824.zip,True,,True,666674d46c228b6591ffc2e6216edcd84ee33d690b2bb1cfae91f0f4713df70b,25186000000000,85791012000000,06:59:46.000000000,23:49:51.012000000,50792,103098,2.2499166666666666,ready,198.0
RTS,2026-08-25,1,C:\data_quote\data_finam_RTS_tick_zip\20260825.zip,True,,True,ae071846f772bf41e5028e973dd660b052f6253fd7e9233c10ccae85cdbc8db9,25183000000000,85794000000000,06:59:43.000000000,23:49:54.000000000,67421,149138,3.1999166666666667,ready,342.0
RTS,2026-08-26,2,C:\data_quote\data_finam_RTS_tick_zip\20260826.zip,True,,True,07941b4bebc05f9c1770540ce6926a638558c67749ae5a507174e3a392df5ffc,25170000000000,85798002000000,06:59:30.000000000,23:49:58.002000000,56239,116197,1.6166666666666667,ready,225.0
RTS,2026-08-27,3,C:\data_quote\data_finam_RTS_tick_zip\20260827.zip,True,,True,8b601c388d0b2a0a45db4af73c212b0ee253099b1da634531b99bc131124d0ea,25181000000000,85790001000000,06:59:41.000000000,23:49:50.001000000,53755,117758,2.8833333333333333,ready,221.0
RTS,2026-08-28,4,C:\data_quote\data_finam_RTS_tick_zip\20260828.zip,True,,True,35ac831caa75ec1326d4fa4b94584dd5fdf5ced9a10c7a0ed3f7e6e28e11e262,25203000000000,85792002000000,07:00:03.000000000,23:49:52.002000000,42992,92084,4.099966666666666,ready,175.0
RTS,2026-08-29,5,C:\data_quote\data_finam_RTS_tick_zip\20260829.zip,True,,True,e83ea911e0ccf4ff6c3e45010f92e5fd28269ceca11c63b7457d880036a0baeb,35981000000000,68288000000000,09:59:41.000000000,18:58:08.000000000,2378,4718,15.899983333333333,ready,11.0
RTS,2026-08-30,6,C:\data_quote\data_finam_RTS_tick_zip\20260830.zip,True,,True,119e2295ac04ed4e820b9c1271f4661b2d4b8ca2bd7c126ece8a56473a8595c3,36000000000000,68371000000000,10:00:00.000000000,18:59:31.000000000,1002,1710,14.066666666666666,ready,2.0
RTS,2026-08-31,0,C:\data_quote\data_finam_RTS_tick_zip\20260831.zip,True,,True,77733241fa84ff5446915b24b40e68d92cf3b6d40d32dfc93c487b2e30413ec4,25156000000000,85799029000000,06:59:16.000000000,23:49:59.029000000,56392,126016,2.6333333333333333,ready,278.0
RTS,2026-09-01,1,C:\data_quote\data_finam_RTS_tick_zip\20260901.zip,True,,True,859af2d0099e52edb815b5442d78695a7224f426f8f42a6c865ec6b41b6f1a1f,25146000000000,85796002000000,06:59:06.000000000,23:49:56.002000000,56307,116245,2.0333166666666664,ready,238.0
RTS,2026-09-02,2,C:\data_quote\data_finam_RTS_tick_zip\20260902.zip,True,,True,217a2212a52a0c755b15fd216650a2b50547adb2e1f3b01105c59bc7b8be3474,25147000000000,85790007000000,06:59:07.000000000,23:49:50.007000000,34658,65849,4.333333333333333,ready,112.0
RTS,2026-09-03,3,C:\data_quote\data_finam_RTS_tick_zip\20260903.zip,True,,True,8326a1f8c072dc747acc6c19ce1388192811d5f747904668afa3a1b6b0a0acdc,25200000000000,85799000000000,07:00:00.000000000,23:49:59.000000000,54122,115734,2.7333333333333334,ready,230.0
RTS,2026-09-04,4,C:\data_quote\data_finam_RTS_tick_zip\20260904.zip,True,,True,744912ec66b85f4d8a472f1dbe8d36cd47c629f35f38055dddb09dccb376855e,25183000000000,85795003000000,06:59:43.000000000,23:49:55.003000000,48320,94751,2.5999833333333333,ready,171.0
RTS,2026-09-05,5,C:\data_quote\data_finam_RTS_tick_zip\20260905.zip,True,,True,e90e5888950480a872a92f4a83197ef8da395292f19770c0f28c763ce40829e7,35956000000000,68346003000000,09:59:16.000000000,18:59:06.003000000,2813,5225,12.75,ready,7.0
RTS,2026-09-06,6,C:\data_quote\data_finam_RTS_tick_zip\20260906.zip,True,,True,41b7d32a91380fc098f322be422fb91e44b51eb2ecfb68fb5774a3a98a4e8992,35981000000000,68398000000000,09:59:41.000000000,18:59:58.000000000,4040,8283,11.116666666666667,ready,19.0
RTS,2026-09-07,0,C:\data_quote\data_finam_RTS_tick_zip\20260907.zip,True,,True,005dd4fa2fcea598f5606b618abd4ea507d96310ab81357a8de99dc94c3a9151,25200000000000,85799001000000,07:00:00.000000000,23:49:59.001000000,34489,62945,2.9833166666666666,ready,120.0
RTS,2026-09-08,1,C:\data_quote\data_finam_RTS_tick_zip\20260908.zip,True,,True,578e14e0330b18a7b0f4d777fbb45bd97642488b360b55c00392d16ee0a468bf,25144000000000,85799000000000,06:59:04.000000000,23:49:59.000000000,48727,92749,4.416666666666667,ready,186.0
RTS,2026-09-09,2,C:\data_quote\data_finam_RTS_tick_zip\20260909.zip,True,,True,e964364f40f7c432f4b7d6d613dfe31e1953cdb0579c02fe1b7417796033437e,25200000000000,85797002000000,07:00:00.000000000,23:49:57.002000000,41876,82595,2.2999666666666667,ready,160.0
RTS,2026-09-10,3,C:\data_quote\data_finam_RTS_tick_zip\20260910.zip,True,,True,3fd3f79b67586ab2b04eed5901fc1a6a5787f4a466c1b21d2c347ae2fd289c2d,25200000000000,85781000000000,07:00:00.000000000,23:49:41.000000000,40954,82642,2.8,ready,153.0
RTS,2026-09-11,4,C:\data_quote\data_finam_RTS_tick_zip\20260911.zip,True,,True,d9f0f2ab4dbdeae1abff245f8d8c737f4c4073c52ab7433794a1aa49d9f0bad8,25183000000000,85799000000000,06:59:43.000000000,23:49:59.000000000,45925,93592,11.95,ready,172.0
RTS,2026-09-14,0,C:\data_quote\data_finam_RTS_tick_zip\20260914.zip,True,,True,3b3a6ad49a0835ded7085b615249082e2714f9784c3ba8eb1203e0379e4b5e9c,25163000000000,85782000000000,06:59:23.000000000,23:49:42.000000000,49626,107554,3.6999833333333334,ready,247.0
RTS,2026-09-15,1,C:\data_quote\data_finam_RTS_tick_zip\20260915.zip,True,,True,5e5e71911940867c5af4b4509352e4c0f98f361544a75666e694e4ed9cb56213,25189000000000,85798000000000,06:59:49.000000000,23:49:58.000000000,33053,65826,3.9166000000000003,ready,113.0
RTS,2026-09-16,2,C:\data_quote\data_finam_RTS_tick_zip\20260916.zip,True,,True,de142e0a57ff534bb964fa11b21df5092a8011f3907ebbbc52566f6265bde318,25200000000000,85797000000000,07:00:00.000000000,23:49:57.000000000,22720,35262,2.95,ready,51.0
RTS,2026-09-17,3,C:\data_quote\data_finam_RTS_tick_zip\20260917.zip,True,,True,695e787a7e963d5df91f5b1bbe64476fe75aa840d5af8e3f49a3c89ad88bb0bf,25182000000000,85770000000000,06:59:42.000000000,23:49:30.000000000,41579,84715,3.8166333333333333,ready,166.0
RTS,2026-09-18,4,C:\data_quote\data_finam_RTS_tick_zip\20260918.zip,True,,True,c5b70d30227130ee5baf94c4d80e71391b3b2ddfeeea3a10ee531d2577572179,25200000000000,85798000000000,07:00:00.000000000,23:49:58.000000000,34235,69914,3.0332500000000002,ready,137.0
RTS,2026-09-19,5,C:\data_quote\data_finam_RTS_tick_zip\20260919.zip,True,,True,55a7c221d671f962d192ca77ea72abb8d96f4a007cba0c75dc0356da473efc09,35973000000000,68395001000000,09:59:33.000000000,18:59:55.001000000,1469,3505,19.749983333333333,ready,9.0
RTS,2026-09-20,6,C:\data_quote\data_finam_RTS_tick_zip\20260920.zip,True,,True,1e704437bd1b9f643e14b953602e77568981cf665b8b95a4c1cc1361523aa038,35963000000000,68383000000000,09:59:23.000000000,18:59:43.000000000,1189,2184,13.183333333333334,ready,5.0
RTS,2026-09-21,0,C:\data_quote\data_finam_RTS_tick_zip\20260921.zip,True,,True,2a941f837ea3850a5e88ab6b970debb176d379f38634f5638b46484766a2b340,25175000000000,85795006000000,06:59:35.000000000,23:49:55.006000000,33858,65584,6.116633333333334,ready,133.0
RTS,2026-09-22,1,C:\data_quote\data_finam_RTS_tick_zip\20260922.zip,True,,True,8293bb91baced0660761fe942dcfc6bf576820610130da8ae46a8c0b20eab7fe,25200000000000,85785000000000,07:00:00.000000000,23:49:45.000000000,40312,80808,4.399983333333334,ready,184.0
RTS,2026-09-23,2,C:\data_quote\data_finam_RTS_tick_zip\20260923.zip,True,,True,7516278abd0a5349d54d225e098e569f4bf6eec1f6ad6b49398e4beebd290204,25200000000000,85795000000000,07:00:00.000000000,23:49:55.000000000,43584,84986,3.3666666666666667,ready,202.0
RTS,2026-09-24,3,C:\data_quote\data_finam_RTS_tick_zip\20260924.zip,True,,True,56dbbde8a6c9647dfc46f28fbea098dd7276c8a0468bbe656cf6adbd74113550,25161000000000,85790002000000,06:59:21.000000000,23:49:50.002000000,40879,81144,3.25,ready,183.0
RTS,2026-09-25,4,C:\data_quote\data_finam_RTS_tick_zip\20260925.zip,True,,True,fcdb5929f667e82716cbf6bf095f17950ebf36eb4212f9a22f49bb20aea54939,25152000000000,85797000000000,06:59:12.000000000,23:49:57.000000000,29590,56737,4.15,ready,106.0
RTS,2026-09-26,5,C:\data_quote\data_finam_RTS_tick_zip\20260926.zip,True,,True,70ffb88120fb85de73ded29cdc49ef3e091eca38d2eb07bd6f48d5f8c98afbdf,36009000000000,68396000000000,10:00:09.000000000,18:59:56.000000000,754,1175,32.36665,ready,3.0
RTS,2026-09-27,6,C:\data_quote\data_finam_RTS_tick_zip\20260927.zip,True,,True,893b9deaa681bd466bb027412cf3bd63eb9912671f1d1336ecd655530f95a346,35959000000000,68396000000000,09:59:19.000000000,18:59:56.000000000,712,1728,31.283216666666664,ready,4.0
RTS,2026-09-28,0,C:\data_quote\data_finam_RTS_tick_zip\20260928.zip,True,,True,4b9b5b55c78ee6b5c33aa8f6a8d441c1df5615d81aeda7d951ef284c0acca6ef,25147000000000,85794000000000,06:59:07.000000000,23:49:54.000000000,30909,63098,3.2333333333333334,ready,156.0
RTS,2026-09-29,1,C:\data_quote\data_finam_RTS_tick_zip\20260929.zip,True,,True,c27e7de0a36d830e12c96ee1328264b44bfad4e981754f8003da874564606bc7,25174000000000,85795006000000,06:59:34.000000000,23:49:55.006000000,44655,92978,4.849950000000001,ready,221.0
RTS,2026-09-30,2,C:\data_quote\data_finam_RTS_tick_zip\20260930.zip,True,,True,4e71eaf4c099704da2a70b5ae067aca5a281f876dde985bf02e542feb1f66e28,25169000000000,85797000000000,06:59:29.000000000,23:49:57.000000000,36084,69932,3.316666666666667,ready,183.0
RTS,2026-10-01,3,C:\data_quote\data_finam_RTS_tick_zip\20261001.zip,True,,True,4f21bd8c66fb452d967711a48271ab2120bb197e949f605f39f38817e8426ff0,25161000000000,85797000000000,06:59:21.000000000,23:49:57.000000000,30936,61650,4.983333333333333,ready,153.0
RTS,2026-10-02,4,C:\data_quote\data_finam_RTS_tick_zip\20261002.zip,True,,True,e9837689a244e715180e1c83e59464dd8840248e1f0f869403b01c7c5ce234bf,25200000000000,85799001000000,07:00:00.000000000,23:49:59.001000000,24584,49701,5.516666666666667,ready,125.0
