dataset_id,symbol,day,file_path,sha256,tick_count,volume,active_intervals,status,threshold,window_start,window_end,window_days,target_count,calibration_count,calibration_error,calibration_evaluations,bar_count
226237468d41e56c,RTS,2021-12-03,C:\data_quote\data_finam_RTS_tick_zip\20211203.zip,95217aa007c753071e58af876dbfe2fd2b286acf7f0be89931fe46a636e1c74c,332102,676306,198,prestart,,,,0,,,,,0
226237468d41e56c,RTS,2021-12-06,C:\data_quote\data_finam_RTS_tick_zip\20211206.zip,c895292f362492ec34edfaabdf1c07d217cdb66f2839b29f56d8f59521de6e05,398585,826672,198,prestart,,2021-12-03,2021-12-03,1,,,,,0
226237468d41e56c,RTS,2021-12-07,C:\data_quote\data_finam_RTS_tick_zip\20211207.zip,2dd6dd5348842615d7e852e2c8124b38c7d5758e9910486dc2e1ed0561f6b6e7,377425,781722,198,prestart,,2021-12-03,2021-12-06,2,,,,,0
226237468d41e56c,RTS,2021-12-08,C:\data_quote\data_finam_RTS_tick_zip\20211208.zip,9578d351afb6cb38e5f894c8607c55fc71038f2333bf1da14efc6795151c52fb,442192,849163,197,prestart,,2021-12-03,2021-12-07,3,,,,,0
226237468d41e56c,RTS,2021-12-09,C:\data_quote\data_finam_RTS_tick_zip\20211209.zip,626663fd89c19e6712e5b9896355658ddb94deaf47f4aff718cf19dd384caee2,317627,672393,197,prestart,,2021-12-03,2021-12-08,4,,,,,0
226237468d41e56c,RTS,2021-12-10,C:\data_quote\data_finam_RTS_tick_zip\20211210.zip,f50db0f20bcae77a53f92d4ec21b0943401c558fd35338d666f2386e4c840aea,151118,287874,198,prestart,,2021-12-03,2021-12-09,5,,,,,0
226237468d41e56c,RTS,2021-12-13,C:\data_quote\data_finam_RTS_tick_zip\20211213.zip,2eef8e49937f3bd67733f570ef601bdb1494988f371ebfb6d341d2cbb4e22f4a,105484,172270,198,prestart,,2021-12-03,2021-12-10,6,,,,,0
226237468d41e56c,RTS,2021-12-14,C:\data_quote\data_finam_RTS_tick_zip\20211214.zip,92c55a77dd918815500d56d89d107cc6fe9370866506582b390ae71279cc549c,167345,275327,198,prestart,,2021-12-03,2021-12-13,7,,,,,0
226237468d41e56c,RTS,2021-12-15,C:\data_quote\data_finam_RTS_tick_zip\20211215.zip,70581f72140d48c1f3ac6f1737b5a3f11fa72e3620f35d06cdd5b8f750ee74b5,186578,317365,197,prestart,,2021-12-03,2021-12-14,8,,,,,0
226237468d41e56c,RTS,2021-12-16,C:\data_quote\data_finam_RTS_tick_zip\20211216.zip,aacfc118ea9c1f8c3afccef514afdbf54807f60036c455273b78d83ebe6d519f,322703,711907,197,prestart,,2021-12-03,2021-12-15,9,,,,,0
226237468d41e56c,RTS,2021-12-17,C:\data_quote\data_finam_RTS_tick_zip\20211217.zip,d45324b7aefdf25e4a20e43c14986dc71fde3c4108ac36aacad61726c0023fd1,289462,622233,198,prestart,,2021-12-03,2021-12-16,10,,,,,0
226237468d41e56c,RTS,2021-12-20,C:\data_quote\data_finam_RTS_tick_zip\20211220.zip,d68a8b4245d48398503149a66b6086bb35cc5e2464787c94757c90b39f848271,314529,634444,198,prestart,,2021-12-03,2021-12-17,11,,,,,0
226237468d41e56c,RTS,2021-12-21,C:\data_quote\data_finam_RTS_tick_zip\20211221.zip,91bf1f7a6a747b70543b118d4a54e6af9af5b5218e975671196a6e1ee65b9ace,270228,588633,198,prestart,,2021-12-03,2021-12-20,12,,,,,0
226237468d41e56c,RTS,2021-12-22,C:\data_quote\data_finam_RTS_tick_zip\20211222.zip,9c331306a595170ab9b870533c6ed0a21e51e444d72bec0298983d08987adb3f,238507,517043,197,prestart,,2021-12-03,2021-12-21,13,,,,,0
226237468d41e56c,RTS,2021-12-23,C:\data_quote\data_finam_RTS_tick_zip\20211223.zip,94859af223432e7036e46056f917e0dfe274ee74282dcab8c9ea6cd49fdcfe98,268606,548558,197,prestart,,2021-12-03,2021-12-22,14,,,,,0
226237468d41e56c,RTS,2021-12-24,C:\data_quote\data_finam_RTS_tick_zip\20211224.zip,0f1ad0b81018acb94429094274eed5179ab9bb93989c71e0d7a0698c875c467c,149607,325407,198,prestart,,2021-12-03,2021-12-23,15,,,,,0
226237468d41e56c,RTS,2021-12-27,C:\data_quote\data_finam_RTS_tick_zip\20211227.zip,56b0b4710b2498add1b1862415e87ff83327f87e11655cd5895a0e6516dc82cb,179869,394134,198,prestart,,2021-12-03,2021-12-24,16,,,,,0
226237468d41e56c,RTS,2021-12-28,C:\data_quote\data_finam_RTS_tick_zip\20211228.zip,c06240c7aa401fb233559e40fdf532b67ca89f85a91fa260f240e4bb5dde564a,204496,428401,197,prestart,,2021-12-03,2021-12-27,17,,,,,0
226237468d41e56c,RTS,2021-12-29,C:\data_quote\data_finam_RTS_tick_zip\20211229.zip,6dd15d5bb920658a013515bffa9de5839162b0b24d5a473ac8ea869ff3553337,230941,478080,197,prestart,,2021-12-03,2021-12-28,18,,,,,0
226237468d41e56c,RTS,2021-12-30,C:\data_quote\data_finam_RTS_tick_zip\20211230.zip,673f31897abe7e899466fad9ea0e030e67763dc26caa3d4f49f6c6f479fb016f,159625,349912,197,prestart,,2021-12-03,2021-12-29,19,,,,,0
226237468d41e56c,RTS,2022-01-03,C:\data_quote\data_finam_RTS_tick_zip\20220103.zip,acbd318c140cdc49d90bb09ed3250bad896c22aca3fd8d6f2f4a96a57645883b,181317,395977,198,ready,434.0,2021-12-03,2021-12-30,20,3951.0,3962.0,0.0027841052898000505,18.0,149
226237468d41e56c,RTS,2022-01-04,C:\data_quote\data_finam_RTS_tick_zip\20220104.zip,1b471c066e81ef92dcecbbb393fc3f19d0310b1a87b65a0a7de38c0245ed7cce,234360,494281,198,ready,425.0,2021-12-06,2022-01-03,20,3951.0,3945.0,-0.0015186028853454822,19.0,204
226237468d41e56c,RTS,2022-01-05,C:\data_quote\data_finam_RTS_tick_zip\20220105.zip,4c7a383395ad43043648fc849acaca5f8b85468247b661c0ce072a703d74a7d7,341326,727481,197,ready,417.0,2021-12-07,2022-01-04,20,3951.0,3949.0,-0.0005062009617818274,20.0,306
226237468d41e56c,RTS,2022-01-06,C:\data_quote\data_finam_RTS_tick_zip\20220106.zip,1653ab1d7604d55c3843174e7c83318ddde5a89a359663fc38f0d8ceb59f51b3,400230,804537,197,ready,417.0,2021-12-08,2022-01-05,20,3950.0,3950.0,0.0,18.0,282
226237468d41e56c,RTS,2022-01-07,C:\data_quote\data_finam_RTS_tick_zip\20220107.zip,f9fe8208ad14c27a6b5b1cb8b99adfae25f7927431734a9714e55783cf6efc25,158726,300983,198,ready,413.0,2021-12-09,2022-01-06,20,3950.0,3959.0,0.002278481012658228,19.0,110
226237468d41e56c,RTS,2022-01-10,C:\data_quote\data_finam_RTS_tick_zip\20220110.zip,f13e03f6a847aa5e9f814be26cb30fe458c77aaa0758d08099e749a66e38a0e3,310656,643298,198,ready,405.0,2021-12-10,2022-01-07,20,3951.0,3938.0,-0.003290306251581878,18.0,270
226237468d41e56c,RTS,2022-01-11,C:\data_quote\data_finam_RTS_tick_zip\20220111.zip,bc220446efbac4d539af73c795c3f099b09fee341e1b9d0012f61e269751cfe2,298150,604572,198,ready,413.0,2021-12-13,2022-01-10,20,3951.0,3956.0,0.0012655024044545685,18.0,281
226237468d41e56c,RTS,2022-01-12,C:\data_quote\data_finam_RTS_tick_zip\20220112.zip,f2db5052a5ad017d3cceed7f77b119a05993ae75c40e5b1e9934f80698bbba0e,291540,622101,197,ready,425.0,2021-12-14,2022-01-11,20,3951.0,3936.0,-0.0037965072133637054,19.0,257
226237468d41e56c,RTS,2022-01-13,C:\data_quote\data_finam_RTS_tick_zip\20220113.zip,51703393b086f27803077ad48449c76302a0ad8f8de9a8e7199b1232a60603e7,568983,1187521,197,ready,439.0,2021-12-15,2022-01-12,20,3950.0,3950.0,0.0,20.0,458
226237468d41e56c,RTS,2022-01-14,C:\data_quote\data_finam_RTS_tick_zip\20220114.zip,89666f96cc1c834ed374a420d52598099e009ee7232a046f82e4bacafe383ca8,862715,1512627,197,ready,464.0,2021-12-16,2022-01-13,20,3950.0,3954.0,0.0010126582278481013,19.0,505
226237468d41e56c,RTS,2022-01-17,C:\data_quote\data_finam_RTS_tick_zip\20220117.zip,9dcb5f841206b38a63de58c06849e7501555ee3c2233cfa10a455890acb52b8f,603116,1096260,198,ready,485.0,2021-12-17,2022-01-14,20,3950.0,3955.0,0.0012658227848101266,19.0,350
226237468d41e56c,RTS,2022-01-18,C:\data_quote\data_finam_RTS_tick_zip\20220118.zip,2ed1f2aa3713b803a76925c784e0beea56b87fa6c6f90749256eb9bcdedf56ee,912860,1600912,198,ready,500.0,2021-12-20,2022-01-17,20,3950.0,3944.0,-0.0015189873417721519,18.0,483
226237468d41e56c,RTS,2022-01-19,C:\data_quote\data_finam_RTS_tick_zip\20220119.zip,db39c9301a249f451616b072f271ce0ef250adced7c8e97782d3fc067dcfcca9,863796,1536523,197,ready,520.0,2021-12-21,2022-01-18,20,3950.0,3954.0,0.0010126582278481013,20.0,415
226237468d41e56c,RTS,2022-01-20,C:\data_quote\data_finam_RTS_tick_zip\20220120.zip,6302f2ee9e66cce881ebcbd5285bbbc8ba847731ebdff57d56be210fb249cda3,757402,1300463,197,ready,540.0,2021-12-22,2022-01-19,20,3949.0,3956.0,0.0017726006583945303,19.0,331
226237468d41e56c,RTS,2022-01-21,C:\data_quote\data_finam_RTS_tick_zip\20220121.zip,e3816d063156dc833df1bd90ef0a5230b26265893cc38da9fcdbd6a4e6a1abd9,724476,1163892,198,ready,555.0,2021-12-23,2022-01-20,20,3949.0,3959.0,0.0025322866548493288,19.0,259
226237468d41e56c,RTS,2022-01-24,C:\data_quote\data_finam_RTS_tick_zip\20220124.zip,66cc1287f9baf3bfcd034caee4e0133893f10b825aeed597b2997e7d393a3114,1056802,1708992,198,ready,567.0,2021-12-24,2022-01-21,20,3950.0,3945.0,-0.0012658227848101266,19.0,373
226237468d41e56c,RTS,2022-01-25,C:\data_quote\data_finam_RTS_tick_zip\20220125.zip,bfe08a602855da9f9028d04f05bb221d824fc617ac95e1dfb1e902169491aad4,796100,1328454,198,ready,595.0,2021-12-27,2022-01-24,20,3950.0,3958.0,0.0020253164556962027,20.0,269
226237468d41e56c,RTS,2022-01-26,C:\data_quote\data_finam_RTS_tick_zip\20220126.zip,802275be9363e37c7134c5fe9b2a8d257f75c2daec64395c87d8f3547d98bce6,807675,1437600,197,ready,609.0,2021-12-28,2022-01-25,20,3950.0,3945.0,-0.0012658227848101266,20.0,293
226237468d41e56c,RTS,2022-01-27,C:\data_quote\data_finam_RTS_tick_zip\20220127.zip,b6150adbeb89128e3dfe80a0244a8b6fd6de88faf9394c47d2937d0370b45760,881455,1540856,197,ready,629.0,2021-12-29,2022-01-26,20,3950.0,3953.0,0.0007594936708860759,20.0,302
226237468d41e56c,RTS,2022-01-28,C:\data_quote\data_finam_RTS_tick_zip\20220128.zip,9592efecb0006e092e92cefa40d405baeb0703fdc90ab94c5fa31bb950f7bc75,584031,953736,198,ready,657.0,2021-12-30,2022-01-27,20,3950.0,3946.0,-0.0010126582278481013,19.0,165
226237468d41e56c,RTS,2022-01-31,C:\data_quote\data_finam_RTS_tick_zip\20220131.zip,e6b0aaed2d73ee4bf5360217a4f292dcaafbfb4c2292990e864bebca998c8b44,380407,649256,198,ready,661.0,2022-01-03,2022-01-28,20,3951.0,3952.0,0.0002531004808909137,20.0,114
226237468d41e56c,RTS,2022-02-01,C:\data_quote\data_finam_RTS_tick_zip\20220201.zip,1d9e0082b04e602ed31b8a9b71288db1172ded8b0f9386b544013b3210ad035d,442384,778976,198,ready,673.0,2022-01-04,2022-01-31,20,3951.0,3934.0,-0.004302708175145533,20.0,150
226237468d41e56c,RTS,2022-02-02,C:\data_quote\data_finam_RTS_tick_zip\20220202.zip,7a57b0b52c0b04c6b920778d7b694492335837ffb4379688ddb536924e5ee137,387997,704165,197,ready,676.0,2022-01-05,2022-02-01,20,3951.0,3950.0,-0.0002531004808909137,20.0,133
226237468d41e56c,RTS,2022-02-03,C:\data_quote\data_finam_RTS_tick_zip\20220203.zip,1c2dc1face9e467b879d800e59476c935ae9e29824cb14a7bba415acd3b54015,454965,821293,197,ready,674.0,2022-01-06,2022-02-02,20,3951.0,3950.0,-0.0002531004808909137,20.0,158
226237468d41e56c,RTS,2022-02-04,C:\data_quote\data_finam_RTS_tick_zip\20220204.zip,acf48eb8473983fecab7bde9c347be43b2e16ceb4ccbbeb330722a82e361da7d,401090,791968,198,ready,678.0,2022-01-07,2022-02-03,20,3951.0,3942.0,-0.002277904328018223,20.0,152
226237468d41e56c,RTS,2022-02-07,C:\data_quote\data_finam_RTS_tick_zip\20220207.zip,24012ae640b4c3e290796efad5d89d16655be62adeea638aa95ae993558e72b8,334493,574969,198,ready,688.0,2022-01-10,2022-02-04,20,3951.0,3950.0,-0.0002531004808909137,20.0,105
226237468d41e56c,RTS,2022-02-08,C:\data_quote\data_finam_RTS_tick_zip\20220208.zip,3aa36603a6bc3c83b7af3c4ad25736819972e5b95d3205c9b4864ec12f7dfb29,340923,638254,198,ready,684.0,2022-01-11,2022-02-07,20,3951.0,3953.0,0.0005062009617818274,20.0,128
226237468d41e56c,RTS,2022-02-09,C:\data_quote\data_finam_RTS_tick_zip\20220209.zip,0bd5a07024256da73be315fbf46d6c1454f86556865c950ad0029044c1bd7b49,311093,588190,197,ready,686.0,2022-01-12,2022-02-08,20,3951.0,3953.0,0.0005062009617818274,20.0,101
226237468d41e56c,RTS,2022-02-10,C:\data_quote\data_finam_RTS_tick_zip\20220210.zip,8e611ee5e3439592b1dd99ee3dd90689fba867a38e62fe612b3c95e4fd84a359,429628,803300,197,ready,682.0,2022-01-13,2022-02-09,20,3951.0,3950.0,-0.0002531004808909137,21.0,141
226237468d41e56c,RTS,2022-02-11,C:\data_quote\data_finam_RTS_tick_zip\20220211.zip,ecc2a4e6e99c733ea941d643fa76e38522bdb0a4a8cabcc781198c5c3792ade5,681678,1226574,198,ready,671.0,2022-01-14,2022-02-10,20,3951.0,3963.0,0.0030372057706909645,18.0,236
226237468d41e56c,RTS,2022-02-14,C:\data_quote\data_finam_RTS_tick_zip\20220214.zip,7f9393596367ba74e22075fc0419e09f1108a946e70db2c4fb5f066f6331f098,863527,1483225,198,ready,660.0,2022-01-17,2022-02-11,20,3952.0,3955.0,0.0007591093117408907,20.0,296
226237468d41e56c,RTS,2022-02-15,C:\data_quote\data_finam_RTS_tick_zip\20220215.zip,36bf0381f582001e6f989dc068363abf291c3373fe6de46c5859af1352699577,581703,1057019,198,ready,673.0,2022-01-18,2022-02-14,20,3952.0,3953.0,0.00025303643724696357,20.0,215
226237468d41e56c,RTS,2022-02-16,C:\data_quote\data_finam_RTS_tick_zip\20220216.zip,fc2a7186a87e2f7114f72d4b83ed913151b46427a1eeedf2fba18c162fd2559f,481308,868598,197,ready,659.0,2022-01-19,2022-02-15,20,3952.0,3963.0,0.002783400809716599,20.0,192
226237468d41e56c,RTS,2022-02-17,C:\data_quote\data_finam_RTS_tick_zip\20220217.zip,2621fb3e7f4eb6641a5bbf08252f6d9465079dc1d0b75a4b13cea12a9e4ae874,672452,1239633,197,ready,649.0,2022-01-20,2022-02-16,20,3952.0,3960.0,0.0020242914979757085,20.0,257
226237468d41e56c,RTS,2022-02-18,C:\data_quote\data_finam_RTS_tick_zip\20220218.zip,3c25c0339d50abb2772d55c9ae6b8be2ae386759a2fe61f53105820899e52b56,672731,1200891,198,ready,650.0,2022-01-21,2022-02-17,20,3952.0,3959.0,0.001771255060728745,19.0,232
226237468d41e56c,RTS,2022-02-21,C:\data_quote\data_finam_RTS_tick_zip\20220221.zip,529e28f161e0a2c6741906e6e0cd400db4dadbf3ab739a43f98a1b37aac41e3b,1491633,2728293,198,ready,655.0,2022-01-24,2022-02-18,20,3952.0,3957.0,0.0012651821862348178,20.0,638
226237468d41e56c,RTS,2022-02-22,C:\data_quote\data_finam_RTS_tick_zip\20220222.zip,0ca7dcfe9c97fe5bfaa3f2704d8e2b66c2ecdba740d78ef16aca7cca401c7f60,1208317,2190606,194,ready,686.0,2022-01-25,2022-02-21,20,3952.0,3957.0,0.0012651821862348178,20.0,404
226237468d41e56c,RTS,2022-02-23,C:\data_quote\data_finam_RTS_tick_zip\20220223.zip,c1b03eddc9e56921089f3c56c6aee3358f0d92597c556108e67b08c7337b9700,694597,1126882,197,ready,704.0,2022-01-26,2022-02-22,20,3948.0,3944.0,-0.0010131712259371835,20.0,176
226237468d41e56c,RTS,2022-02-24,C:\data_quote\data_finam_RTS_tick_zip\20220224.zip,3a95991749b09f9329f22abe5f1d4a684073848173a966de3b3702de7a58cdad,303818,722291,171,ready,698.0,2022-01-27,2022-02-23,20,3948.0,3955.0,0.0017730496453900709,20.0,187
226237468d41e56c,RTS,2022-02-25,C:\data_quote\data_finam_RTS_tick_zip\20220225.zip,9843b66656bbc0a83bc51ade48e39937a9152d1a5ce6c89addffb35b7f97ef6a,273169,528129,162,ready,692.0,2022-01-28,2022-02-24,20,3922.0,3931.0,0.0022947475777664456,20.0,80
226237468d41e56c,RTS,2022-03-24,C:\data_quote\data_finam_RTS_tick_zip\20220324.zip,0852db88d87ce9856479f8a503e82ed7680cb2711639c068f4028e138904f840,5322,9239,48,ready,692.0,2022-01-31,2022-02-25,20,3886.0,3877.0,-0.0023160061760164694,19.0,2
226237468d41e56c,RTS,2022-03-25,C:\data_quote\data_finam_RTS_tick_zip\20220325.zip,6046de0c10a5a5d60295608ef73241ea987335430ae31ad1148a41a4b15fdffa,9018,16845,48,ready,695.0,2022-02-01,2022-03-24,20,3736.0,3733.0,-0.0008029978586723769,20.0,3
226237468d41e56c,RTS,2022-03-28,C:\data_quote\data_finam_RTS_tick_zip\20220328.zip,18339a1d160d9542d3ef8b2b827a912f038d2a75748887a3e0f8d690c570a635,8269,13257,48,ready,697.0,2022-02-02,2022-03-25,20,3586.0,3585.0,-0.0002788622420524261,20.0,1
226237468d41e56c,RTS,2022-03-29,C:\data_quote\data_finam_RTS_tick_zip\20220329.zip,b280787f66655ca35fbb4fb2f6593d4d4b391f598510223a42f4fa484f2e1719,41698,71552,104,ready,698.0,2022-02-03,2022-03-28,20,3437.0,3444.0,0.002036659877800407,20.0,7
226237468d41e56c,RTS,2022-03-30,C:\data_quote\data_finam_RTS_tick_zip\20220330.zip,8073a8cf95c7bfec58c209131c42a752fca0facc732467b6165aefa5fc79d3ec,32208,49252,104,ready,694.0,2022-02-04,2022-03-29,20,3344.0,3335.0,-0.0026913875598086126,21.0,5
226237468d41e56c,RTS,2022-03-31,C:\data_quote\data_finam_RTS_tick_zip\20220331.zip,d5b3339306cb09e57ea86df72f3b63a422b7f4615fc2bee3b482708024ed7f7c,41405,66658,104,ready,689.0,2022-02-07,2022-03-30,20,3250.0,3247.0,-0.0009230769230769231,21.0,14
226237468d41e56c,RTS,2022-04-01,C:\data_quote\data_finam_RTS_tick_zip\20220401.zip,137e7a54934debc3b7e857dda1fd35ae5ff31224d0572f8e75a4a2c9158cbc82,53871,85039,104,ready,686.0,2022-02-08,2022-03-31,20,3156.0,3154.0,-0.0006337135614702154,19.0,14
226237468d41e56c,RTS,2022-04-04,C:\data_quote\data_finam_RTS_tick_zip\20220404.zip,3dd09fc9226d20c0aa0baa5657b6ab1467ab1cd3e53bee53c5a146d11c4f55da,60376,96301,104,ready,682.0,2022-02-09,2022-04-01,20,3062.0,3069.0,0.0022860875244937948,20.0,16
226237468d41e56c,RTS,2022-04-05,C:\data_quote\data_finam_RTS_tick_zip\20220405.zip,40206d021dbb4e3abdd37499cfe5fa349c9ee7ef5243c71c24d08e4f4bfcdd22,80198,121458,104,ready,685.0,2022-02-10,2022-04-04,20,2969.0,2971.0,0.0006736274840013472,19.0,19
226237468d41e56c,RTS,2022-04-06,C:\data_quote\data_finam_RTS_tick_zip\20220406.zip,272ca5feb5453994b0e448b044c04097192a75bdae946633ef08a2dda2035acd,80284,107440,104,ready,681.0,2022-02-11,2022-04-05,20,2876.0,2881.0,0.0017385257301808068,19.0,9
226237468d41e56c,RTS,2022-04-07,C:\data_quote\data_finam_RTS_tick_zip\20220407.zip,619c40487fc621a0d260795adc7c2bf1bc1e84df643118b389ca1208862b4b01,82364,114941,104,ready,665.0,2022-02-14,2022-04-06,20,2782.0,2789.0,0.0025161754133716753,20.0,18
226237468d41e56c,RTS,2022-04-08,C:\data_quote\data_finam_RTS_tick_zip\20220408.zip,28d7b10ff2a26ad3b5becabd5730bec3475efc3bfa8943522f12f518541e39fb,98272,139068,104,ready,631.0,2022-02-15,2022-04-07,20,2688.0,2678.0,-0.003720238095238095,21.0,23
226237468d41e56c,RTS,2022-04-11,C:\data_quote\data_finam_RTS_tick_zip\20220411.zip,056b858abfffb6acf49ce1ac4b7b4d846273ee5a3e1222ca2cc9b692f06e20ee,70963,100601,104,ready,605.0,2022-02-16,2022-04-08,20,2594.0,2597.0,0.001156515034695451,19.0,7
226237468d41e56c,RTS,2022-04-12,C:\data_quote\data_finam_RTS_tick_zip\20220412.zip,c90b72013a55651662d86ff99aa604dcb7fd73a403d7d081e1fc342b2090d6cb,73206,103718,104,ready,588.0,2022-02-17,2022-04-11,20,2501.0,2493.0,-0.003198720511795282,20.0,15
226237468d41e56c,RTS,2022-04-13,C:\data_quote\data_finam_RTS_tick_zip\20220413.zip,b33e96e46615876b5cb35ecb4f4639018049e6bbcaa56e1c0547121450babdb3,56182,76485,104,ready,564.0,2022-02-18,2022-04-12,20,2408.0,2414.0,0.0024916943521594683,20.0,11
226237468d41e56c,RTS,2022-04-14,C:\data_quote\data_finam_RTS_tick_zip\20220414.zip,6d6c4fb3393a93baa2606203deda9e7cef5292750601d36888873751a1ba4dab,76780,113836,104,ready,523.0,2022-02-21,2022-04-13,20,2314.0,2309.0,-0.00216076058772688,19.0,23
226237468d41e56c,RTS,2022-04-15,C:\data_quote\data_finam_RTS_tick_zip\20220415.zip,1ecb8affbef901d0797d72e22023e13fbe3f7faf2f7b168f20c38e3bd7a38674,94699,142708,104,ready,404.0,2022-02-22,2022-04-14,20,2220.0,2223.0,0.0013513513513513514,19.0,52
226237468d41e56c,RTS,2022-04-18,C:\data_quote\data_finam_RTS_tick_zip\20220418.zip,9f9d3c922ed2e21275a4422038a411a397e0378410034860a9125348c6f09f67,91769,135928,104,ready,299.0,2022-02-23,2022-04-15,20,2130.0,2115.0,-0.007042253521126761,19.0,52
226237468d41e56c,RTS,2022-04-19,C:\data_quote\data_finam_RTS_tick_zip\20220419.zip,bae6f9bac64a913ff00044a02ec12bf45d528cd3643ba3b94c980815ffbe088a,106932,167096,104,ready,242.0,2022-02-24,2022-04-18,20,2037.0,2036.0,-0.0004909180166912126,18.0,122
226237468d41e56c,RTS,2022-04-20,C:\data_quote\data_finam_RTS_tick_zip\20220420.zip,f7cc587c356152c4b9f66b7b9340f7d125b58e1dae3a7bc0957df8bff9af4ee1,139107,218236,104,ready,195.0,2022-02-25,2022-04-19,20,1970.0,1975.0,0.0025380710659898475,17.0,217
226237468d41e56c,RTS,2022-04-21,C:\data_quote\data_finam_RTS_tick_zip\20220421.zip,0eb98dcad07cf922164027579b1f631a95102928e87daa1aca13a89e7ad33e7a,151249,241058,104,ready,183.0,2022-03-24,2022-04-20,20,1912.0,1900.0,-0.006276150627615063,15.0,253
226237468d41e56c,RTS,2022-04-22,C:\data_quote\data_finam_RTS_tick_zip\20220422.zip,29b3bffac92e75354bc32f293be9830350438584d8ab8e600739cecd384fe86c,98411,151861,104,ready,193.0,2022-03-25,2022-04-21,20,1968.0,1957.0,-0.005589430894308943,18.0,128
226237468d41e56c,RTS,2022-04-25,C:\data_quote\data_finam_RTS_tick_zip\20220425.zip,ed819d3f470d583519780bc6d82f13bc8cc2dcf3b74a4197faac08ba9299eeee,99422,144568,104,ready,197.0,2022-03-28,2022-04-22,20,2024.0,2025.0,0.0004940711462450593,15.0,116
226237468d41e56c,RTS,2022-04-26,C:\data_quote\data_finam_RTS_tick_zip\20220426.zip,2dbe5cc900abb622168b869367e589aabbef06d07f4f522ed93e834e4cd549b3,98300,142492,104,ready,201.0,2022-03-29,2022-04-25,20,2080.0,2079.0,-0.0004807692307692308,19.0,114
226237468d41e56c,RTS,2022-04-27,C:\data_quote\data_finam_RTS_tick_zip\20220427.zip,1a55d862d48981d0412e2b2a6f08e36a2bdeb969f424afd6a33b58c70640ba51,103901,148610,104,ready,206.0,2022-03-30,2022-04-26,20,2080.0,2085.0,0.002403846153846154,16.0,99
226237468d41e56c,RTS,2022-04-28,C:\data_quote\data_finam_RTS_tick_zip\20220428.zip,fe707447cc7344d3bd70058344b6de09f9109840aca3be831571f1ac194e2737,165485,239978,104,ready,209.0,2022-03-31,2022-04-27,20,2080.0,2087.0,0.0033653846153846156,17.0,186
226237468d41e56c,RTS,2022-04-29,C:\data_quote\data_finam_RTS_tick_zip\20220429.zip,9f729460d99c56c5dfa27b61d4619ca08d3b5b34adb06904345c6e644d68ee6d,147784,201005,104,ready,218.0,2022-04-01,2022-04-28,20,2080.0,2072.0,-0.0038461538461538464,17.0,124
226237468d41e56c,RTS,2022-05-04,C:\data_quote\data_finam_RTS_tick_zip\20220504.zip,90a2b61de1ba4c0f1bdfaa94cdbf62b485c669ca6fbe8effc5a1bc6ceac9a47a,136231,187275,104,ready,220.0,2022-04-04,2022-04-29,20,2080.0,2085.0,0.002403846153846154,18.0,109
226237468d41e56c,RTS,2022-05-05,C:\data_quote\data_finam_RTS_tick_zip\20220505.zip,4c17e273330b752a9e1a33988c6f340564802dec6c335251fd76dbe1afdf9abb,129726,172442,104,ready,223.0,2022-04-05,2022-05-04,20,2080.0,2089.0,0.004326923076923077,17.0,102
226237468d41e56c,RTS,2022-05-06,C:\data_quote\data_finam_RTS_tick_zip\20220506.zip,5ff2ace5d2f4924205525b981eb42677e6bdb777ee3a55af9ff1ad7917728d80,133189,177295,104,ready,225.0,2022-04-06,2022-05-05,20,2080.0,2067.0,-0.00625,19.0,102
226237468d41e56c,RTS,2022-05-11,C:\data_quote\data_finam_RTS_tick_zip\20220511.zip,150c7007466a22118e745e0ff4bd5af7fd580015a001cad1a0753193fa92c444,150438,210136,104,ready,226.0,2022-04-07,2022-05-06,20,2080.0,2070.0,-0.004807692307692308,18.0,147
226237468d41e56c,RTS,2022-05-12,C:\data_quote\data_finam_RTS_tick_zip\20220512.zip,2bd9653e996e0b13b46a30a070383b4d4cb2abdbf77f0b14bdb0c08b28392e5a,157224,208698,104,ready,231.0,2022-04-08,2022-05-11,20,2080.0,2077.0,-0.0014423076923076924,17.0,111
226237468d41e56c,RTS,2022-05-13,C:\data_quote\data_finam_RTS_tick_zip\20220513.zip,1ccc1d9b7184d28f5d668379f6d726b8786a490818a3db3743d73b515ed8cfb4,151381,197947,104,ready,232.0,2022-04-11,2022-05-12,20,2080.0,2080.0,0.0,17.0,84
226237468d41e56c,RTS,2022-05-16,C:\data_quote\data_finam_RTS_tick_zip\20220516.zip,6e4a0433e79fe25f34e2a65490246fbb85b837cb064802774feb1a8f53af4ca3,127392,166613,104,ready,239.0,2022-04-12,2022-05-13,20,2080.0,2087.0,0.0033653846153846156,17.0,77
226237468d41e56c,RTS,2022-05-17,C:\data_quote\data_finam_RTS_tick_zip\20220517.zip,5e679c2c753c73f4b99c98482dde726846893305c8161ee441e6214d2f08aa7f,109932,145160,104,ready,238.0,2022-04-13,2022-05-16,20,2080.0,2080.0,0.0,18.0,82
226237468d41e56c,RTS,2022-05-18,C:\data_quote\data_finam_RTS_tick_zip\20220518.zip,bdb47c56ff933c35b42f535954568109e23769c704dc04d3bcf8185814d9e269,104859,139174,104,ready,241.0,2022-04-14,2022-05-17,20,2080.0,2088.0,0.0038461538461538464,17.0,71
226237468d41e56c,RTS,2022-05-19,C:\data_quote\data_finam_RTS_tick_zip\20220519.zip,f0ff83e8abf542c50e5daf3e0ade54e36002b220b0d88d89c255b4867f378de6,133094,177680,104,ready,241.0,2022-04-15,2022-05-18,20,2080.0,2085.0,0.002403846153846154,17.0,96
226237468d41e56c,RTS,2022-05-20,C:\data_quote\data_finam_RTS_tick_zip\20220520.zip,f5e5cbb8efa968e6a7515acc88d18c5af4e8bf76b085ea0e3b3773e1e2d0584c,156100,203375,104,ready,238.0,2022-04-18,2022-05-19,20,2080.0,2088.0,0.0038461538461538464,18.0,104
226237468d41e56c,RTS,2022-05-23,C:\data_quote\data_finam_RTS_tick_zip\20220523.zip,6bfe2983d662b09f7dc7882a9445950bdd738cc46af109899e988197935ffe0f,125104,161169,104,ready,242.0,2022-04-19,2022-05-20,20,2080.0,2079.0,-0.0004807692307692308,16.0,75
226237468d41e56c,RTS,2022-05-24,C:\data_quote\data_finam_RTS_tick_zip\20220524.zip,93d12bbd791205e66d426886960badef82f25e9dd7e7359eeb2c35ae2fe5684d,160683,219417,104,ready,238.0,2022-04-20,2022-05-23,20,2080.0,2085.0,0.002403846153846154,19.0,130
226237468d41e56c,RTS,2022-05-25,C:\data_quote\data_finam_RTS_tick_zip\20220525.zip,0157f0799b63af8cf2b821714c6141d5aec48e6318fd822258291fc02a614b7b,186424,245800,104,ready,237.0,2022-04-21,2022-05-24,20,2080.0,2078.0,-0.0009615384615384616,19.0,147
226237468d41e56c,RTS,2022-05-26,C:\data_quote\data_finam_RTS_tick_zip\20220526.zip,cf65b3ff1a78e77d7a6b744cb1a082990720cad7099d3645c2b6be77ea308616,209700,286441,104,ready,234.0,2022-04-22,2022-05-25,20,2080.0,2079.0,-0.0004807692307692308,17.0,167
226237468d41e56c,RTS,2022-05-27,C:\data_quote\data_finam_RTS_tick_zip\20220527.zip,1a5b32e0404bada95f8c86bf5df366eb93cdf78efe8fceee57bf3236642aee98,161955,214984,104,ready,239.0,2022-04-25,2022-05-26,20,2080.0,2092.0,0.0057692307692307696,18.0,118
226237468d41e56c,RTS,2022-05-30,C:\data_quote\data_finam_RTS_tick_zip\20220530.zip,93e4367349d248f22a4e3d9e1d0749ecfb1d7d3ecda4d650066cbd689b036c03,162115,208838,105,ready,241.0,2022-04-26,2022-05-27,20,2080.0,2069.0,-0.005288461538461539,18.0,89
226237468d41e56c,RTS,2022-05-31,C:\data_quote\data_finam_RTS_tick_zip\20220531.zip,4f7d2ff6135e9c1cf0f7453d044560c12ce723dbea4f7f6625bd54549ca90618,140407,184874,105,ready,241.0,2022-04-27,2022-05-30,20,2081.0,2070.0,-0.005285920230658337,18.0,100
226237468d41e56c,RTS,2022-06-01,C:\data_quote\data_finam_RTS_tick_zip\20220601.zip,26dba819724349ab1b490e88886696e714153f01c293746668a88180d6d1bc7f,101715,140415,105,ready,241.0,2022-04-28,2022-05-31,20,2082.0,2082.0,0.0,17.0,77
226237468d41e56c,RTS,2022-06-02,C:\data_quote\data_finam_RTS_tick_zip\20220602.zip,be76511835f90e0dc86fe430be2283daa26347247e720b1f2cb9aa7c351b44ea,117514,166557,105,ready,238.0,2022-04-29,2022-06-01,20,2083.0,2077.0,-0.0028804608737397984,18.0,92
226237468d41e56c,RTS,2022-06-03,C:\data_quote\data_finam_RTS_tick_zip\20220603.zip,a177a582fc8725cdd68c6bb3d3b128aa4e5635c3bcb3fc944fc8544d46f52850,132669,177799,105,ready,237.0,2022-05-04,2022-06-02,20,2084.0,2075.0,-0.004318618042226488,18.0,104
226237468d41e56c,RTS,2022-06-06,C:\data_quote\data_finam_RTS_tick_zip\20220606.zip,194880bbd543b0d58b25e4bbd6e912bfae019644c65b106b2574fbd4f3c304ca,114626,156735,105,ready,237.0,2022-05-05,2022-06-03,20,2085.0,2084.0,-0.00047961630695443646,18.0,81
226237468d41e56c,RTS,2022-06-07,C:\data_quote\data_finam_RTS_tick_zip\20220607.zip,203bb943bed4972016f0bf6516d13b62c4e54ebf43c40717b305a880de92e7cf,103870,145489,105,ready,234.0,2022-05-06,2022-06-06,20,2086.0,2097.0,0.0052732502396931925,19.0,70
226237468d41e56c,RTS,2022-06-08,C:\data_quote\data_finam_RTS_tick_zip\20220608.zip,833dc462f0d81b6af5e1d4bd69d2eb7e92ee40ee00a67934b174af07c2386bdf,118838,166393,105,ready,235.0,2022-05-11,2022-06-07,20,2087.0,2082.0,-0.0023957834211787254,18.0,92
226237468d41e56c,RTS,2022-06-09,C:\data_quote\data_finam_RTS_tick_zip\20220609.zip,8b8106bd5317856c6b19672e9cbebb02d90356ad932af5d6d42f713dbfdcf76e,162582,228307,105,ready,231.0,2022-05-12,2022-06-08,20,2088.0,2095.0,0.003352490421455939,18.0,129
226237468d41e56c,RTS,2022-06-10,C:\data_quote\data_finam_RTS_tick_zip\20220610.zip,0f7f2345cee027a4801da7cabc0b4cb3f0ba320ead25663f473970c55f82d11b,152225,205730,105,ready,231.0,2022-05-13,2022-06-09,20,2089.0,2113.0,0.011488750598372427,18.0,118
226237468d41e56c,RTS,2022-06-14,C:\data_quote\data_finam_RTS_tick_zip\20220614.zip,0a3ea05cfec59af812cbe9b4af8348ec53728c4146569adbfcdf858af70eee75,123771,182832,105,ready,234.0,2022-05-16,2022-06-10,20,2090.0,2084.0,-0.0028708133971291866,16.0,132
226237468d41e56c,RTS,2022-06-15,C:\data_quote\data_finam_RTS_tick_zip\20220615.zip,3ba0dea4be5bf689d5845336fc36e16b1624337e028c9f76b6ecdf026552dd11,22073,35784,105,ready,237.0,2022-05-17,2022-06-14,20,2091.0,2083.0,-0.003825920612147298,19.0,26
226237468d41e56c,RTS,2022-06-16,C:\data_quote\data_finam_RTS_tick_zip\20220616.zip,f8b40805422be0f6a677cb29922b70f30cc1e27420eb5ec92a0435c0b6c86585,64140,86128,105,ready,234.0,2022-05-18,2022-06-15,20,2092.0,2081.0,-0.005258126195028681,17.0,53
226237468d41e56c,RTS,2022-06-17,C:\data_quote\data_finam_RTS_tick_zip\20220617.zip,1189d32ade36d72680fae54fabada078c33c0b93a843c5893ed60e0217a9b448,86990,121856,105,ready,233.0,2022-05-19,2022-06-16,20,2093.0,2092.0,-0.00047778308647873863,19.0,90
226237468d41e56c,RTS,2022-06-20,C:\data_quote\data_finam_RTS_tick_zip\20220620.zip,03c832fbe8df9024fe966d42ce4006652bf5b7ae5a1b8a34e88f24c8885de685,79382,113128,105,ready,233.0,2022-05-20,2022-06-17,20,2094.0,2083.0,-0.0052531041069723014,18.0,87
226237468d41e56c,RTS,2022-06-21,C:\data_quote\data_finam_RTS_tick_zip\20220621.zip,690209d80b262404ed7f97f30bc8b51856534e5b28be0b936745b5bdf99be675,84802,120961,105,ready,231.0,2022-05-23,2022-06-20,20,2095.0,2093.0,-0.0009546539379474941,18.0,90
226237468d41e56c,RTS,2022-06-22,C:\data_quote\data_finam_RTS_tick_zip\20220622.zip,4c5b100010e33496cb9efd462b76c723524ffb9ec62d229efd9bec66f94b03b0,94650,138708,105,ready,231.0,2022-05-24,2022-06-21,20,2096.0,2100.0,0.0019083969465648854,18.0,104
226237468d41e56c,RTS,2022-06-23,C:\data_quote\data_finam_RTS_tick_zip\20220623.zip,781a379847b814cdf791b8a504641343110546a3eb95245a2c81d6ca0ed8ff29,84134,118127,105,ready,229.0,2022-05-25,2022-06-22,20,2097.0,2084.0,-0.00619933237958989,18.0,87
226237468d41e56c,RTS,2022-06-24,C:\data_quote\data_finam_RTS_tick_zip\20220624.zip,533713641aa06a1a58cad9cc268b7e528ed4135bd906b855673f52ed0d540f55,80637,117602,105,ready,220.0,2022-05-26,2022-06-23,20,2098.0,2109.0,0.005243088655862726,18.0,105
226237468d41e56c,RTS,2022-06-27,C:\data_quote\data_finam_RTS_tick_zip\20220627.zip,34cf8b6cd20a2dd82d75dc42430f4b144971f8dd3364bc86a67854d9891cac76,79992,120362,105,ready,215.0,2022-05-27,2022-06-24,20,2099.0,2109.0,0.004764173415912339,16.0,82
226237468d41e56c,RTS,2022-06-28,C:\data_quote\data_finam_RTS_tick_zip\20220628.zip,5832057bb26b2d252ddfe2c70fd6f88c8ac7c2b5c6c4810d5f2993185909f1bb,90999,146580,105,ready,213.0,2022-05-30,2022-06-27,20,2100.0,2102.0,0.0009523809523809524,17.0,124
226237468d41e56c,RTS,2022-06-29,C:\data_quote\data_finam_RTS_tick_zip\20220629.zip,1671089fd487faeb977738d24a4a7b317149e253bf07aadcc738c997f2b1daac,168184,237818,105,ready,213.0,2022-05-31,2022-06-28,20,2100.0,2100.0,0.0,14.0,175
226237468d41e56c,RTS,2022-06-30,C:\data_quote\data_finam_RTS_tick_zip\20220630.zip,d53d0d73f0192e9cfa501af8851427717cfa3bb61032f99e2089761c7abe14aa,183006,270847,105,ready,215.0,2022-06-01,2022-06-29,20,2100.0,2097.0,-0.0014285714285714286,17.0,201
226237468d41e56c,RTS,2022-07-01,C:\data_quote\data_finam_RTS_tick_zip\20220701.zip,acd345b991843291a7d3863b4a6c1fb8960ad49c726ea20410cc6dd0955ef594,164601,236124,105,ready,221.0,2022-06-02,2022-06-30,20,2100.0,2104.0,0.0019047619047619048,19.0,152
226237468d41e56c,RTS,2022-07-04,C:\data_quote\data_finam_RTS_tick_zip\20220704.zip,b6654b49b2862e9ea1b0884e9959cc99ecdcef9fffcc0581c766dca3099c8434,109146,156372,105,ready,229.0,2022-06-03,2022-07-01,20,2100.0,2105.0,0.002380952380952381,18.0,90
226237468d41e56c,RTS,2022-07-05,C:\data_quote\data_finam_RTS_tick_zip\20220705.zip,8a183d196526d9a5d908119da9512d3c527894b7bde133dc5dc8adc51a4271e9,149072,227042,105,ready,228.0,2022-06-06,2022-07-04,20,2100.0,2095.0,-0.002380952380952381,17.0,168
226237468d41e56c,RTS,2022-07-06,C:\data_quote\data_finam_RTS_tick_zip\20220706.zip,a093fd4c63dc4e1a0627404fde928a86eb6d2e433f2970a27375313edd9b1f12,143099,224956,105,ready,231.0,2022-06-07,2022-07-05,20,2100.0,2097.0,-0.0014285714285714286,18.0,160
226237468d41e56c,RTS,2022-07-07,C:\data_quote\data_finam_RTS_tick_zip\20220707.zip,1cb56af998d9a33c77ed702bab70305ec8c1d4ada7b9ea625c98f718aa88937c,105590,159984,105,ready,238.0,2022-06-08,2022-07-06,20,2100.0,2099.0,-0.0004761904761904762,19.0,94
226237468d41e56c,RTS,2022-07-08,C:\data_quote\data_finam_RTS_tick_zip\20220708.zip,de57228d7e0bd480488416ff928a2841326a9aa23a08a20bad6d29fe63e47414,83215,127425,105,ready,238.0,2022-06-09,2022-07-07,20,2100.0,2099.0,-0.0004761904761904762,19.0,84
226237468d41e56c,RTS,2022-07-11,C:\data_quote\data_finam_RTS_tick_zip\20220711.zip,7abc281e070ba47d07db4b49a1e6ad20715d412a1efa1801dc8b258cf3e5e870,133010,207297,105,ready,235.0,2022-06-10,2022-07-08,20,2100.0,2105.0,0.002380952380952381,19.0,157
226237468d41e56c,RTS,2022-07-12,C:\data_quote\data_finam_RTS_tick_zip\20220712.zip,3afa6785abc8238f7f257c3cf910b6acff19fd526cf2b1bd02a03a52cdfe8b74,133187,191509,162,ready,240.0,2022-06-14,2022-07-11,20,2100.0,2100.0,0.0,18.0,127
226237468d41e56c,RTS,2022-07-13,C:\data_quote\data_finam_RTS_tick_zip\20220713.zip,689695ef40f783b87765c51d67ef6b4d38f0d99d558fee90b39684d3714941ba,115596,168000,162,ready,235.0,2022-06-15,2022-07-12,20,2157.0,2149.0,-0.0037088548910523874,18.0,110
226237468d41e56c,RTS,2022-07-14,C:\data_quote\data_finam_RTS_tick_zip\20220714.zip,5864d0e6637f54ff826fe71201aa025f4f79d8bfc0ccb83256d780f5e55f9181,123699,188249,162,ready,237.0,2022-06-16,2022-07-13,20,2214.0,2218.0,0.0018066847335140017,18.0,135
226237468d41e56c,RTS,2022-07-15,C:\data_quote\data_finam_RTS_tick_zip\20220715.zip,5ad942300f78648184caf0fd5fa6114f19b12cf72150d3701b49d18ee81e01ee,119620,181018,162,ready,239.0,2022-06-17,2022-07-14,20,2271.0,2269.0,-0.0008806693086745927,18.0,137
226237468d41e56c,RTS,2022-07-18,C:\data_quote\data_finam_RTS_tick_zip\20220718.zip,82a48059fa27f527274ab91f2acb41d5b76652298d1ad62a37fbbda2754b0b7c,94666,139353,162,ready,239.0,2022-06-20,2022-07-15,20,2328.0,2314.0,-0.006013745704467354,19.0,102
226237468d41e56c,RTS,2022-07-19,C:\data_quote\data_finam_RTS_tick_zip\20220719.zip,5c0747cb9f32202b1d5b2c46bb789ee5116d8ef98e32d0ea3b33ea7d16734689,106373,162177,162,ready,234.0,2022-06-21,2022-07-18,20,2385.0,2379.0,-0.0025157232704402514,17.0,137
226237468d41e56c,RTS,2022-07-20,C:\data_quote\data_finam_RTS_tick_zip\20220720.zip,2c09429bfa07b20013ea014314cb34fdc6797061580c5bf2479ffc5b27bc3df2,105890,162008,162,ready,234.0,2022-06-22,2022-07-19,20,2442.0,2432.0,-0.004095004095004095,17.0,130
226237468d41e56c,RTS,2022-07-21,C:\data_quote\data_finam_RTS_tick_zip\20220721.zip,6500a84e24124317f4ecb6748047bfdb6f67fddafcff86f34b2800463438c8a6,144204,214093,162,ready,233.0,2022-06-23,2022-07-20,20,2499.0,2505.0,0.0024009603841536613,16.0,146
226237468d41e56c,RTS,2022-07-22,C:\data_quote\data_finam_RTS_tick_zip\20220722.zip,8804b3d027af5089b134bed871c70edbb73e33b1a7a099b9f7be5eba16a8da2c,107769,155203,162,ready,233.0,2022-06-24,2022-07-21,20,2556.0,2568.0,0.004694835680751174,16.0,107
226237468d41e56c,RTS,2022-07-25,C:\data_quote\data_finam_RTS_tick_zip\20220725.zip,608f64b2b42eeeaf31691919ae0dc4977f5568300617e56f96abb2135999e3bb,69739,104925,162,ready,231.0,2022-06-27,2022-07-22,20,2613.0,2609.0,-0.0015308075009567547,16.0,63
226237468d41e56c,RTS,2022-07-26,C:\data_quote\data_finam_RTS_tick_zip\20220726.zip,dc1128b03f63bc706e4e303bb6320f4593fbeb3612751e3d1c4fc5ec885bdd7b,81161,119833,162,ready,226.0,2022-06-28,2022-07-25,20,2670.0,2667.0,-0.0011235955056179776,18.0,91
226237468d41e56c,RTS,2022-07-27,C:\data_quote\data_finam_RTS_tick_zip\20220727.zip,8d8673dd70ae72130e18807a120e28a36c27dca85c00bdb83b29d61b56d4ad7c,96002,142239,162,ready,220.0,2022-06-29,2022-07-26,20,2727.0,2722.0,-0.0018335166850018336,18.0,106
226237468d41e56c,RTS,2022-07-28,C:\data_quote\data_finam_RTS_tick_zip\20220728.zip,19efec6f9ee325a074607500506daaf86aef4c2ab09762caa3e9615fb25ec684,114043,179558,162,ready,213.0,2022-06-30,2022-07-27,20,2784.0,2783.0,-0.00035919540229885057,16.0,165
226237468d41e56c,RTS,2022-07-29,C:\data_quote\data_finam_RTS_tick_zip\20220729.zip,c395247de31c80be829113f9924b8a93f3f120c75f288d5d5ba453019c9b2196,98192,154683,162,ready,208.0,2022-07-01,2022-07-28,20,2841.0,2847.0,0.0021119324181626186,17.0,130
226237468d41e56c,RTS,2022-08-01,C:\data_quote\data_finam_RTS_tick_zip\20220801.zip,c30ed688ec61c02e2d36526f02e79d2b6493711b420dcdf1606534b13fcfc318,122890,190400,162,ready,204.0,2022-07-04,2022-07-29,20,2898.0,2910.0,0.004140786749482402,18.0,176
226237468d41e56c,RTS,2022-08-02,C:\data_quote\data_finam_RTS_tick_zip\20220802.zip,ab88b380d1bd719a25266a508170b655be0e8b904313c61052bf9776c3cd34a0,93904,149339,162,ready,206.0,2022-07-05,2022-08-01,20,2955.0,2944.0,-0.003722504230118443,19.0,119
226237468d41e56c,RTS,2022-08-03,C:\data_quote\data_finam_RTS_tick_zip\20220803.zip,8c2d1caae24f1c7b52519d678037a031063e6f869bc9b8bfb34d7d96451b573e,81331,131172,162,ready,199.0,2022-07-06,2022-08-02,20,3012.0,3019.0,0.0023240371845949536,18.0,125
226237468d41e56c,RTS,2022-08-04,C:\data_quote\data_finam_RTS_tick_zip\20220804.zip,8ef9bb8127081b4efe5e5a7fc2a27e9dabf170589dff79a2ab9e05a3ee6a0197,66107,106641,162,ready,193.0,2022-07-07,2022-08-03,20,3069.0,3056.0,-0.004235907461713913,17.0,97
226237468d41e56c,RTS,2022-08-05,C:\data_quote\data_finam_RTS_tick_zip\20220805.zip,6183d97cd5fbe9c782dfa716d05df76c04eab308db7a10b0e877ab3eeb0cd4fb,97067,159780,162,ready,190.0,2022-07-08,2022-08-04,20,3126.0,3122.0,-0.0012795905310300703,16.0,171
226237468d41e56c,RTS,2022-08-08,C:\data_quote\data_finam_RTS_tick_zip\20220808.zip,9b1545ce6d45ff2b0dec31f55b8057496d3a0c55ea8b1b8194165d537c09dac6,109254,180408,162,ready,190.0,2022-07-11,2022-08-05,20,3183.0,3173.0,-0.0031416902293433867,17.0,188
226237468d41e56c,RTS,2022-08-09,C:\data_quote\data_finam_RTS_tick_zip\20220809.zip,55f5da45b0b8b3f61fb74ba19fc47990554d3e9937fc81757f2046d01820999d,82981,137992,162,ready,185.0,2022-07-12,2022-08-08,20,3240.0,3246.0,0.001851851851851852,17.0,149
226237468d41e56c,RTS,2022-08-10,C:\data_quote\data_finam_RTS_tick_zip\20220810.zip,d465a0e8cd6d339d643371b028cbeaeb76681decf8a30d47a8a394dd9bc37cd4,76486,132455,162,ready,184.0,2022-07-13,2022-08-09,20,3240.0,3249.0,0.002777777777777778,16.0,155
226237468d41e56c,RTS,2022-08-11,C:\data_quote\data_finam_RTS_tick_zip\20220811.zip,95f7167cdff7dd40a4e0145962ec4d8c4ddee4e73586f07c108a0450f0c95eb8,76909,134452,162,ready,184.0,2022-07-14,2022-08-10,20,3240.0,3248.0,0.0024691358024691358,15.0,170
226237468d41e56c,RTS,2022-08-12,C:\data_quote\data_finam_RTS_tick_zip\20220812.zip,40cc9d307e20b6a13e2f786e6c863758041e2244a6b686118d37916c2544dd08,100712,170453,162,ready,183.0,2022-07-15,2022-08-11,20,3240.0,3239.0,-0.00030864197530864197,17.0,203
226237468d41e56c,RTS,2022-08-15,C:\data_quote\data_finam_RTS_tick_zip\20220815.zip,1a003d3904605d56d903870c015d6c400c42baa3821027146ddfb2dff9674afb,92072,154126,162,ready,183.0,2022-07-18,2022-08-12,20,3240.0,3253.0,0.004012345679012346,17.0,176
226237468d41e56c,RTS,2022-08-16,C:\data_quote\data_finam_RTS_tick_zip\20220816.zip,ff2ed57e70431723f6208981312a2829bcd850f78669d85a41cd1e2c62a4c863,81532,133696,161,ready,185.0,2022-07-19,2022-08-15,20,3240.0,3247.0,0.0021604938271604936,17.0,151
226237468d41e56c,RTS,2022-08-17,C:\data_quote\data_finam_RTS_tick_zip\20220817.zip,269a03b927d8444d1ee8e6dfecb6a7f7dc2fd8fbaf5158871cbcc69508d34c9e,102889,175418,162,ready,183.0,2022-07-20,2022-08-16,20,3239.0,3233.0,-0.0018524235875270144,16.0,206
226237468d41e56c,RTS,2022-08-18,C:\data_quote\data_finam_RTS_tick_zip\20220818.zip,b726cc1f0ee98b49a2789bcf2c143fe24fd99b412a525d981a4eb801da568683,112184,192157,159,ready,185.0,2022-07-21,2022-08-17,20,3239.0,3242.0,0.0009262117937635072,15.0,227
226237468d41e56c,RTS,2022-08-19,C:\data_quote\data_finam_RTS_tick_zip\20220819.zip,162da74436b5afb0a0e76c9e5804f5e016d10bd44afcd71f1489b55b56d0b674,85434,145596,162,ready,187.0,2022-07-22,2022-08-18,20,3236.0,3229.0,-0.0021631644004944375,18.0,135
226237468d41e56c,RTS,2022-08-22,C:\data_quote\data_finam_RTS_tick_zip\20220822.zip,44f4a29dee49912fe99ada0f26b96631236c8cc1e2dacd692930d432c48779b3,95234,159202,162,ready,187.0,2022-07-25,2022-08-19,20,3236.0,3218.0,-0.005562422744128554,18.0,156
226237468d41e56c,RTS,2022-08-23,C:\data_quote\data_finam_RTS_tick_zip\20220823.zip,b892f37ff3a415bd7b802b81174e53ecc31caf33eb68d82d642126a5ee2d4a0b,73881,122108,162,ready,190.0,2022-07-26,2022-08-22,20,3236.0,3216.0,-0.006180469715698393,18.0,111
226237468d41e56c,RTS,2022-08-24,C:\data_quote\data_finam_RTS_tick_zip\20220824.zip,1b6964e460251d0937a7e79113d829322fa3bc19691760f486a98f207d864b25,54425,86949,162,ready,190.0,2022-07-27,2022-08-23,20,3236.0,3219.0,-0.005253399258343634,18.0,97
226237468d41e56c,RTS,2022-08-25,C:\data_quote\data_finam_RTS_tick_zip\20220825.zip,a1799ae47c75a7a2693d5dd277b76868b59f6662a0500b1c495688c66d908662,110275,192101,162,ready,187.0,2022-07-28,2022-08-24,20,3236.0,3243.0,0.0021631644004944375,16.0,225
226237468d41e56c,RTS,2022-08-26,C:\data_quote\data_finam_RTS_tick_zip\20220826.zip,6138474cc4d8c33b2408ae8013aecbf8b640788cb10da5ed3bac59bc3cdae732,78245,130287,162,ready,189.0,2022-07-29,2022-08-25,20,3236.0,3253.0,0.005253399258343634,17.0,147
226237468d41e56c,RTS,2022-08-29,C:\data_quote\data_finam_RTS_tick_zip\20220829.zip,2e690d0a42821cdb81603d0b1114061bfe6f0eb0bdb929a6ebe1a23c485d3453,73273,117596,157,ready,189.0,2022-08-01,2022-08-26,20,3236.0,3247.0,0.003399258343634116,17.0,131
226237468d41e56c,RTS,2022-08-30,C:\data_quote\data_finam_RTS_tick_zip\20220830.zip,70e32feb9ba6849c8d0523df87d6eb7b644410ef937610a1a06e1d9152936651,134634,222731,162,ready,186.0,2022-08-02,2022-08-29,20,3231.0,3224.0,-0.002166511915815537,15.0,271
226237468d41e56c,RTS,2022-08-31,C:\data_quote\data_finam_RTS_tick_zip\20220831.zip,4f0b73bc330b9e67a75e2e035e9b9ed0d687c7fe4e13c16697caf81dfe146c9c,117833,187942,162,ready,191.0,2022-08-03,2022-08-30,20,3231.0,3220.0,-0.0034045187248529867,17.0,220
226237468d41e56c,RTS,2022-09-01,C:\data_quote\data_finam_RTS_tick_zip\20220901.zip,ef60f0a40e86937dd44f4da7a31d54a50aa660850178e24c179c8d2264220044,108604,169779,162,ready,196.0,2022-08-04,2022-08-31,20,3231.0,3213.0,-0.005571030640668524,17.0,179
226237468d41e56c,RTS,2022-09-02,C:\data_quote\data_finam_RTS_tick_zip\20220902.zip,0cbbd402b90c69eb925d13b8e30c5240ad632149328a65b0e0420b07d857aac1,82482,125015,162,ready,197.0,2022-08-05,2022-09-01,20,3231.0,3255.0,0.007428040854224698,17.0,125
226237468d41e56c,RTS,2022-09-05,C:\data_quote\data_finam_RTS_tick_zip\20220905.zip,65f8df9d2d82cd0787884fed40ee8bb950d30661b0dfef988cc5ca249350ed1e,99231,149745,162,ready,198.0,2022-08-08,2022-09-02,20,3231.0,3217.0,-0.004333023831631074,18.0,157
226237468d41e56c,RTS,2022-09-06,C:\data_quote\data_finam_RTS_tick_zip\20220906.zip,c69d4b9cf9707f39d344d871224cf114ddfd2706b54d7a3a794b0529316c49fd,115131,184601,162,ready,195.0,2022-08-09,2022-09-05,20,3231.0,3235.0,0.0012380068090374497,17.0,219
226237468d41e56c,RTS,2022-09-07,C:\data_quote\data_finam_RTS_tick_zip\20220907.zip,f5f098e270f5ba97b94325b1574cf224d1196fe51d4a0ac22412c47b45b23ead,91939,142744,162,ready,198.0,2022-08-10,2022-09-06,20,3231.0,3254.0,0.007118539151965335,18.0,139
226237468d41e56c,RTS,2022-09-08,C:\data_quote\data_finam_RTS_tick_zip\20220908.zip,69d54a1e8491a24a9a4b385590284451d10a1b4c0ff71b2e19e3cfe5ddaf29df,82256,129515,162,ready,198.0,2022-08-11,2022-09-07,20,3231.0,3252.0,0.0064995357474466105,15.0,111
226237468d41e56c,RTS,2022-09-09,C:\data_quote\data_finam_RTS_tick_zip\20220909.zip,5b11c50999c3dbe9fe9244e0fd2cadae0ef693834f37550644589f74f666262b,64510,101335,162,ready,196.0,2022-08-12,2022-09-08,20,3231.0,3241.0,0.0030950170225936243,17.0,111
226237468d41e56c,RTS,2022-09-12,C:\data_quote\data_finam_RTS_tick_zip\20220912.zip,722c5fa372288bf46816e49427417f12dc6a713bbfb42275c325072cb2b94457,70428,109571,174,ready,192.0,2022-08-15,2022-09-09,20,3231.0,3247.0,0.004952027236149799,16.0,109
226237468d41e56c,RTS,2022-09-13,C:\data_quote\data_finam_RTS_tick_zip\20220913.zip,bab18b2989d477b46e46693969fab7a23da5c97b39ec351282dfb7d6cd0ceb31,75129,118992,174,ready,190.0,2022-08-16,2022-09-12,20,3243.0,3234.0,-0.0027752081406105457,17.0,119
226237468d41e56c,RTS,2022-09-14,C:\data_quote\data_finam_RTS_tick_zip\20220914.zip,3b850fa292bc27383d0bcf77f717ac9600461bf581ea0a9ae22e8b2f55b8c513,30491,43377,174,ready,186.0,2022-08-17,2022-09-13,20,3256.0,3267.0,0.0033783783783783786,17.0,37
226237468d41e56c,RTS,2022-09-15,C:\data_quote\data_finam_RTS_tick_zip\20220915.zip,1206f9ae055d788d673a2c7e9b4edd554a491a06f2b72354093976c404ae4d86,95247,146291,174,ready,181.0,2022-08-18,2022-09-14,20,3268.0,3253.0,-0.004589963280293758,16.0,185
226237468d41e56c,RTS,2022-09-16,C:\data_quote\data_finam_RTS_tick_zip\20220916.zip,b4d3126c24a22fb76a504e0aa457d1c177d3b8593b37b5013f462c74dd7ee9de,84584,139677,174,ready,178.0,2022-08-19,2022-09-15,20,3283.0,3279.0,-0.0012183978068839476,17.0,169
226237468d41e56c,RTS,2022-09-19,C:\data_quote\data_finam_RTS_tick_zip\20220919.zip,9a714203684e27b03d21dd3b6ce4781835e9d7ccc9cb7e34d6048b829cc4857a,84884,135513,174,ready,179.0,2022-08-22,2022-09-16,20,3295.0,3296.0,0.00030349013657056146,17.0,161
226237468d41e56c,RTS,2022-09-20,C:\data_quote\data_finam_RTS_tick_zip\20220920.zip,95ecb536aef6b283ecba519d66d0d71d618bd10cebfa7933c1d20f8b56af82de,245436,391775,174,ready,177.0,2022-08-23,2022-09-19,20,3307.0,3301.0,-0.0018143332325370426,16.0,483
226237468d41e56c,RTS,2022-09-21,C:\data_quote\data_finam_RTS_tick_zip\20220921.zip,9abff9a7e53b4f32c262d2a97eda69670a06985e944389947adb8d20cd1ac0fe,207458,318233,174,ready,190.0,2022-08-24,2022-09-20,20,3319.0,3322.0,0.0009038867128653209,16.0,347
226237468d41e56c,RTS,2022-09-22,C:\data_quote\data_finam_RTS_tick_zip\20220922.zip,fa537daca824ceb9b4c2ba591899e1843d73355462ce5904677732e18ccd68dc,127171,200069,174,ready,200.0,2022-08-25,2022-09-21,20,3331.0,3324.0,-0.0021014710297208045,17.0,185
226237468d41e56c,RTS,2022-09-23,C:\data_quote\data_finam_RTS_tick_zip\20220923.zip,2225a4065d550f5624018d643081a43add9a5f702a16d1672e9c33872e5b8ae0,157511,228323,174,ready,198.0,2022-08-26,2022-09-22,20,3343.0,3362.0,0.005683517798384685,16.0,200
226237468d41e56c,RTS,2022-09-26,C:\data_quote\data_finam_RTS_tick_zip\20220926.zip,f6c3890388bda443ead244c9025436f0c79ee518d9b35d7e1db290e9ea8a172e,221027,336139,174,ready,200.0,2022-08-29,2022-09-23,20,3355.0,3358.0,0.0008941877794336811,18.0,279
226237468d41e56c,RTS,2022-09-27,C:\data_quote\data_finam_RTS_tick_zip\20220927.zip,135c7c7427b08c343346db66b4c4c9e43b1419163ef153156464b7f0b2d21c6d,171324,263628,174,ready,206.0,2022-08-30,2022-09-26,20,3372.0,3394.0,0.006524317912218268,17.0,221
226237468d41e56c,RTS,2022-09-28,C:\data_quote\data_finam_RTS_tick_zip\20220928.zip,b0e1e4a0e6fd0fff9c70c8924819a51bacfc9ad1ab1eb8257d2e650446267953,157270,242671,174,ready,206.0,2022-08-31,2022-09-27,20,3384.0,3378.0,-0.0017730496453900709,17.0,222
226237468d41e56c,RTS,2022-09-29,C:\data_quote\data_finam_RTS_tick_zip\20220929.zip,32ba8ec29697179a1308c5b3c0bfaa9c08990077f7f6285afb0fdfe485a52c19,147955,235893,174,ready,206.0,2022-09-01,2022-09-28,20,3396.0,3401.0,0.0014723203769140165,16.0,203
226237468d41e56c,RTS,2022-09-30,C:\data_quote\data_finam_RTS_tick_zip\20220930.zip,29891b1699d74ff92d886a5032ce7d5523cd2e07705e4d47985ec828ed56344d,262876,378528,174,ready,207.0,2022-09-02,2022-09-29,20,3408.0,3404.0,-0.0011737089201877935,18.0,330
226237468d41e56c,RTS,2022-10-03,C:\data_quote\data_finam_RTS_tick_zip\20221003.zip,b00178d0b622614a6d926fb746a1d55928189ecff0b5a7dc1b2d3e85e594c145,116779,184308,174,ready,214.0,2022-09-05,2022-09-30,20,3420.0,3418.0,-0.0005847953216374269,19.0,147
226237468d41e56c,RTS,2022-10-04,C:\data_quote\data_finam_RTS_tick_zip\20221004.zip,39e4626b5260fe1bcbf878dfafb0944e5bc4239e9395c05c7411c68057b6b365,128012,191642,174,ready,214.0,2022-09-06,2022-10-03,20,3432.0,3435.0,0.0008741258741258741,18.0,177
226237468d41e56c,RTS,2022-10-05,C:\data_quote\data_finam_RTS_tick_zip\20221005.zip,95da74f2cb60aa9180ce2dc1d37aa30f740b8c000bfaac44e4e5bda74385bc1f,124722,192655,174,ready,213.0,2022-09-07,2022-10-04,20,3444.0,3446.0,0.0005807200929152149,17.0,168
226237468d41e56c,RTS,2022-10-06,C:\data_quote\data_finam_RTS_tick_zip\20221006.zip,8d45c484ff1b5a36da9402c92582504618efe397bd1479434687f168ae425180,89739,135491,174,ready,214.0,2022-09-08,2022-10-05,20,3456.0,3457.0,0.00028935185185185184,18.0,105
226237468d41e56c,RTS,2022-10-07,C:\data_quote\data_finam_RTS_tick_zip\20221007.zip,2d0ee03ebbc018ab095395dd2430d87b6c2b346fa86132dd75ca09788a911ee5,101740,154308,174,ready,215.0,2022-09-09,2022-10-06,20,3468.0,3470.0,0.0005767012687427913,18.0,114
226237468d41e56c,RTS,2022-10-10,C:\data_quote\data_finam_RTS_tick_zip\20221010.zip,6e00362e541a4457a5b8b02eed705a2717afd15ae6e8b80c0a17a8033803c975,149171,219577,174,ready,214.0,2022-09-12,2022-10-07,20,3480.0,3489.0,0.002586206896551724,19.0,166
226237468d41e56c,RTS,2022-10-11,C:\data_quote\data_finam_RTS_tick_zip\20221011.zip,0d9387c47ba768c33ddc3bc7e0afefe9204a176f3f9d6c91e140c13732538de2,110997,164335,174,ready,219.0,2022-09-13,2022-10-10,20,3480.0,3475.0,-0.0014367816091954023,18.0,145
226237468d41e56c,RTS,2022-10-12,C:\data_quote\data_finam_RTS_tick_zip\20221012.zip,8652ddaf208ef29f9f9481068c32369601c25568b0f248765f88730aa6103b13,97565,144993,174,ready,220.0,2022-09-14,2022-10-11,20,3480.0,3480.0,0.0,16.0,100
226237468d41e56c,RTS,2022-10-13,C:\data_quote\data_finam_RTS_tick_zip\20221013.zip,2fffaa021070ce5aa41a08567376dd0595dd9d6693819d9e4b4a1f8706617d3a,90365,141288,174,ready,222.0,2022-09-15,2022-10-12,20,3480.0,3492.0,0.0034482758620689655,18.0,98
226237468d41e56c,RTS,2022-10-14,C:\data_quote\data_finam_RTS_tick_zip\20221014.zip,ca6b4824f07657bf05ae9a1a083d10e4792024d17a7a1047031a669783e22698,77483,123069,174,ready,221.0,2022-09-16,2022-10-13,20,3480.0,3498.0,0.005172413793103448,17.0,88
226237468d41e56c,RTS,2022-10-17,C:\data_quote\data_finam_RTS_tick_zip\20221017.zip,3e4ec89e77c92ea7c5a9fe74d606ca56fa9e97cf81fad4ff17bde22082f20712,80988,131809,174,ready,220.0,2022-09-19,2022-10-14,20,3480.0,3469.0,-0.003160919540229885,19.0,115
226237468d41e56c,RTS,2022-10-18,C:\data_quote\data_finam_RTS_tick_zip\20221018.zip,8d9c6434edbfe82a02bf7f72d8434589924f5ff4baadfabd8575f563fb8f2148,101465,162969,174,ready,220.0,2022-09-20,2022-10-17,20,3480.0,3471.0,-0.002586206896551724,19.0,139
226237468d41e56c,RTS,2022-10-19,C:\data_quote\data_finam_RTS_tick_zip\20221019.zip,33fa77bfbee0e4830795d762b318505cdb7a5320a94d4a48fdcc53e580dad2d5,106933,172136,174,ready,212.0,2022-09-21,2022-10-18,20,3480.0,3483.0,0.0008620689655172414,17.0,164
226237468d41e56c,RTS,2022-10-20,C:\data_quote\data_finam_RTS_tick_zip\20221020.zip,1bf92ba8e75082a9cd62628911b447cfd31cc35522f93f24878cbda7b82d3a92,86212,137180,174,ready,206.0,2022-09-22,2022-10-19,20,3480.0,3482.0,0.0005747126436781609,17.0,127
226237468d41e56c,RTS,2022-10-21,C:\data_quote\data_finam_RTS_tick_zip\20221021.zip,d502b7c326519b9be6131395474b82f58dccc98d788c13949d57a002c0fa9802,90653,144527,174,ready,203.0,2022-09-23,2022-10-20,20,3480.0,3466.0,-0.004022988505747126,19.0,143
226237468d41e56c,RTS,2022-10-24,C:\data_quote\data_finam_RTS_tick_zip\20221024.zip,5e0e7318a026cef49eba8a9e4d9b476da0ba9c98afde48bcf6c1130e4afb4e32,94513,149322,174,ready,202.0,2022-09-26,2022-10-21,20,3480.0,3480.0,0.0,16.0,141
226237468d41e56c,RTS,2022-10-25,C:\data_quote\data_finam_RTS_tick_zip\20221025.zip,9f0dd983cf0bd8bdc913e5f2466ece677df13187aba49af74040819053a5551d,79326,124392,174,ready,198.0,2022-09-27,2022-10-24,20,3480.0,3475.0,-0.0014367816091954023,16.0,132
226237468d41e56c,RTS,2022-10-26,C:\data_quote\data_finam_RTS_tick_zip\20221026.zip,9ad31c0bdb10d0665660843f609831f996ddca0742fe634253ecfe326bf7c751,84671,128751,174,ready,193.0,2022-09-28,2022-10-25,20,3480.0,3496.0,0.004597701149425287,18.0,138
226237468d41e56c,RTS,2022-10-27,C:\data_quote\data_finam_RTS_tick_zip\20221027.zip,b188b49e9e2149d833415839b51d0d5d8e90fdb96caf653ece5884de3c283f78,75915,117673,174,ready,188.0,2022-09-29,2022-10-26,20,3480.0,3477.0,-0.0008620689655172414,18.0,115
226237468d41e56c,RTS,2022-10-28,C:\data_quote\data_finam_RTS_tick_zip\20221028.zip,93ba05d2010ab19f51ccb80197abda6620d4098ef70cbfec5adb852e68669a88,82897,129233,174,ready,183.0,2022-09-30,2022-10-27,20,3480.0,3486.0,0.0017241379310344827,16.0,134
226237468d41e56c,RTS,2022-10-31,C:\data_quote\data_finam_RTS_tick_zip\20221031.zip,98219f481977ca4a9994a0612f8f4ef9c891e7482c58e550b5540776f0256e8e,67812,103226,174,ready,172.0,2022-10-03,2022-10-28,20,3480.0,3491.0,0.003160919540229885,16.0,106
226237468d41e56c,RTS,2022-11-01,C:\data_quote\data_finam_RTS_tick_zip\20221101.zip,c9fc44efe2feb21b3dfac8e6723160baa37587f83cd82552140ac07a13a7e61c,53978,83140,174,ready,170.0,2022-10-04,2022-10-31,20,3480.0,3483.0,0.0008620689655172414,18.0,102
226237468d41e56c,RTS,2022-11-02,C:\data_quote\data_finam_RTS_tick_zip\20221102.zip,314ef56c1029c710bf04149ca68736447f24478a7aceae7ae4746ed9d8d0462d,65909,109875,174,ready,167.0,2022-10-05,2022-11-01,20,3480.0,3459.0,-0.00603448275862069,17.0,155
226237468d41e56c,RTS,2022-11-03,C:\data_quote\data_finam_RTS_tick_zip\20221103.zip,e18df29dcaf17c37b98dcd8baf831eaa7b64a01c2d5902ef4f62c750e841e47a,79753,125628,174,ready,162.0,2022-10-06,2022-11-02,20,3480.0,3503.0,0.0066091954022988505,17.0,158
226237468d41e56c,RTS,2022-11-07,C:\data_quote\data_finam_RTS_tick_zip\20221107.zip,2a851e8af1ec10d7e8dd9f18d2e4f889848bf82b08caedef5eda737ca535383d,77186,121569,174,ready,163.0,2022-10-07,2022-11-03,20,3480.0,3493.0,0.003735632183908046,15.0,159
226237468d41e56c,RTS,2022-11-08,C:\data_quote\data_finam_RTS_tick_zip\20221108.zip,8506e0b7e7ded5c4ffacc710cf42f98bbc5d78e3faa9abd7b325440aad8bc5c4,71878,107891,174,ready,162.0,2022-10-10,2022-11-07,20,3480.0,3484.0,0.0011494252873563218,15.0,150
226237468d41e56c,RTS,2022-11-09,C:\data_quote\data_finam_RTS_tick_zip\20221109.zip,8808baf0ac89686fdfc07cf27c0df644aee6a682dadbdb5d964768ee49763c6a,91994,145979,174,ready,158.0,2022-10-11,2022-11-08,20,3480.0,3505.0,0.007183908045977011,16.0,224
226237468d41e56c,RTS,2022-11-10,C:\data_quote\data_finam_RTS_tick_zip\20221110.zip,e71cfcbe5abce6213f0bfdaea3cd132addd3c0efb546f9129243e9e35e8da2f7,90494,143551,174,ready,159.0,2022-10-12,2022-11-09,20,3480.0,3455.0,-0.007183908045977011,17.0,213
226237468d41e56c,RTS,2022-11-11,C:\data_quote\data_finam_RTS_tick_zip\20221111.zip,e09a38d07bc643baa682a7db02aa30d20d7f67ec7a1b7acc35356017982a9f04,68595,103296,174,ready,159.0,2022-10-13,2022-11-10,20,3480.0,3493.0,0.003735632183908046,15.0,133
226237468d41e56c,RTS,2022-11-14,C:\data_quote\data_finam_RTS_tick_zip\20221114.zip,233e81650252fbcacf8a4d269c3ff74e5f6f551970a01649d29dc916b8951a00,64432,98706,174,ready,159.0,2022-10-14,2022-11-11,20,3480.0,3457.0,-0.0066091954022988505,17.0,141
226237468d41e56c,RTS,2022-11-15,C:\data_quote\data_finam_RTS_tick_zip\20221115.zip,7366066b5bab9357ea93f758e1491fdb60d48e0c8a882a8db930bde51e4b0534,110972,184120,174,ready,159.0,2022-10-17,2022-11-14,20,3480.0,3452.0,-0.008045977011494253,17.0,294
226237468d41e56c,RTS,2022-11-16,C:\data_quote\data_finam_RTS_tick_zip\20221116.zip,0f9b08e0dfff60c32ec65e608610628720229f6619d4b733b1d8e6799a611e14,77859,121987,174,ready,163.0,2022-10-18,2022-11-15,20,3480.0,3461.0,-0.005459770114942529,17.0,149
226237468d41e56c,RTS,2022-11-17,C:\data_quote\data_finam_RTS_tick_zip\20221117.zip,8bd8d5e3546de679d4ff3a5faaf5a438a6fad2b4367071debde8f805a9d97424,69329,105520,174,ready,160.0,2022-10-19,2022-11-16,20,3480.0,3476.0,-0.0011494252873563218,17.0,133
226237468d41e56c,RTS,2022-11-18,C:\data_quote\data_finam_RTS_tick_zip\20221118.zip,4e61146af20fc820bac1f343e61b422fbb629a2f2701d17ed859c427de04a5d9,58081,88887,174,ready,157.0,2022-10-20,2022-11-17,20,3480.0,3464.0,-0.004597701149425287,16.0,121
226237468d41e56c,RTS,2022-11-21,C:\data_quote\data_finam_RTS_tick_zip\20221121.zip,ba2cca08dc821fbba53096d03b513ca62e301972cfb4c030dd2f37d2803bff4c,73517,115115,174,ready,155.0,2022-10-21,2022-11-18,20,3480.0,3494.0,0.004022988505747126,16.0,195
226237468d41e56c,RTS,2022-11-22,C:\data_quote\data_finam_RTS_tick_zip\20221122.zip,787878a43b5661947a4cc4c514b7c461177bb3aa24cb772b915573f2df2e561a,67898,108434,174,ready,155.0,2022-10-24,2022-11-21,20,3480.0,3477.0,-0.0008620689655172414,17.0,147
226237468d41e56c,RTS,2022-11-23,C:\data_quote\data_finam_RTS_tick_zip\20221123.zip,11dee672e160b62cc5aaef36c796d925ec290bfe683b4ffec24873748d18a174,65555,105584,174,ready,152.0,2022-10-25,2022-11-22,20,3480.0,3492.0,0.0034482758620689655,16.0,163
226237468d41e56c,RTS,2022-11-24,C:\data_quote\data_finam_RTS_tick_zip\20221124.zip,fbd4faa2d6768146cf83753216890e4bb4244e7257955e13d3d08d70fa52111f,50778,77685,174,ready,152.0,2022-10-26,2022-11-23,20,3480.0,3475.0,-0.0014367816091954023,17.0,117
226237468d41e56c,RTS,2022-11-25,C:\data_quote\data_finam_RTS_tick_zip\20221125.zip,14085a9c5121213bbdab6356bb1820fa35ffdb307bfec8b6b6e0cd92e6aa4f6f,55595,85329,174,ready,150.0,2022-10-27,2022-11-24,20,3480.0,3465.0,-0.004310344827586207,15.0,117
226237468d41e56c,RTS,2022-11-28,C:\data_quote\data_finam_RTS_tick_zip\20221128.zip,6b1ca4a90e2481c4fb57fd480efea630271073b190bd1a30cdf8346a18d1a8de,52970,84075,174,ready,148.0,2022-10-28,2022-11-25,20,3480.0,3504.0,0.006896551724137931,14.0,127
226237468d41e56c,RTS,2022-11-29,C:\data_quote\data_finam_RTS_tick_zip\20221129.zip,c81d6ca2af0f22118e1451190328c2c5884307e96c2af60ff5733c034ca4a696,42865,67832,174,ready,148.0,2022-10-31,2022-11-28,20,3480.0,3452.0,-0.008045977011494253,16.0,104
226237468d41e56c,RTS,2022-11-30,C:\data_quote\data_finam_RTS_tick_zip\20221130.zip,0318a7ebd1d7b3b381c512c348b610ed4bf6bdadef896541eda8cdac53d84cad,42829,68324,174,ready,145.0,2022-11-01,2022-11-29,20,3480.0,3481.0,0.00028735632183908046,16.0,112
226237468d41e56c,RTS,2022-12-01,C:\data_quote\data_finam_RTS_tick_zip\20221201.zip,e6fb086cbbdef0322145f728d3c14f1537d8959cd6243b065bda64dbfd89447c,51407,83833,174,ready,147.0,2022-11-02,2022-11-30,20,3480.0,3458.0,-0.00632183908045977,17.0,131
226237468d41e56c,RTS,2022-12-02,C:\data_quote\data_finam_RTS_tick_zip\20221202.zip,cab4ed6a052dca3c47f1794848ac2c59134205c517bf0179b5fe59659f00afed,48289,77318,174,ready,144.0,2022-11-03,2022-12-01,20,3480.0,3466.0,-0.004022988505747126,16.0,124
226237468d41e56c,RTS,2022-12-05,C:\data_quote\data_finam_RTS_tick_zip\20221205.zip,0517db8581d010410ff493f1f877123c4fd69cf8d6ed296e59654ee94e38e128,54817,91405,174,ready,142.0,2022-11-07,2022-12-02,20,3480.0,3483.0,0.0008620689655172414,16.0,160
226237468d41e56c,RTS,2022-12-06,C:\data_quote\data_finam_RTS_tick_zip\20221206.zip,af48a11de5b4b8087c6a150f5d695a6a3c2645416d6830108c35766bfd3d0bc5,60265,99023,174,ready,141.0,2022-11-08,2022-12-05,20,3480.0,3471.0,-0.002586206896551724,15.0,161
226237468d41e56c,RTS,2022-12-07,C:\data_quote\data_finam_RTS_tick_zip\20221207.zip,d6e70791ac217683649594a4443993e5fe158f9a8a64e5b6761d671c6d390e2a,52087,82820,174,ready,140.0,2022-11-09,2022-12-06,20,3480.0,3492.0,0.0034482758620689655,15.0,117
226237468d41e56c,RTS,2022-12-08,C:\data_quote\data_finam_RTS_tick_zip\20221208.zip,8fb399d070bd0d89f358a076258afb7b491f98c7c8fbbcdd1d0889c5b220d612,53182,87492,174,ready,136.0,2022-11-10,2022-12-07,20,3480.0,3474.0,-0.0017241379310344827,15.0,162
226237468d41e56c,RTS,2022-12-09,C:\data_quote\data_finam_RTS_tick_zip\20221209.zip,a9e51d6cbc5249e27aaf19eabffb912b20dda83d9ebbbc20774cb8884168f97c,43922,72606,174,ready,133.0,2022-11-11,2022-12-08,20,3480.0,3480.0,0.0,15.0,134
226237468d41e56c,RTS,2022-12-12,C:\data_quote\data_finam_RTS_tick_zip\20221212.zip,c8cdba4c1f0f31369573cf85e57f6b834818f94ad2d2578479504d99295f0102,40000,62672,169,ready,131.0,2022-11-14,2022-12-09,20,3480.0,3476.0,-0.0011494252873563218,16.0,117
226237468d41e56c,RTS,2022-12-13,C:\data_quote\data_finam_RTS_tick_zip\20221213.zip,c30bc44d512ae4cc65b329d05b8b2c751aeb01dda21e51e5585d5d38b1d04c5a,43430,72115,174,ready,130.0,2022-11-15,2022-12-12,20,3475.0,3475.0,0.0,15.0,142
226237468d41e56c,RTS,2022-12-14,C:\data_quote\data_finam_RTS_tick_zip\20221214.zip,10880f92a7a8089991ee498872c9ff6c47c0d4482b1110c606a900ca418e92c2,15716,23945,174,ready,124.0,2022-11-16,2022-12-13,20,3475.0,3465.0,-0.0028776978417266188,14.0,38
226237468d41e56c,RTS,2022-12-15,C:\data_quote\data_finam_RTS_tick_zip\20221215.zip,ab20bb2ee078b9a57385de6622783435175725d4e4ba40379acb56b57daf7fb2,48975,77207,174,ready,120.0,2022-11-17,2022-12-14,20,3475.0,3506.0,0.008920863309352519,14.0,165
226237468d41e56c,RTS,2022-12-16,C:\data_quote\data_finam_RTS_tick_zip\20221216.zip,1cdea1902539a3b9ac86e44a87afb83e790448dc2cdf604fdd56034f3a073ea4,46757,77092,174,ready,120.0,2022-11-18,2022-12-15,20,3475.0,3452.0,-0.006618705035971223,16.0,184
226237468d41e56c,RTS,2022-12-19,C:\data_quote\data_finam_RTS_tick_zip\20221219.zip,47ccb17e63c45408b9496daa41616de143e1c90b9dd3ff002ed53015fa26acdc,86705,140831,174,ready,120.0,2022-11-21,2022-12-16,20,3475.0,3456.0,-0.005467625899280576,16.0,303
226237468d41e56c,RTS,2022-12-20,C:\data_quote\data_finam_RTS_tick_zip\20221220.zip,0bcefa6bd691a6010b428adefd6a564348f5d17a8c0ad360f82af8b23d64cd36,68282,106998,174,ready,120.0,2022-11-22,2022-12-19,20,3475.0,3488.0,0.0037410071942446045,14.0,214
226237468d41e56c,RTS,2022-12-21,C:\data_quote\data_finam_RTS_tick_zip\20221221.zip,a0646845f159b89705d45462e63cb676a524d0699590ed4981652d32080a9bd5,75196,115783,174,ready,120.0,2022-11-23,2022-12-20,20,3475.0,3487.0,0.0034532374100719426,14.0,257
226237468d41e56c,RTS,2022-12-22,C:\data_quote\data_finam_RTS_tick_zip\20221222.zip,49267be1b940c2dd298346e713232619c81057fb051bbb140a7bba2c4aa89e1f,90341,139401,174,ready,121.0,2022-11-24,2022-12-21,20,3475.0,3443.0,-0.00920863309352518,14.0,280
226237468d41e56c,RTS,2022-12-23,C:\data_quote\data_finam_RTS_tick_zip\20221223.zip,8238c8653bfef6955873e043cbaa488a41e89bd928e1602ae92d65a6c04ec11c,69238,107928,174,ready,123.0,2022-11-25,2022-12-22,20,3475.0,3489.0,0.004028776978417266,16.0,212
226237468d41e56c,RTS,2022-12-26,C:\data_quote\data_finam_RTS_tick_zip\20221226.zip,8a2c80280c3eecaf68e29e2de556f9c9950f0df1e4bb7fb904c6e1586f1f92a4,62493,93703,174,ready,125.0,2022-11-28,2022-12-23,20,3475.0,3478.0,0.0008633093525179857,16.0,153
226237468d41e56c,RTS,2022-12-27,C:\data_quote\data_finam_RTS_tick_zip\20221227.zip,0038a818cdee99345b68c377f6a2f3d61da44cfdf2bb896109405d2e0672a243,69606,105367,174,ready,124.0,2022-11-29,2022-12-26,20,3475.0,3470.0,-0.0014388489208633094,16.0,183
226237468d41e56c,RTS,2022-12-28,C:\data_quote\data_finam_RTS_tick_zip\20221228.zip,a68d8abbeaef14a134b7cab75ef7d6488ef64f0a87d9cf401888fb4ac59ffe83,71526,111476,174,ready,126.0,2022-11-30,2022-12-27,20,3475.0,3472.0,-0.0008633093525179857,14.0,212
226237468d41e56c,RTS,2022-12-29,C:\data_quote\data_finam_RTS_tick_zip\20221229.zip,2bea55088b0cc071d842286ba012329d685f4e32f4aa5a0e9f49f2d3388fcbd1,82706,121042,174,ready,128.0,2022-12-01,2022-12-28,20,3475.0,3474.0,-0.00028776978417266187,15.0,196
226237468d41e56c,RTS,2022-12-30,C:\data_quote\data_finam_RTS_tick_zip\20221230.zip,bae39f8ede9ab44745453c7f79f2de6cea41a6965fd19fefcf0d717eabd6aae6,53721,78087,174,ready,129.0,2022-12-02,2022-12-29,20,3475.0,3451.0,-0.006906474820143885,15.0,112
226237468d41e56c,RTS,2023-01-03,C:\data_quote\data_finam_RTS_tick_zip\20230103.zip,fe7746eea22b0a5c70b993f277ad9cfb408d3d0dcb9091f930c680c5459be3f5,36282,50870,174,ready,128.0,2022-12-05,2022-12-30,20,3475.0,3474.0,-0.00028776978417266187,15.0,85
226237468d41e56c,RTS,2023-01-04,C:\data_quote\data_finam_RTS_tick_zip\20230104.zip,8029d0ae6a386dccad8fef3255dc2e59002cd1903f4dfb0f706d642d78dfb4a9,41572,58402,174,ready,127.0,2022-12-06,2023-01-03,20,3475.0,3471.0,-0.0011510791366906475,16.0,98
226237468d41e56c,RTS,2023-01-05,C:\data_quote\data_finam_RTS_tick_zip\20230105.zip,f296ebc5cf53b528a78f8f35c66724241dad63dcd8f3d973fe17eb5f3eb2097c,38823,54066,174,ready,122.0,2022-12-07,2023-01-04,20,3475.0,3473.0,-0.0005755395683453237,14.0,105
226237468d41e56c,RTS,2023-01-06,C:\data_quote\data_finam_RTS_tick_zip\20230106.zip,d44ad1ec34de97ae3e32f0b2a6a830221f141a59c0cd5948c476c270d64ab52c,32841,45786,174,ready,121.0,2022-12-08,2023-01-05,20,3475.0,3512.0,0.010647482014388488,16.0,75
226237468d41e56c,RTS,2023-01-09,C:\data_quote\data_finam_RTS_tick_zip\20230109.zip,d39e0983f29c1baa388fc91accf93b01e28863c90dca9f25d651e9bfed7eef0d,55673,79796,174,ready,120.0,2022-12-09,2023-01-06,20,3475.0,3473.0,-0.0005755395683453237,16.0,140
226237468d41e56c,RTS,2023-01-10,C:\data_quote\data_finam_RTS_tick_zip\20230110.zip,fbe8990ff57d7f68bf4eea2a7a5ccd14f36e702b8d82ffd7360ca4ce7432e905,51324,78760,174,ready,119.0,2022-12-12,2023-01-09,20,3475.0,3463.0,-0.0034532374100719426,16.0,157
226237468d41e56c,RTS,2023-01-11,C:\data_quote\data_finam_RTS_tick_zip\20230111.zip,846caf2d0c045d50972ef3e87fadac4efb8431047aef2b11af2796baceff107a,76940,120083,174,ready,119.0,2022-12-13,2023-01-10,20,3480.0,3477.0,-0.0008620689655172414,14.0,256
226237468d41e56c,RTS,2023-01-12,C:\data_quote\data_finam_RTS_tick_zip\20230112.zip,6a917ca159b6f0afdb486e1bddf4874aede25bdd5b142c66ce80a006e71b1308,54025,89136,174,ready,121.0,2022-12-14,2023-01-11,20,3480.0,3492.0,0.0034482758620689655,16.0,187
226237468d41e56c,RTS,2023-01-13,C:\data_quote\data_finam_RTS_tick_zip\20230113.zip,df8dd5914101b75bcb3037faed0730d2726d08bf1c6cd50405a2e072e8268600,81909,125825,174,ready,126.0,2022-12-15,2023-01-12,20,3480.0,3466.0,-0.004022988505747126,15.0,225
226237468d41e56c,RTS,2023-01-16,C:\data_quote\data_finam_RTS_tick_zip\20230116.zip,f0094084417322b1e8ba23c5c1217d4a19fbc1445c70d826d225e5460b0c20df,61091,92822,174,ready,127.0,2022-12-16,2023-01-13,20,3480.0,3498.0,0.005172413793103448,16.0,175
226237468d41e56c,RTS,2023-01-17,C:\data_quote\data_finam_RTS_tick_zip\20230117.zip,d1bd93b7888f7af900613f3bc42e0584cf0674e2b51a536c6caed80bbd10026f,55777,90334,174,ready,127.0,2022-12-19,2023-01-16,20,3480.0,3505.0,0.007183908045977011,16.0,168
226237468d41e56c,RTS,2023-01-18,C:\data_quote\data_finam_RTS_tick_zip\20230118.zip,1aceb27ee07f75157a200ba0b20874cb04ad058a86d4ec4da9d38131ff2659d7,69862,109922,174,ready,125.0,2022-12-20,2023-01-17,20,3480.0,3465.0,-0.004310344827586207,16.0,230
226237468d41e56c,RTS,2023-01-19,C:\data_quote\data_finam_RTS_tick_zip\20230119.zip,bf151551c6a96f8b718a5e2b942add02d1172c96144ebe0fa51f7430002de2d3,63709,101828,174,ready,124.0,2022-12-21,2023-01-18,20,3480.0,3486.0,0.0017241379310344827,16.0,202
226237468d41e56c,RTS,2023-01-20,C:\data_quote\data_finam_RTS_tick_zip\20230120.zip,9c46b58436efd273b063f988280630eb5640c1ca56d29b0b070ac694e68cfa82,53828,82155,174,ready,123.0,2022-12-22,2023-01-19,20,3480.0,3506.0,0.007471264367816092,16.0,154
226237468d41e56c,RTS,2023-01-23,C:\data_quote\data_finam_RTS_tick_zip\20230123.zip,37451337a1539aa052e1f645f31b48b7c17f802ecedfa38d0e3386776fac178c,55737,88021,174,ready,121.0,2022-12-23,2023-01-20,20,3480.0,3462.0,-0.005172413793103448,16.0,187
226237468d41e56c,RTS,2023-01-24,C:\data_quote\data_finam_RTS_tick_zip\20230124.zip,ea9933ffa5a6fe3d901f450d0b466560b251d5a9af0b0b8ff0fb0222ca37f4ba,57449,93157,174,ready,120.0,2022-12-26,2023-01-23,20,3480.0,3470.0,-0.0028735632183908046,16.0,198
226237468d41e56c,RTS,2023-01-25,C:\data_quote\data_finam_RTS_tick_zip\20230125.zip,135eb1c04b91cdbdc9a817f7a4759b6176c3c19aead4ade9eba901f418e3c760,58864,91463,174,ready,120.0,2022-12-27,2023-01-24,20,3480.0,3499.0,0.005459770114942529,16.0,169
226237468d41e56c,RTS,2023-01-26,C:\data_quote\data_finam_RTS_tick_zip\20230126.zip,27fadf1c35b3d0785b2e1892b82ddf44fe2d67c2ea84f4eba86f8ec974cfb3e6,62007,98984,174,ready,120.0,2022-12-28,2023-01-25,20,3480.0,3475.0,-0.0014367816091954023,14.0,216
226237468d41e56c,RTS,2023-01-27,C:\data_quote\data_finam_RTS_tick_zip\20230127.zip,0d4b6c2521979b61fd21716e3b1a5d7da2f69ccfc160f103bb557d446519c2b0,38951,64961,174,ready,119.0,2022-12-29,2023-01-26,20,3480.0,3475.0,-0.0014367816091954023,15.0,146
226237468d41e56c,RTS,2023-01-30,C:\data_quote\data_finam_RTS_tick_zip\20230130.zip,f5b1c157bcf50910b43a9a67f44d9da8fefa9e669803e086db071a1785d514bf,50865,84594,174,ready,118.0,2022-12-30,2023-01-27,20,3480.0,3500.0,0.005747126436781609,15.0,187
226237468d41e56c,RTS,2023-01-31,C:\data_quote\data_finam_RTS_tick_zip\20230131.zip,13434933550d59c673e42a8ef71e7d3e76d207ab4e29a108616be2e09079ab24,59992,98588,174,ready,119.0,2023-01-03,2023-01-30,20,3480.0,3457.0,-0.0066091954022988505,15.0,206
226237468d41e56c,RTS,2023-02-01,C:\data_quote\data_finam_RTS_tick_zip\20230201.zip,9bbf9064e4e25172baefced7093e04ae1abd83cdc2711cf80343e0f7d89598e9,57992,93700,174,ready,121.0,2023-01-04,2023-01-31,20,3480.0,3484.0,0.0011494252873563218,15.0,188
226237468d41e56c,RTS,2023-02-02,C:\data_quote\data_finam_RTS_tick_zip\20230202.zip,02a0cb9deb08b13544aa79245bb58be66950ae8314f44e342a49675dcec293ae,56660,91555,174,ready,123.0,2023-01-05,2023-02-01,20,3480.0,3504.0,0.006896551724137931,16.0,187
226237468d41e56c,RTS,2023-02-03,C:\data_quote\data_finam_RTS_tick_zip\20230203.zip,2382a6c5a958f013219c02179afe6a198832f3b596c56cf631fa4f2a0a5ed486,61849,105431,174,ready,125.0,2023-01-06,2023-02-02,20,3480.0,3497.0,0.004885057471264368,15.0,216
226237468d41e56c,RTS,2023-02-06,C:\data_quote\data_finam_RTS_tick_zip\20230206.zip,ffd86ea01052f32a2c8d701c41e07654023b94087d75a811e7e6ff167406ebc3,51535,86776,174,ready,130.0,2023-01-09,2023-02-03,20,3480.0,3484.0,0.0011494252873563218,16.0,167
226237468d41e56c,RTS,2023-02-07,C:\data_quote\data_finam_RTS_tick_zip\20230207.zip,b112e416380095776f4e808d0e1d19e509934f5f07e0cc60a12fdaafa0ea3249,55476,91969,174,ready,131.0,2023-01-10,2023-02-06,20,3480.0,3484.0,0.0011494252873563218,15.0,192
226237468d41e56c,RTS,2023-02-08,C:\data_quote\data_finam_RTS_tick_zip\20230208.zip,a6074a72f48f8a947ba9592680f1c4ed8951ef26eeac1e7f231a483188be9bad,62638,107556,174,ready,132.0,2023-01-11,2023-02-07,20,3480.0,3447.0,-0.009482758620689655,15.0,211
226237468d41e56c,RTS,2023-02-09,C:\data_quote\data_finam_RTS_tick_zip\20230209.zip,d00b45fe1b3404388a8e060da1fbe444ef2bee4a9f8fb00aa9559c9f68766b8c,77746,128189,174,ready,132.0,2023-01-12,2023-02-08,20,3480.0,3445.0,-0.010057471264367816,15.0,231
226237468d41e56c,RTS,2023-02-10,C:\data_quote\data_finam_RTS_tick_zip\20230210.zip,8e39051272b418e5a3eeecc105baee08bc0c429b3de31885ce83c78513d08048,47526,79779,174,ready,133.0,2023-01-13,2023-02-09,20,3480.0,3471.0,-0.002586206896551724,15.0,145
226237468d41e56c,RTS,2023-02-13,C:\data_quote\data_finam_RTS_tick_zip\20230213.zip,df6693ded83d457b37867681a3eb0bf6988e03509d42e4080556deb407739c9d,53408,86222,174,ready,132.0,2023-01-16,2023-02-10,20,3480.0,3440.0,-0.011494252873563218,15.0,145
226237468d41e56c,RTS,2023-02-14,C:\data_quote\data_finam_RTS_tick_zip\20230214.zip,acf530901f88092ea80be216f628c12ef53c7f728e56db718dac2a6b1a7f2e2d,62953,104661,174,ready,131.0,2023-01-17,2023-02-13,20,3480.0,3523.0,0.01235632183908046,15.0,187
226237468d41e56c,RTS,2023-02-15,C:\data_quote\data_finam_RTS_tick_zip\20230215.zip,ebf008c0b2c5e8106a46cdd0cd7f712ec9615ede13bcb5642da1424af814513f,84306,146670,174,ready,132.0,2023-01-18,2023-02-14,20,3480.0,3462.0,-0.005172413793103448,15.0,300
226237468d41e56c,RTS,2023-02-16,C:\data_quote\data_finam_RTS_tick_zip\20230216.zip,dcfb163f00c4c284594dbc88292b0c432c899f374ed6c63212574d61298a8b07,71018,116899,174,ready,134.0,2023-01-19,2023-02-15,20,3480.0,3478.0,-0.0005747126436781609,16.0,192
226237468d41e56c,RTS,2023-02-17,C:\data_quote\data_finam_RTS_tick_zip\20230217.zip,4f34135e460bf058c91d7cc41d95598355b194a7125f2abdba435084d863cf01,68911,112854,174,ready,134.0,2023-01-20,2023-02-16,20,3480.0,3486.0,0.0017241379310344827,15.0,206
226237468d41e56c,RTS,2023-02-20,C:\data_quote\data_finam_RTS_tick_zip\20230220.zip,1834402a2bdf0861c09f4b0690b4f29f4ab37239bdcfd4c9b7002dfadcebb5f3,65002,110478,174,ready,136.0,2023-01-23,2023-02-17,20,3480.0,3473.0,-0.002011494252873563,15.0,185
226237468d41e56c,RTS,2023-02-21,C:\data_quote\data_finam_RTS_tick_zip\20230221.zip,1bda46ec2dc5dee5b45ec3e855afbe484180a960445f9a0bb8034bba6ece3596,83091,141570,174,ready,137.0,2023-01-24,2023-02-20,20,3480.0,3470.0,-0.0028735632183908046,15.0,252
226237468d41e56c,RTS,2023-02-22,C:\data_quote\data_finam_RTS_tick_zip\20230222.zip,b375404639e5628a849061bc7242f20256982792bdf49c9b3e1cf14e921d5ddf,51626,87117,174,ready,140.0,2023-01-25,2023-02-21,20,3480.0,3471.0,-0.002586206896551724,16.0,127
226237468d41e56c,RTS,2023-02-24,C:\data_quote\data_finam_RTS_tick_zip\20230224.zip,22a0f77661b9e97f84461976e42d7117adec70d1842534123a5951c89898b1fd,57954,94804,174,ready,140.0,2023-01-26,2023-02-22,20,3480.0,3467.0,-0.003735632183908046,16.0,163
226237468d41e56c,RTS,2023-02-27,C:\data_quote\data_finam_RTS_tick_zip\20230227.zip,04a813dbe5ba653a43534e5091e39475d7cdc01c163560cbbeff17b892fb2631,76360,128368,174,ready,138.0,2023-01-27,2023-02-24,20,3480.0,3479.0,-0.00028735632183908046,16.0,208
226237468d41e56c,RTS,2023-02-28,C:\data_quote\data_finam_RTS_tick_zip\20230228.zip,4322b298af4b498195cfa950065787c42b566c5520e43366b0eb96ffbf7c5f01,60720,95741,174,ready,141.0,2023-01-30,2023-02-27,20,3480.0,3496.0,0.004597701149425287,16.0,139
226237468d41e56c,RTS,2023-03-01,C:\data_quote\data_finam_RTS_tick_zip\20230301.zip,c1d1fdc49f9eee97ae20f7237255e1b81e3295f436e4b64133242a2575be534f,61618,96074,174,ready,141.0,2023-01-31,2023-02-28,20,3480.0,3498.0,0.005172413793103448,16.0,140
226237468d41e56c,RTS,2023-03-02,C:\data_quote\data_finam_RTS_tick_zip\20230302.zip,12d2bb5dc857a32104018ae43288ef48b1b61bf908a605b208c3f02dd3459008,85267,142219,174,ready,141.0,2023-02-01,2023-03-01,20,3480.0,3484.0,0.0011494252873563218,16.0,249
226237468d41e56c,RTS,2023-03-03,C:\data_quote\data_finam_RTS_tick_zip\20230303.zip,c6c1735fb0bbba7dccea4702baa68ee8826eef8725f0740c6abb6d020d46afc4,51997,81709,174,ready,145.0,2023-02-02,2023-03-02,20,3480.0,3465.0,-0.004310344827586207,16.0,108
226237468d41e56c,RTS,2023-03-06,C:\data_quote\data_finam_RTS_tick_zip\20230306.zip,e987392b20b15f2b072b5238996ec853dca7888b055594288a0051e2ee4728f6,54148,85730,174,ready,142.0,2023-02-03,2023-03-03,20,3480.0,3482.0,0.0005747126436781609,16.0,127
226237468d41e56c,RTS,2023-03-07,C:\data_quote\data_finam_RTS_tick_zip\20230307.zip,e2f69cc0291ef7f8bb6cf866ec4f799f70c5cc835025f8dc2967e374ad844f61,49572,75959,174,ready,141.0,2023-02-06,2023-03-06,20,3480.0,3474.0,-0.0017241379310344827,16.0,135
226237468d41e56c,RTS,2023-03-09,C:\data_quote\data_finam_RTS_tick_zip\20230309.zip,e58b3989a0adf5f2f4f7835936a7e3256cf45790bf7d27e4fa0721b827f4ea07,61896,91574,174,ready,139.0,2023-02-07,2023-03-07,20,3480.0,3499.0,0.005459770114942529,16.0,145
226237468d41e56c,RTS,2023-03-10,C:\data_quote\data_finam_RTS_tick_zip\20230310.zip,eb7e2aab45fa7e8cad451b86f19fbca7fb0f4a953df73aefbd9002a15df46637,46738,71268,174,ready,140.0,2023-02-08,2023-03-09,20,3480.0,3476.0,-0.0011494252873563218,16.0,109
226237468d41e56c,RTS,2023-03-13,C:\data_quote\data_finam_RTS_tick_zip\20230313.zip,b415b30e40b13e1c7ab54d254a8831550744cef6e428e854d74af625f8d94f37,67856,108540,170,ready,137.0,2023-02-09,2023-03-10,20,3480.0,3474.0,-0.0017241379310344827,16.0,202
226237468d41e56c,RTS,2023-03-14,C:\data_quote\data_finam_RTS_tick_zip\20230314.zip,44d0bcb0fc95667cae701336143f197087ea64d6f350cae257e87b599b20f8a0,51052,76836,170,ready,137.0,2023-02-10,2023-03-13,20,3476.0,3455.0,-0.0060414269275028765,16.0,123
226237468d41e56c,RTS,2023-03-15,C:\data_quote\data_finam_RTS_tick_zip\20230315.zip,82426afd189d361942fba9ac1efc2efa1f69bf145269d7ece4bf7d4ea4aa49d8,23817,35527,170,ready,136.0,2023-02-13,2023-03-14,20,3472.0,3487.0,0.004320276497695853,16.0,67
226237468d41e56c,RTS,2023-03-16,C:\data_quote\data_finam_RTS_tick_zip\20230316.zip,dbfbb186913507d5543bde7a175c2d9ab446b44f37618dd9cdad021cf8bea6ef,65123,105216,170,ready,134.0,2023-02-14,2023-03-15,20,3468.0,3448.0,-0.0057670126874279125,16.0,195
226237468d41e56c,RTS,2023-03-17,C:\data_quote\data_finam_RTS_tick_zip\20230317.zip,d5b11ac117b764efdfb82b076d0b9693f2ffb108edefdbaaacaeeb5ae5b481a5,92384,151478,170,ready,134.0,2023-02-15,2023-03-16,20,3464.0,3473.0,0.002598152424942263,16.0,273
226237468d41e56c,RTS,2023-03-20,C:\data_quote\data_finam_RTS_tick_zip\20230320.zip,5431588bbf3f16db9d0faebab10239163a9b99ea598980eae5e55ad2fc80a584,74571,129819,170,ready,134.0,2023-02-16,2023-03-17,20,3460.0,3450.0,-0.002890173410404624,16.0,286
226237468d41e56c,RTS,2023-03-21,C:\data_quote\data_finam_RTS_tick_zip\20230321.zip,faf0414fad830e3632b577eaccf06205ab572b4df809fb8993ffaf7b7915affb,79510,129796,174,ready,137.0,2023-02-17,2023-03-20,20,3456.0,3432.0,-0.006944444444444444,16.0,265
226237468d41e56c,RTS,2023-03-22,C:\data_quote\data_finam_RTS_tick_zip\20230322.zip,f35560f22e319f82bcbd630fd8dcf498d8b12b78d47b58ab5d4c7a02f54d306d,66907,107696,174,ready,138.0,2023-02-20,2023-03-21,20,3456.0,3476.0,0.005787037037037037,16.0,214
226237468d41e56c,RTS,2023-03-23,C:\data_quote\data_finam_RTS_tick_zip\20230323.zip,51cdc9fb57f71ea313fff8a8aaab7bbc1a95a069e4feada671f0efc8155a076d,61781,104913,174,ready,140.0,2023-02-21,2023-03-22,20,3456.0,3452.0,-0.0011574074074074073,15.0,226
226237468d41e56c,RTS,2023-03-24,C:\data_quote\data_finam_RTS_tick_zip\20230324.zip,b4929812f0310f72a1797bfbc093532e7f618666cfb19db53f1a16469cfeac9c,51954,86394,174,ready,139.0,2023-02-22,2023-03-23,20,3456.0,3444.0,-0.003472222222222222,15.0,162
226237468d41e56c,RTS,2023-03-27,C:\data_quote\data_finam_RTS_tick_zip\20230327.zip,b13529ca5de9cd023d9a16642a959e9d453c538724a5708729ca3e2217fde528,58526,101652,174,ready,140.0,2023-02-24,2023-03-24,20,3456.0,3463.0,0.002025462962962963,15.0,190
226237468d41e56c,RTS,2023-03-28,C:\data_quote\data_finam_RTS_tick_zip\20230328.zip,42b42f12b9380a5a165ebe4be66776c3388cb9fba8ebc01a8847aaec8199b3b0,52810,90210,174,ready,141.0,2023-02-27,2023-03-27,20,3456.0,3463.0,0.002025462962962963,16.0,175
226237468d41e56c,RTS,2023-03-29,C:\data_quote\data_finam_RTS_tick_zip\20230329.zip,b53b17cddfc225c2eb12b90b6081b4e76fc462ccf78979334de0ee662f37a2d9,66141,103286,174,ready,140.0,2023-02-28,2023-03-28,20,3456.0,3457.0,0.00028935185185185184,15.0,179
226237468d41e56c,RTS,2023-03-30,C:\data_quote\data_finam_RTS_tick_zip\20230330.zip,ecc80c5a794b7099105f369f3c1cf32c92fa9030f991f22a6a23195955cd2bb9,59009,101777,174,ready,142.0,2023-03-01,2023-03-29,20,3456.0,3460.0,0.0011574074074074073,16.0,211
226237468d41e56c,RTS,2023-03-31,C:\data_quote\data_finam_RTS_tick_zip\20230331.zip,bd2e448eb3d0014f32464bdf169bd2e1c817a4570a88e26beb827cfa5cb7b745,76397,140728,174,ready,144.0,2023-03-02,2023-03-30,20,3456.0,3452.0,-0.0011574074074074073,15.0,283
226237468d41e56c,RTS,2023-04-03,C:\data_quote\data_finam_RTS_tick_zip\20230403.zip,983ace7fbc5c808e6905a95f9f3f39784f4193310a63cc4feace924637522fba,59078,106768,175,ready,144.0,2023-03-03,2023-03-31,20,3456.0,3490.0,0.009837962962962963,15.0,223
226237468d41e56c,RTS,2023-04-04,C:\data_quote\data_finam_RTS_tick_zip\20230404.zip,1d7a29112b55fc324b3f76a9f5556dcae974c65d32dce5f1b9dc9030d8aae081,53293,92401,175,ready,148.0,2023-03-06,2023-04-03,20,3457.0,3469.0,0.0034712178189181373,16.0,185
226237468d41e56c,RTS,2023-04-05,C:\data_quote\data_finam_RTS_tick_zip\20230405.zip,a19684e208664f5c594f932bc38cd302bdd81e94239bd990235167e8bb6f1321,55674,92121,175,ready,149.0,2023-03-07,2023-04-04,20,3458.0,3458.0,0.0,15.0,171
226237468d41e56c,RTS,2023-04-06,C:\data_quote\data_finam_RTS_tick_zip\20230406.zip,9cabd4445eb6fd4e5b9e347f722a600a8773259c1974c2ebceefbb37ff71f834,68072,114801,175,ready,151.0,2023-03-09,2023-04-05,20,3459.0,3462.0,0.0008673026886383347,16.0,209
226237468d41e56c,RTS,2023-04-07,C:\data_quote\data_finam_RTS_tick_zip\20230407.zip,5d2057b21543a294a45d9faab44033f4e5d509ac8ca17526eee1912bb3ab88b7,90818,153109,175,ready,154.0,2023-03-10,2023-04-06,20,3460.0,3469.0,0.002601156069364162,16.0,234
226237468d41e56c,RTS,2023-04-10,C:\data_quote\data_finam_RTS_tick_zip\20230410.zip,faf76807fbc11bba954dddca49529125c0d160bc9c361057c49fb160b38a9734,62543,104159,175,ready,159.0,2023-03-13,2023-04-07,20,3461.0,3465.0,0.0011557353366079169,16.0,170
226237468d41e56c,RTS,2023-04-11,C:\data_quote\data_finam_RTS_tick_zip\20230411.zip,a91a3875c2fd3e656191114ad11222976a21427a148e2141e1cf7c821b345927,84588,137129,175,ready,159.0,2023-03-14,2023-04-10,20,3466.0,3470.0,0.001154068090017311,16.0,212
226237468d41e56c,RTS,2023-04-12,C:\data_quote\data_finam_RTS_tick_zip\20230412.zip,e68f10a8c7bd0289529975db69a49efb4810525fc45adb1a7c3355b76ec7f7f4,66185,104608,175,ready,162.0,2023-03-15,2023-04-11,20,3471.0,3479.0,0.0023048112935753384,16.0,133
226237468d41e56c,RTS,2023-04-13,C:\data_quote\data_finam_RTS_tick_zip\20230413.zip,e82b9b35372e5a24fc891acdf809747b08cd4003e2d0373580edb7d8361f54f5,56947,94376,175,ready,164.0,2023-03-16,2023-04-12,20,3476.0,3471.0,-0.0014384349827387803,15.0,121
226237468d41e56c,RTS,2023-04-14,C:\data_quote\data_finam_RTS_tick_zip\20230414.zip,7f35567c87efdb7e55322eb842a7fbf3aec35b6bbb2e7462aba2c07b3ef9b077,54732,93930,175,ready,163.0,2023-03-17,2023-04-13,20,3481.0,3489.0,0.002298190175237001,15.0,164
226237468d41e56c,RTS,2023-04-17,C:\data_quote\data_finam_RTS_tick_zip\20230417.zip,a0e7d9c6ca713a561882eace5b580c5efe4137d45113c324516335cb4c8e4b27,65999,116348,175,ready,162.0,2023-03-20,2023-04-14,20,3486.0,3506.0,0.005737234652897304,16.0,182
226237468d41e56c,RTS,2023-04-18,C:\data_quote\data_finam_RTS_tick_zip\20230418.zip,935ff1e6e6916e5f680e9b6d3e5b2dd11aaae30b9120865bae192e9f7c016986,54026,97597,175,ready,161.0,2023-03-21,2023-04-17,20,3491.0,3501.0,0.002864508736751647,16.0,163
226237468d41e56c,RTS,2023-04-19,C:\data_quote\data_finam_RTS_tick_zip\20230419.zip,3f77a1b47ce6200d62173c2edc1593d65dc4861fa8bde3aee68c709dff46c0f6,87828,151081,174,ready,159.0,2023-03-22,2023-04-18,20,3492.0,3502.0,0.0028636884306987398,16.0,231
226237468d41e56c,RTS,2023-04-20,C:\data_quote\data_finam_RTS_tick_zip\20230420.zip,ba2c7c0d4aa1e1432ddeedbb628a234af2b210b127a7b3d547ab48d5ed8599a7,80285,139778,175,ready,161.0,2023-03-23,2023-04-19,20,3492.0,3504.0,0.003436426116838488,16.0,211
226237468d41e56c,RTS,2023-04-21,C:\data_quote\data_finam_RTS_tick_zip\20230421.zip,296817742b359c38809a255891db63f3d8ba180f610b44d17f6ab926a6478563,52041,88094,175,ready,162.0,2023-03-24,2023-04-20,20,3493.0,3493.0,0.0,14.0,124
226237468d41e56c,RTS,2023-04-24,C:\data_quote\data_finam_RTS_tick_zip\20230424.zip,6bd61d6a0d9022e1923454771cd638c7c69e5f9bf2d06272e843ed3621a35b43,47368,79701,175,ready,162.0,2023-03-27,2023-04-21,20,3494.0,3487.0,-0.002003434459072696,14.0,113
226237468d41e56c,RTS,2023-04-25,C:\data_quote\data_finam_RTS_tick_zip\20230425.zip,23c7c9ae553e1c0edcd6c28d8db85a4f2d217484537c444e7d90e812b0e46d58,45762,77696,175,ready,161.0,2023-03-28,2023-04-24,20,3495.0,3493.0,-0.0005722460658082976,17.0,113
226237468d41e56c,RTS,2023-04-26,C:\data_quote\data_finam_RTS_tick_zip\20230426.zip,376bf3b3ed60d85fc4c2070e4da80210dc4a29e0538570eb77255e1a25770ca8,49484,85607,175,ready,159.0,2023-03-29,2023-04-25,20,3496.0,3499.0,0.0008581235697940503,17.0,138
226237468d41e56c,RTS,2023-04-27,C:\data_quote\data_finam_RTS_tick_zip\20230427.zip,ef7451ce1391b7bfcd92153c1a9530af7cf5f10160dca9bd9fc7a9ef3c6246bc,53919,95684,175,ready,160.0,2023-03-30,2023-04-26,20,3497.0,3491.0,-0.0017157563625965113,16.0,151
226237468d41e56c,RTS,2023-04-28,C:\data_quote\data_finam_RTS_tick_zip\20230428.zip,296e862b72e462e365f282b597e1c43bb18916b5e503e3908acb25f990b9183f,73749,131428,175,ready,158.0,2023-03-31,2023-04-27,20,3498.0,3484.0,-0.004002287021154946,16.0,223
226237468d41e56c,RTS,2023-05-02,C:\data_quote\data_finam_RTS_tick_zip\20230502.zip,59bb183dc1053fa5fe49398133389ef9769e09727030352db89de2ee8a2a4bbc,73725,122095,175,ready,157.0,2023-04-03,2023-04-28,20,3499.0,3510.0,0.003143755358673907,15.0,184
226237468d41e56c,RTS,2023-05-03,C:\data_quote\data_finam_RTS_tick_zip\20230503.zip,99d843137edb5359bbe42e08c6196da56076d96ee906025bdaf06c7254cd5ca4,88490,154862,175,ready,156.0,2023-04-04,2023-05-02,20,3499.0,3508.0,0.002572163475278651,15.0,257
226237468d41e56c,RTS,2023-05-04,C:\data_quote\data_finam_RTS_tick_zip\20230504.zip,2758ef06514055ca519d93f3a323e1a0318b50e66c1ded2f1856d4b248c24afa,70840,125940,175,ready,160.0,2023-04-05,2023-05-03,20,3499.0,3495.0,-0.0011431837667905116,17.0,178
226237468d41e56c,RTS,2023-05-05,C:\data_quote\data_finam_RTS_tick_zip\20230505.zip,44b566d7ac0014ea97fe28b53d708b0cf22f6c3a7462c5f611425a98bf43fd9d,79858,145348,175,ready,159.0,2023-04-06,2023-05-04,20,3499.0,3503.0,0.0011431837667905116,16.0,231
226237468d41e56c,RTS,2023-05-08,C:\data_quote\data_finam_RTS_tick_zip\20230508.zip,d2f4b9b713f50f0802a779b7d1b3c0dfe905625a43604192895e1f129fec2049,49750,83315,175,ready,161.0,2023-04-07,2023-05-05,20,3499.0,3502.0,0.0008573878250928837,14.0,128
226237468d41e56c,RTS,2023-05-10,C:\data_quote\data_finam_RTS_tick_zip\20230510.zip,a908f8cb3fe2ada77e02991ef2f051722c2242f44c5092572cebf9363705e1d7,102655,189819,175,ready,158.0,2023-04-10,2023-05-08,20,3499.0,3479.0,-0.005715918833952558,17.0,335
226237468d41e56c,RTS,2023-05-11,C:\data_quote\data_finam_RTS_tick_zip\20230511.zip,2a6b9429efc2eb288d383cd26df69840bd652c16e7db57f45a3600e2359c98e0,127846,243380,175,ready,162.0,2023-04-11,2023-05-10,20,3499.0,3506.0,0.002000571591883395,14.0,440
226237468d41e56c,RTS,2023-05-12,C:\data_quote\data_finam_RTS_tick_zip\20230512.zip,4830f4124192f4e59530cfc37f9874bf24e0a1f5c26b94c6c34ee2cf7c3a67e8,84808,154271,175,ready,169.0,2023-04-12,2023-05-11,20,3499.0,3518.0,0.0054301228922549296,14.0,228
226237468d41e56c,RTS,2023-05-15,C:\data_quote\data_finam_RTS_tick_zip\20230515.zip,45a0a438cbf14223b4b216d76d01a960ace93ce8246a645b4d2494c1eaabae49,72033,125304,175,ready,173.0,2023-04-13,2023-05-12,20,3499.0,3483.0,-0.004572735067162046,15.0,184
226237468d41e56c,RTS,2023-05-16,C:\data_quote\data_finam_RTS_tick_zip\20230516.zip,d18a0e3a7be89912d3550a747bf22cc025f3baadcc5bd49df44a7b8621d28721,80892,132975,175,ready,174.0,2023-04-14,2023-05-15,20,3499.0,3514.0,0.004286939125464418,16.0,179
226237468d41e56c,RTS,2023-05-17,C:\data_quote\data_finam_RTS_tick_zip\20230517.zip,345770a9ba3ac6ddaa366f7362f32e784097827639bc3e72cf5358fec7d5073d,85938,150249,175,ready,175.0,2023-04-17,2023-05-16,20,3499.0,3502.0,0.0008573878250928837,16.0,211
226237468d41e56c,RTS,2023-05-18,C:\data_quote\data_finam_RTS_tick_zip\20230518.zip,8f770d13b95ee6814fe4cf34538ecc3969050a1f22e9e2c383643a9398d22200,87438,153962,175,ready,180.0,2023-04-18,2023-05-17,20,3499.0,3490.0,-0.002572163475278651,15.0,201
226237468d41e56c,RTS,2023-05-19,C:\data_quote\data_finam_RTS_tick_zip\20230519.zip,6cd90e82cd410a2ac3254f9cc357381109c34b73e12d9942f6dde7d6fad73ec2,61919,103179,175,ready,182.0,2023-04-19,2023-05-18,20,3499.0,3466.0,-0.00943126607602172,16.0,119
226237468d41e56c,RTS,2023-05-22,C:\data_quote\data_finam_RTS_tick_zip\20230522.zip,195b0855f30abc20be3aa25b9979aca09a34d9261882a4be86bfbbe9c4ad12f1,53807,90148,175,ready,177.0,2023-04-20,2023-05-19,20,3500.0,3499.0,-0.00028571428571428574,17.0,134
226237468d41e56c,RTS,2023-05-23,C:\data_quote\data_finam_RTS_tick_zip\20230523.zip,c558f2086f1dcfa0f1e1813483346e7b7b6675d164f75fcf9a922e82ca7c29fb,87859,152199,175,ready,176.0,2023-04-21,2023-05-22,20,3500.0,3504.0,0.001142857142857143,17.0,220
226237468d41e56c,RTS,2023-05-24,C:\data_quote\data_finam_RTS_tick_zip\20230524.zip,336acda49cc718cfe9ab2a8146674d61429faa98bc9406ac066450a8b599614e,59315,98110,175,ready,181.0,2023-04-24,2023-05-23,20,3500.0,3472.0,-0.008,17.0,139
226237468d41e56c,RTS,2023-05-25,C:\data_quote\data_finam_RTS_tick_zip\20230525.zip,ea1a79b276aa5ed8597edf8262b623a55971c053b88cbc1c12ac5363c0ffea6d,54640,87116,175,ready,182.0,2023-04-25,2023-05-24,20,3500.0,3498.0,-0.0005714285714285715,17.0,95
226237468d41e56c,RTS,2023-05-26,C:\data_quote\data_finam_RTS_tick_zip\20230526.zip,7990cbb01ba77a5a744c11c3b3e6c4f32076ddf799feb6f5ecc4f066d7f5afef,53652,92652,175,ready,182.0,2023-04-26,2023-05-25,20,3500.0,3499.0,-0.00028571428571428574,17.0,127
226237468d41e56c,RTS,2023-05-29,C:\data_quote\data_finam_RTS_tick_zip\20230529.zip,afece6c0a9a29acc1e85b5a707c535643e68d460a705b6a7063689de3b5cd004,56697,99502,175,ready,182.0,2023-04-27,2023-05-26,20,3500.0,3508.0,0.002285714285714286,15.0,137
226237468d41e56c,RTS,2023-05-30,C:\data_quote\data_finam_RTS_tick_zip\20230530.zip,a42dc06365c0ff71ffafe5d176487f1d588a9a27fc550b2be35908391b14e2fb,79282,146400,175,ready,184.0,2023-04-28,2023-05-29,20,3500.0,3488.0,-0.0034285714285714284,17.0,230
226237468d41e56c,RTS,2023-05-31,C:\data_quote\data_finam_RTS_tick_zip\20230531.zip,5b88efcbd2954eed10b8bc18a6738c3261b377c4932aedd0515d42ae7a4207f5,62834,108569,175,ready,185.0,2023-05-02,2023-05-30,20,3500.0,3502.0,0.0005714285714285715,17.0,142
226237468d41e56c,RTS,2023-06-01,C:\data_quote\data_finam_RTS_tick_zip\20230601.zip,34a0bca40985a6d8b7e1289c96fa037ea3553f1639b70a39b377e64ac1d0ded4,53314,91172,172,ready,185.0,2023-05-03,2023-05-31,20,3500.0,3505.0,0.0014285714285714286,14.0,121
226237468d41e56c,RTS,2023-06-02,C:\data_quote\data_finam_RTS_tick_zip\20230602.zip,5753ae8032a3cccd834a6278ece8a9cbbcff79ccadc353316086b44cc188a90f,57121,102839,175,ready,181.0,2023-05-04,2023-06-01,20,3497.0,3495.0,-0.0005719187875321705,17.0,137
226237468d41e56c,RTS,2023-06-05,C:\data_quote\data_finam_RTS_tick_zip\20230605.zip,0cd6e70a85c641255dae89a4ece8497bfcb1eed8ba49a84fe726c54639658525,78747,142680,175,ready,181.0,2023-05-05,2023-06-02,20,3497.0,3491.0,-0.0017157563625965113,17.0,232
226237468d41e56c,RTS,2023-06-06,C:\data_quote\data_finam_RTS_tick_zip\20230606.zip,e42baa85803afa3c16351fd7b8c8311c94865c041f02ac4311859f2a12f7824c,85750,172905,175,ready,183.0,2023-05-08,2023-06-05,20,3497.0,3485.0,-0.0034315127251930227,16.0,275
226237468d41e56c,RTS,2023-06-07,C:\data_quote\data_finam_RTS_tick_zip\20230607.zip,ac3e418b6ed79209f712ab6f7ac1cee52bce98167a28705b59d69ab082cb3f54,56256,113732,175,ready,188.0,2023-05-10,2023-06-06,20,3497.0,3503.0,0.0017157563625965113,17.0,178
226237468d41e56c,RTS,2023-06-08,C:\data_quote\data_finam_RTS_tick_zip\20230608.zip,199d3ab36d558c1b9bfbc0a583cf1e7edc78edee99e829f7fbe629ef61fd8c8b,55862,93275,175,ready,185.0,2023-05-11,2023-06-07,20,3497.0,3508.0,0.0031455533314269373,15.0,116
226237468d41e56c,RTS,2023-06-09,C:\data_quote\data_finam_RTS_tick_zip\20230609.zip,27f9915b88c43b40c556c6f1a220a60cc647526eeac75709d00b3ef70064edd8,56027,97038,175,ready,174.0,2023-05-12,2023-06-08,20,3497.0,3473.0,-0.006863025450386045,15.0,151
226237468d41e56c,RTS,2023-06-13,C:\data_quote\data_finam_RTS_tick_zip\20230613.zip,d2a8b60bf1c48718beb14ab513361066904c1807f7ab345db2808ede92d6fc66,58879,107512,175,ready,171.0,2023-05-15,2023-06-09,20,3497.0,3497.0,0.0,16.0,147
226237468d41e56c,RTS,2023-06-14,C:\data_quote\data_finam_RTS_tick_zip\20230614.zip,ae2e73444ed20928e0394e06588fd23903c4b6a241ec018e63bf55ede04ebf6f,23987,43340,175,ready,169.0,2023-05-16,2023-06-13,20,3497.0,3515.0,0.005147269087789534,15.0,76
226237468d41e56c,RTS,2023-06-15,C:\data_quote\data_finam_RTS_tick_zip\20230615.zip,092a78e65c2c1a9ce3e32da7a71b33580bc48e44894d3a3fb719fd762621e853,52745,104047,175,ready,167.0,2023-05-17,2023-06-14,20,3497.0,3486.0,-0.0031455533314269373,16.0,173
226237468d41e56c,RTS,2023-06-16,C:\data_quote\data_finam_RTS_tick_zip\20230616.zip,ea43ff3e0df4de68661e6096f74f7922775e497438f8c6b6b0c782c386632979,50147,87227,175,ready,166.0,2023-05-18,2023-06-15,20,3497.0,3503.0,0.0017157563625965113,17.0,137
226237468d41e56c,RTS,2023-06-19,C:\data_quote\data_finam_RTS_tick_zip\20230619.zip,377b52bf82efb5dd875b5442571ba6f04e74fb268e28864dd3da3f17f439e7b8,50092,87682,175,ready,163.0,2023-05-19,2023-06-16,20,3497.0,3492.0,-0.0014297969688304261,15.0,142
226237468d41e56c,RTS,2023-06-20,C:\data_quote\data_finam_RTS_tick_zip\20230620.zip,5ab88cc7c8b4bb0effceda833e571319507ebecacdaf2001ff3c19661c6475eb,57470,104851,175,ready,163.0,2023-05-22,2023-06-19,20,3497.0,3511.0,0.004003431512725193,15.0,195
226237468d41e56c,RTS,2023-06-21,C:\data_quote\data_finam_RTS_tick_zip\20230621.zip,9a5688cf502238b41c5d56c9aaf440f30f129a84a4f0d20295783ff990d13cdf,65120,121918,175,ready,164.0,2023-05-23,2023-06-20,20,3497.0,3521.0,0.006863025450386045,16.0,218
226237468d41e56c,RTS,2023-06-22,C:\data_quote\data_finam_RTS_tick_zip\20230622.zip,f95f0f632210b072f39cc6b26fa4dc9d5671f2feb1a0fc0cea3f381242ee2c5c,44822,80010,175,ready,164.0,2023-05-24,2023-06-21,20,3497.0,3497.0,0.0,16.0,127
226237468d41e56c,RTS,2023-06-23,C:\data_quote\data_finam_RTS_tick_zip\20230623.zip,c8167abfc914d619bf9c5dbd630586041c5200533da77d570662698fc9ffc33c,92074,173386,175,ready,163.0,2023-05-25,2023-06-22,20,3497.0,3490.0,-0.0020017157563625965,16.0,298
226237468d41e56c,RTS,2023-06-26,C:\data_quote\data_finam_RTS_tick_zip\20230626.zip,4f7174a12b773f3de1444b5671e462ae423c8c859b03aab7044fd5401900849f,121739,226534,175,ready,167.0,2023-05-26,2023-06-23,20,3497.0,3481.0,-0.004575350300257364,16.0,349
226237468d41e56c,RTS,2023-06-27,C:\data_quote\data_finam_RTS_tick_zip\20230627.zip,6c731710e32d66fc98a19b3cbfc7d8f5535cd56f8f373a13e3efecf8d5e9af99,54895,91013,175,ready,175.0,2023-05-29,2023-06-26,20,3497.0,3486.0,-0.0031455533314269373,17.0,96
226237468d41e56c,RTS,2023-06-28,C:\data_quote\data_finam_RTS_tick_zip\20230628.zip,3c8e74b6200b0beac7e15ce98a836f85ab1e58e5e4a8bd45678084ce9905ca21,54728,95149,175,ready,173.0,2023-05-30,2023-06-27,20,3497.0,3503.0,0.0017157563625965113,17.0,126
226237468d41e56c,RTS,2023-06-29,C:\data_quote\data_finam_RTS_tick_zip\20230629.zip,96cae46f5cee1c52f8687c2e8a22e1ae9a0ecce505cc2a80c1467546470697c6,65863,117027,175,ready,169.0,2023-05-31,2023-06-28,20,3497.0,3485.0,-0.0034315127251930227,17.0,179
226237468d41e56c,RTS,2023-06-30,C:\data_quote\data_finam_RTS_tick_zip\20230630.zip,4f6a2b25525c7f3799daa3ae187ab0736aabc60dfa2dad0c672202d9781fb1d9,84314,145243,175,ready,169.0,2023-06-01,2023-06-29,20,3497.0,3505.0,0.002287675150128682,15.0,194
226237468d41e56c,RTS,2023-07-03,C:\data_quote\data_finam_RTS_tick_zip\20230703.zip,63b2d7a98ea70452cb4e023ae73fe878081fc568d608f76fbcb5be5753c7cbd2,59585,103455,175,ready,172.0,2023-06-02,2023-06-30,20,3500.0,3515.0,0.004285714285714286,15.0,139
226237468d41e56c,RTS,2023-07-04,C:\data_quote\data_finam_RTS_tick_zip\20230704.zip,9f2319be8f5fb02d265f44d6bdd747f748a554a0511898c87c440dd2ee00e1b4,69242,118576,175,ready,172.0,2023-06-05,2023-07-03,20,3500.0,3501.0,0.00028571428571428574,15.0,178
226237468d41e56c,RTS,2023-07-05,C:\data_quote\data_finam_RTS_tick_zip\20230705.zip,50d163f32e6016f8c89888efe91d7b57c7ce2dd1043838db282de189f0c76807,56640,94601,175,ready,169.0,2023-06-06,2023-07-04,20,3500.0,3495.0,-0.0014285714285714286,16.0,133
226237468d41e56c,RTS,2023-07-06,C:\data_quote\data_finam_RTS_tick_zip\20230706.zip,3b953a8e2e258feb0d3f85aa42f5421eaa8b84c03e3fdd106a0db9d7a7cfa684,82796,137646,175,ready,163.0,2023-06-07,2023-07-05,20,3500.0,3515.0,0.004285714285714286,17.0,166
226237468d41e56c,RTS,2023-07-07,C:\data_quote\data_finam_RTS_tick_zip\20230707.zip,b991fe7178c33d1cf032f2a743e45198b699329ea79890d2b71373b2f0c37356,41193,68890,175,ready,162.0,2023-06-08,2023-07-06,20,3500.0,3513.0,0.0037142857142857142,14.0,84
226237468d41e56c,RTS,2023-07-10,C:\data_quote\data_finam_RTS_tick_zip\20230710.zip,350ea5cbfce2a95984cb196011bfaab10caf6e0a8b5f0e549d868f49030caa71,47905,84705,175,ready,160.0,2023-06-09,2023-07-07,20,3500.0,3505.0,0.0014285714285714286,17.0,150
226237468d41e56c,RTS,2023-07-11,C:\data_quote\data_finam_RTS_tick_zip\20230711.zip,a46a961f2cae7c8b014d0c13653593c6797f7c9a944658c7e9fd869915090557,49428,83662,175,ready,160.0,2023-06-13,2023-07-10,20,3500.0,3489.0,-0.003142857142857143,17.0,124
226237468d41e56c,RTS,2023-07-12,C:\data_quote\data_finam_RTS_tick_zip\20230712.zip,bc131f68327b39c3d7f3fdd58a69a59c5a51069aa278ef7fd09e7b9c0120e036,55375,90350,175,ready,159.0,2023-06-14,2023-07-11,20,3500.0,3526.0,0.0074285714285714285,16.0,152
226237468d41e56c,RTS,2023-07-13,C:\data_quote\data_finam_RTS_tick_zip\20230713.zip,899c86a2c23d3218e01658ee45ba67844cf430840531645b842dd9d5b00c809f,54982,93840,175,ready,161.0,2023-06-15,2023-07-12,20,3500.0,3514.0,0.004,14.0,173
226237468d41e56c,RTS,2023-07-14,C:\data_quote\data_finam_RTS_tick_zip\20230714.zip,7e31a2bce197d6746f587ee78fea19a4fb5057eb453371d3438908f55bb0da13,41581,68876,175,ready,161.0,2023-06-16,2023-07-13,20,3500.0,3503.0,0.0008571428571428571,17.0,116
226237468d41e56c,RTS,2023-07-17,C:\data_quote\data_finam_RTS_tick_zip\20230717.zip,fb4d85185e9821f8c8c55cc1338024c209c7fa451d2576c7e3c4d7a3ab65269b,54001,99648,175,ready,160.0,2023-06-19,2023-07-14,20,3500.0,3490.0,-0.002857142857142857,17.0,175
226237468d41e56c,RTS,2023-07-18,C:\data_quote\data_finam_RTS_tick_zip\20230718.zip,c615b7ca3d635bb1087befa72c7e7536b008c58d00fbf7c6f575a419b6943b9e,43474,77449,175,ready,161.0,2023-06-20,2023-07-17,20,3500.0,3504.0,0.001142857142857143,17.0,131
226237468d41e56c,RTS,2023-07-19,C:\data_quote\data_finam_RTS_tick_zip\20230719.zip,7c0e4f85ad0490faff14a238741cf5c79b77f6fd5e0239252b2d3cd04548b896,38592,66076,175,ready,159.0,2023-06-21,2023-07-18,20,3500.0,3509.0,0.0025714285714285713,16.0,122
226237468d41e56c,RTS,2023-07-20,C:\data_quote\data_finam_RTS_tick_zip\20230720.zip,6dce898339c00c59c30fc40c998b5d7999157baa5641db0c1b3af54465ddfa24,54298,94237,175,ready,154.0,2023-06-22,2023-07-19,20,3500.0,3513.0,0.0037142857142857142,14.0,168
226237468d41e56c,RTS,2023-07-21,C:\data_quote\data_finam_RTS_tick_zip\20230721.zip,d4fe413b5357a6500427ddac815bb639d11050c8fb3b764e621ea48604f9fa5b,50233,94459,175,ready,155.0,2023-06-23,2023-07-20,20,3500.0,3513.0,0.0037142857142857142,15.0,177
226237468d41e56c,RTS,2023-07-24,C:\data_quote\data_finam_RTS_tick_zip\20230724.zip,7e60dc367f357d265d216b00154e762b652b0a27c2730a6cb055b9168a384648,35351,63447,175,ready,152.0,2023-06-26,2023-07-21,20,3500.0,3504.0,0.001142857142857143,16.0,106
226237468d41e56c,RTS,2023-07-25,C:\data_quote\data_finam_RTS_tick_zip\20230725.zip,74fad1ef07a9a2966fbb603b7d067f6acddb2c14b5f3c908fc524f0365a8de5a,38012,67518,175,ready,143.0,2023-06-27,2023-07-24,20,3500.0,3495.0,-0.0014285714285714286,15.0,124
226237468d41e56c,RTS,2023-07-26,C:\data_quote\data_finam_RTS_tick_zip\20230726.zip,8b47d9147cf027900f4c9bf1550e381705e9c6c9723cea242e8cd0ee0873f4e3,34328,56805,175,ready,143.0,2023-06-28,2023-07-25,20,3500.0,3490.0,-0.002857142857142857,15.0,105
226237468d41e56c,RTS,2023-07-27,C:\data_quote\data_finam_RTS_tick_zip\20230727.zip,bcde55a88ec372cb07db6269f98a1af2adb5726e352636d4f0d15a26a18b3414,37251,65456,175,ready,141.0,2023-06-29,2023-07-26,20,3500.0,3500.0,0.0,16.0,107
226237468d41e56c,RTS,2023-07-28,C:\data_quote\data_finam_RTS_tick_zip\20230728.zip,c2e66ce85fc698ab1a60a2eb2308ba2ee38609564b23b77886f9fd51fcb1a931,36816,63223,175,ready,138.0,2023-06-30,2023-07-27,20,3500.0,3491.0,-0.0025714285714285713,16.0,101
226237468d41e56c,RTS,2023-07-31,C:\data_quote\data_finam_RTS_tick_zip\20230731.zip,6ff523ac52801959a404074bd748a8316ba007b73e5958ac6d64cc3a4f04702c,56015,98373,175,ready,133.0,2023-07-03,2023-07-28,20,3500.0,3490.0,-0.002857142857142857,13.0,190
226237468d41e56c,RTS,2023-08-01,C:\data_quote\data_finam_RTS_tick_zip\20230801.zip,d57f983c2c88308c85b8dff19c7c0132f19007da6841e0c550c743e11de05352,54996,94952,175,ready,132.0,2023-07-04,2023-07-31,20,3500.0,3513.0,0.0037142857142857142,16.0,194
226237468d41e56c,RTS,2023-08-02,C:\data_quote\data_finam_RTS_tick_zip\20230802.zip,b73901150b8773f9759afa1b2b8adac6c9e385f80aa0164425443bac6c02f367,67154,113504,175,ready,131.0,2023-07-05,2023-08-01,20,3500.0,3475.0,-0.007142857142857143,14.0,247
226237468d41e56c,RTS,2023-08-03,C:\data_quote\data_finam_RTS_tick_zip\20230803.zip,1274b64e18b8317137219f3a177ee3736b0d6553097f195682e90b37331ba3b6,56159,97540,175,ready,132.0,2023-07-06,2023-08-02,20,3500.0,3524.0,0.006857142857142857,16.0,184
226237468d41e56c,RTS,2023-08-04,C:\data_quote\data_finam_RTS_tick_zip\20230804.zip,6a62f0d343003bd0c5abaeec6288d2b2eb8df1baddfe28cb3d986a607fe19595,113354,208629,175,ready,131.0,2023-07-07,2023-08-03,20,3500.0,3479.0,-0.006,16.0,439
226237468d41e56c,RTS,2023-08-07,C:\data_quote\data_finam_RTS_tick_zip\20230807.zip,a03b440b46b1e54483812be7234cedd813462318de86fc85e3606f7417c281b8,66488,119654,175,ready,139.0,2023-07-10,2023-08-04,20,3500.0,3530.0,0.008571428571428572,16.0,187
226237468d41e56c,RTS,2023-08-08,C:\data_quote\data_finam_RTS_tick_zip\20230808.zip,2cbc2eaf41bd05bf3acf96e9249c626d32ce6db1e3c29eda752edc9d08332348,57654,110613,175,ready,139.0,2023-07-11,2023-08-07,20,3500.0,3536.0,0.010285714285714285,14.0,212
226237468d41e56c,RTS,2023-08-09,C:\data_quote\data_finam_RTS_tick_zip\20230809.zip,a2a8f54b95fac11120066967fbe947997cc30f4fdb2ef220bfa29168c32208d0,48285,89065,175,ready,140.0,2023-07-12,2023-08-08,20,3500.0,3513.0,0.0037142857142857142,15.0,144
226237468d41e56c,RTS,2023-08-10,C:\data_quote\data_finam_RTS_tick_zip\20230810.zip,5985930dec082af89456fae24cdbb00fa4e8f689afdd12e49cfa52a3ef76b838,44576,82054,175,ready,140.0,2023-07-13,2023-08-09,20,3500.0,3479.0,-0.006,15.0,149
226237468d41e56c,RTS,2023-08-11,C:\data_quote\data_finam_RTS_tick_zip\20230811.zip,f8720f001917100a901d76697d24525293bc9a4e9d9e9cdffadb9d113bf7adb3,45057,83419,175,ready,139.0,2023-07-14,2023-08-10,20,3500.0,3505.0,0.0014285714285714286,16.0,164
226237468d41e56c,RTS,2023-08-14,C:\data_quote\data_finam_RTS_tick_zip\20230814.zip,6ce025ba726597f4d2c284e28ef95fae27333d6a48953afb28ff468a6873c9ea,87056,150551,175,ready,139.0,2023-07-17,2023-08-11,20,3500.0,3526.0,0.0074285714285714285,16.0,259
226237468d41e56c,RTS,2023-08-15,C:\data_quote\data_finam_RTS_tick_zip\20230815.zip,8e962f7014eca7d2f2a33961db7bd4cf6eb146befb2f3f5db547e01107fd664d,79664,148110,175,ready,140.0,2023-07-18,2023-08-14,20,3500.0,3479.0,-0.006,16.0,242
226237468d41e56c,RTS,2023-08-16,C:\data_quote\data_finam_RTS_tick_zip\20230816.zip,e5f1c5d3ccbc29ebc82a15caeaa7e55ddde09949881335d85aa0601f59484fe3,77606,138803,175,ready,141.0,2023-07-19,2023-08-15,20,3500.0,3519.0,0.0054285714285714284,15.0,217
226237468d41e56c,RTS,2023-08-17,C:\data_quote\data_finam_RTS_tick_zip\20230817.zip,1730f9c6ba4395ecbe7c91828fc86cc337be2272814d6550103b8b3cbe7ae058,59700,110356,175,ready,144.0,2023-07-20,2023-08-16,20,3500.0,3491.0,-0.0025714285714285713,16.0,171
226237468d41e56c,RTS,2023-08-18,C:\data_quote\data_finam_RTS_tick_zip\20230818.zip,0000aa79c62849cbb86cbe0a1683210540dabeb983cc8f52a157b633a9c79e50,46537,89210,171,ready,143.0,2023-07-21,2023-08-17,20,3500.0,3511.0,0.003142857142857143,15.0,161
226237468d41e56c,RTS,2023-08-21,C:\data_quote\data_finam_RTS_tick_zip\20230821.zip,42c9f9ef7716167681094cf1af607f65b37bee44f34dd307e336892a8752bf92,49574,93557,175,ready,142.0,2023-07-24,2023-08-18,20,3496.0,3500.0,0.0011441647597254005,16.0,157
226237468d41e56c,RTS,2023-08-22,C:\data_quote\data_finam_RTS_tick_zip\20230822.zip,6bd2cb5ca5bc9523843ac5c21b4bc83d885b3d97faaeea95b72240b32b955df9,54828,102753,175,ready,144.0,2023-07-25,2023-08-21,20,3496.0,3475.0,-0.006006864988558352,16.0,169
226237468d41e56c,RTS,2023-08-23,C:\data_quote\data_finam_RTS_tick_zip\20230823.zip,583dd40e2bd6ccfcf95ccf644fda04f561298ce348f5e1dfc7d61b479dad465f,66382,135599,175,ready,145.0,2023-07-26,2023-08-22,20,3496.0,3489.0,-0.002002288329519451,16.0,252
226237468d41e56c,RTS,2023-08-24,C:\data_quote\data_finam_RTS_tick_zip\20230824.zip,32b114cc76f09182c7515771f5647145674dfcb7615b3b2421522532d788a464,41553,80038,175,ready,149.0,2023-07-27,2023-08-23,20,3496.0,3520.0,0.006864988558352402,15.0,117
226237468d41e56c,RTS,2023-08-25,C:\data_quote\data_finam_RTS_tick_zip\20230825.zip,ee8d95993d687245537fced1ee4b30916f16f292a082acb76b9125c774731522,43608,85681,175,ready,150.0,2023-07-28,2023-08-24,20,3496.0,3475.0,-0.006006864988558352,16.0,154
226237468d41e56c,RTS,2023-08-28,C:\data_quote\data_finam_RTS_tick_zip\20230828.zip,1c8257509e812aea71323f3f9d75926861f3d5bbdf5837c8a34bd5618380acc7,38739,75957,175,ready,152.0,2023-07-31,2023-08-25,20,3496.0,3468.0,-0.008009153318077803,15.0,114
226237468d41e56c,RTS,2023-08-29,C:\data_quote\data_finam_RTS_tick_zip\20230829.zip,78097fffed4a1990181b6e2cbca3ad68f86895dd1263a09f8de31e5296e40ba3,48737,93958,175,ready,150.0,2023-08-01,2023-08-28,20,3496.0,3481.0,-0.004290617848970252,16.0,149
226237468d41e56c,RTS,2023-08-30,C:\data_quote\data_finam_RTS_tick_zip\20230830.zip,3f762362c9690502f65c9388a4c2d61e802afb6f7113dc7b88c5f0c00a9a5ffd,38160,70558,175,ready,150.0,2023-08-02,2023-08-29,20,3496.0,3470.0,-0.007437070938215103,15.0,114
226237468d41e56c,RTS,2023-08-31,C:\data_quote\data_finam_RTS_tick_zip\20230831.zip,7deff3e602fa908a26d0e7ca2f2fbf74cf67b39590d7cc63a9b7661486725ea8,34917,63345,174,ready,147.0,2023-08-03,2023-08-30,20,3496.0,3507.0,0.003146453089244851,15.0,105
226237468d41e56c,RTS,2023-09-01,C:\data_quote\data_finam_RTS_tick_zip\20230901.zip,c9cafa0d169bba0d52c9badd6f04c911305150323d19dbac133773e28fc3eea7,34185,66704,175,ready,146.0,2023-08-04,2023-08-31,20,3495.0,3495.0,0.0,16.0,129
226237468d41e56c,RTS,2023-09-04,C:\data_quote\data_finam_RTS_tick_zip\20230904.zip,d81a203005a063edc6a8cf10fd9fb7a0b3db83356029c3a82bc258a84486866c,35319,66495,175,ready,140.0,2023-08-07,2023-09-01,20,3495.0,3496.0,0.0002861230329041488,15.0,131
226237468d41e56c,RTS,2023-09-05,C:\data_quote\data_finam_RTS_tick_zip\20230905.zip,cc2f618e7713596d02df8287bc60d427cea22e89ed59d77c22e3a062e8178033,51694,98970,175,ready,139.0,2023-08-08,2023-09-04,20,3495.0,3476.0,-0.0054363376251788265,16.0,223
226237468d41e56c,RTS,2023-09-06,C:\data_quote\data_finam_RTS_tick_zip\20230906.zip,f61baf443a5129f83603c5720daf0664f8931376052761622407423452946f85,43826,83611,175,ready,139.0,2023-08-09,2023-09-05,20,3495.0,3487.0,-0.0022889842632331904,14.0,168
226237468d41e56c,RTS,2023-09-07,C:\data_quote\data_finam_RTS_tick_zip\20230907.zip,fbeded28765cf10e8328693844101dab0cb60bce3abf1eb31399fc32eb28f3e9,80216,169275,175,ready,139.0,2023-08-10,2023-09-06,20,3495.0,3506.0,0.0031473533619456365,14.0,335
226237468d41e56c,RTS,2023-09-08,C:\data_quote\data_finam_RTS_tick_zip\20230908.zip,3475e8fd7ba24f285ea6ec16ab42bfcba17506d7c3c5cfa631365d7f8a40508c,55853,113309,175,ready,143.0,2023-08-11,2023-09-07,20,3495.0,3523.0,0.008011444921316165,16.0,183
226237468d41e56c,RTS,2023-09-11,C:\data_quote\data_finam_RTS_tick_zip\20230911.zip,2b264d4e6f7005f716f8378201372218b79ff6c7be337ece6acc0d2df9d3a969,49546,99604,175,ready,144.0,2023-08-14,2023-09-08,20,3495.0,3466.0,-0.008297567954220314,16.0,177
226237468d41e56c,RTS,2023-09-12,C:\data_quote\data_finam_RTS_tick_zip\20230912.zip,6ddfe1ba9a24e847d15fef2d15fe4210134b09d06ffdd6f03ca828c2905decac,51601,101981,175,ready,143.0,2023-08-15,2023-09-11,20,3495.0,3491.0,-0.0011444921316165952,15.0,178
226237468d41e56c,RTS,2023-09-13,C:\data_quote\data_finam_RTS_tick_zip\20230913.zip,28fb9f15cffe6480f93bb6c3fde5b801dc369ccd5475e2bc1cb0970ff6bab598,33365,67672,120,ready,142.0,2023-08-16,2023-09-12,20,3495.0,3483.0,-0.0034334763948497852,16.0,105
226237468d41e56c,RTS,2023-09-14,C:\data_quote\data_finam_RTS_tick_zip\20230914.zip,8ccd5f491419a7310693c0bc48201766098e82c1dfda9fb0a3cb186b7361d605,72016,145974,174,ready,140.0,2023-08-17,2023-09-13,20,3440.0,3450.0,0.0029069767441860465,16.0,231
226237468d41e56c,RTS,2023-09-15,C:\data_quote\data_finam_RTS_tick_zip\20230915.zip,6b4ab6e4c10eeafbe1fff07303b7fa63bf5cf2b4cb490490d9dcf263eee66f5a,52643,104075,174,ready,142.0,2023-08-18,2023-09-14,20,3439.0,3415.0,-0.006978772899098575,16.0,157
226237468d41e56c,RTS,2023-09-18,C:\data_quote\data_finam_RTS_tick_zip\20230918.zip,6de3a0e89a589336f0306f0b415768118774459e64ceaa0648020fcfa944a63a,33623,64135,174,ready,141.0,2023-08-21,2023-09-15,20,3442.0,3464.0,0.006391632771644393,15.0,121
226237468d41e56c,RTS,2023-09-19,C:\data_quote\data_finam_RTS_tick_zip\20230919.zip,8f8e56284aa9879fba3d25897123aae300eaebf60f6600b3d93a976e87af8d84,58567,122204,174,ready,141.0,2023-08-22,2023-09-18,20,3441.0,3426.0,-0.004359197907585004,16.0,228
226237468d41e56c,RTS,2023-09-20,C:\data_quote\data_finam_RTS_tick_zip\20230920.zip,cf90c958976f0742d396937e0470620db735c32dc6edce08b745f6f79bbb80d4,27466,44841,174,ready,142.0,2023-08-23,2023-09-19,20,3440.0,3417.0,-0.006686046511627907,16.0,83
226237468d41e56c,RTS,2023-09-21,C:\data_quote\data_finam_RTS_tick_zip\20230921.zip,5b74f9c74f43bff212f9166d91a191cbec7e95c4a8a9a945c953ab2bdd37c76c,60320,118362,174,ready,138.0,2023-08-24,2023-09-20,20,3439.0,3420.0,-0.0055248618784530384,16.0,240
226237468d41e56c,RTS,2023-09-22,C:\data_quote\data_finam_RTS_tick_zip\20230922.zip,81f74e1f37be1347ff24bfc2b956f44831dc0638ddf300f34c1385a91d114874,59106,106670,174,ready,140.0,2023-08-25,2023-09-21,20,3438.0,3423.0,-0.004363001745200698,16.0,176
226237468d41e56c,RTS,2023-09-25,C:\data_quote\data_finam_RTS_tick_zip\20230925.zip,e546c8c7036ec387a9ca9c5d61f353968df4841b34786cb889a42863884a4de9,42710,74770,174,ready,140.0,2023-08-28,2023-09-22,20,3437.0,3428.0,-0.002618562700029095,16.0,112
226237468d41e56c,RTS,2023-09-26,C:\data_quote\data_finam_RTS_tick_zip\20230926.zip,5dce55ccefa59647b5376618a224eb66da737ffc4c22587047b2ec205e636f1b,42476,75161,173,ready,140.0,2023-08-29,2023-09-25,20,3436.0,3416.0,-0.005820721769499418,16.0,124
226237468d41e56c,RTS,2023-09-27,C:\data_quote\data_finam_RTS_tick_zip\20230927.zip,6c4069d467ae2803c93bb0119f63b221455a6dc7cd30c6ce1eab5622b91618bb,37053,69942,174,ready,139.0,2023-08-30,2023-09-26,20,3434.0,3452.0,0.0052417006406523005,16.0,132
226237468d41e56c,RTS,2023-09-28,C:\data_quote\data_finam_RTS_tick_zip\20230928.zip,91cd28867a3b09e2bbfed82a68ed30c76cf9c43c88fb042a2928a3f53d1749fb,38868,72704,174,ready,139.0,2023-08-31,2023-09-27,20,3433.0,3450.0,0.004951937081270026,16.0,140
226237468d41e56c,RTS,2023-09-29,C:\data_quote\data_finam_RTS_tick_zip\20230929.zip,07577e9902c8a40cdaf80a6ff949dbf074909e8cda0cec4a22ee6e92aadc8f34,51686,100493,174,ready,140.0,2023-09-01,2023-09-28,20,3433.0,3413.0,-0.005825808330905913,16.0,212
226237468d41e56c,RTS,2023-10-02,C:\data_quote\data_finam_RTS_tick_zip\20231002.zip,2ad59341c30d83f0a13152a24a558ae3a7603655e5bb3f9a3e2cadbe8d0eea66,42101,78336,174,ready,141.0,2023-09-04,2023-09-29,20,3432.0,3470.0,0.011072261072261072,15.0,169
226237468d41e56c,RTS,2023-10-03,C:\data_quote\data_finam_RTS_tick_zip\20231003.zip,3f148251b3478e9d988dc6a2c660d981820c24c63bcd4b1887736836384edc2a,41508,75712,174,ready,142.0,2023-09-05,2023-10-02,20,3431.0,3416.0,-0.004371903235208394,15.0,154
226237468d41e56c,RTS,2023-10-04,C:\data_quote\data_finam_RTS_tick_zip\20231004.zip,e6832b5606446ac9d80bc3d1b10b94156c1e2a2e52d00cbe5ff7dbe2bca2b092,38314,65281,174,ready,141.0,2023-09-06,2023-10-03,20,3430.0,3432.0,0.0005830903790087463,16.0,123
226237468d41e56c,RTS,2023-10-05,C:\data_quote\data_finam_RTS_tick_zip\20231005.zip,4e114c85146f5d81325cc400c419ab5f2f4b8cb908a064c591fe4683264ef94d,38133,69248,174,ready,139.0,2023-09-07,2023-10-04,20,3429.0,3463.0,0.009915427238261883,16.0,128
226237468d41e56c,RTS,2023-10-06,C:\data_quote\data_finam_RTS_tick_zip\20231006.zip,326445e18bd8ba998331219865808560ee1e2668933d1cefb143c71c1a5abab9,42366,76836,174,ready,134.0,2023-09-08,2023-10-05,20,3428.0,3435.0,0.002042007001166861,16.0,155
226237468d41e56c,RTS,2023-10-09,C:\data_quote\data_finam_RTS_tick_zip\20231009.zip,4a75d7e359bceaf73fa7e20e257eb409fb6a81fc7cda6bdef5377c92e090a890,53889,104224,174,ready,131.0,2023-09-11,2023-10-06,20,3427.0,3441.0,0.004085205719288007,15.0,211
226237468d41e56c,RTS,2023-10-10,C:\data_quote\data_finam_RTS_tick_zip\20231010.zip,95dbfc735ab8972ba04d681952260a7a97a314932bce28fca2009201037946c3,34147,62453,173,ready,132.0,2023-09-12,2023-10-09,20,3426.0,3430.0,0.0011675423234092236,15.0,119
226237468d41e56c,RTS,2023-10-11,C:\data_quote\data_finam_RTS_tick_zip\20231011.zip,56d1b2d784da66abc023fefef800ea11e243b49ea933209dbdab469296d11b43,42991,78717,174,ready,130.0,2023-09-13,2023-10-10,20,3424.0,3449.0,0.0073014018691588784,15.0,178
226237468d41e56c,RTS,2023-10-12,C:\data_quote\data_finam_RTS_tick_zip\20231012.zip,ee454d877f104dbd7d9101eb75fb014f2a5a47a55cccf0263006de7e21cf8827,37024,68472,174,ready,130.0,2023-09-14,2023-10-11,20,3478.0,3498.0,0.005750431282346176,16.0,153
226237468d41e56c,RTS,2023-10-13,C:\data_quote\data_finam_RTS_tick_zip\20231013.zip,03b72dd49e4d248211ca2c7305f1c9982adeb341f2852c9f26d8a0599a9d7755,37146,66613,174,ready,128.0,2023-09-15,2023-10-12,20,3478.0,3489.0,0.0031627372052903968,16.0,149
226237468d41e56c,RTS,2023-10-16,C:\data_quote\data_finam_RTS_tick_zip\20231016.zip,71d73b2d64b5467cd7cd79905ae8896289548fda5d5e6a5419dbd2f4632a7936,30459,58901,174,ready,126.0,2023-09-18,2023-10-13,20,3478.0,3465.0,-0.0037377803335250145,14.0,118
226237468d41e56c,RTS,2023-10-17,C:\data_quote\data_finam_RTS_tick_zip\20231017.zip,91010447aeeaf854e5e159858acd00c273317d3d18b27ee2a203c3c800444da1,34505,59245,174,ready,125.0,2023-09-19,2023-10-16,20,3478.0,3500.0,0.0063254744105807935,16.0,102
226237468d41e56c,RTS,2023-10-18,C:\data_quote\data_finam_RTS_tick_zip\20231018.zip,5040244d1eb9684e341f6097418c3cf6805424fb60f6765010edd17d7e950026,42793,77148,174,ready,121.0,2023-09-20,2023-10-17,20,3478.0,3505.0,0.007763082231167337,14.0,195
226237468d41e56c,RTS,2023-10-19,C:\data_quote\data_finam_RTS_tick_zip\20231019.zip,a17b603fc6fb991d24ce4557df7e8a8e8ad7838e79f54d6dd7b661404ae7dd8d,34084,59938,174,ready,124.0,2023-09-21,2023-10-18,20,3478.0,3475.0,-0.0008625646923519264,14.0,141
226237468d41e56c,RTS,2023-10-20,C:\data_quote\data_finam_RTS_tick_zip\20231020.zip,4c4e18dd323202afc46f33f99284f42252aba4a18b3cb792c626711a59a33c6a,39747,72825,174,ready,121.0,2023-09-22,2023-10-19,20,3478.0,3469.0,-0.002587694077055779,14.0,180
226237468d41e56c,RTS,2023-10-23,C:\data_quote\data_finam_RTS_tick_zip\20231023.zip,658ace958f081f13ba0e0dde742f2c368df3bf9fa07f9f53c4a7042a4b4b1fc2,34859,61907,174,ready,120.0,2023-09-25,2023-10-20,20,3478.0,3449.0,-0.008338125359401954,15.0,153
226237468d41e56c,RTS,2023-10-24,C:\data_quote\data_finam_RTS_tick_zip\20231024.zip,5cbd6f26c25b3e24568607475b24fa0d05348417d083d99192ddda65ab5d6879,33139,57107,174,ready,120.0,2023-09-26,2023-10-23,20,3478.0,3451.0,-0.007763082231167337,16.0,140
226237468d41e56c,RTS,2023-10-25,C:\data_quote\data_finam_RTS_tick_zip\20231025.zip,c5e3d861ccf55633aabed4c976d8b7b600c30cef46e4ee50834a5eb18fdd3cd9,39732,67251,174,ready,119.0,2023-09-27,2023-10-24,20,3479.0,3490.0,0.0031618281115263006,15.0,145
226237468d41e56c,RTS,2023-10-26,C:\data_quote\data_finam_RTS_tick_zip\20231026.zip,efc00f955042585a9ecf55cabb0ff10b5c9fe5889343dbce1724cb9625768906,51574,93349,174,ready,119.0,2023-09-28,2023-10-25,20,3479.0,3478.0,-0.0002874389192296637,15.0,214
226237468d41e56c,RTS,2023-10-27,C:\data_quote\data_finam_RTS_tick_zip\20231027.zip,34a14a07bf80308f1d1012efbcc2fd786970af7c6c39ae3ace25c463e729a6cd,51993,95797,174,ready,119.0,2023-09-29,2023-10-26,20,3479.0,3514.0,0.01006036217303823,14.0,237
226237468d41e56c,RTS,2023-10-30,C:\data_quote\data_finam_RTS_tick_zip\20231030.zip,71aad98f53540eb05e14c6fbcff8fc04291a10f5d00531feab1e5bdb1e1c8005,37834,65409,174,ready,119.0,2023-10-02,2023-10-27,20,3479.0,3498.0,0.0054613394653636104,14.0,154
226237468d41e56c,RTS,2023-10-31,C:\data_quote\data_finam_RTS_tick_zip\20231031.zip,3d77a6aa118d68aa490f6c7e60d069228f1846d94ccf1b12e6777ac747ea6d56,51937,92460,175,ready,118.0,2023-10-03,2023-10-30,20,3479.0,3500.0,0.006036217303822937,16.0,208
226237468d41e56c,RTS,2023-11-01,C:\data_quote\data_finam_RTS_tick_zip\20231101.zip,e4da3d8647bce7842f9a49c9864d0122bb58aac422649c9af79aa1077c5d138a,32833,61830,175,ready,119.0,2023-10-04,2023-10-31,20,3480.0,3469.0,-0.003160919540229885,14.0,157
226237468d41e56c,RTS,2023-11-02,C:\data_quote\data_finam_RTS_tick_zip\20231102.zip,e111651c2b9ff246c15271837306db370d58814322aa9474b6136af9ee287f45,32382,55649,175,ready,119.0,2023-10-05,2023-11-01,20,3481.0,3465.0,-0.004596380350474002,14.0,143
226237468d41e56c,RTS,2023-11-03,C:\data_quote\data_finam_RTS_tick_zip\20231103.zip,01fd0f7ed41b2fb9d460fa1fe6e18930f5103ff0b09d83b726fe7620e4ba30f8,31406,55900,175,ready,118.0,2023-10-06,2023-11-02,20,3482.0,3490.0,0.0022975301550832855,16.0,146
226237468d41e56c,RTS,2023-11-06,C:\data_quote\data_finam_RTS_tick_zip\20231106.zip,3548a264fbb8577bf80d1a49c27ccdaf93d5ee225e90c041a326018909082ee9,23691,42119,174,ready,118.0,2023-10-09,2023-11-03,20,3483.0,3452.0,-0.008900373241458513,14.0,100
226237468d41e56c,RTS,2023-11-07,C:\data_quote\data_finam_RTS_tick_zip\20231107.zip,2b28b89f967cf25c4cfaf9c71fd9874df56aa56ae6527fa59913eb22d1b04171,28642,49518,174,ready,114.0,2023-10-10,2023-11-06,20,3483.0,3450.0,-0.009474590869939707,14.0,104
226237468d41e56c,RTS,2023-11-08,C:\data_quote\data_finam_RTS_tick_zip\20231108.zip,bcd27bae4bc3ec92798be4e4575b9eb53f69585634989bfec51507daa687caaf,35038,57551,175,ready,113.0,2023-10-11,2023-11-07,20,3484.0,3474.0,-0.0028702640642939152,15.0,149
226237468d41e56c,RTS,2023-11-09,C:\data_quote\data_finam_RTS_tick_zip\20231109.zip,d2fc1bbe1fbf722721aa5877009f4bf3f5c6227a675d7eb6a13ed2a7d970a143,37513,64130,175,ready,111.0,2023-10-12,2023-11-08,20,3485.0,3486.0,0.00028694404591104734,16.0,194
226237468d41e56c,RTS,2023-11-10,C:\data_quote\data_finam_RTS_tick_zip\20231110.zip,f2ef0bd6e8182d4b1575e0d4726b93448074e1262b4fc0ca9e1017b14551e984,29116,50989,175,ready,111.0,2023-10-13,2023-11-09,20,3486.0,3490.0,0.0011474469305794606,16.0,160
226237468d41e56c,RTS,2023-11-13,C:\data_quote\data_finam_RTS_tick_zip\20231113.zip,659387342e19f03fafd95678d04cfb0e72ab9a93ecd351ff778094080d452f95,34491,62570,175,ready,110.0,2023-10-16,2023-11-10,20,3487.0,3491.0,0.0011471178663607685,16.0,175
226237468d41e56c,RTS,2023-11-14,C:\data_quote\data_finam_RTS_tick_zip\20231114.zip,b71bacd4e09410d1aa3e04334a08242f9844299119afc69fb6c8a762f96bb19e,35832,63837,175,ready,111.0,2023-10-17,2023-11-13,20,3488.0,3500.0,0.0034403669724770644,14.0,193
226237468d41e56c,RTS,2023-11-15,C:\data_quote\data_finam_RTS_tick_zip\20231115.zip,60a7ae446a150484a4c25f1b48fbf8419e15900bde7262b0d37a06f4ecda3fa0,41354,72990,175,ready,112.0,2023-10-18,2023-11-14,20,3489.0,3486.0,-0.0008598452278589854,15.0,204
226237468d41e56c,RTS,2023-11-16,C:\data_quote\data_finam_RTS_tick_zip\20231116.zip,4679c731ee6303b5eb2e9033334be66b3b61638b0df378730079a2ba8520c990,36874,65718,175,ready,112.0,2023-10-19,2023-11-15,20,3490.0,3474.0,-0.004584527220630372,15.0,173
226237468d41e56c,RTS,2023-11-17,C:\data_quote\data_finam_RTS_tick_zip\20231117.zip,ecc803fd5c14186d2f94aea0f733178cc013b45409b25f2a67d39530a5c90967,37383,63058,175,ready,112.0,2023-10-20,2023-11-16,20,3491.0,3489.0,-0.0005729017473503294,15.0,172
226237468d41e56c,RTS,2023-11-20,C:\data_quote\data_finam_RTS_tick_zip\20231120.zip,cbfa52af0f193e9c15bdf61739e01f821d54111f510f088b63c2844b9d839221,38056,70575,175,ready,112.0,2023-10-23,2023-11-17,20,3492.0,3458.0,-0.009736540664375716,15.0,189
226237468d41e56c,RTS,2023-11-21,C:\data_quote\data_finam_RTS_tick_zip\20231121.zip,fe11682c703ed701c3b14bcda1ca39fe43eb1b4b68fa12cbafe7d26306063151,31740,54275,175,ready,112.0,2023-10-24,2023-11-20,20,3493.0,3481.0,-0.0034354423131978244,15.0,148
226237468d41e56c,RTS,2023-11-22,C:\data_quote\data_finam_RTS_tick_zip\20231122.zip,1568245cf2b7fea7580cbe867b38ec66ed7ae51f88e97d67bbcb45df3ca05a58,32596,56242,175,ready,112.0,2023-10-25,2023-11-21,20,3494.0,3473.0,-0.006010303377218088,15.0,146
226237468d41e56c,RTS,2023-11-23,C:\data_quote\data_finam_RTS_tick_zip\20231123.zip,2ab5530af223505df226d44abd3a94829529d3c6dd279f2e7584bf509817b429,32037,52308,175,ready,112.0,2023-10-26,2023-11-22,20,3495.0,3449.0,-0.013161659513590844,16.0,124
226237468d41e56c,RTS,2023-11-24,C:\data_quote\data_finam_RTS_tick_zip\20231124.zip,9ee918cbd6212e0e1506d3f56ab3d4022d4e9dddc0d5d5fc72e4c2eac3cd04df,44326,79132,175,ready,109.0,2023-10-27,2023-11-23,20,3496.0,3499.0,0.0008581235697940503,15.0,253
226237468d41e56c,RTS,2023-11-27,C:\data_quote\data_finam_RTS_tick_zip\20231127.zip,b45af0dc9b7f53a4ab35aeef83210491fa0d73da31b72847074c4483814f47e0,39060,70841,175,ready,109.0,2023-10-30,2023-11-24,20,3497.0,3494.0,-0.0008578781812982557,13.0,207
226237468d41e56c,RTS,2023-11-28,C:\data_quote\data_finam_RTS_tick_zip\20231128.zip,6303b450d28a0bd214b8eb8328635eda78197a82e199c315765e3a1841b9fae3,29945,51503,175,ready,110.0,2023-10-31,2023-11-27,20,3498.0,3491.0,-0.002001143510577473,15.0,125
226237468d41e56c,RTS,2023-11-29,C:\data_quote\data_finam_RTS_tick_zip\20231129.zip,ebda0af966ce421c4ff73dcf0a8bdefd7a591863f2dc504d1a5064ca56110ba7,39864,70978,175,ready,107.0,2023-11-01,2023-11-28,20,3498.0,3519.0,0.006003430531732418,14.0,216
226237468d41e56c,RTS,2023-11-30,C:\data_quote\data_finam_RTS_tick_zip\20231130.zip,0ea553204ba77f41f6546f9a49254f9a7dc8beefa0aa7ded75acbb05329d8339,46871,82948,175,ready,108.0,2023-11-02,2023-11-29,20,3498.0,3501.0,0.0008576329331046312,14.0,227
226237468d41e56c,RTS,2023-12-01,C:\data_quote\data_finam_RTS_tick_zip\20231201.zip,ddf4773fedce7b904e2a9145ba17717b2b85f96ffc3d8cdb28679188097b1df2,36685,66070,175,ready,110.0,2023-11-03,2023-11-30,20,3498.0,3488.0,-0.002858776443682104,15.0,182
226237468d41e56c,RTS,2023-12-04,C:\data_quote\data_finam_RTS_tick_zip\20231204.zip,2575535077c1d74fa15574563cb944697865e9dc2f9bde533371898edfa40950,37617,73508,175,ready,110.0,2023-11-06,2023-12-01,20,3498.0,3518.0,0.005717552887364208,14.0,225
226237468d41e56c,RTS,2023-12-05,C:\data_quote\data_finam_RTS_tick_zip\20231205.zip,00978c207fa2f5731195a745f236281c65250c2c6e704646059817c38fec6031,39228,76830,175,ready,112.0,2023-11-07,2023-12-04,20,3499.0,3503.0,0.0011431837667905116,14.0,202
226237468d41e56c,RTS,2023-12-06,C:\data_quote\data_finam_RTS_tick_zip\20231206.zip,a2d63edf39973c7851a74fc96adef2ee4c338fd729f0d943d7269fcf2e385c85,63640,125223,175,ready,115.0,2023-11-08,2023-12-05,20,3500.0,3498.0,-0.0005714285714285715,13.0,316
226237468d41e56c,RTS,2023-12-07,C:\data_quote\data_finam_RTS_tick_zip\20231207.zip,3414faa08ca4c4099f62073d042a8b3bd3afe9ada1e78131c35e5c034f7443d8,47843,92497,175,ready,119.0,2023-11-09,2023-12-06,20,3500.0,3505.0,0.0014285714285714286,16.0,184
226237468d41e56c,RTS,2023-12-08,C:\data_quote\data_finam_RTS_tick_zip\20231208.zip,26ebb675017a7e8d4301f71b82516523aab1f643bbb6c676d6a0b547efa2cf73,39639,76935,175,ready,119.0,2023-11-10,2023-12-07,20,3500.0,3512.0,0.0034285714285714284,15.0,177
226237468d41e56c,RTS,2023-12-11,C:\data_quote\data_finam_RTS_tick_zip\20231211.zip,7b9c49d4d9f7920d177c0f09cb4738be6e7db26670115f739a40dba9b1a8dbed,49975,91539,175,ready,120.0,2023-11-13,2023-12-08,20,3500.0,3517.0,0.004857142857142857,15.0,185
226237468d41e56c,RTS,2023-12-12,C:\data_quote\data_finam_RTS_tick_zip\20231212.zip,d8806e0e00c483aff320f072913d11985ddb3a8214d0fb024e4f64ea105785bf,47435,89329,175,ready,121.0,2023-11-14,2023-12-11,20,3500.0,3516.0,0.004571428571428572,15.0,196
226237468d41e56c,RTS,2023-12-13,C:\data_quote\data_finam_RTS_tick_zip\20231213.zip,c2aeac200dda02e2aa726b7aaeb6c3b58e50cdabc7c9ecdea6a48538f4763c47,39660,73140,175,ready,122.0,2023-11-15,2023-12-12,20,3500.0,3469.0,-0.008857142857142857,15.0,165
226237468d41e56c,RTS,2023-12-14,C:\data_quote\data_finam_RTS_tick_zip\20231214.zip,93e043d6f9bea949e08c70a99ea141fe84fc817cba2359d9a5f0c7062212c52f,50200,95264,175,ready,121.0,2023-11-16,2023-12-13,20,3500.0,3538.0,0.010857142857142857,16.0,238
226237468d41e56c,RTS,2023-12-15,C:\data_quote\data_finam_RTS_tick_zip\20231215.zip,e5448880bfd6ed9bd173b50e6fafa8a1347377671ab5ac704618e6a05bb4b5ac,51263,99291,175,ready,123.0,2023-11-17,2023-12-14,20,3500.0,3492.0,-0.002285714285714286,14.0,228
226237468d41e56c,RTS,2023-12-18,C:\data_quote\data_finam_RTS_tick_zip\20231218.zip,2bdddb1c957f73bb1aa1209702a0740b2fcca87d35d410d8d113a77dbe3bdcf4,40921,75023,175,ready,125.0,2023-11-20,2023-12-15,20,3500.0,3486.0,-0.004,14.0,150
226237468d41e56c,RTS,2023-12-19,C:\data_quote\data_finam_RTS_tick_zip\20231219.zip,b9eed8e4e90503deb63fe7cf7fe0799990e637b94d53027012e458c9f46b41f3,39338,70575,175,ready,124.0,2023-11-21,2023-12-18,20,3500.0,3518.0,0.005142857142857143,14.0,152
226237468d41e56c,RTS,2023-12-20,C:\data_quote\data_finam_RTS_tick_zip\20231220.zip,db61b104f92d734a357c10782bad5be7b866af9c1d18ebd8e99a63002dcc854a,12308,17059,174,ready,125.0,2023-11-22,2023-12-19,20,3500.0,3485.0,-0.004285714285714286,15.0,37
226237468d41e56c,RTS,2023-12-21,C:\data_quote\data_finam_RTS_tick_zip\20231221.zip,21d731a3fe2cc36a42941bf5ed5703d65408a7c56b1c6951ccef32975768c1d0,39409,64750,175,ready,122.0,2023-11-23,2023-12-20,20,3499.0,3507.0,0.002286367533581023,16.0,137
226237468d41e56c,RTS,2023-12-22,C:\data_quote\data_finam_RTS_tick_zip\20231222.zip,c47fd999006b2787cb57f7df0cf1bfae455bfd5b6c988c70f1fabab44dad759f,31060,53499,175,ready,123.0,2023-11-24,2023-12-21,20,3499.0,3514.0,0.004286939125464418,16.0,127
226237468d41e56c,RTS,2023-12-25,C:\data_quote\data_finam_RTS_tick_zip\20231225.zip,54ce80067a33c23f8e4a494b0198cb552d0f23a6af4bd994fcc1f0f77463059d,28028,49852,174,ready,120.0,2023-11-27,2023-12-22,20,3499.0,3526.0,0.007716490425835953,16.0,112
226237468d41e56c,RTS,2023-12-26,C:\data_quote\data_finam_RTS_tick_zip\20231226.zip,434ce2551e004450d6bf8d7e5cf734bd3d822d7960a62cbf3e83462b663875a6,23701,43488,175,ready,118.0,2023-11-28,2023-12-25,20,3498.0,3511.0,0.0037164093767867354,16.0,93
226237468d41e56c,RTS,2023-12-27,C:\data_quote\data_finam_RTS_tick_zip\20231227.zip,3d74c2aa53bdff9bdcb42741ed25717d04c343a4f3d0ed2f7c744a80d50a7516,24440,44931,175,ready,118.0,2023-11-29,2023-12-26,20,3498.0,3495.0,-0.0008576329331046312,16.0,107
226237468d41e56c,RTS,2023-12-28,C:\data_quote\data_finam_RTS_tick_zip\20231228.zip,de4ba7c8f7ef24b63fca1ead40bbdb6081132f11f9d139fec69877543a219727,36461,68645,174,ready,116.0,2023-11-30,2023-12-27,20,3498.0,3509.0,0.0031446540880503146,16.0,187
226237468d41e56c,RTS,2023-12-29,C:\data_quote\data_finam_RTS_tick_zip\20231229.zip,a3866fb0eceb5736f744e9b102aa077f0941b44d7875d059e7a450727d18c5a2,23902,44147,175,ready,116.0,2023-12-01,2023-12-28,20,3497.0,3483.0,-0.004003431512725193,14.0,116
226237468d41e56c,RTS,2024-01-03,C:\data_quote\data_finam_RTS_tick_zip\20240103.zip,51f2577e98960749ae29e3bc58d0d9241e330a38d8a65ca0312c72d205f1c170,17373,31084,174,ready,114.0,2023-12-04,2023-12-29,20,3497.0,3495.0,-0.0005719187875321705,14.0,76
226237468d41e56c,RTS,2024-01-04,C:\data_quote\data_finam_RTS_tick_zip\20240104.zip,46a0dc320506032f7937e8e642b3af0f0201589f2002ad516be0c961911b5ab3,19294,32626,173,ready,111.0,2023-12-05,2024-01-03,20,3496.0,3519.0,0.006578947368421052,13.0,62
226237468d41e56c,RTS,2024-01-05,C:\data_quote\data_finam_RTS_tick_zip\20240105.zip,fad7ee60ab3876178000de83b5c1e8635fb1b2951e26cf310053037ad83a0436,13821,25493,173,ready,108.0,2023-12-06,2024-01-04,20,3494.0,3504.0,0.0028620492272467086,14.0,53
226237468d41e56c,RTS,2024-01-08,C:\data_quote\data_finam_RTS_tick_zip\20240108.zip,546bdcf70f0db64b2efaa54bedc6ba162fec13df04798fac1c6a1b582b74cc9e,24316,41844,175,ready,101.0,2023-12-07,2024-01-05,20,3492.0,3521.0,0.008304696449026346,15.0,125
226237468d41e56c,RTS,2024-01-09,C:\data_quote\data_finam_RTS_tick_zip\20240109.zip,ab41643cee86dc7f33233c3cfa9fb1a777f8b4585f787d76e091b9502d550d18,27227,46167,175,ready,99.0,2023-12-08,2024-01-08,20,3492.0,3487.0,-0.0014318442153493699,13.0,141
226237468d41e56c,RTS,2024-01-10,C:\data_quote\data_finam_RTS_tick_zip\20240110.zip,e28873fd8337c6a3c20b9e08e7b0c75d9214109f2c545897bb6225a005f02340,22157,36855,175,ready,96.0,2023-12-11,2024-01-09,20,3492.0,3503.0,0.003150057273768614,13.0,114
226237468d41e56c,RTS,2024-01-11,C:\data_quote\data_finam_RTS_tick_zip\20240111.zip,7e036cadb4f274d18a45658b993e36763b9d4cbf59ee79b3a041b1028bd7fdad,26098,44484,175,ready,94.0,2023-12-12,2024-01-10,20,3492.0,3519.0,0.007731958762886598,14.0,129
226237468d41e56c,RTS,2024-01-12,C:\data_quote\data_finam_RTS_tick_zip\20240112.zip,dd71fa435d982cc52a328b7b936b77106b7c5e99f851573ff5d210f69f9d9132,26575,45669,175,ready,91.0,2023-12-13,2024-01-11,20,3492.0,3528.0,0.010309278350515464,14.0,162
226237468d41e56c,RTS,2024-01-15,C:\data_quote\data_finam_RTS_tick_zip\20240115.zip,833c1107db22391bbc4f5b0d43a07f256a1f5f3d29b7486720b84de57ea2ece3,28347,48680,174,ready,90.0,2023-12-14,2024-01-12,20,3492.0,3510.0,0.005154639175257732,13.0,160
226237468d41e56c,RTS,2024-01-16,C:\data_quote\data_finam_RTS_tick_zip\20240116.zip,d706366e8bf3aef0603afd720860ef9fffe9c21f77c715a240fb682809233425,36379,62209,175,ready,86.0,2023-12-15,2024-01-15,20,3491.0,3504.0,0.0037238613577771414,12.0,228
226237468d41e56c,RTS,2024-01-17,C:\data_quote\data_finam_RTS_tick_zip\20240117.zip,0ed29ec2cd93308bc1c0f59c627f03207ec7de66421262fd6c0d3735c2e296d2,35070,62213,175,ready,84.0,2023-12-18,2024-01-16,20,3491.0,3475.0,-0.004583213978802635,15.0,252
226237468d41e56c,RTS,2024-01-18,C:\data_quote\data_finam_RTS_tick_zip\20240118.zip,59ad952ea59bb9563c689110ac8d7efeb1dffbe85b789b4a0105f7b48a478bb2,27381,47430,175,ready,84.0,2023-12-19,2024-01-17,20,3491.0,3459.0,-0.00916642795760527,14.0,173
226237468d41e56c,RTS,2024-01-19,C:\data_quote\data_finam_RTS_tick_zip\20240119.zip,bba41ec5b91b4583718b6cf10afd71af5494f1ad4d7343418d6cbfd31045ce54,24427,45503,174,ready,82.0,2023-12-20,2024-01-18,20,3491.0,3516.0,0.007161271841879118,13.0,185
226237468d41e56c,RTS,2024-01-22,C:\data_quote\data_finam_RTS_tick_zip\20240122.zip,ec6f649f84699f819a54c6d9e757139c1b8759a96b318b71c109a7a8d65a9ba0,21844,38617,175,ready,84.0,2023-12-21,2024-01-19,20,3491.0,3500.0,0.0025780578630764826,13.0,141
226237468d41e56c,RTS,2024-01-23,C:\data_quote\data_finam_RTS_tick_zip\20240123.zip,c6de9bb8c84f326b471630bb75e63b8d6facf9c520b8d39c0bfe0cdd8e998828,27363,49357,175,ready,83.0,2023-12-22,2024-01-22,20,3491.0,3494.0,0.0008593526210254941,14.0,209
226237468d41e56c,RTS,2024-01-24,C:\data_quote\data_finam_RTS_tick_zip\20240124.zip,ee7c9b9060d114bdb70c96b5b14835bb825adda6e7306db9a0db29e0e4498a2a,28649,50604,175,ready,83.0,2023-12-25,2024-01-23,20,3491.0,3477.0,-0.004010312231452306,14.0,201
226237468d41e56c,RTS,2024-01-25,C:\data_quote\data_finam_RTS_tick_zip\20240125.zip,b3d8afb75fb100079d508489dae516be21e850485df1eb5e768a795b7d91ce88,29609,53217,175,ready,83.0,2023-12-26,2024-01-24,20,3492.0,3494.0,0.000572737686139748,14.0,193
226237468d41e56c,RTS,2024-01-26,C:\data_quote\data_finam_RTS_tick_zip\20240126.zip,101a878728e5d1f6b4642c123c58fe7749d555dff0db336fddaacdcccb671ce8,24488,42414,175,ready,84.0,2023-12-27,2024-01-25,20,3492.0,3468.0,-0.006872852233676976,13.0,157
226237468d41e56c,RTS,2024-01-29,C:\data_quote\data_finam_RTS_tick_zip\20240129.zip,37f8831d8e8bf7c799863b1499d8d572cb966fb1bf012addf8caa18d830b13bf,30624,54357,175,ready,83.0,2023-12-28,2024-01-26,20,3492.0,3525.0,0.009450171821305841,14.0,204
226237468d41e56c,RTS,2024-01-30,C:\data_quote\data_finam_RTS_tick_zip\20240130.zip,7768dd7408a30ee6fe741f7bfa97cbab07fa9e589503c1765da41929db82b2ab,23571,41219,175,ready,82.0,2023-12-29,2024-01-29,20,3493.0,3507.0,0.004008016032064128,14.0,147
226237468d41e56c,RTS,2024-01-31,C:\data_quote\data_finam_RTS_tick_zip\20240131.zip,32716585cc382e256bf537d36837cb469f19fa62bfa884cbbd50e8905b97fc76,32654,59624,175,ready,82.0,2024-01-03,2024-01-30,20,3493.0,3472.0,-0.006012024048096192,14.0,235
226237468d41e56c,RTS,2024-02-01,C:\data_quote\data_finam_RTS_tick_zip\20240201.zip,d1742d366fcc5172118509dd86f750f607dfa1adf79ac6456bbf526ee199fed5,27685,50635,175,ready,84.0,2024-01-04,2024-01-31,20,3494.0,3470.0,-0.006868918145392101,14.0,212
226237468d41e56c,RTS,2024-02-02,C:\data_quote\data_finam_RTS_tick_zip\20240202.zip,998504093747e7ede9faf5a1e44737a40a2b0ccdb68b38c4d155485deed2ca59,28755,54699,175,ready,85.0,2024-01-05,2024-02-01,20,3496.0,3525.0,0.008295194508009153,13.0,227
226237468d41e56c,RTS,2024-02-05,C:\data_quote\data_finam_RTS_tick_zip\20240205.zip,d01c7c2cb7d66dc772a2d6ba39f132dd2f087fa5faa7dd23133ec9a7251cbdf5,30895,59307,175,ready,88.0,2024-01-08,2024-02-02,20,3498.0,3487.0,-0.0031446540880503146,14.0,247
226237468d41e56c,RTS,2024-02-06,C:\data_quote\data_finam_RTS_tick_zip\20240206.zip,f41e4a74cf0e382a0bb33981dd2323abd4746caba894fd68d9a242e5cdbb2d65,18428,32566,175,ready,89.0,2024-01-09,2024-02-05,20,3498.0,3516.0,0.005145797598627788,14.0,101
226237468d41e56c,RTS,2024-02-07,C:\data_quote\data_finam_RTS_tick_zip\20240207.zip,64de2fb83b31dcc826b27f598587e8217746eed810492281c9cd6bc936eaa3e0,28418,51956,172,ready,88.0,2024-01-10,2024-02-06,20,3498.0,3524.0,0.007432818753573471,12.0,202
226237468d41e56c,RTS,2024-02-08,C:\data_quote\data_finam_RTS_tick_zip\20240208.zip,b81a23211192e735b1e198a686733d928aeb5658ef4398a730d35b1ac5f0325f,30433,56226,175,ready,90.0,2024-01-11,2024-02-07,20,3495.0,3450.0,-0.012875536480686695,14.0,229
226237468d41e56c,RTS,2024-02-09,C:\data_quote\data_finam_RTS_tick_zip\20240209.zip,27ebb0e2d84ae0f6bb2ab9b064e99f4744054ec81f68faf617b86cf4e9f9710d,25226,46019,175,ready,91.0,2024-01-12,2024-02-08,20,3495.0,3509.0,0.004005722460658083,14.0,164
226237468d41e56c,RTS,2024-02-12,C:\data_quote\data_finam_RTS_tick_zip\20240212.zip,39782bca837463e34b54d436e569654e1de219fb19919b19ad7c9f594f94322f,29250,55893,175,ready,91.0,2024-01-15,2024-02-09,20,3495.0,3511.0,0.004577968526466381,13.0,193
226237468d41e56c,RTS,2024-02-13,C:\data_quote\data_finam_RTS_tick_zip\20240213.zip,6494ebc53e5e7a3bf9d2a4316ad992527b33e84fbbf3b124e3f9a71336efb879,28892,55727,175,ready,92.0,2024-01-16,2024-02-12,20,3496.0,3477.0,-0.005434782608695652,14.0,187
226237468d41e56c,RTS,2024-02-14,C:\data_quote\data_finam_RTS_tick_zip\20240214.zip,813c915fc53f2c58284f41c62a69db19dace5af9a3ac164b15d2b36f8ab518f6,27714,54000,175,ready,91.0,2024-01-17,2024-02-13,20,3496.0,3520.0,0.006864988558352402,13.0,213
226237468d41e56c,RTS,2024-02-15,C:\data_quote\data_finam_RTS_tick_zip\20240215.zip,e3747b8625d1f2d97086e386b573c7d6bb815b7bdb870c0fdea42516799354d5,32264,64918,174,ready,91.0,2024-01-18,2024-02-14,20,3496.0,3510.0,0.004004576659038902,13.0,240
226237468d41e56c,RTS,2024-02-16,C:\data_quote\data_finam_RTS_tick_zip\20240216.zip,c0fc6079d54454643e2107620755e87b7122de4c50005c7db69dcff6e86eb3d0,32453,69932,174,ready,92.0,2024-01-19,2024-02-15,20,3495.0,3510.0,0.004291845493562232,14.0,292
226237468d41e56c,RTS,2024-02-19,C:\data_quote\data_finam_RTS_tick_zip\20240219.zip,9ef0cd45f5a37055f9f59dd02294a7c1470b4ebba61cbec1c5fcb6328b66b202,27284,56611,175,ready,95.0,2024-01-22,2024-02-16,20,3495.0,3508.0,0.0037195994277539344,13.0,238
226237468d41e56c,RTS,2024-02-20,C:\data_quote\data_finam_RTS_tick_zip\20240220.zip,4a7d65555f41de4691d12726d373c9332810d93477198387e22aac81d5b08315,34117,67407,174,ready,97.0,2024-01-23,2024-02-19,20,3495.0,3507.0,0.0034334763948497852,13.0,221
226237468d41e56c,RTS,2024-02-21,C:\data_quote\data_finam_RTS_tick_zip\20240221.zip,96fb8315f399fbedc3e7590da6a54fd4511841ea136bb57fa7e7db7dce6f7b29,47723,89843,175,ready,99.0,2024-01-24,2024-02-20,20,3494.0,3507.0,0.003720663995420721,13.0,300
226237468d41e56c,RTS,2024-02-22,C:\data_quote\data_finam_RTS_tick_zip\20240222.zip,fdb231e8e5998178111409afb5c9a378c95d1160c81f5691d1f06317fa7d2f10,41702,78481,175,ready,102.0,2024-01-25,2024-02-21,20,3494.0,3504.0,0.0028620492272467086,15.0,243
226237468d41e56c,RTS,2024-02-26,C:\data_quote\data_finam_RTS_tick_zip\20240226.zip,ecb9da6ec1e707018a30d0b8dcacb8d8054273c449f07156e04c0d5840bffa71,39601,77921,175,ready,104.0,2024-01-26,2024-02-22,20,3494.0,3480.0,-0.004006868918145392,15.0,249
226237468d41e56c,RTS,2024-02-27,C:\data_quote\data_finam_RTS_tick_zip\20240227.zip,c324058b363922c2ab2eaf80e9226c16e678703597d80c87183d2090613e3b16,21865,41535,174,ready,107.0,2024-01-29,2024-02-26,20,3494.0,3505.0,0.0031482541499713796,15.0,129
226237468d41e56c,RTS,2024-02-28,C:\data_quote\data_finam_RTS_tick_zip\20240228.zip,9bd1f236d9c33675a2d7d9194a4927f4af93182e9db91ebc44b06f48886ecfea,34147,66153,175,ready,107.0,2024-01-30,2024-02-27,20,3493.0,3488.0,-0.0014314342971657602,15.0,206
226237468d41e56c,RTS,2024-02-29,C:\data_quote\data_finam_RTS_tick_zip\20240229.zip,c2b100afdaedc8f988a42fc7f8552fb4538f59e783865eff2c0921e6e382d526,32310,60278,175,ready,109.0,2024-01-31,2024-02-28,20,3493.0,3478.0,-0.00429430289149728,15.0,176
226237468d41e56c,RTS,2024-03-01,C:\data_quote\data_finam_RTS_tick_zip\20240301.zip,25cc8f3b92c5e4612c38b7c5d67684250de2b567c8c9788c72399e4fc4851d46,23611,40957,174,ready,109.0,2024-02-01,2024-02-29,20,3493.0,3501.0,0.002290294875465216,15.0,128
226237468d41e56c,RTS,2024-03-04,C:\data_quote\data_finam_RTS_tick_zip\20240304.zip,6a40686413951a04ff6e866564806d712679f662ff4525064297f6d914f781cb,28544,53737,175,ready,109.0,2024-02-02,2024-03-01,20,3492.0,3499.0,0.002004581901489118,15.0,144
226237468d41e56c,RTS,2024-03-05,C:\data_quote\data_finam_RTS_tick_zip\20240305.zip,3b0969cbaaa707df6566bb298aaee542661946127a183576d346320f077c58ed,25011,44477,175,ready,109.0,2024-02-05,2024-03-04,20,3492.0,3464.0,-0.008018327605956471,15.0,107
226237468d41e56c,RTS,2024-03-06,C:\data_quote\data_finam_RTS_tick_zip\20240306.zip,0a989b1c12c16ccf7df789d93034c2bc58456938ee1b413f7b221ad9bccd1946,31535,60341,175,ready,107.0,2024-02-06,2024-03-05,20,3492.0,3496.0,0.001145475372279496,15.0,188
226237468d41e56c,RTS,2024-03-07,C:\data_quote\data_finam_RTS_tick_zip\20240307.zip,888cc90f41dd56765ea855940027dd93c6b7ea56792f885eb0cd9f2c5d8bb2af,26359,48360,174,ready,109.0,2024-02-07,2024-03-06,20,3492.0,3499.0,0.002004581901489118,15.0,131
226237468d41e56c,RTS,2024-03-11,C:\data_quote\data_finam_RTS_tick_zip\20240311.zip,2630628236e47feb8ba53d421e6029c4cd193785db11f736392dcfb1179cd9bb,26563,53105,175,ready,109.0,2024-02-08,2024-03-07,20,3494.0,3482.0,-0.0034344590726960505,15.0,150
226237468d41e56c,RTS,2024-03-12,C:\data_quote\data_finam_RTS_tick_zip\20240312.zip,d0af3b846a5c2093003ccc9b86598630ccb7aea2f4ce3ec42f9c761883044758,33364,69914,175,ready,109.0,2024-02-09,2024-03-11,20,3494.0,3462.0,-0.009158557527189467,15.0,228
226237468d41e56c,RTS,2024-03-13,C:\data_quote\data_finam_RTS_tick_zip\20240313.zip,27bbf562af07b7f899b7b334f172bead64636356d86bc9b3d100c9823c20abc8,35894,71266,175,ready,111.0,2024-02-12,2024-03-12,20,3494.0,3490.0,-0.0011448196908986834,15.0,226
226237468d41e56c,RTS,2024-03-14,C:\data_quote\data_finam_RTS_tick_zip\20240314.zip,c2bd715d64b8cd5de530989b838dd9a7fea74d114ebd8d576e1e55b8d42660d5,36640,73134,174,ready,112.0,2024-02-13,2024-03-13,20,3494.0,3517.0,0.00658271322266743,15.0,221
226237468d41e56c,RTS,2024-03-15,C:\data_quote\data_finam_RTS_tick_zip\20240315.zip,ea79c1f08d4c38ed76df4f27e413c59ca995131b1c0c694241963b5494eddb64,33665,69543,175,ready,114.0,2024-02-14,2024-03-14,20,3493.0,3520.0,0.007729745204695104,15.0,198
226237468d41e56c,RTS,2024-03-18,C:\data_quote\data_finam_RTS_tick_zip\20240318.zip,daea85c7d76e3985d245977484e6b969bfd211980d1e0b2c5f3a61f8c761e248,25662,53227,175,ready,115.0,2024-02-15,2024-03-15,20,3493.0,3498.0,0.0014314342971657602,15.0,136
226237468d41e56c,RTS,2024-03-19,C:\data_quote\data_finam_RTS_tick_zip\20240319.zip,835fce13f67641fc88207162059b0e2e57e186a8a83c59ab986871ffba6e53f9,36581,73937,175,ready,114.0,2024-02-16,2024-03-18,20,3494.0,3515.0,0.006010303377218088,15.0,205
226237468d41e56c,RTS,2024-03-20,C:\data_quote\data_finam_RTS_tick_zip\20240320.zip,12a91122bd44c7fa2357df23a32100e7285d1ee597eca18a693b6307cbb3525f,18850,29249,174,ready,114.0,2024-02-19,2024-03-19,20,3495.0,3493.0,-0.0005722460658082976,15.0,68
226237468d41e56c,RTS,2024-03-21,C:\data_quote\data_finam_RTS_tick_zip\20240321.zip,cb2f218c3e2e693c6e2122d0d94539c46a7298a2a8cb7e1ab5fc8aa6c01c358b,33772,68316,175,ready,111.0,2024-02-20,2024-03-20,20,3494.0,3513.0,0.005437893531768746,15.0,206
226237468d41e56c,RTS,2024-03-22,C:\data_quote\data_finam_RTS_tick_zip\20240322.zip,de28387a2db407cdb73760c8db54eaf6e9d14285515e326a882b0e6cbc2bf8d6,51575,98013,175,ready,111.0,2024-02-21,2024-03-21,20,3495.0,3523.0,0.008011444921316165,15.0,291
226237468d41e56c,RTS,2024-03-25,C:\data_quote\data_finam_RTS_tick_zip\20240325.zip,7d320248c44f417fa933efe23ed859d68d199d74ffc4980c0721f36be958fa0d,39888,76397,175,ready,112.0,2024-02-22,2024-03-22,20,3495.0,3472.0,-0.006580829756795422,15.0,200
226237468d41e56c,RTS,2024-03-26,C:\data_quote\data_finam_RTS_tick_zip\20240326.zip,2d091823d1a56f34fcb5e70f1235ad44a91bc39c3b1db528c09d266c680f9a1b,25141,47527,175,ready,112.0,2024-02-26,2024-03-25,20,3495.0,3453.0,-0.01201716738197425,15.0,139
226237468d41e56c,RTS,2024-03-27,C:\data_quote\data_finam_RTS_tick_zip\20240327.zip,a26ad98797f8b21d1efcd838b174be2a84da9435d3768b71f8159b7e9ba16c56,32291,64362,175,ready,110.0,2024-02-27,2024-03-26,20,3495.0,3456.0,-0.011158798283261802,15.0,187
226237468d41e56c,RTS,2024-03-28,C:\data_quote\data_finam_RTS_tick_zip\20240328.zip,60f409c914664dc9d8b2f33313762bdff55c8e97095d20c05ab64b310ccf5e98,24817,46119,175,ready,111.0,2024-02-28,2024-03-27,20,3496.0,3512.0,0.004576659038901602,15.0,113
226237468d41e56c,RTS,2024-03-29,C:\data_quote\data_finam_RTS_tick_zip\20240329.zip,4fbbf945ee79eeb8081e2574a950d88be1e241ada70cbd867359d709abd79c31,25276,48534,174,ready,109.0,2024-02-29,2024-03-28,20,3496.0,3522.0,0.007437070938215103,15.0,143
226237468d41e56c,RTS,2024-04-01,C:\data_quote\data_finam_RTS_tick_zip\20240401.zip,0f4b36e1678bf59cde6d0e19d90ada04353d41340f66c72033949fc2e62bc019,23847,46810,174,ready,109.0,2024-03-01,2024-03-29,20,3495.0,3489.0,-0.0017167381974248926,15.0,136
226237468d41e56c,RTS,2024-04-02,C:\data_quote\data_finam_RTS_tick_zip\20240402.zip,b9ce65ce8780dde32560feb31f7e270fe0e4888456b8d52c1900492dc6724a90,22849,44064,175,ready,109.0,2024-03-04,2024-04-01,20,3495.0,3497.0,0.0005722460658082976,15.0,129
226237468d41e56c,RTS,2024-04-03,C:\data_quote\data_finam_RTS_tick_zip\20240403.zip,12808a7ea41f81410b229bb3ea69243e9e4b9ceab46c026c75f991f0f61244f7,23627,47863,175,ready,109.0,2024-03-05,2024-04-02,20,3495.0,3482.0,-0.0037195994277539344,15.0,136
226237468d41e56c,RTS,2024-04-04,C:\data_quote\data_finam_RTS_tick_zip\20240404.zip,7cb097f3108995e241c09192ed1b3f5cff165c99854f97c789c84f4e9ad700bf,23562,46757,175,ready,109.0,2024-03-06,2024-04-03,20,3495.0,3511.0,0.004577968526466381,15.0,118
226237468d41e56c,RTS,2024-04-05,C:\data_quote\data_finam_RTS_tick_zip\20240405.zip,c66998878bf6c6649fdd55cfea6656667cc96811aa443a859fec2f8fe8720173,23352,46363,175,ready,108.0,2024-03-07,2024-04-04,20,3495.0,3477.0,-0.005150214592274678,15.0,141
226237468d41e56c,RTS,2024-04-08,C:\data_quote\data_finam_RTS_tick_zip\20240408.zip,e00dbeff29f9dea9971c687597dc5306f2f93871812033ebd15a81397fb07519,21560,41042,175,ready,108.0,2024-03-11,2024-04-05,20,3496.0,3479.0,-0.004862700228832952,15.0,110
226237468d41e56c,RTS,2024-04-09,C:\data_quote\data_finam_RTS_tick_zip\20240409.zip,f890ef9894e9a14a619d06acdc67a96d8e38e4a744794f9242049404b0aa147a,29301,58480,175,ready,107.0,2024-03-12,2024-04-08,20,3496.0,3503.0,0.002002288329519451,15.0,197
226237468d41e56c,RTS,2024-04-10,C:\data_quote\data_finam_RTS_tick_zip\20240410.zip,40d7969110fe08b7a7e611cc00d3ee3d3900e7f77078b8563bc5e776d100606c,32101,66145,175,ready,106.0,2024-03-13,2024-04-09,20,3496.0,3481.0,-0.004290617848970252,15.0,225
226237468d41e56c,RTS,2024-04-11,C:\data_quote\data_finam_RTS_tick_zip\20240411.zip,dab2867f48a8a4ef1197ac933b875b087f2ff51aaf3a8e57826a2ce5c825b3c3,25555,48466,175,ready,106.0,2024-03-14,2024-04-10,20,3496.0,3475.0,-0.006006864988558352,14.0,149
226237468d41e56c,RTS,2024-04-12,C:\data_quote\data_finam_RTS_tick_zip\20240412.zip,c0cd8f1d6784f3747b0553e8199d2466ac2048b46f573fc441e9980003fd7baf,27528,51999,175,ready,105.0,2024-03-15,2024-04-11,20,3497.0,3490.0,-0.0020017157563625965,14.0,159
226237468d41e56c,RTS,2024-04-15,C:\data_quote\data_finam_RTS_tick_zip\20240415.zip,f6e037de1f1e5de68600a1b7b893ee91105d83d754953f720105aa9297669ea6,22604,44081,175,ready,103.0,2024-03-18,2024-04-12,20,3497.0,3485.0,-0.0034315127251930227,15.0,134
226237468d41e56c,RTS,2024-04-16,C:\data_quote\data_finam_RTS_tick_zip\20240416.zip,1d426a8065cd190a41e89b51ecff3db3d677986942d3e42131a238390d54f16a,29687,57676,175,ready,102.0,2024-03-19,2024-04-15,20,3497.0,3523.0,0.007434944237918215,13.0,210
226237468d41e56c,RTS,2024-04-17,C:\data_quote\data_finam_RTS_tick_zip\20240417.zip,0765a33775df215f147e047456662fbf341aaa6c6809d7501d2d8fc23fb80224,29660,56050,175,ready,102.0,2024-03-20,2024-04-16,20,3497.0,3482.0,-0.0042893909064912784,15.0,193
226237468d41e56c,RTS,2024-04-18,C:\data_quote\data_finam_RTS_tick_zip\20240418.zip,8533fd1265092ec28351e56164a2d8d262a04d68f9869bdcf00fa7e150c500dc,29184,58203,175,ready,104.0,2024-03-21,2024-04-17,20,3498.0,3519.0,0.006003430531732418,15.0,198
226237468d41e56c,RTS,2024-04-19,C:\data_quote\data_finam_RTS_tick_zip\20240419.zip,5ea4cdb2003bdc4b4b78bd9577cca2f4c8c0134c9bd627f0968d9507d9c449e2,31389,59846,175,ready,103.0,2024-03-22,2024-04-18,20,3498.0,3508.0,0.002858776443682104,15.0,164
226237468d41e56c,RTS,2024-04-22,C:\data_quote\data_finam_RTS_tick_zip\20240422.zip,62eb2ce78b149641ca48aab41c3b54b0eb5c5053420350994a82b9b02e0af2ae,24010,44752,175,ready,101.0,2024-03-25,2024-04-19,20,3498.0,3500.0,0.0005717552887364208,15.0,136
226237468d41e56c,RTS,2024-04-23,C:\data_quote\data_finam_RTS_tick_zip\20240423.zip,06962bd7e3f67258649cd2f38cfd07de145618fe1c128c14082722b2a3a3170b,37731,73905,175,ready,99.0,2024-03-26,2024-04-22,20,3498.0,3472.0,-0.007432818753573471,13.0,275
226237468d41e56c,RTS,2024-04-24,C:\data_quote\data_finam_RTS_tick_zip\20240424.zip,40cf1b8f875800eb60664429e400d58b3dff0039f9a03288608b21dd07a76b8c,39120,65540,175,ready,101.0,2024-03-27,2024-04-23,20,3498.0,3504.0,0.0017152658662092624,15.0,171
226237468d41e56c,RTS,2024-04-25,C:\data_quote\data_finam_RTS_tick_zip\20240425.zip,7d7b5eb7c82f36c8e47cdd33fe372bdbbfb3d3e205e36d2a9c347a1ade67e3a6,36290,65654,175,ready,100.0,2024-03-28,2024-04-24,20,3498.0,3483.0,-0.004288164665523156,15.0,206
226237468d41e56c,RTS,2024-04-26,C:\data_quote\data_finam_RTS_tick_zip\20240426.zip,6c67b75ef7f944b95ed92059b608965e1584d515fa0d31e52d42dce06ec24002,38751,69984,175,ready,102.0,2024-03-29,2024-04-25,20,3498.0,3488.0,-0.002858776443682104,15.0,218
226237468d41e56c,RTS,2024-04-27,C:\data_quote\data_finam_RTS_tick_zip\20240427.zip,02db59370109d069f207341661ee513cc161743ae4a35d2f598a4bd92dc14dd4,12092,22065,174,ready,104.0,2024-04-01,2024-04-26,20,3499.0,3499.0,0.0,15.0,50
226237468d41e56c,RTS,2024-04-29,C:\data_quote\data_finam_RTS_tick_zip\20240429.zip,ce97ccf0db688e4cea1c57f5a521c88f0721b5fc481fdd11025a4147a0027771,18304,32374,174,ready,104.0,2024-04-01,2024-04-26,20,3499.0,3499.0,0.0,15.0,94
226237468d41e56c,RTS,2024-04-30,C:\data_quote\data_finam_RTS_tick_zip\20240430.zip,3e6a966515dd2d0a2080c980c762ad0426d4ba591ddd19296c2f33653b806415,18010,30009,172,ready,102.0,2024-04-02,2024-04-29,20,3499.0,3485.0,-0.00400114318376679,15.0,77
226237468d41e56c,RTS,2024-05-02,C:\data_quote\data_finam_RTS_tick_zip\20240502.zip,77b17c6a4940ef5fbc953e1ec1e096f2a139a53989992c9c8d6364f9f94f6063,29081,52988,175,ready,100.0,2024-04-03,2024-04-30,20,3496.0,3492.0,-0.0011441647597254005,14.0,173
226237468d41e56c,RTS,2024-05-03,C:\data_quote\data_finam_RTS_tick_zip\20240503.zip,51761d6ff787f857377c3f66cb31516d84ae8dd10bbe80a29e56898e1052abe9,21041,37029,173,ready,101.0,2024-04-04,2024-05-02,20,3496.0,3494.0,-0.0005720823798627002,15.0,102
226237468d41e56c,RTS,2024-05-06,C:\data_quote\data_finam_RTS_tick_zip\20240506.zip,e4fbb9bf4ac086f0aa35867fde4768d3c7a23446c95e790991d450319b6b4791,32753,60095,175,ready,100.0,2024-04-05,2024-05-03,20,3494.0,3481.0,-0.003720663995420721,15.0,209
226237468d41e56c,RTS,2024-05-07,C:\data_quote\data_finam_RTS_tick_zip\20240507.zip,6df40d8c1ebe19012e4bdcb4231963339564aa7f1ea93b51b36f07a4d8b9438c,29754,53518,175,ready,101.0,2024-04-08,2024-05-06,20,3494.0,3506.0,0.0034344590726960505,15.0,188
226237468d41e56c,RTS,2024-05-08,C:\data_quote\data_finam_RTS_tick_zip\20240508.zip,b295f00bcfc76be98e222f7b272b095b1d3a464444c76250aa41a180bb601fee,21521,38817,174,ready,102.0,2024-04-09,2024-05-07,20,3494.0,3522.0,0.008013737836290785,15.0,121
226237468d41e56c,RTS,2024-05-10,C:\data_quote\data_finam_RTS_tick_zip\20240510.zip,3c02d42b2fe6c9944355480332441265b4a7309c8de205380f8da9f444da4e59,15368,29661,174,ready,101.0,2024-04-10,2024-05-08,20,3493.0,3483.0,-0.0028628685943315204,15.0,95
226237468d41e56c,RTS,2024-05-13,C:\data_quote\data_finam_RTS_tick_zip\20240513.zip,62e80a9eece8dd5ac2f8e7c0d13cae7c36f8df3589d4cd651033892e398c015c,27297,53279,175,ready,97.0,2024-04-11,2024-05-10,20,3492.0,3507.0,0.00429553264604811,14.0,180
226237468d41e56c,RTS,2024-05-14,C:\data_quote\data_finam_RTS_tick_zip\20240514.zip,3a39897e99466946c7d58b05fb7ea1479f8887dd5eef8785d393c250bcc456d9,22573,38491,173,ready,98.0,2024-04-12,2024-05-13,20,3492.0,3470.0,-0.006300114547537228,14.0,109
226237468d41e56c,RTS,2024-05-15,C:\data_quote\data_finam_RTS_tick_zip\20240515.zip,c248d5cb172077efdce11345d63592fe5707f7337a39458657a46d3bc99735ee,27641,50858,175,ready,97.0,2024-04-15,2024-05-14,20,3490.0,3453.0,-0.010601719197707736,14.0,149
226237468d41e56c,RTS,2024-05-16,C:\data_quote\data_finam_RTS_tick_zip\20240516.zip,e85697b4a306ad8de478f1bebf55c561f90cec7c6a3df04445059f2e3d46076c,28205,48350,175,ready,97.0,2024-04-16,2024-05-15,20,3490.0,3449.0,-0.01174785100286533,14.0,109
226237468d41e56c,RTS,2024-05-17,C:\data_quote\data_finam_RTS_tick_zip\20240517.zip,0fc63ab5d71e737b7ec3e69f5baa3dc7a693b68858f92fc4a211e98c1ca2c3bd,50050,91239,175,ready,94.0,2024-04-17,2024-05-16,20,3490.0,3468.0,-0.006303724928366762,13.0,200
226237468d41e56c,RTS,2024-05-20,C:\data_quote\data_finam_RTS_tick_zip\20240520.zip,89584a167a7195211d43386a949c9f4fa80baf570cbced31b07bc9609b2ad3c4,49878,98556,174,ready,94.0,2024-04-18,2024-05-17,20,3490.0,3452.0,-0.010888252148997135,15.0,329
226237468d41e56c,RTS,2024-05-21,C:\data_quote\data_finam_RTS_tick_zip\20240521.zip,7942df045765586d892025447ff23f5e237bd7f95eadd87665bbb90fa38dc37f,43600,87385,175,ready,96.0,2024-04-19,2024-05-20,20,3489.0,3505.0,0.004585841215247922,12.0,309
226237468d41e56c,RTS,2024-05-22,C:\data_quote\data_finam_RTS_tick_zip\20240522.zip,77cf6a0a0a2771ca75bab63239d4f8f2d1d613efb06bf38916f5250dd5ffe698,24124,45721,175,ready,98.0,2024-04-22,2024-05-21,20,3489.0,3500.0,0.0031527658354829464,14.0,130
226237468d41e56c,RTS,2024-05-23,C:\data_quote\data_finam_RTS_tick_zip\20240523.zip,956ddd95f7dedf52104bda8ebcfd2cea17fb4f726b6968d7dd657c0532973069,30434,63368,175,ready,98.0,2024-04-23,2024-05-22,20,3489.0,3490.0,0.00028661507595299513,14.0,229
226237468d41e56c,RTS,2024-05-24,C:\data_quote\data_finam_RTS_tick_zip\20240524.zip,46a89007debb87f4f824232fac502d438a570a8da5400f580b701ae84bc4c542,47727,99150,175,ready,97.0,2024-04-24,2024-05-23,20,3489.0,3492.0,0.0008598452278589854,14.0,324
226237468d41e56c,RTS,2024-05-27,C:\data_quote\data_finam_RTS_tick_zip\20240527.zip,cf05a646eff88507aef729271e828baf752f3dcbf78509d41b1628a8c4141623,38531,81652,175,ready,100.0,2024-04-25,2024-05-24,20,3489.0,3496.0,0.002006305531670966,15.0,271
226237468d41e56c,RTS,2024-05-28,C:\data_quote\data_finam_RTS_tick_zip\20240528.zip,7437489435aacaf7347d79fe0444efe750f050ba7013c86403e17b30066308cf,43558,94981,175,ready,102.0,2024-04-26,2024-05-27,20,3489.0,3499.0,0.002866150759529951,15.0,337
226237468d41e56c,RTS,2024-05-29,C:\data_quote\data_finam_RTS_tick_zip\20240529.zip,32909cd626d75675b9bda68209e58ca05cbb06554365ff32bb742e1b2b1bb2ac,39457,82309,174,ready,104.0,2024-04-29,2024-05-28,20,3489.0,3491.0,0.0005732301519059903,15.0,246
226237468d41e56c,RTS,2024-05-30,C:\data_quote\data_finam_RTS_tick_zip\20240530.zip,a3c188d1dc94d6a8a91a0cb028787c2e8ce7c6024c1897de7482c14357a89faf,47223,104067,175,ready,108.0,2024-04-30,2024-05-29,20,3489.0,3480.0,-0.0025795356835769563,16.0,350
226237468d41e56c,RTS,2024-05-31,C:\data_quote\data_finam_RTS_tick_zip\20240531.zip,f533ae431479c2c6bbc8ce45e51087f26f93ab68a769816c439c888657344f5f,55708,110732,175,ready,113.0,2024-05-02,2024-05-30,20,3492.0,3505.0,0.0037227949599083618,16.0,287
226237468d41e56c,RTS,2024-06-03,C:\data_quote\data_finam_RTS_tick_zip\20240603.zip,6d707ce4ca445e9dbca7cf2e6ebbd6d95f64a72870e959ddce6d594168bd5978,92841,182482,175,ready,117.0,2024-05-03,2024-05-31,20,3492.0,3486.0,-0.001718213058419244,14.0,352
226237468d41e56c,RTS,2024-06-04,C:\data_quote\data_finam_RTS_tick_zip\20240604.zip,fedf10b0b218aac94b4b2dafb5da8ff28bc272fb0093cf701f9ec9f134471a12,45426,90593,175,ready,123.0,2024-05-06,2024-06-03,20,3494.0,3487.0,-0.002003434459072696,14.0,212
226237468d41e56c,RTS,2024-06-05,C:\data_quote\data_finam_RTS_tick_zip\20240605.zip,abcc41c36a7c9448c75a70194f40a4bc78bff7d40941b41fae7eaf69b074cbc5,59685,105135,175,ready,124.0,2024-05-07,2024-06-04,20,3494.0,3507.0,0.003720663995420721,14.0,198
226237468d41e56c,RTS,2024-06-06,C:\data_quote\data_finam_RTS_tick_zip\20240606.zip,21b7ab055b707e43916c679cf709de5479ec5f86c5e41090a0c8e4c03ef17d19,54194,100711,175,ready,126.0,2024-05-08,2024-06-05,20,3494.0,3486.0,-0.0022896393817973667,14.0,203
226237468d41e56c,RTS,2024-06-07,C:\data_quote\data_finam_RTS_tick_zip\20240607.zip,b4f6a3f1d7f966f7489c60df12beeff02cadb93a10afa6482dceaf340b54895e,57105,112024,175,ready,128.0,2024-05-10,2024-06-06,20,3495.0,3514.0,0.0054363376251788265,16.0,243
226237468d41e56c,RTS,2024-06-10,C:\data_quote\data_finam_RTS_tick_zip\20240610.zip,38efe5d5b13894aabfceec838c720435fa1cbbc31ae0148229c26a17562844b6,44489,85886,175,ready,132.0,2024-05-13,2024-06-07,20,3496.0,3524.0,0.008009153318077803,16.0,152
226237468d41e56c,RTS,2024-06-11,C:\data_quote\data_finam_RTS_tick_zip\20240611.zip,57b8c250cff3695cabe8c40e64f22f66726b3e49d24c3ec3e9c24b19eebad35c,55810,106411,174,ready,133.0,2024-05-14,2024-06-10,20,3496.0,3504.0,0.002288329519450801,16.0,181
226237468d41e56c,RTS,2024-06-13,C:\data_quote\data_finam_RTS_tick_zip\20240613.zip,6efe601e4bf3be7edddac240cfe4134f11608d5680cf682bc02fec5eb5a80728,37626,71302,163,ready,137.0,2024-05-15,2024-06-11,20,3497.0,3505.0,0.002287675150128682,14.0,135
226237468d41e56c,RTS,2024-06-14,C:\data_quote\data_finam_RTS_tick_zip\20240614.zip,c8ee516eee02d059f10a78798ad972544e14629e638c55b88cd1c878372ec5f0,40656,68502,162,ready,138.0,2024-05-16,2024-06-13,20,3485.0,3516.0,0.008895265423242468,16.0,108
226237468d41e56c,RTS,2024-06-17,C:\data_quote\data_finam_RTS_tick_zip\20240617.zip,f622f18c2cdf13074b7516b95b76c6e47cbdc4c9a053e5699f14dc4c0c660e81,27886,51605,163,ready,140.0,2024-05-17,2024-06-14,20,3472.0,3451.0,-0.006048387096774193,16.0,94
226237468d41e56c,RTS,2024-06-18,C:\data_quote\data_finam_RTS_tick_zip\20240618.zip,0cfd0b9546b7117067626857bf1489fce231918adc9b253a3087de402462fdd3,29908,58805,163,ready,140.0,2024-05-20,2024-06-17,20,3460.0,3436.0,-0.006936416184971098,15.0,122
226237468d41e56c,RTS,2024-06-19,C:\data_quote\data_finam_RTS_tick_zip\20240619.zip,14140feca16cb02c22dd69cd1f0840b5a63243a74c2c78370eca7c2a1a234d24,23969,38070,163,ready,139.0,2024-05-21,2024-06-18,20,3449.0,3422.0,-0.007828356045230501,16.0,78
226237468d41e56c,RTS,2024-06-20,C:\data_quote\data_finam_RTS_tick_zip\20240620.zip,8a066a99509428c63dd2d95a78f37809a6ef976f88c825d3079f9cbc6ea1e01f,55480,86400,162,ready,135.0,2024-05-22,2024-06-19,20,3437.0,3442.0,0.0014547570555717194,16.0,163
226237468d41e56c,RTS,2024-06-21,C:\data_quote\data_finam_RTS_tick_zip\20240621.zip,076d86698c49b246eeb3b70ec9e505f4778baac3e8a2f3f859ae4b4aa334d82a,41316,66820,163,ready,138.0,2024-05-23,2024-06-20,20,3424.0,3443.0,0.005549065420560747,16.0,112
226237468d41e56c,RTS,2024-06-24,C:\data_quote\data_finam_RTS_tick_zip\20240624.zip,0d2381597d8d9410b623207c4481f93bf47fd5908dae92ef1317c35ed88c3616,27536,53271,163,ready,138.0,2024-05-24,2024-06-21,20,3412.0,3410.0,-0.0005861664712778429,16.0,98
226237468d41e56c,RTS,2024-06-25,C:\data_quote\data_finam_RTS_tick_zip\20240625.zip,f5fb3d338e2dd49e458f8d306c1c7ade41645c06ccbc7c69c776c1654b95827c,31447,57164,163,ready,133.0,2024-05-27,2024-06-24,20,3400.0,3403.0,0.0008823529411764706,16.0,129
226237468d41e56c,RTS,2024-06-26,C:\data_quote\data_finam_RTS_tick_zip\20240626.zip,98404c3e7a112ae7881f0399706acef8b7ce64af270ff6b41a2a7dba91d86e77,37345,67849,163,ready,132.0,2024-05-28,2024-06-25,20,3388.0,3418.0,0.00885478158205431,15.0,129
226237468d41e56c,RTS,2024-06-27,C:\data_quote\data_finam_RTS_tick_zip\20240627.zip,408da659b63addf0408107ab0045268bcd4c8088922cc87ceb30a364ff691668,32271,57562,163,ready,130.0,2024-05-29,2024-06-26,20,3376.0,3384.0,0.002369668246445498,15.0,90
226237468d41e56c,RTS,2024-06-28,C:\data_quote\data_finam_RTS_tick_zip\20240628.zip,617bbb9981db1367363e23c1a81ee1af3bb8f1918dc097f6d2aff931ce16c28d,27258,48580,163,ready,129.0,2024-05-30,2024-06-27,20,3365.0,3333.0,-0.00950965824665676,15.0,73
226237468d41e56c,RTS,2024-07-01,C:\data_quote\data_finam_RTS_tick_zip\20240701.zip,fb0174a86db7ca4349e8cc2c7d1eb6d0e8f802e192eefb34c80fc0b4167b2219,25758,47733,162,ready,122.0,2024-05-31,2024-06-28,20,3353.0,3367.0,0.0041753653444676405,15.0,107
226237468d41e56c,RTS,2024-07-02,C:\data_quote\data_finam_RTS_tick_zip\20240702.zip,ff3e9f323358c3d55b7533606766264123dc8c0125a806629cddaaf5153bcbcd,24056,43864,162,ready,119.0,2024-06-03,2024-07-01,20,3340.0,3334.0,-0.0017964071856287425,15.0,96
226237468d41e56c,RTS,2024-07-03,C:\data_quote\data_finam_RTS_tick_zip\20240703.zip,3e4640e2efd48b5e48414a7acbe24a26ed8907fec179b975125729aad6249c40,29083,52283,163,ready,113.0,2024-06-04,2024-07-02,20,3327.0,3324.0,-0.0009017132551848512,15.0,136
226237468d41e56c,RTS,2024-07-04,C:\data_quote\data_finam_RTS_tick_zip\20240704.zip,5947aa39bb6e531247c50955192538e3c624a30757b5e5dfed85db97b609d4b6,40120,71975,163,ready,112.0,2024-06-05,2024-07-03,20,3315.0,3300.0,-0.004524886877828055,14.0,150
226237468d41e56c,RTS,2024-07-05,C:\data_quote\data_finam_RTS_tick_zip\20240705.zip,7bf58a37b1a9b3487d53279ff64063bbb5534f71ef72552513f4e144f279911c,41573,78661,163,ready,110.0,2024-06-06,2024-07-04,20,3303.0,3287.0,-0.004844081138359067,16.0,178
226237468d41e56c,RTS,2024-07-08,C:\data_quote\data_finam_RTS_tick_zip\20240708.zip,ea349575a300389840e3561bfd500309c18cc455e80dc024aaa6953114b85db9,28100,51387,163,ready,107.0,2024-06-07,2024-07-05,20,3291.0,3292.0,0.00030385900941962927,14.0,123
226237468d41e56c,RTS,2024-07-09,C:\data_quote\data_finam_RTS_tick_zip\20240709.zip,4a5b893beb3422d63f3d7b89d1fce9ce5d6c83ca39570e53542c6aea4d9e8b7a,33865,63507,163,ready,103.0,2024-06-10,2024-07-08,20,3279.0,3292.0,0.003964623360780726,14.0,155
226237468d41e56c,RTS,2024-07-10,C:\data_quote\data_finam_RTS_tick_zip\20240710.zip,50f7e8d3069b48194330cab109e9e0b2052db48ec02b36bd40b897164664d6f0,53919,104917,163,ready,102.0,2024-06-11,2024-07-09,20,3267.0,3281.0,0.0042852770125497396,15.0,266
226237468d41e56c,RTS,2024-07-11,C:\data_quote\data_finam_RTS_tick_zip\20240711.zip,ce6310d4ff2973d773151aae1535c984370c2be57ae41f7615196063cad96d4d,48492,102885,163,ready,103.0,2024-06-13,2024-07-10,20,3256.0,3239.0,-0.005221130221130221,16.0,269
226237468d41e56c,RTS,2024-07-12,C:\data_quote\data_finam_RTS_tick_zip\20240712.zip,3fa7eef03f66ab0fbde361b2b95a30ac7a06bd955be05a4f68811dee94a1be52,47948,99323,163,ready,104.0,2024-06-14,2024-07-11,20,3256.0,3265.0,0.002764127764127764,14.0,265
226237468d41e56c,RTS,2024-07-15,C:\data_quote\data_finam_RTS_tick_zip\20240715.zip,6675c1880bf38d453b0edaba0eb5f743cd9a84c395d83756fb943b23818a2a88,42920,91279,163,ready,107.0,2024-06-17,2024-07-12,20,3257.0,3250.0,-0.0021492170709241634,15.0,247
226237468d41e56c,RTS,2024-07-16,C:\data_quote\data_finam_RTS_tick_zip\20240716.zip,555122d956eea9645330b5338ecb2e72c70a530707c6a920ddc66573cc79216a,65577,140470,163,ready,109.0,2024-06-18,2024-07-15,20,3257.0,3259.0,0.0006140620202640467,16.0,327
226237468d41e56c,RTS,2024-07-17,C:\data_quote\data_finam_RTS_tick_zip\20240717.zip,9f7b76f39b8bffa26bf99f67d88174be958d7d538795853e8a5bc2ca63cc091a,42387,83036,162,ready,113.0,2024-06-19,2024-07-16,20,3257.0,3272.0,0.00460546515198035,15.0,168
226237468d41e56c,RTS,2024-07-18,C:\data_quote\data_finam_RTS_tick_zip\20240718.zip,0a26c932c9c999e82aefdb1310a2ee0c4dd5b3d580c8cd481dbd8035844e4b4e,40025,75929,163,ready,115.0,2024-06-20,2024-07-17,20,3256.0,3265.0,0.002764127764127764,15.0,152
226237468d41e56c,RTS,2024-07-19,C:\data_quote\data_finam_RTS_tick_zip\20240719.zip,39f68245801f4b502a945088c8cbe1e9f06ebe8e5d68cd263de721612fb0825d,35901,71020,163,ready,113.0,2024-06-21,2024-07-18,20,3257.0,3278.0,0.00644765121277249,14.0,152
226237468d41e56c,RTS,2024-07-22,C:\data_quote\data_finam_RTS_tick_zip\20240722.zip,674ea5201ccaf263879abf221c11751e533059936679ddc0eb2de3833b712218,33548,63063,163,ready,113.0,2024-06-24,2024-07-19,20,3257.0,3269.0,0.00368437212158428,15.0,124
226237468d41e56c,RTS,2024-07-23,C:\data_quote\data_finam_RTS_tick_zip\20240723.zip,435e606552e5c31470a0d1a47be29908adc0e2daea55cbd8dfdfcf1e967f69d7,29744,58161,163,ready,113.0,2024-06-25,2024-07-22,20,3257.0,3267.0,0.003070310101320233,16.0,138
226237468d41e56c,RTS,2024-07-24,C:\data_quote\data_finam_RTS_tick_zip\20240724.zip,6b0cd47c35dd03ee54ebcf09d7aa8b1704ef53e292b32acf97b5142569e9ae73,26554,52837,163,ready,113.0,2024-06-26,2024-07-23,20,3257.0,3248.0,-0.00276327909118821,16.0,120
226237468d41e56c,RTS,2024-07-25,C:\data_quote\data_finam_RTS_tick_zip\20240725.zip,25c34fe6a57b2f0d243c54d42df423bc995cd5c042fca6af6b0252f22f2d2616,33687,67818,163,ready,111.0,2024-06-27,2024-07-24,20,3257.0,3252.0,-0.0015351550506601166,16.0,175
226237468d41e56c,RTS,2024-07-26,C:\data_quote\data_finam_RTS_tick_zip\20240726.zip,3e471b9cd52dd78dde3a48178eaf7919e6fd416286637b1425bcf062570de972,49723,99685,163,ready,113.0,2024-06-28,2024-07-25,20,3257.0,3274.0,0.0052195271722443965,15.0,252
226237468d41e56c,RTS,2024-07-29,C:\data_quote\data_finam_RTS_tick_zip\20240729.zip,60d87ea0b186a502ed437e7d4b067b94de8ad0a1417756626d2746a4033c0071,42595,85184,163,ready,117.0,2024-07-01,2024-07-26,20,3257.0,3240.0,-0.0052195271722443965,15.0,194
226237468d41e56c,RTS,2024-07-30,C:\data_quote\data_finam_RTS_tick_zip\20240730.zip,4016dd9f5e192bca18e9582c5f6ded53b2b6df4ac53f2b801b1fdce5249aee30,35309,68167,163,ready,119.0,2024-07-02,2024-07-29,20,3258.0,3271.0,0.003990178023327195,16.0,148
226237468d41e56c,RTS,2024-07-31,C:\data_quote\data_finam_RTS_tick_zip\20240731.zip,e0350ec96399cafeeebc3945cb0e09e77925d8d48338dd01e89aeca3b96b7618,40509,78098,163,ready,121.0,2024-07-03,2024-07-30,20,3259.0,3246.0,-0.003988953666768947,16.0,178
226237468d41e56c,RTS,2024-08-01,C:\data_quote\data_finam_RTS_tick_zip\20240801.zip,d202a5357c0fd2a5b4cdd31847698b413e0bc3c4e01e0e8fb74487e33deebf2a,31768,59629,163,ready,123.0,2024-07-04,2024-07-31,20,3259.0,3260.0,0.0003068425897514575,16.0,107
226237468d41e56c,RTS,2024-08-02,C:\data_quote\data_finam_RTS_tick_zip\20240802.zip,2c53c224924792c64c848520e55232a1f5b1b98702ab8926ca4e243e7fbd0dc9,38200,73421,162,ready,121.0,2024-07-05,2024-08-01,20,3259.0,3274.0,0.0046026388462718625,16.0,171
226237468d41e56c,RTS,2024-08-05,C:\data_quote\data_finam_RTS_tick_zip\20240805.zip,5140e2003cbe53b656cb89857a744b176ce14034e0ab5479a2431f31951724ed,46792,96211,163,ready,122.0,2024-07-08,2024-08-02,20,3258.0,3245.0,-0.003990178023327195,14.0,207
226237468d41e56c,RTS,2024-08-06,C:\data_quote\data_finam_RTS_tick_zip\20240806.zip,0ba95ed7bbcef430aa506b6088d12151cf408fedf08ac45021c0bb678246fd52,36926,80509,163,ready,125.0,2024-07-09,2024-08-05,20,3258.0,3233.0,-0.007673419275629221,16.0,207
226237468d41e56c,RTS,2024-08-07,C:\data_quote\data_finam_RTS_tick_zip\20240807.zip,b4026fd33b682c9288a967732ddc45c9f80544eab88046b0c27cf1e69a341735,47793,100057,163,ready,126.0,2024-07-10,2024-08-06,20,3258.0,3265.0,0.002148557397176182,16.0,200
226237468d41e56c,RTS,2024-08-08,C:\data_quote\data_finam_RTS_tick_zip\20240808.zip,5e8a3a255dad8452a3570829374f76d68ba4847239119424722635ef3785ae04,35740,71902,163,ready,128.0,2024-07-11,2024-08-07,20,3258.0,3259.0,0.0003069367710251688,15.0,128
226237468d41e56c,RTS,2024-08-09,C:\data_quote\data_finam_RTS_tick_zip\20240809.zip,dc406621b8412fba6fa9962eb96f24ce0c5db2fc350090b71d82d2d053062df4,29762,55958,163,ready,125.0,2024-07-12,2024-08-08,20,3258.0,3274.0,0.004910988336402701,15.0,120
226237468d41e56c,RTS,2024-08-12,C:\data_quote\data_finam_RTS_tick_zip\20240812.zip,0600a1992ee0e3220f73bf9a24ff472f6b48e11cfd2baca3a822ac9e0d69f1ab,43539,82170,163,ready,123.0,2024-07-15,2024-08-09,20,3258.0,3282.0,0.007366482504604052,15.0,165
226237468d41e56c,RTS,2024-08-13,C:\data_quote\data_finam_RTS_tick_zip\20240813.zip,a57a2fb51ab6fe9ed8054159d503f909792ec5b642b095da3f32e90eabbeb4f7,33528,64005,163,ready,123.0,2024-07-16,2024-08-12,20,3258.0,3238.0,-0.006138735420503376,15.0,107
226237468d41e56c,RTS,2024-08-14,C:\data_quote\data_finam_RTS_tick_zip\20240814.zip,5c72aee3651eb8b739e82471d2e1e6748acbbd6e99a6797cd542fadc2edb9b65,36832,75022,163,ready,118.0,2024-07-17,2024-08-13,20,3258.0,3266.0,0.0024554941682013503,16.0,160
226237468d41e56c,RTS,2024-08-15,C:\data_quote\data_finam_RTS_tick_zip\20240815.zip,a2441ca51ae90ee82a75f158973f98fae729f1389d5cf71cc571780464e99dd5,36363,73753,163,ready,118.0,2024-07-18,2024-08-14,20,3259.0,3266.0,0.0021478981282602025,14.0,163
226237468d41e56c,RTS,2024-08-16,C:\data_quote\data_finam_RTS_tick_zip\20240816.zip,affd28a8f23ae8ce14b3935d10cf71c1a8df1e6e239174b24d87cdde7b1fc6c5,30355,62748,163,ready,119.0,2024-07-19,2024-08-15,20,3259.0,3251.0,-0.00245474071801166,16.0,157
226237468d41e56c,RTS,2024-08-19,C:\data_quote\data_finam_RTS_tick_zip\20240819.zip,600438e583e49977ff5d4d4bb864a6402601d4ef0fb911477fc189459082633e,42808,81655,163,ready,119.0,2024-07-22,2024-08-16,20,3259.0,3270.0,0.0033752684872660325,16.0,174
226237468d41e56c,RTS,2024-08-20,C:\data_quote\data_finam_RTS_tick_zip\20240820.zip,0ffadf07b630ee03a6302fcfe1b5a3fd2bf895d231db76432bfb49f2627ff8e2,40837,82411,163,ready,120.0,2024-07-23,2024-08-19,20,3259.0,3296.0,0.011353175820803928,15.0,197
226237468d41e56c,RTS,2024-08-21,C:\data_quote\data_finam_RTS_tick_zip\20240821.zip,f37b92a5abdaf4ad404624483a7bc67a3c19d085f9deedf8e520fcf41dbf5c92,43990,89304,163,ready,122.0,2024-07-24,2024-08-20,20,3259.0,3256.0,-0.0009205277692543725,16.0,191
226237468d41e56c,RTS,2024-08-22,C:\data_quote\data_finam_RTS_tick_zip\20240822.zip,0f29ad74c72e5e97039a9cf10925be7a6d15cea8907de8ebc859f6f7b06e8c12,49635,101425,163,ready,124.0,2024-07-25,2024-08-21,20,3259.0,3271.0,0.00368211107701749,15.0,199
226237468d41e56c,RTS,2024-08-23,C:\data_quote\data_finam_RTS_tick_zip\20240823.zip,038f487cb564c2f191d2594e8dc7a9e1242213eb3c039e5e625b2425df068a2d,54171,106250,163,ready,125.0,2024-07-26,2024-08-22,20,3259.0,3274.0,0.0046026388462718625,16.0,209
226237468d41e56c,RTS,2024-08-26,C:\data_quote\data_finam_RTS_tick_zip\20240826.zip,f5ab2872834628391a1106e5ee37703da2e552cd37f0095625b7c585bf2bfe10,46086,96685,163,ready,125.0,2024-07-29,2024-08-23,20,3259.0,3270.0,0.0033752684872660325,16.0,196
226237468d41e56c,RTS,2024-08-27,C:\data_quote\data_finam_RTS_tick_zip\20240827.zip,03c84d864345648fe9a3ad40d2d7e8d397fb63eea4497047aa82ac0565c7bb7f,43260,92624,163,ready,125.0,2024-07-30,2024-08-26,20,3259.0,3273.0,0.004295796256520405,15.0,215
226237468d41e56c,RTS,2024-08-28,C:\data_quote\data_finam_RTS_tick_zip\20240828.zip,382a5275211a3403bc1a02e5acf791a3c5be8d4d1b83d553498a959c20dd16bf,60421,122014,163,ready,128.0,2024-07-31,2024-08-27,20,3259.0,3261.0,0.000613685179502915,16.0,243
226237468d41e56c,RTS,2024-08-29,C:\data_quote\data_finam_RTS_tick_zip\20240829.zip,d15950260a62a97859d6fd7f99b449eb482d7777caf3c6125ef423c1fc0ad3fe,57967,128557,163,ready,130.0,2024-08-01,2024-08-28,20,3259.0,3246.0,-0.003988953666768947,15.0,260
226237468d41e56c,RTS,2024-08-30,C:\data_quote\data_finam_RTS_tick_zip\20240830.zip,79a0d8f11fd8c38f5c2e11d5303e477e800a556e276d4bdfb8acfcd372fb35ac,58402,122258,163,ready,133.0,2024-08-02,2024-08-29,20,3259.0,3261.0,0.000613685179502915,16.0,207
226237468d41e56c,RTS,2024-09-02,C:\data_quote\data_finam_RTS_tick_zip\20240902.zip,9e21b49869ecb7df01753bfee5642fb7891faceead4e15bb31fd30cd434bcf9b,60681,126959,163,ready,134.0,2024-08-05,2024-08-30,20,3260.0,3275.0,0.004601226993865031,16.0,223
226237468d41e56c,RTS,2024-09-03,C:\data_quote\data_finam_RTS_tick_zip\20240903.zip,5aa51d2e7c68b06cca2dc4eedc4b5ac95ed6ed576d49a49ba7ebb510bb7ef4b0,79141,160867,163,ready,137.0,2024-08-06,2024-09-02,20,3260.0,3253.0,-0.002147239263803681,15.0,272
226237468d41e56c,RTS,2024-09-04,C:\data_quote\data_finam_RTS_tick_zip\20240904.zip,d81a10771455631a4ea01c2c91df17e846c7426c41502e602a4c1b01708d9447,50435,95661,163,ready,139.0,2024-08-07,2024-09-03,20,3260.0,3268.0,0.00245398773006135,14.0,146
226237468d41e56c,RTS,2024-09-05,C:\data_quote\data_finam_RTS_tick_zip\20240905.zip,2fd60866f6073d385041310394dbbc962f94b48b130b6546ab4befcad0a47167,46903,90942,163,ready,138.0,2024-08-08,2024-09-04,20,3260.0,3272.0,0.0036809815950920245,16.0,129
226237468d41e56c,RTS,2024-09-06,C:\data_quote\data_finam_RTS_tick_zip\20240906.zip,7f8002902c2c757051ea636ad0bccee8ab044771da49d0b5bd48b94599db7ceb,39758,79796,163,ready,139.0,2024-08-09,2024-09-05,20,3260.0,3255.0,-0.0015337423312883436,16.0,139
226237468d41e56c,RTS,2024-09-09,C:\data_quote\data_finam_RTS_tick_zip\20240909.zip,007aef3db142e6f5894702053aacc4a81af5fc21508a3cd03cfe19fc7cc5753e,36516,70670,163,ready,140.0,2024-08-12,2024-09-06,20,3260.0,3274.0,0.004294478527607362,16.0,107
226237468d41e56c,RTS,2024-09-10,C:\data_quote\data_finam_RTS_tick_zip\20240910.zip,8f1d9214f6b1643f30119520b9f293b0f8b254460414c1ed46e4984c62c590b1,44923,84371,163,ready,139.0,2024-08-13,2024-09-09,20,3260.0,3254.0,-0.0018404907975460123,16.0,128
226237468d41e56c,RTS,2024-09-11,C:\data_quote\data_finam_RTS_tick_zip\20240911.zip,66f203e4d749ab238bddddfffc9695b03cf908ab6223d00d4a9a7075d2595773,38462,72324,163,ready,140.0,2024-08-14,2024-09-10,20,3260.0,3287.0,0.008282208588957056,16.0,104
226237468d41e56c,RTS,2024-09-12,C:\data_quote\data_finam_RTS_tick_zip\20240912.zip,a97faddd30a87cbb1619d87dbc7921ac643e1ac79d84d06ca3c512e911d5d70a,40936,75619,163,ready,140.0,2024-08-15,2024-09-11,20,3260.0,3268.0,0.00245398773006135,16.0,115
226237468d41e56c,RTS,2024-09-13,C:\data_quote\data_finam_RTS_tick_zip\20240913.zip,d647605d483c7f3b4a9a9001b6fed5b3900fff510cf54fba576deb7dd7155b94,63847,121336,163,ready,139.0,2024-08-16,2024-09-12,20,3260.0,3256.0,-0.001226993865030675,17.0,231
226237468d41e56c,RTS,2024-09-16,C:\data_quote\data_finam_RTS_tick_zip\20240916.zip,3ab78c770954c33a865a7ded4cb4bdd56fa068067f0c978d5ce320105856788c,40456,78184,163,ready,142.0,2024-08-19,2024-09-13,20,3260.0,3266.0,0.0018404907975460123,16.0,134
226237468d41e56c,RTS,2024-09-17,C:\data_quote\data_finam_RTS_tick_zip\20240917.zip,9d8c4ff2aea8bec16024974ebd653c6712350e317d1cf6e222f34b833da92524,39338,71922,163,ready,143.0,2024-08-20,2024-09-16,20,3260.0,3252.0,-0.00245398773006135,17.0,110
226237468d41e56c,RTS,2024-09-18,C:\data_quote\data_finam_RTS_tick_zip\20240918.zip,95982d22d37aec2768faab9eba2959db3ec7d369f98b30596b0c09321ada22b3,17726,25969,163,ready,141.0,2024-08-21,2024-09-17,20,3260.0,3256.0,-0.001226993865030675,16.0,37
226237468d41e56c,RTS,2024-09-19,C:\data_quote\data_finam_RTS_tick_zip\20240919.zip,f64931bc16998c336e89ba848dc418d28c7615cb4d3cbcea71600f567d69cd28,36971,68202,160,ready,138.0,2024-08-22,2024-09-18,20,3260.0,3255.0,-0.0015337423312883436,16.0,112
226237468d41e56c,RTS,2024-09-20,C:\data_quote\data_finam_RTS_tick_zip\20240920.zip,62f70f2e2d59b671781dd19546f1b3e78b6b6aa61d82baa50eeb52e2ed51a86d,34302,66611,163,ready,135.0,2024-08-23,2024-09-19,20,3257.0,3271.0,0.004298434141848327,16.0,131
226237468d41e56c,RTS,2024-09-23,C:\data_quote\data_finam_RTS_tick_zip\20240923.zip,4e42ac603489fc9fffc2a213835d20fcf21c545cd6e0b5af9426e1865d47e1e6,29431,55096,163,ready,134.0,2024-08-26,2024-09-20,20,3257.0,3247.0,-0.003070310101320233,16.0,119
226237468d41e56c,RTS,2024-09-24,C:\data_quote\data_finam_RTS_tick_zip\20240924.zip,0a265830193dfc2714072556dc2fc58bced8fe48ea77fcc8bbebdbbd77d0dc3c,41097,80539,163,ready,131.0,2024-08-27,2024-09-23,20,3257.0,3263.0,0.00184218606079214,15.0,160
226237468d41e56c,RTS,2024-09-25,C:\data_quote\data_finam_RTS_tick_zip\20240925.zip,a5e7804b8f8374a0d5295a6364b70969adff83a15b4cc619790d719d9ff44dd7,43317,86320,163,ready,131.0,2024-08-28,2024-09-24,20,3257.0,3225.0,-0.009824992324224747,15.0,174
226237468d41e56c,RTS,2024-09-26,C:\data_quote\data_finam_RTS_tick_zip\20240926.zip,987f717e8eea9558822dc1f3367ddc24ae76255b0d16b23b054420ad5c5627a3,41603,91255,163,ready,129.0,2024-08-29,2024-09-25,20,3257.0,3279.0,0.006754682222904513,15.0,198
226237468d41e56c,RTS,2024-09-27,C:\data_quote\data_finam_RTS_tick_zip\20240927.zip,005c4d42ad4e320e31a0e605830b46aaaa55beac8400e666cf4f19f0e4784796,21656,39471,163,ready,127.0,2024-08-30,2024-09-26,20,3257.0,3264.0,0.0021492170709241634,15.0,65
226237468d41e56c,RTS,2024-09-30,C:\data_quote\data_finam_RTS_tick_zip\20240930.zip,0c9cffa88dee09a28b90b225c4b74d92363aba91acf85434839ecc7b50b70fa9,36825,69437,163,ready,123.0,2024-09-02,2024-09-27,20,3257.0,3229.0,-0.008596868283696654,16.0,131
226237468d41e56c,RTS,2024-10-01,C:\data_quote\data_finam_RTS_tick_zip\20241001.zip,6950a7243646019eae4a6c525b004c837fb6a165354ce85a9c5dbe12082be1b9,39286,73996,163,ready,120.0,2024-09-03,2024-09-30,20,3257.0,3282.0,0.007675775253300584,16.0,159
226237468d41e56c,RTS,2024-10-02,C:\data_quote\data_finam_RTS_tick_zip\20241002.zip,7566d26e9cfa7b0c5729c385454254972c8e9cbe7ac4b953d2a60c38e7de4777,40306,80993,163,ready,116.0,2024-09-04,2024-10-01,20,3257.0,3254.0,-0.00092109303039607,14.0,187
226237468d41e56c,RTS,2024-10-03,C:\data_quote\data_finam_RTS_tick_zip\20241003.zip,87b6d5573393d4416ba6b7ac8184e6f76ddad71213e05490fbebb66f29e1dc38,52302,109796,163,ready,116.0,2024-09-05,2024-10-02,20,3257.0,3260.0,0.00092109303039607,15.0,242
226237468d41e56c,RTS,2024-10-04,C:\data_quote\data_finam_RTS_tick_zip\20241004.zip,10e682833c3050f1cde39c5067108b9948afe56de547bfd5e0268b0b38e0f255,33269,67190,163,ready,118.0,2024-09-06,2024-10-03,20,3257.0,3282.0,0.007675775253300584,15.0,154
226237468d41e56c,RTS,2024-10-07,C:\data_quote\data_finam_RTS_tick_zip\20241007.zip,cc952352da3fb4a2d4250d0f655a002a045a6d26e7b561fed488e2d073c541b9,34347,67251,163,ready,118.0,2024-09-09,2024-10-04,20,3257.0,3262.0,0.0015351550506601166,16.0,125
226237468d41e56c,RTS,2024-10-08,C:\data_quote\data_finam_RTS_tick_zip\20241008.zip,7a8e80a52a2feff442c5928fcdf719fd20da052d9f1dfbab8b6afaa68368a1b0,38930,78262,163,ready,118.0,2024-09-10,2024-10-07,20,3257.0,3250.0,-0.0021492170709241634,16.0,173
226237468d41e56c,RTS,2024-10-09,C:\data_quote\data_finam_RTS_tick_zip\20241009.zip,8485a45bcf7e5e5ec84439c7eeb2b06d8d651d494f0e30e65635eb4b8e8cc6d3,47189,94527,163,ready,117.0,2024-09-11,2024-10-08,20,3257.0,3259.0,0.0006140620202640467,16.0,225
226237468d41e56c,RTS,2024-10-10,C:\data_quote\data_finam_RTS_tick_zip\20241010.zip,ad251041cbb9950048c495f64c98efc5771985346cbd0cc3bda481019c72e960,43020,85567,163,ready,119.0,2024-09-12,2024-10-09,20,3257.0,3264.0,0.0021492170709241634,16.0,184
226237468d41e56c,RTS,2024-10-11,C:\data_quote\data_finam_RTS_tick_zip\20241011.zip,9ceb93d22aba83ae946a833d3e41ed7b564fed62c3e97d34ca78f03939c25415,33032,64467,163,ready,120.0,2024-09-13,2024-10-10,20,3257.0,3267.0,0.003070310101320233,16.0,143
226237468d41e56c,RTS,2024-10-14,C:\data_quote\data_finam_RTS_tick_zip\20241014.zip,58adc6b15b8c2aeaca8e9ea87a24c7f80e010408cdcfc6bab91ffd7938ae55e8,39459,76675,163,ready,117.0,2024-09-16,2024-10-11,20,3257.0,3227.0,-0.0092109303039607,16.0,178
226237468d41e56c,RTS,2024-10-15,C:\data_quote\data_finam_RTS_tick_zip\20241015.zip,bdb4bea7aa08d491b8289058a4814e7c076ce7107c66a86c7eea32cc5bc9347e,31110,57651,163,ready,117.0,2024-09-17,2024-10-14,20,3257.0,3235.0,-0.006754682222904513,16.0,101
226237468d41e56c,RTS,2024-10-16,C:\data_quote\data_finam_RTS_tick_zip\20241016.zip,51587c57f9be9026f8f9d92f699ab56bd6bc3b226ba379101360e5efc10263d1,31277,56664,163,ready,116.0,2024-09-18,2024-10-15,20,3257.0,3267.0,0.003070310101320233,16.0,111
226237468d41e56c,RTS,2024-10-17,C:\data_quote\data_finam_RTS_tick_zip\20241017.zip,22df386e1a68af351983530cf26273c4394923508d5778f85287fc4b63033be1,35366,66106,163,ready,117.0,2024-09-19,2024-10-16,20,3257.0,3252.0,-0.0015351550506601166,14.0,138
226237468d41e56c,RTS,2024-10-18,C:\data_quote\data_finam_RTS_tick_zip\20241018.zip,76371a6fd45ebd1a1f8f4a846d9a9204181e9d7c4e472da4d577a46fced09cd6,32091,65546,163,ready,117.0,2024-09-20,2024-10-17,20,3260.0,3247.0,-0.003987730061349694,14.0,163
226237468d41e56c,RTS,2024-10-21,C:\data_quote\data_finam_RTS_tick_zip\20241021.zip,df1e7077f337c049dd1bcdb14929973704f7ba858dc8281da246b205b3bad922,22235,41484,163,ready,117.0,2024-09-23,2024-10-18,20,3260.0,3260.0,0.0,14.0,77
226237468d41e56c,RTS,2024-10-22,C:\data_quote\data_finam_RTS_tick_zip\20241022.zip,904c044c3f5d33514bc2c62887d25e2453af64c154ccaff2eb72d33105c36e20,31234,61145,163,ready,116.0,2024-09-24,2024-10-21,20,3260.0,3266.0,0.0018404907975460123,14.0,160
226237468d41e56c,RTS,2024-10-23,C:\data_quote\data_finam_RTS_tick_zip\20241023.zip,f1b10801a83a27dc3ef9a70c40e4c7201705d1bd8a600d50fa1cadc862ab67a9,32491,63492,163,ready,115.0,2024-09-25,2024-10-22,20,3260.0,3268.0,0.00245398773006135,16.0,156
226237468d41e56c,RTS,2024-10-24,C:\data_quote\data_finam_RTS_tick_zip\20241024.zip,0a138b874bda6d3d3460f0fce908ba930ba2fa62500e5001173bb47498b6f98c,29244,55225,163,ready,112.0,2024-09-26,2024-10-23,20,3260.0,3263.0,0.0009202453987730061,15.0,136
226237468d41e56c,RTS,2024-10-25,C:\data_quote\data_finam_RTS_tick_zip\20241025.zip,e99a695502e78881b1f42e0d7ac41586df781cb21155f67a9b58623cd6d405e5,68716,141855,163,ready,110.0,2024-09-27,2024-10-24,20,3260.0,3250.0,-0.003067484662576687,14.0,384
226237468d41e56c,RTS,2024-10-28,C:\data_quote\data_finam_RTS_tick_zip\20241028.zip,0b3a11d29929fd8ff6f0a3ff9a98c480e0c9f4bc9a6bb7148082269475728f5d,58348,118541,163,ready,118.0,2024-09-30,2024-10-25,20,3260.0,3251.0,-0.0027607361963190185,14.0,253
226237468d41e56c,RTS,2024-10-29,C:\data_quote\data_finam_RTS_tick_zip\20241029.zip,46cc465b9535c1da34c28d950c4273b944538849a36387e2d84fbf85576bf3e3,58050,124341,163,ready,121.0,2024-10-01,2024-10-28,20,3260.0,3248.0,-0.0036809815950920245,16.0,242
226237468d41e56c,RTS,2024-10-30,C:\data_quote\data_finam_RTS_tick_zip\20241030.zip,79f432e26a9de6a2d55db24f3087ca9aa7697e1a5dfeb72019c241d0b5ca1915,43817,92997,163,ready,124.0,2024-10-02,2024-10-29,20,3260.0,3239.0,-0.006441717791411043,15.0,205
226237468d41e56c,RTS,2024-10-31,C:\data_quote\data_finam_RTS_tick_zip\20241031.zip,780bb4985b9681998a88ce9d6d11fce87debb90804f03a8d3c82445e00772c3a,53208,114266,163,ready,124.0,2024-10-03,2024-10-30,20,3260.0,3265.0,0.0015337423312883436,15.0,242
226237468d41e56c,RTS,2024-11-01,C:\data_quote\data_finam_RTS_tick_zip\20241101.zip,af3bc2e1f34edfa051d23a067b2d06789c8e951e3ac2b4b7aa70fbb0998471e2,38533,83890,163,ready,125.0,2024-10-04,2024-10-31,20,3260.0,3247.0,-0.003987730061349694,15.0,172
226237468d41e56c,RTS,2024-11-02,C:\data_quote\data_finam_RTS_tick_zip\20241102.zip,98d86355e2557fbaf5fe8c7f3e2262240d8bbc163c8c56d191498bd07d600b11,14546,29662,162,ready,125.0,2024-10-07,2024-11-01,20,3260.0,3284.0,0.007361963190184049,15.0,49
226237468d41e56c,RTS,2024-11-05,C:\data_quote\data_finam_RTS_tick_zip\20241105.zip,1631b7c62fffcdf79aa43c5d2341649ba7fd21da0051613ce6d13c7fc38c7c0c,28094,59254,163,ready,125.0,2024-10-07,2024-11-01,20,3260.0,3284.0,0.007361963190184049,15.0,130
226237468d41e56c,RTS,2024-11-06,C:\data_quote\data_finam_RTS_tick_zip\20241106.zip,591c0660fc65b5e58818cb584a2c722d589cc5affa6ce862e646d54cca353349,49267,108823,163,ready,126.0,2024-10-08,2024-11-05,20,3260.0,3246.0,-0.004294478527607362,16.0,217
226237468d41e56c,RTS,2024-11-07,C:\data_quote\data_finam_RTS_tick_zip\20241107.zip,5fde818d02f6c94423d01d95f76a1811b49e76374a37a8bf4afb840355baa225,42118,92097,163,ready,128.0,2024-10-09,2024-11-06,20,3260.0,3245.0,-0.004601226993865031,15.0,226
226237468d41e56c,RTS,2024-11-08,C:\data_quote\data_finam_RTS_tick_zip\20241108.zip,b466bab3c6fc93dfc99ecb5f807ee64576eb372405d60608eda58737a6e864da,47154,107116,163,ready,128.0,2024-10-10,2024-11-07,20,3260.0,3272.0,0.0036809815950920245,15.0,256
226237468d41e56c,RTS,2024-11-11,C:\data_quote\data_finam_RTS_tick_zip\20241111.zip,eccf38631dc59fbaa68fd41e9393a2b2a6136c4a1bd211d159b31b501736c553,41982,92449,163,ready,131.0,2024-10-11,2024-11-08,20,3260.0,3237.0,-0.00705521472392638,15.0,206
226237468d41e56c,RTS,2024-11-12,C:\data_quote\data_finam_RTS_tick_zip\20241112.zip,0bb483e1db865527fed32d60cfab6be88620ad892cbeaa42ee59b0083ccc3451,38386,81342,163,ready,134.0,2024-10-14,2024-11-11,20,3260.0,3245.0,-0.004601226993865031,14.0,163
226237468d41e56c,RTS,2024-11-13,C:\data_quote\data_finam_RTS_tick_zip\20241113.zip,2490e7d8165098a89ac82b060dc8271b815613de6e704b6921f5dcc9c51f30eb,40020,88094,163,ready,134.0,2024-10-15,2024-11-12,20,3260.0,3269.0,0.0027607361963190185,16.0,174
226237468d41e56c,RTS,2024-11-14,C:\data_quote\data_finam_RTS_tick_zip\20241114.zip,1b7ed764904d1ad2837816a9b83b76d53a7537d59702df5d5102e02ffabc8b21,38688,86492,163,ready,135.0,2024-10-16,2024-11-13,20,3260.0,3259.0,-0.00030674846625766873,16.0,163
226237468d41e56c,RTS,2024-11-15,C:\data_quote\data_finam_RTS_tick_zip\20241115.zip,79a34bbda45dd10d56c9cd5c7f882a9f7534d0386c05b57b7653e6d9430f7d9d,39198,86743,163,ready,138.0,2024-10-17,2024-11-14,20,3260.0,3253.0,-0.002147239263803681,16.0,179
226237468d41e56c,RTS,2024-11-18,C:\data_quote\data_finam_RTS_tick_zip\20241118.zip,ff5d899d33102b54b38663ae8ea25c9bc8107cd90b738b60544a15144afcbd29,42694,94780,163,ready,140.0,2024-10-18,2024-11-15,20,3260.0,3278.0,0.005521472392638037,16.0,161
226237468d41e56c,RTS,2024-11-19,C:\data_quote\data_finam_RTS_tick_zip\20241119.zip,c5be6175ef8d16bb5c93d12f02ac59b4822ee6497eade337cb84b2f563ba5d9a,56281,125931,157,ready,141.0,2024-10-21,2024-11-18,20,3260.0,3240.0,-0.006134969325153374,16.0,243
226237468d41e56c,RTS,2024-11-20,C:\data_quote\data_finam_RTS_tick_zip\20241120.zip,4a494f1bf44573fa2efd60633d7bef3b06be095352ccc21c62ba52708df5673e,61056,141789,163,ready,148.0,2024-10-22,2024-11-19,20,3254.0,3252.0,-0.0006146281499692685,15.0,254
226237468d41e56c,RTS,2024-11-21,C:\data_quote\data_finam_RTS_tick_zip\20241121.zip,d9b8dbf4278e45ef61502bef5d931602d9801f498b2d33bb931db12e7126aadf,73298,176867,163,ready,152.0,2024-10-23,2024-11-20,20,3254.0,3242.0,-0.0036877688998156115,16.0,293
226237468d41e56c,RTS,2024-11-22,C:\data_quote\data_finam_RTS_tick_zip\20241122.zip,b049bad66d95339065eb3bea593a00cce4393e90802837f0a2edcc9564064642,55840,136397,163,ready,158.0,2024-10-24,2024-11-21,20,3254.0,3264.0,0.003073140749846343,17.0,212
226237468d41e56c,RTS,2024-11-25,C:\data_quote\data_finam_RTS_tick_zip\20241125.zip,48803a976e2f96dcfb4fbb95d6f170772492cb7eea4c932d63a7dad9d19f4ade,72015,174156,163,ready,162.0,2024-10-25,2024-11-22,20,3254.0,3274.0,0.006146281499692686,15.0,255
226237468d41e56c,RTS,2024-11-26,C:\data_quote\data_finam_RTS_tick_zip\20241126.zip,9bd8f1c16c1365cee9ea5fe4a1b744586287f3adefc3fee2973940dc9977acbb,88667,225648,163,ready,164.0,2024-10-28,2024-11-25,20,3254.0,3246.0,-0.002458512599877074,15.0,356
226237468d41e56c,RTS,2024-11-27,C:\data_quote\data_finam_RTS_tick_zip\20241127.zip,8e1ca23f01cfaf2e54d7b1fe752c9ebd980e6cc80647c7371577e9021dbd92ec,134141,330559,163,ready,171.0,2024-10-29,2024-11-26,20,3254.0,3243.0,-0.003380454824830977,16.0,456
226237468d41e56c,RTS,2024-11-28,C:\data_quote\data_finam_RTS_tick_zip\20241128.zip,78b0a5b9f767a1a4e8a2b9227eaabfd92519ceb761bc826ffc12f0ae195671b9,83936,194158,163,ready,181.0,2024-10-30,2024-11-27,20,3254.0,3262.0,0.002458512599877074,17.0,268
226237468d41e56c,RTS,2024-11-29,C:\data_quote\data_finam_RTS_tick_zip\20241129.zip,db60c3fe0c9c791092102dea0ad73a7e72124b33d8e34910a31a3edcb20ea419,59160,134163,163,ready,186.0,2024-10-31,2024-11-28,20,3254.0,3253.0,-0.00030731407498463427,17.0,161
226237468d41e56c,RTS,2024-12-02,C:\data_quote\data_finam_RTS_tick_zip\20241202.zip,4defca1890d97b39bfb34b7a3a186a4203999e07f6e030ad48e6460b836b0788,46922,103334,163,ready,188.0,2024-11-01,2024-11-29,20,3254.0,3256.0,0.0006146281499692685,16.0,121
226237468d41e56c,RTS,2024-12-03,C:\data_quote\data_finam_RTS_tick_zip\20241203.zip,447751b9faa0bdb5c4f8f219803ecbd3ed21b733399ee8a2850cc65afb47127c,51853,115483,163,ready,189.0,2024-11-05,2024-12-02,20,3254.0,3249.0,-0.0015365703749231714,18.0,150
226237468d41e56c,RTS,2024-12-04,C:\data_quote\data_finam_RTS_tick_zip\20241204.zip,65dafa62ecf8a9bb7c29f281156c11aa58479bcc97d4aa9c93a91da572ae7a7b,77762,188280,163,ready,192.0,2024-11-06,2024-12-03,20,3254.0,3251.0,-0.0009219422249539029,18.0,254
226237468d41e56c,RTS,2024-12-05,C:\data_quote\data_finam_RTS_tick_zip\20241205.zip,08ed94a2f2f80c674807d4f76a7efadeb47415294b479f9555788a606be8b90d,97215,235270,163,ready,200.0,2024-11-07,2024-12-04,20,3254.0,3256.0,0.0006146281499692685,17.0,307
226237468d41e56c,RTS,2024-12-06,C:\data_quote\data_finam_RTS_tick_zip\20241206.zip,517afe137fdf03f1a96c0e85b0808159f8432b014703f9c833134838a61c6e1a,68172,157814,163,ready,206.0,2024-11-08,2024-12-05,20,3254.0,3250.0,-0.001229256299938537,16.0,176
226237468d41e56c,RTS,2024-12-09,C:\data_quote\data_finam_RTS_tick_zip\20241209.zip,28fb1ea9477ebd5f5b973d84f143697f37ac16cf4fce1ebad256e3141f6a49af,49904,112389,163,ready,207.0,2024-11-11,2024-12-06,20,3254.0,3262.0,0.002458512599877074,17.0,117
226237468d41e56c,RTS,2024-12-10,C:\data_quote\data_finam_RTS_tick_zip\20241210.zip,28b12138b2c0376aee6f6afcc4a7ca61780a77c671df2b553a52227bcfd3dd72,55862,122197,163,ready,207.0,2024-11-12,2024-12-09,20,3254.0,3266.0,0.0036877688998156115,17.0,122
226237468d41e56c,RTS,2024-12-11,C:\data_quote\data_finam_RTS_tick_zip\20241211.zip,06c2ec5673f49583165e055106e8054746c9f974f4c5037d435824b7b0f8b5a8,66098,151268,163,ready,208.0,2024-11-13,2024-12-10,20,3254.0,3263.0,0.0027658266748617085,18.0,173
226237468d41e56c,RTS,2024-12-12,C:\data_quote\data_finam_RTS_tick_zip\20241212.zip,eb11b9ddd69a62fff9f0fe1fe571f1e99945085cf4894b6844e63462105078ee,63986,163903,163,ready,212.0,2024-11-14,2024-12-11,20,3254.0,3262.0,0.002458512599877074,17.0,198
226237468d41e56c,RTS,2024-12-13,C:\data_quote\data_finam_RTS_tick_zip\20241213.zip,98039000ad49d9190f0f60638b4e72f02b84cc419d010c1924429c2fb3742fdc,43241,103862,163,ready,216.0,2024-11-15,2024-12-12,20,3254.0,3247.0,-0.0021511985248924403,16.0,110
226237468d41e56c,RTS,2024-12-16,C:\data_quote\data_finam_RTS_tick_zip\20241216.zip,dfd05a25fe173754cdc25bac726412cb7d74bc125a6da7f95be3f97e0b120471,53620,122257,163,ready,216.0,2024-11-18,2024-12-13,20,3254.0,3258.0,0.001229256299938537,17.0,125
226237468d41e56c,RTS,2024-12-17,C:\data_quote\data_finam_RTS_tick_zip\20241217.zip,a179102f785f6e2549723433805954291938dd040ad082d3d10326ca0236108e,43045,101707,163,ready,218.0,2024-11-19,2024-12-16,20,3254.0,3251.0,-0.0009219422249539029,17.0,100
226237468d41e56c,RTS,2024-12-18,C:\data_quote\data_finam_RTS_tick_zip\20241218.zip,99fc51d919825ea613d13150b38601154d6aacbea726acb8749feb9b6d494fc6,39814,92641,163,ready,216.0,2024-11-20,2024-12-17,20,3260.0,3271.0,0.003374233128834356,17.0,78
226237468d41e56c,RTS,2024-12-19,C:\data_quote\data_finam_RTS_tick_zip\20241219.zip,95055180e0d9b6ef2d685e5246bbf71378b678cccebdef1a5f5f5923a8d84899,13272,43792,106,ready,214.0,2024-11-21,2024-12-18,20,3260.0,3276.0,0.0049079754601227,16.0,49
226237468d41e56c,RTS,2024-12-20,C:\data_quote\data_finam_RTS_tick_zip\20241220.zip,ce6df8cadf3a6c7a21b5c03b1d0f942234d24ac24af15bb6be38753834fe7cc3,7287,16043,57,ready,212.0,2024-11-22,2024-12-19,20,3203.0,3189.0,-0.004370902279113331,17.0,15
226237468d41e56c,RTS,2024-12-23,C:\data_quote\data_finam_RTS_tick_zip\20241223.zip,3a86ad1dfa00059e6bfe05b8bf5a37c8a26922fe28efcebd854db8935765b459,74353,161381,163,ready,211.0,2024-11-25,2024-12-20,20,3097.0,3106.0,0.0029060381013884403,17.0,154
226237468d41e56c,RTS,2024-12-24,C:\data_quote\data_finam_RTS_tick_zip\20241224.zip,bc045a3a339582a1f74df80de5cb5d86bd042dddefe842b8f9fefdf7f9e653e4,50496,105024,163,ready,210.0,2024-11-26,2024-12-23,20,3097.0,3104.0,0.0022602518566354536,17.0,110
226237468d41e56c,RTS,2024-12-25,C:\data_quote\data_finam_RTS_tick_zip\20241225.zip,6aed3247084492a8976a0a4aa67b825e8df9f0e23b5fcb9c007d04808e19f424,61492,124702,163,ready,205.0,2024-11-27,2024-12-24,20,3097.0,3090.0,-0.0022602518566354536,16.0,124
226237468d41e56c,RTS,2024-12-26,C:\data_quote\data_finam_RTS_tick_zip\20241226.zip,f6a4e40c4ed30602ba4b599638861c68c65f683f23780c0f319391c75a5c0a05,56632,123629,163,ready,195.0,2024-11-28,2024-12-25,20,3097.0,3098.0,0.00032289312237649337,15.0,141
226237468d41e56c,RTS,2024-12-27,C:\data_quote\data_finam_RTS_tick_zip\20241227.zip,c6350a86b1bf70a6ba0a1d82fd020435c9927f63cb785e196a1de6f5cfb8bb0d,44715,96187,163,ready,190.0,2024-11-29,2024-12-26,20,3097.0,3097.0,0.0,15.0,105
226237468d41e56c,RTS,2024-12-28,C:\data_quote\data_finam_RTS_tick_zip\20241228.zip,6904f50d4f01e9e8be80df8b695313d0fde068033a5b809e81883fd9395eb2e5,31133,61812,163,ready,188.0,2024-12-02,2024-12-27,20,3097.0,3101.0,0.0012915724895059735,16.0,67
226237468d41e56c,RTS,2024-12-30,C:\data_quote\data_finam_RTS_tick_zip\20241230.zip,1d93d4de38c35988623ddd72582de7bef20c994063b8e38bf1eead610cdc0c3e,37103,80628,163,ready,188.0,2024-12-02,2024-12-27,20,3097.0,3101.0,0.0012915724895059735,16.0,82
226237468d41e56c,RTS,2025-01-03,C:\data_quote\data_finam_RTS_tick_zip\20250103.zip,e7788012734d609f010a41bcaa9cbd8b5e2e3aac046d65608de0ee1bd48f9a81,33098,66127,163,ready,187.0,2024-12-03,2024-12-30,20,3097.0,3090.0,-0.0022602518566354536,17.0,60
226237468d41e56c,RTS,2025-01-06,C:\data_quote\data_finam_RTS_tick_zip\20250106.zip,720986a35dd07483cdfc3219bc3f2a69fa46f6202ad4c9132de38ca8786b86b4,31999,67431,163,ready,183.0,2024-12-04,2025-01-03,20,3097.0,3091.0,-0.0019373587342589602,17.0,73
226237468d41e56c,RTS,2025-01-08,C:\data_quote\data_finam_RTS_tick_zip\20250108.zip,85a1875cabeed132cf541b7250f17089d44bc57df76bc3f6f642a0c6f4068e02,29474,58105,163,ready,174.0,2024-12-05,2025-01-06,20,3097.0,3107.0,0.0032289312237649337,17.0,60
226237468d41e56c,RTS,2025-01-09,C:\data_quote\data_finam_RTS_tick_zip\20250109.zip,0f1dbd5f85c1a4b574a93a6473e25e3bde5e24698d249dfcb14e4e470ebab81b,54824,118037,163,ready,162.0,2024-12-06,2025-01-08,20,3097.0,3097.0,0.0,16.0,182
226237468d41e56c,RTS,2025-01-10,C:\data_quote\data_finam_RTS_tick_zip\20250110.zip,c6788c5e60dfb0f12ea4b7a17e8b8db9b55dcb2367afe37b7422aa47aa83eb8e,60662,132015,163,ready,160.0,2024-12-09,2025-01-09,20,3097.0,3084.0,-0.004197610590894414,15.0,216
226237468d41e56c,RTS,2025-01-13,C:\data_quote\data_finam_RTS_tick_zip\20250113.zip,9459de8c76fa4b990933d3a8b6beff68ab9e6b57a40faeb7928b404c67502327,50159,103916,163,ready,161.0,2024-12-10,2025-01-10,20,3097.0,3099.0,0.0006457862447529867,17.0,167
226237468d41e56c,RTS,2025-01-14,C:\data_quote\data_finam_RTS_tick_zip\20250114.zip,6aca2e9137f8500683979c6fb99019d1cd2cda0d978622e6d19a902664059197,44960,88682,163,ready,160.0,2024-12-11,2025-01-13,20,3097.0,3105.0,0.002583144979011947,17.0,128
226237468d41e56c,RTS,2025-01-15,C:\data_quote\data_finam_RTS_tick_zip\20250115.zip,8de76550d9e04f971ea342e3d81daa85692832c9bfb3c3ba7c860e5c31442119,49897,100032,163,ready,155.0,2024-12-12,2025-01-14,20,3097.0,3089.0,-0.002583144979011947,16.0,155
226237468d41e56c,RTS,2025-01-16,C:\data_quote\data_finam_RTS_tick_zip\20250116.zip,704d271156ac43ff7c3abc2ee2c03569c0d6f6f9f7918934f285d94c047579b4,50964,103618,163,ready,150.0,2024-12-13,2025-01-15,20,3097.0,3094.0,-0.0009686793671294801,15.0,172
226237468d41e56c,RTS,2025-01-17,C:\data_quote\data_finam_RTS_tick_zip\20250117.zip,0235b14895f550ff0f80d43f63019dc4ce8a260ed412d354cc5382bb4876c382,43544,88732,163,ready,149.0,2024-12-16,2025-01-16,20,3097.0,3119.0,0.007103648692282854,16.0,162
226237468d41e56c,RTS,2025-01-20,C:\data_quote\data_finam_RTS_tick_zip\20250120.zip,5f384db4b518c769a5c0df7abca452ad266830ad1ef8910cfaf855b7ccc37a67,64906,130689,163,ready,149.0,2024-12-17,2025-01-17,20,3097.0,3075.0,-0.007103648692282854,16.0,203
226237468d41e56c,RTS,2025-01-21,C:\data_quote\data_finam_RTS_tick_zip\20250121.zip,99fb8933ccc728f46189c983c69e81f720b3d37038ec88b4c29cd912f5364ec7,60897,127207,163,ready,149.0,2024-12-18,2025-01-20,20,3097.0,3101.0,0.0012915724895059735,16.0,243
226237468d41e56c,RTS,2025-01-22,C:\data_quote\data_finam_RTS_tick_zip\20250122.zip,053e9c0f0273318cdcb6a4654ad8236fab9c4d8f31c0959eab4cbc4ab51a7b98,56460,116399,163,ready,152.0,2024-12-19,2025-01-21,20,3097.0,3070.0,-0.00871811430416532,16.0,200
226237468d41e56c,RTS,2025-01-23,C:\data_quote\data_finam_RTS_tick_zip\20250123.zip,abbae36045cbc191694c7aaaab5572abbf737c12f48a6c9e006d2a281380ee1a,55509,117979,163,ready,154.0,2024-12-20,2025-01-22,20,3154.0,3134.0,-0.0063411540900443885,16.0,222
226237468d41e56c,RTS,2025-01-24,C:\data_quote\data_finam_RTS_tick_zip\20250124.zip,44646351231c1a0c175d2392aec9a55a6afdd9852e07763617e6565c5cb137b9,49610,102479,163,ready,157.0,2024-12-23,2025-01-23,20,3260.0,3260.0,0.0,16.0,177
226237468d41e56c,RTS,2025-01-27,C:\data_quote\data_finam_RTS_tick_zip\20250127.zip,83ac483a86c39fa78c77465d55ce177b759e1a44515a6885309f5c6b8b993010,49385,100232,174,ready,154.0,2024-12-24,2025-01-24,20,3260.0,3267.0,0.002147239263803681,15.0,165
226237468d41e56c,RTS,2025-01-28,C:\data_quote\data_finam_RTS_tick_zip\20250128.zip,61a8f020158dcfbc56591feb155d5c044c2ac3bd3b0c51140a27fe84cf365610,50852,102409,175,ready,154.0,2024-12-25,2025-01-27,20,3271.0,3267.0,-0.0012228676245796392,16.0,149
226237468d41e56c,RTS,2025-01-29,C:\data_quote\data_finam_RTS_tick_zip\20250129.zip,5084241e73b80ca0b2034742e36c1458d6f72630e2315460578a3c8643081e2c,42429,81530,175,ready,153.0,2024-12-26,2025-01-28,20,3283.0,3291.0,0.0024367956137678953,17.0,123
226237468d41e56c,RTS,2025-01-30,C:\data_quote\data_finam_RTS_tick_zip\20250130.zip,8b8007955f0682baaaad0808fba49fb9335edb0db64eef3b9bec76318c9b4315,46340,92819,175,ready,151.0,2024-12-27,2025-01-29,20,3295.0,3294.0,-0.00030349013657056146,17.0,135
226237468d41e56c,RTS,2025-01-31,C:\data_quote\data_finam_RTS_tick_zip\20250131.zip,238342be7eceba830ecdb174256728a2602d8de96ce0f2fcb869f14714e7d801,54117,117701,175,ready,149.0,2024-12-30,2025-01-30,20,3307.0,3325.0,0.005442999697611128,16.0,214
226237468d41e56c,RTS,2025-02-03,C:\data_quote\data_finam_RTS_tick_zip\20250203.zip,9b822d818e3ada6424db292f58b06d1152eb8d6e12bd616b4df64d250cb40166,50332,99250,175,ready,152.0,2025-01-03,2025-01-31,20,3319.0,3320.0,0.00030129557095510696,15.0,162
226237468d41e56c,RTS,2025-02-04,C:\data_quote\data_finam_RTS_tick_zip\20250204.zip,de49bad6bd521e00a5599bf811f8811c58bcea94821209018bc9e5e9ff577436,39736,76090,175,ready,155.0,2025-01-06,2025-02-03,20,3331.0,3322.0,-0.002701891323926749,16.0,133
226237468d41e56c,RTS,2025-02-05,C:\data_quote\data_finam_RTS_tick_zip\20250205.zip,9053cb9be2dbbc132ab7253ff177e4a9ca30ff487bfe0e5ae0f1a3a72eb62be8,69306,140399,175,ready,155.0,2025-01-08,2025-02-04,20,3343.0,3356.0,0.003888722704157942,16.0,226
226237468d41e56c,RTS,2025-02-06,C:\data_quote\data_finam_RTS_tick_zip\20250206.zip,f94f7f3d345f07a61ea9b9d125e0fc0240e8ea68f3bf5593a0de643c7ae4a852,52329,101575,175,ready,160.0,2025-01-09,2025-02-05,20,3355.0,3350.0,-0.0014903129657228018,14.0,137
226237468d41e56c,RTS,2025-02-07,C:\data_quote\data_finam_RTS_tick_zip\20250207.zip,1db5d644f4ae1b102ddaecaa4e0cab4ac5b4e628054c32c21161c21812006cfa,41528,75801,175,ready,158.0,2025-01-10,2025-02-06,20,3367.0,3356.0,-0.003267003267003267,15.0,104
226237468d41e56c,RTS,2025-02-10,C:\data_quote\data_finam_RTS_tick_zip\20250210.zip,633488d7f85507fefdac844bebf378e512929fbb3ce65ca00d03b0d00a7c86dc,43168,76862,175,ready,154.0,2025-01-13,2025-02-07,20,3379.0,3364.0,-0.004439183190292986,16.0,93
226237468d41e56c,RTS,2025-02-11,C:\data_quote\data_finam_RTS_tick_zip\20250211.zip,2262bfe9b8fefc8c98b10d39207f57a1ebdf5a440b387fd15fc79fa68f7c1efe,57129,120656,175,ready,150.0,2025-01-14,2025-02-10,20,3391.0,3395.0,0.0011795930404010617,17.0,281
226237468d41e56c,RTS,2025-02-12,C:\data_quote\data_finam_RTS_tick_zip\20250212.zip,7410363f28874df0e824abb9962c866aade4ef650b09a2b3be71157a5e799b34,98010,207346,175,ready,155.0,2025-01-15,2025-02-11,20,3403.0,3409.0,0.001763150161622098,15.0,345
226237468d41e56c,RTS,2025-02-13,C:\data_quote\data_finam_RTS_tick_zip\20250213.zip,d414bd91b21e960dc1d62f7c6d59a49ffae4206c4a7180717deb64ea0347dda0,83529,171044,175,ready,160.0,2025-01-16,2025-02-12,20,3415.0,3420.0,0.0014641288433382138,16.0,231
226237468d41e56c,RTS,2025-02-14,C:\data_quote\data_finam_RTS_tick_zip\20250214.zip,4fbeacb175d177aab1b3892c3c3cd92f7eb44cf67421929836950a55697c52e7,135528,279891,175,ready,162.0,2025-01-17,2025-02-13,20,3427.0,3438.0,0.0032098044937262913,17.0,407
226237468d41e56c,RTS,2025-02-17,C:\data_quote\data_finam_RTS_tick_zip\20250217.zip,1733da3b90dcaef2dc138c5dab160ec359c4639a549e5bbf5b6be78e48333430,91438,198632,175,ready,170.0,2025-01-20,2025-02-14,20,3439.0,3460.0,0.0061064262867112536,17.0,273
226237468d41e56c,RTS,2025-02-18,C:\data_quote\data_finam_RTS_tick_zip\20250218.zip,46bb1559d7c5dc79d79a662d095e87c596e312b33c131cc14f29130579679707,119821,238590,175,ready,173.0,2025-01-21,2025-02-17,20,3451.0,3448.0,-0.0008693132425383947,16.0,291
226237468d41e56c,RTS,2025-02-19,C:\data_quote\data_finam_RTS_tick_zip\20250219.zip,8a8ec321b04afddcf4b47d614b6eb11939b89a0b4f08b3335424e6eb6c707479,78657,147292,175,ready,175.0,2025-01-22,2025-02-18,20,3463.0,3482.0,0.005486572336124747,17.0,167
226237468d41e56c,RTS,2025-02-20,C:\data_quote\data_finam_RTS_tick_zip\20250220.zip,021c4914400cd63126815b1578eff5a6532a5593dc3b90b976366ab2f3be7ee4,83324,158726,175,ready,175.0,2025-01-23,2025-02-19,20,3475.0,3492.0,0.004892086330935252,15.0,213
226237468d41e56c,RTS,2025-02-21,C:\data_quote\data_finam_RTS_tick_zip\20250221.zip,2ae04b51952ca51b0b08d8c1c57ac27a96cf865ce20290fe33888b4900b80a9d,76463,148072,175,ready,176.0,2025-01-24,2025-02-20,20,3487.0,3470.0,-0.004875250932033267,16.0,183
226237468d41e56c,RTS,2025-02-24,C:\data_quote\data_finam_RTS_tick_zip\20250224.zip,02bd6f935a870920a7b6f67627db1954025f1050f08446ff27f85064d7a05585,73514,142658,175,ready,176.0,2025-01-27,2025-02-21,20,3499.0,3505.0,0.0017147756501857674,16.0,203
226237468d41e56c,RTS,2025-02-25,C:\data_quote\data_finam_RTS_tick_zip\20250225.zip,1ed0ef8a029d2f5f117a21ac8b3b3f8d5daa65657978c63792f5bdb231100796,66148,131039,175,ready,179.0,2025-01-28,2025-02-24,20,3500.0,3495.0,-0.0014285714285714286,17.0,197
226237468d41e56c,RTS,2025-02-26,C:\data_quote\data_finam_RTS_tick_zip\20250226.zip,d04c8400ebf2d40995755f620073594287d38986e1b42156709ecf42936b3c85,133258,251978,175,ready,181.0,2025-01-29,2025-02-25,20,3500.0,3492.0,-0.002285714285714286,17.0,280
226237468d41e56c,RTS,2025-02-27,C:\data_quote\data_finam_RTS_tick_zip\20250227.zip,065ab0f7fb42c664290623fecd1b1196fe9bc0b1ce0650d6670ff7e8abc9cc08,122109,248780,175,ready,188.0,2025-01-30,2025-02-26,20,3500.0,3498.0,-0.0005714285714285715,16.0,268
226237468d41e56c,RTS,2025-02-28,C:\data_quote\data_finam_RTS_tick_zip\20250228.zip,936e858021e4c99d54b0dea995914bd48122dca762194db9100aac548c5f2785,125672,230955,175,ready,194.0,2025-01-31,2025-02-27,20,3500.0,3477.0,-0.006571428571428572,16.0,207
226237468d41e56c,RTS,2025-03-03,C:\data_quote\data_finam_RTS_tick_zip\20250303.zip,d4e2f54150ed91480abbea63d7ad57948714597ae293ab3a90b262b2d0b37e16,118188,222001,175,ready,196.0,2025-02-03,2025-02-28,20,3500.0,3498.0,-0.0005714285714285715,17.0,199
226237468d41e56c,RTS,2025-03-04,C:\data_quote\data_finam_RTS_tick_zip\20250304.zip,9f427809d2d262fccc274bbb788c92af375bae0e8af5193a7cf425623b6d319f,84339,152315,175,ready,200.0,2025-02-04,2025-03-03,20,3500.0,3505.0,0.0014285714285714286,16.0,141
226237468d41e56c,RTS,2025-03-05,C:\data_quote\data_finam_RTS_tick_zip\20250305.zip,a5c4f3259f2a6f3dc8374781f11d92fd824da74ce93f58807b00aa36e62f7c9e,88181,165155,175,ready,203.0,2025-02-05,2025-03-04,20,3500.0,3481.0,-0.0054285714285714284,16.0,175
226237468d41e56c,RTS,2025-03-06,C:\data_quote\data_finam_RTS_tick_zip\20250306.zip,69ef07d00d187ff8db1e51b1f143bbabbff3ddee8e41d16cdc1de96afda9d5de,76543,135222,175,ready,203.0,2025-02-06,2025-03-05,20,3500.0,3504.0,0.001142857142857143,17.0,109
226237468d41e56c,RTS,2025-03-07,C:\data_quote\data_finam_RTS_tick_zip\20250307.zip,0f89a3c405176da0ebfbccf5daf13d0fb46ea24903c0a2f51b0b092d033f46cd,96935,189997,175,ready,204.0,2025-02-07,2025-03-06,20,3500.0,3493.0,-0.002,18.0,186
226237468d41e56c,RTS,2025-03-10,C:\data_quote\data_finam_RTS_tick_zip\20250310.zip,fe6b863bdd97c57b307220b64731ee820a232db99b9081038f4250d4348cd0a6,63181,103099,175,ready,209.0,2025-02-10,2025-03-07,20,3500.0,3511.0,0.003142857142857143,17.0,80
226237468d41e56c,RTS,2025-03-11,C:\data_quote\data_finam_RTS_tick_zip\20250311.zip,bd42eb116524e90adff364f01f99c92d0180cbb58754e8e04200eb3b230d2ac8,92120,163393,175,ready,210.0,2025-02-11,2025-03-10,20,3500.0,3493.0,-0.002,17.0,141
226237468d41e56c,RTS,2025-03-12,C:\data_quote\data_finam_RTS_tick_zip\20250312.zip,306e544fc44d5960778847d80fa6ac759868481f78a17f7c925fc65071dac831,65693,114954,175,ready,208.0,2025-02-12,2025-03-11,20,3500.0,3497.0,-0.0008571428571428571,17.0,101
226237468d41e56c,RTS,2025-03-13,C:\data_quote\data_finam_RTS_tick_zip\20250313.zip,207df9fcf9248d15632c86fdea8248a827ec187152d0a0d249ed6d204e608688,116683,209344,175,ready,203.0,2025-02-13,2025-03-12,20,3500.0,3494.0,-0.0017142857142857142,17.0,200
226237468d41e56c,RTS,2025-03-14,C:\data_quote\data_finam_RTS_tick_zip\20250314.zip,003645e319bdec074360eea0618331ceb6e058d6dda55393a23db7cc9baab8c8,73864,124642,175,ready,204.0,2025-02-14,2025-03-13,20,3500.0,3510.0,0.002857142857142857,17.0,121
226237468d41e56c,RTS,2025-03-17,C:\data_quote\data_finam_RTS_tick_zip\20250317.zip,3edff57f5a38c9ff94bb58a1b154f7537d85136a887198faa6df43f991a4bace,73587,124511,175,ready,196.0,2025-02-17,2025-03-14,20,3500.0,3492.0,-0.002285714285714286,18.0,118
226237468d41e56c,RTS,2025-03-18,C:\data_quote\data_finam_RTS_tick_zip\20250318.zip,25d43cb339084aa41c9b96eb14bc639de4c4ac67b66b801b08be7f7d8bde0a65,120908,185412,175,ready,193.0,2025-02-18,2025-03-17,20,3500.0,3493.0,-0.002,17.0,165
226237468d41e56c,RTS,2025-03-19,C:\data_quote\data_finam_RTS_tick_zip\20250319.zip,f1450b385db6ff179d8f3cae636ef79862553d0956611432bf676eb41abaacf9,33176,49003,175,ready,190.0,2025-02-19,2025-03-18,20,3500.0,3516.0,0.004571428571428572,17.0,45
226237468d41e56c,RTS,2025-03-20,C:\data_quote\data_finam_RTS_tick_zip\20250320.zip,04c1a3f20149976bff46104953045b8fee7e7472e485788e899e4bd6cd7c3b8a,53415,83199,175,ready,188.0,2025-02-20,2025-03-19,20,3500.0,3484.0,-0.004571428571428572,18.0,89
226237468d41e56c,RTS,2025-03-21,C:\data_quote\data_finam_RTS_tick_zip\20250321.zip,7930634944c8c4418738f8bb40e33100a23c268077e2138c00f1cc2698a84b15,66175,98635,175,ready,182.0,2025-02-21,2025-03-20,20,3500.0,3516.0,0.004571428571428572,16.0,122
226237468d41e56c,RTS,2025-03-24,C:\data_quote\data_finam_RTS_tick_zip\20250324.zip,6332d27cce0d89bd8947a09f63b4a72f4a9a389d88a9099f251d01b6cfaff5dd,53888,90754,175,ready,181.0,2025-02-24,2025-03-21,20,3500.0,3491.0,-0.0025714285714285713,18.0,102
226237468d41e56c,RTS,2025-03-25,C:\data_quote\data_finam_RTS_tick_zip\20250325.zip,15ded0055e57e7204cecf2098e6de1d7eaf06f6fd747aa162946968fe655a43b,57943,102728,172,ready,177.0,2025-02-25,2025-03-24,20,3500.0,3519.0,0.0054285714285714284,16.0,128
226237468d41e56c,RTS,2025-03-26,C:\data_quote\data_finam_RTS_tick_zip\20250326.zip,6aad706de8bdc62400c098a08eb828dafc65453cc4b07a54174098ef66f4ff29,50708,81018,175,ready,174.0,2025-02-26,2025-03-25,20,3497.0,3515.0,0.005147269087789534,16.0,80
226237468d41e56c,RTS,2025-03-27,C:\data_quote\data_finam_RTS_tick_zip\20250327.zip,bc49a689a1ace96efe2833909b020898bf0ff79bc678f491a3b7f37f30bbb90b,63558,102578,175,ready,168.0,2025-02-27,2025-03-26,20,3497.0,3491.0,-0.0017157563625965113,17.0,121
226237468d41e56c,RTS,2025-03-28,C:\data_quote\data_finam_RTS_tick_zip\20250328.zip,fea746e8bff033cf09759f2c526f3817c586ac597e66882d2de778724dc2ea01,90980,157206,175,ready,161.0,2025-02-28,2025-03-27,20,3497.0,3489.0,-0.002287675150128682,16.0,214
226237468d41e56c,RTS,2025-03-31,C:\data_quote\data_finam_RTS_tick_zip\20250331.zip,38b650e713bc3fd68e7919e67041d99f85ce2de6deeb194bebc17cbdb560f029,72601,120153,175,ready,159.0,2025-03-03,2025-03-28,20,3497.0,3508.0,0.0031455533314269373,16.0,141
226237468d41e56c,RTS,2025-04-01,C:\data_quote\data_finam_RTS_tick_zip\20250401.zip,c824350e316e129f7995a26317af2b660aa18bb64b1c808cd0cad7b8ab8a1876,84564,145024,175,ready,155.0,2025-03-04,2025-03-31,20,3497.0,3487.0,-0.0028595939376608523,17.0,188
226237468d41e56c,RTS,2025-04-02,C:\data_quote\data_finam_RTS_tick_zip\20250402.zip,b3fd792bab7f33f414378dcdcf54a191b6129a76a2199a8e81173bd47a76592a,73693,120882,175,ready,154.0,2025-03-05,2025-04-01,20,3497.0,3501.0,0.001143837575064341,16.0,159
226237468d41e56c,RTS,2025-04-03,C:\data_quote\data_finam_RTS_tick_zip\20250403.zip,c8074f9f6e809dc51a00c19ea820a30dde4991c3d78229346cb70062805b3fd1,112327,202847,175,ready,152.0,2025-03-06,2025-04-02,20,3497.0,3489.0,-0.002287675150128682,16.0,300
226237468d41e56c,RTS,2025-04-04,C:\data_quote\data_finam_RTS_tick_zip\20250404.zip,dcf7dd69f92ae387788b5c1f47ef4bfdc0baba1f8e28043098f3b9a8393bf484,107113,188740,175,ready,155.0,2025-03-07,2025-04-03,20,3497.0,3502.0,0.0014297969688304261,16.0,270
226237468d41e56c,RTS,2025-04-07,C:\data_quote\data_finam_RTS_tick_zip\20250407.zip,6506e45fe6b0bad44a0440c5208fa97fd165cdb5aa55b91d1bcaff22445ce184,122870,216326,175,ready,155.0,2025-03-10,2025-04-04,20,3497.0,3490.0,-0.0020017157563625965,16.0,295
226237468d41e56c,RTS,2025-04-08,C:\data_quote\data_finam_RTS_tick_zip\20250408.zip,0ba0b8e9ed4882ae61f22cea96bd1c8bf8631e65d2cf4a67fa281b60f85c024a,85846,137756,175,ready,160.0,2025-03-11,2025-04-07,20,3497.0,3474.0,-0.00657706605661996,17.0,160
226237468d41e56c,RTS,2025-04-09,C:\data_quote\data_finam_RTS_tick_zip\20250409.zip,131483a553545d973b4efa2643ac665c5b8c6d0ac3f0d4e0ef26e242901b5796,138992,235377,175,ready,157.0,2025-03-12,2025-04-08,20,3497.0,3502.0,0.0014297969688304261,17.0,279
226237468d41e56c,RTS,2025-04-10,C:\data_quote\data_finam_RTS_tick_zip\20250410.zip,8df2750fbeda82d3c8e95c8bc31880fc81808280a1f14f44197e0601041035bf,108885,189961,175,ready,162.0,2025-03-13,2025-04-09,20,3497.0,3478.0,-0.005433228481555619,17.0,267
226237468d41e56c,RTS,2025-04-11,C:\data_quote\data_finam_RTS_tick_zip\20250411.zip,fbdb71b037558c77553a454395c524c68619d423040e5a62cfa3208273f325e1,88456,149347,175,ready,160.0,2025-03-14,2025-04-10,20,3497.0,3529.0,0.009150700600514728,17.0,174
226237468d41e56c,RTS,2025-04-14,C:\data_quote\data_finam_RTS_tick_zip\20250414.zip,defbd26a74a899b3833ab473d0b1921f8a5e42492b79213fb4f62dc7894aaa0c,64872,98103,175,ready,162.0,2025-03-17,2025-04-11,20,3497.0,3472.0,-0.007148984844152131,17.0,100
226237468d41e56c,RTS,2025-04-15,C:\data_quote\data_finam_RTS_tick_zip\20250415.zip,ac2c02a1e389f5ec9141f60753ae4519b9a1a706037268ed8c217f4a8058558f,61024,89956,175,ready,160.0,2025-03-18,2025-04-14,20,3497.0,3481.0,-0.004575350300257364,17.0,100
226237468d41e56c,RTS,2025-04-16,C:\data_quote\data_finam_RTS_tick_zip\20250416.zip,6f70753c66f41eebad8536ec14bbb639f539c5403d9efe8abd3acb69f4c664ff,72038,111318,175,ready,156.0,2025-03-19,2025-04-15,20,3497.0,3527.0,0.008578781812982557,17.0,134
226237468d41e56c,RTS,2025-04-17,C:\data_quote\data_finam_RTS_tick_zip\20250417.zip,22382283add885fb18224769edd23c3bc046d53284bb1e1e5c07c1bfc644da72,79940,127362,175,ready,159.0,2025-03-20,2025-04-16,20,3497.0,3497.0,0.0,17.0,169
226237468d41e56c,RTS,2025-04-18,C:\data_quote\data_finam_RTS_tick_zip\20250418.zip,520e8f26e01a0f3e5f6ace8fc9a1be1ef0573eb49e2dd694bbc48558ee29462c,103220,168969,175,ready,160.0,2025-03-21,2025-04-17,20,3497.0,3501.0,0.001143837575064341,17.0,237
226237468d41e56c,RTS,2025-04-21,C:\data_quote\data_finam_RTS_tick_zip\20250421.zip,714b3afbef97dc740a39834769e33e14e6b08358920b62014d75cd56e8fb315e,59367,90728,175,ready,162.0,2025-03-24,2025-04-18,20,3497.0,3502.0,0.0014297969688304261,17.0,111
226237468d41e56c,RTS,2025-04-22,C:\data_quote\data_finam_RTS_tick_zip\20250422.zip,b2c70b64f3a7ab323a67c4633ca6fabb47bdf2cc6e1909ac1b2b4aaf1dac6c9f,83205,139339,169,ready,162.0,2025-03-25,2025-04-21,20,3497.0,3494.0,-0.0008578781812982557,17.0,206
226237468d41e56c,RTS,2025-04-23,C:\data_quote\data_finam_RTS_tick_zip\20250423.zip,aabc0a44b38e2761b90c943b16162bce3aa75fb390f199cf982d31598c2d3868,96044,154938,175,ready,164.0,2025-03-26,2025-04-22,20,3494.0,3483.0,-0.0031482541499713796,18.0,182
226237468d41e56c,RTS,2025-04-24,C:\data_quote\data_finam_RTS_tick_zip\20250424.zip,73e6b5636081b419ff3f8234bab9f4fa5a5683abffaf85564b3909a3a2aa2135,53008,80833,175,ready,166.0,2025-03-27,2025-04-23,20,3494.0,3501.0,0.002003434459072696,17.0,75
226237468d41e56c,RTS,2025-04-25,C:\data_quote\data_finam_RTS_tick_zip\20250425.zip,4a9fbb5ed3f134a0471d77df3eef4bcbeb6339990beda9a7bea64d77204e3f79,63874,102005,175,ready,165.0,2025-03-28,2025-04-24,20,3494.0,3507.0,0.003720663995420721,17.0,108
226237468d41e56c,RTS,2025-04-28,C:\data_quote\data_finam_RTS_tick_zip\20250428.zip,2bd2a304894b8a4e4351b3ba6c4a25e3333fb19ed47986029eb5182bf14adc84,77297,119585,164,ready,162.0,2025-03-31,2025-04-25,20,3494.0,3492.0,-0.0005724098454493417,17.0,124
226237468d41e56c,RTS,2025-04-29,C:\data_quote\data_finam_RTS_tick_zip\20250429.zip,a96adac7663af004ee29c3d5bff3108d7aabe0851941b3ddf7227b9454be4dda,64661,99020,175,ready,162.0,2025-04-01,2025-04-28,20,3483.0,3479.0,-0.0011484352569623888,17.0,110
226237468d41e56c,RTS,2025-04-30,C:\data_quote\data_finam_RTS_tick_zip\20250430.zip,c069b615acd9e9ed536567eab8118e54f914cae173806fabbbb1ca7b34548341,69897,112116,175,ready,161.0,2025-04-02,2025-04-29,20,3483.0,3461.0,-0.006316393913293138,17.0,129
226237468d41e56c,RTS,2025-05-02,C:\data_quote\data_finam_RTS_tick_zip\20250502.zip,9f15f5ec7fc6a18445478964c10552e080852df24434d95cf42d55ec8bcd81bf,50521,84218,175,ready,161.0,2025-04-03,2025-04-30,20,3483.0,3455.0,-0.008039046798736722,17.0,107
226237468d41e56c,RTS,2025-05-05,C:\data_quote\data_finam_RTS_tick_zip\20250505.zip,d163552c9a1650f586d3192f418cd73518b5346512f57eb3e929acb7b070046c,59370,104895,175,ready,156.0,2025-04-04,2025-05-02,20,3483.0,3484.0,0.0002871088142405972,16.0,143
226237468d41e56c,RTS,2025-05-06,C:\data_quote\data_finam_RTS_tick_zip\20250506.zip,99483f118e3a943f749128ce7488bddd69da767ee6263fa915abfade55319d35,64635,110356,175,ready,152.0,2025-04-07,2025-05-05,20,3483.0,3479.0,-0.0011484352569623888,17.0,155
226237468d41e56c,RTS,2025-05-07,C:\data_quote\data_finam_RTS_tick_zip\20250507.zip,1c666a87bec6d45ccb1a7bfed16d5e7b120eba338fd8b288cbeac0aa88dbafb2,60383,104369,175,ready,147.0,2025-04-08,2025-05-06,20,3483.0,3472.0,-0.003158196956646569,16.0,145
226237468d41e56c,RTS,2025-05-08,C:\data_quote\data_finam_RTS_tick_zip\20250508.zip,649704dcf7e51ee18de63d6f8e8869bb45823e8362ee65597dd9886f14ac024e,48290,84314,175,ready,145.0,2025-04-09,2025-05-07,20,3483.0,3477.0,-0.0017226528854435831,16.0,82
226237468d41e56c,RTS,2025-05-12,C:\data_quote\data_finam_RTS_tick_zip\20250512.zip,5ed8874c4b1ded6e1e080da9145f8805cacc204c11e800f991a9c6d44668af67,51621,93505,175,ready,139.0,2025-04-10,2025-05-08,20,3483.0,3474.0,-0.002583979328165375,16.0,137
226237468d41e56c,RTS,2025-05-13,C:\data_quote\data_finam_RTS_tick_zip\20250513.zip,e735de7b24b5f84e4cd17505a9cd84692b54b891c6b66c0d3321f9670c8b8b6a,47099,74021,175,ready,134.0,2025-04-11,2025-05-12,20,3483.0,3488.0,0.001435544071202986,16.0,118
226237468d41e56c,RTS,2025-05-14,C:\data_quote\data_finam_RTS_tick_zip\20250514.zip,a1c55141e51dd22c0560799056526b487d5708d63564b110ad84e4bdad30a8f4,53665,89256,175,ready,131.0,2025-04-14,2025-05-13,20,3483.0,3485.0,0.0005742176284811944,16.0,152
226237468d41e56c,RTS,2025-05-15,C:\data_quote\data_finam_RTS_tick_zip\20250515.zip,a27682bebf543c8222f180b218678717fc4b451a7cecafaf3cd41c6f7e6b9d60,68286,127107,175,ready,133.0,2025-04-15,2025-05-14,20,3483.0,3481.0,-0.0005742176284811944,17.0,199
226237468d41e56c,RTS,2025-05-16,C:\data_quote\data_finam_RTS_tick_zip\20250516.zip,9b2bde1b0c50a92b92ec68cc5c8af06969d0d416da5aaaa5cee0ceab43beeb77,72596,126741,175,ready,134.0,2025-04-16,2025-05-15,20,3483.0,3475.0,-0.0022968705139247776,16.0,219
226237468d41e56c,RTS,2025-05-19,C:\data_quote\data_finam_RTS_tick_zip\20250519.zip,dfcc889a45b9a032cd31288364d83aaf321e5ef7d22b228ad442ab54c86dabeb,61120,103747,175,ready,135.0,2025-04-17,2025-05-16,20,3483.0,3481.0,-0.0005742176284811944,16.0,160
226237468d41e56c,RTS,2025-05-20,C:\data_quote\data_finam_RTS_tick_zip\20250520.zip,5830f3d6d4d0b7a51ed5ec44936a125866c8f491b241250af5bbed92cbd05276,38803,71507,175,ready,134.0,2025-04-18,2025-05-19,20,3483.0,3460.0,-0.006603502727533735,16.0,109
226237468d41e56c,RTS,2025-05-21,C:\data_quote\data_finam_RTS_tick_zip\20250521.zip,ef72f3f500883a15e205f0ca99c13b4948ca3a18ecf0cf7510b13654beece1ac,43626,78312,175,ready,128.0,2025-04-21,2025-05-20,20,3483.0,3488.0,0.001435544071202986,16.0,130
226237468d41e56c,RTS,2025-05-22,C:\data_quote\data_finam_RTS_tick_zip\20250522.zip,bd4b68eeae9f12e215f8bcda92b4d9df5e6b07d808e54b794c29d0bd7a3dd873,57564,116082,175,ready,127.0,2025-04-22,2025-05-21,20,3483.0,3493.0,0.002871088142405972,16.0,214
226237468d41e56c,RTS,2025-05-23,C:\data_quote\data_finam_RTS_tick_zip\20250523.zip,db0947cdd894983f02a3700034928477c0136b26906342017e29ebb2a9723a99,36799,70555,175,ready,126.0,2025-04-23,2025-05-22,20,3489.0,3515.0,0.007451991974777874,16.0,138
226237468d41e56c,RTS,2025-05-26,C:\data_quote\data_finam_RTS_tick_zip\20250526.zip,0f492f37bad1a89220aa8bef43585b816979124d1b2a93b43d7f612ece36f635,41030,77945,175,ready,123.0,2025-04-24,2025-05-23,20,3489.0,3472.0,-0.004872456291200917,15.0,136
226237468d41e56c,RTS,2025-05-27,C:\data_quote\data_finam_RTS_tick_zip\20250527.zip,aef713dda30877e224396f530cf6f8626dde0e3a1232d93f1c777576c16c68c2,39225,68443,175,ready,123.0,2025-04-25,2025-05-26,20,3489.0,3487.0,-0.0005732301519059903,15.0,117
226237468d41e56c,RTS,2025-05-28,C:\data_quote\data_finam_RTS_tick_zip\20250528.zip,53426c18810b1a8542565e6f56caae52fe26a1db0f52a64bf48d8fb26b62b105,51207,100354,175,ready,121.0,2025-04-28,2025-05-27,20,3489.0,3514.0,0.0071653768988248785,15.0,197
226237468d41e56c,RTS,2025-05-29,C:\data_quote\data_finam_RTS_tick_zip\20250529.zip,c38c21ef10470c46f8225fc7f1117b2c8c83c63dbee495683ce52ce265a0f6c5,51769,98110,175,ready,121.0,2025-04-29,2025-05-28,20,3500.0,3515.0,0.004285714285714286,16.0,191
226237468d41e56c,RTS,2025-05-30,C:\data_quote\data_finam_RTS_tick_zip\20250530.zip,4bdec1a3c39b2400a4b58b2d364ed16c0146b8b17e4ae400a814be508063d82a,40479,74562,175,ready,121.0,2025-04-30,2025-05-29,20,3500.0,3523.0,0.006571428571428572,16.0,139
226237468d41e56c,RTS,2025-06-02,C:\data_quote\data_finam_RTS_tick_zip\20250602.zip,38a72afdc467fff09f12326270e09f43a7459d9c88836ad63b5283edb1231d70,55608,106584,175,ready,120.0,2025-05-02,2025-05-30,20,3500.0,3527.0,0.007714285714285714,15.0,230
226237468d41e56c,RTS,2025-06-03,C:\data_quote\data_finam_RTS_tick_zip\20250603.zip,a10b708e00fb8de9e683e970898d9c6f7e69eb98eccd1151e5fac3a5a9fb1967,36473,69501,175,ready,121.0,2025-05-05,2025-06-02,20,3500.0,3527.0,0.007714285714285714,16.0,159
226237468d41e56c,RTS,2025-06-04,C:\data_quote\data_finam_RTS_tick_zip\20250604.zip,f584faf3387ec19619db0f1ce164975ff288cfdcd27da24ddc298d6d2f114008,55574,107979,175,ready,121.0,2025-05-06,2025-06-03,20,3500.0,3482.0,-0.005142857142857143,16.0,233
226237468d41e56c,RTS,2025-06-05,C:\data_quote\data_finam_RTS_tick_zip\20250605.zip,5c115553657fdcb3e4b2bacffe70b8b41ecbe68755521ad3ef25f05349b7259e,40054,82622,175,ready,121.0,2025-05-07,2025-06-04,20,3500.0,3507.0,0.002,16.0,182
226237468d41e56c,RTS,2025-06-06,C:\data_quote\data_finam_RTS_tick_zip\20250606.zip,0d4f03a729e6c7e68c4a41e272041e0522c622313f8f91e10a670de2d70e21a9,87171,172206,175,ready,121.0,2025-05-08,2025-06-05,20,3500.0,3505.0,0.0014285714285714286,16.0,376
226237468d41e56c,RTS,2025-06-09,C:\data_quote\data_finam_RTS_tick_zip\20250609.zip,a8b090914816b48aeaeafbbd88b3518ed8e8ae3339c840ce89b58b304c23f620,44595,87171,175,ready,128.0,2025-05-12,2025-06-06,20,3500.0,3465.0,-0.01,16.0,180
226237468d41e56c,RTS,2025-06-10,C:\data_quote\data_finam_RTS_tick_zip\20250610.zip,d438fcce7c911e69203fabde8b3ce73be8e9ae7f7d8cb9359d961fe882ef0253,38622,74185,175,ready,128.0,2025-05-13,2025-06-09,20,3500.0,3474.0,-0.0074285714285714285,15.0,145
226237468d41e56c,RTS,2025-06-11,C:\data_quote\data_finam_RTS_tick_zip\20250611.zip,c213584ab1e20dafc8aa43c106868e846f33dc274f1423c5b5a0a776842352b0,45511,89489,175,ready,127.0,2025-05-14,2025-06-10,20,3500.0,3497.0,-0.0008571428571428571,16.0,183
226237468d41e56c,RTS,2025-06-13,C:\data_quote\data_finam_RTS_tick_zip\20250613.zip,b220308811ba56463c27a70fda1a8cd96fb88c826a2c56e4243c7b1a858576d1,37237,74062,175,ready,127.0,2025-05-15,2025-06-11,20,3500.0,3517.0,0.004857142857142857,15.0,156
226237468d41e56c,RTS,2025-06-16,C:\data_quote\data_finam_RTS_tick_zip\20250616.zip,c378ffb2e3a58c150df5db5e236641c204055ac9fcdbe9a20ee0b300673b2be4,34071,59743,175,ready,127.0,2025-05-16,2025-06-13,20,3500.0,3467.0,-0.009428571428571429,15.0,107
226237468d41e56c,RTS,2025-06-17,C:\data_quote\data_finam_RTS_tick_zip\20250617.zip,0469701cbf1ff537843d272717f92b9175f85378e97057e4128252f8e1cff228,39954,74479,175,ready,123.0,2025-05-19,2025-06-16,20,3500.0,3535.0,0.01,15.0,136
226237468d41e56c,RTS,2025-06-18,C:\data_quote\data_finam_RTS_tick_zip\20250618.zip,2d83357285be0d44f105d728ad782e7ba008e6616d2fb34c63e0e1301f7e5dee,18433,26915,175,ready,123.0,2025-05-20,2025-06-17,20,3500.0,3484.0,-0.004571428571428572,14.0,37
226237468d41e56c,RTS,2025-06-19,C:\data_quote\data_finam_RTS_tick_zip\20250619.zip,bdd50108c97bd15e791eab90dd354c13b5a466e13cabda0e277de461d1f741b7,35848,63688,175,ready,121.0,2025-05-21,2025-06-18,20,3500.0,3469.0,-0.008857142857142857,16.0,140
226237468d41e56c,RTS,2025-06-20,C:\data_quote\data_finam_RTS_tick_zip\20250620.zip,1b81687b8d301603768bf52bb96ad82cff9d9adef0c6703d47780f005fdbdb8b,26673,47443,175,ready,121.0,2025-05-22,2025-06-19,20,3500.0,3475.0,-0.007142857142857143,16.0,113
226237468d41e56c,RTS,2025-06-23,C:\data_quote\data_finam_RTS_tick_zip\20250623.zip,04bdb46ab369b67e3611d789a8bb43d6d35ae11acf780e63ce9f078fd15ca800,31285,58209,175,ready,118.0,2025-05-23,2025-06-20,20,3500.0,3510.0,0.002857142857142857,14.0,123
226237468d41e56c,RTS,2025-06-24,C:\data_quote\data_finam_RTS_tick_zip\20250624.zip,acfbade6a2e3e135a766bde078b58b1f56675d3105968c0682a03eb1b55af779,42099,81229,175,ready,117.0,2025-05-26,2025-06-23,20,3500.0,3513.0,0.0037142857142857142,14.0,184
226237468d41e56c,RTS,2025-06-25,C:\data_quote\data_finam_RTS_tick_zip\20250625.zip,c129a836885d1ca828b2d2e7bdcf54ee02f22fb838f4fcd5400dac9bffe3521b,32079,63509,175,ready,119.0,2025-05-27,2025-06-24,20,3500.0,3492.0,-0.002285714285714286,16.0,139
226237468d41e56c,RTS,2025-06-26,C:\data_quote\data_finam_RTS_tick_zip\20250626.zip,936e15e7af31b67f35280575c3936cfe17e8cb2be0a5468168996fb28f0e087b,25089,46501,175,ready,119.0,2025-05-28,2025-06-25,20,3500.0,3503.0,0.0008571428571428571,16.0,94
226237468d41e56c,RTS,2025-06-27,C:\data_quote\data_finam_RTS_tick_zip\20250627.zip,8d66d51ca1b6c2b5a053779dd0501100c63272e050edb4701325f2e90bd9b23a,33265,65326,175,ready,116.0,2025-05-29,2025-06-26,20,3500.0,3500.0,0.0,14.0,168
226237468d41e56c,RTS,2025-06-30,C:\data_quote\data_finam_RTS_tick_zip\20250630.zip,2ffa3cb13461527df2e11f8d33d58dd0cb3f93d891a56727aa4ff6e32de33120,27951,49663,175,ready,115.0,2025-05-30,2025-06-27,20,3500.0,3492.0,-0.002285714285714286,15.0,110
226237468d41e56c,RTS,2025-07-01,C:\data_quote\data_finam_RTS_tick_zip\20250701.zip,1666b7edfa139b33b0caf64b055d96f4066ab6960829ab0c68bb0db825e69aae,28225,51735,175,ready,114.0,2025-06-02,2025-06-30,20,3500.0,3500.0,0.0,15.0,132
226237468d41e56c,RTS,2025-07-02,C:\data_quote\data_finam_RTS_tick_zip\20250702.zip,5fc352fa7760dbb2352bddb8bf543229b5c0cdae920fbeec02a3f249bfd4e446,39728,75534,175,ready,112.0,2025-06-03,2025-07-01,20,3500.0,3479.0,-0.006,16.0,199
226237468d41e56c,RTS,2025-07-03,C:\data_quote\data_finam_RTS_tick_zip\20250703.zip,f14caf6b78fee4d406ebf2d2b1fa449508d9d7c9124300493ad60eb54eb9d7cf,40814,82170,175,ready,112.0,2025-06-04,2025-07-02,20,3500.0,3499.0,-0.00028571428571428574,16.0,225
226237468d41e56c,RTS,2025-07-04,C:\data_quote\data_finam_RTS_tick_zip\20250704.zip,51fe2b0d386b623b52bcb966db2d5be6ade784194bebfc427d9cd23254b38e60,27994,51980,175,ready,111.0,2025-06-05,2025-07-03,20,3500.0,3496.0,-0.001142857142857143,15.0,124
226237468d41e56c,RTS,2025-07-07,C:\data_quote\data_finam_RTS_tick_zip\20250707.zip,54b3cdf32e14cbb552aa9212c3d211f76756e8a2fca9591593108c6876230627,28587,57831,175,ready,108.0,2025-06-06,2025-07-04,20,3500.0,3522.0,0.006285714285714286,16.0,159
226237468d41e56c,RTS,2025-07-08,C:\data_quote\data_finam_RTS_tick_zip\20250708.zip,c7d1ee1293485b1bae12a3600f62da39011ac92e3a0607e1379e4d34e7c8029b,32241,64254,175,ready,103.0,2025-06-09,2025-07-07,20,3500.0,3507.0,0.002,14.0,191
226237468d41e56c,RTS,2025-07-09,C:\data_quote\data_finam_RTS_tick_zip\20250709.zip,d00bc9e4af09e945943ae64d6ff6a766763efe12f78f737f37ea3c67bb75bd44,35490,72721,175,ready,102.0,2025-06-10,2025-07-08,20,3500.0,3478.0,-0.006285714285714286,15.0,212
226237468d41e56c,RTS,2025-07-10,C:\data_quote\data_finam_RTS_tick_zip\20250710.zip,d3f7261b1cde7a0bdff58df5764396cc27ba915708cd9021170ea18422527f75,30205,61286,175,ready,102.0,2025-06-11,2025-07-09,20,3500.0,3493.0,-0.002,15.0,164
226237468d41e56c,RTS,2025-07-11,C:\data_quote\data_finam_RTS_tick_zip\20250711.zip,6decd4ec0a4f705f25943fe2cf50c65fff607c16ffc4b21b75a4a2675aab110d,41327,85446,175,ready,100.0,2025-06-13,2025-07-10,20,3500.0,3499.0,-0.00028571428571428574,15.0,257
226237468d41e56c,RTS,2025-07-14,C:\data_quote\data_finam_RTS_tick_zip\20250714.zip,10f1dfcbe477266f3090b6fe0aaf3dce6e0e6a14a99136556751a48ce25f7cb4,53239,111598,175,ready,101.0,2025-06-16,2025-07-11,20,3500.0,3522.0,0.006285714285714286,15.0,352
226237468d41e56c,RTS,2025-07-15,C:\data_quote\data_finam_RTS_tick_zip\20250715.zip,260ab72437b35f33bd4f49e751aba3ea1f079401623c334c3c3362440a1ed56e,27999,56343,175,ready,105.0,2025-06-17,2025-07-14,20,3500.0,3511.0,0.003142857142857143,14.0,157
226237468d41e56c,RTS,2025-07-16,C:\data_quote\data_finam_RTS_tick_zip\20250716.zip,6f403871821f7420921bdc4bb83c0b644549a2f6333c25c4c8ca458c8c2a1dc7,29019,55168,175,ready,105.0,2025-06-18,2025-07-15,20,3500.0,3501.0,0.00028571428571428574,15.0,149
226237468d41e56c,RTS,2025-07-17,C:\data_quote\data_finam_RTS_tick_zip\20250717.zip,88f23da5dfed38305203bd96ae182324053ab05803b151d6b3c452a72defd8a3,30271,55426,175,ready,107.0,2025-06-19,2025-07-16,20,3500.0,3505.0,0.0014285714285714286,15.0,104
226237468d41e56c,RTS,2025-07-18,C:\data_quote\data_finam_RTS_tick_zip\20250718.zip,cdb452cbab4aa9bde467fb45f0412326ee8cec8d3985944012f6f55f29135fb8,34470,66407,175,ready,106.0,2025-06-20,2025-07-17,20,3500.0,3493.0,-0.002,16.0,161
226237468d41e56c,RTS,2025-07-21,C:\data_quote\data_finam_RTS_tick_zip\20250721.zip,f39b841dffe504067bf49e5fbe23fecb36baf54ce0711436d57ae5f0a9d2c534,29030,56574,175,ready,106.0,2025-06-23,2025-07-18,20,3500.0,3515.0,0.004285714285714286,14.0,150
226237468d41e56c,RTS,2025-07-22,C:\data_quote\data_finam_RTS_tick_zip\20250722.zip,bf3abe80b4f213a3d942a668c42a3edb0e962d9c3e66a6e9f56ac858c5e1cdaf,23359,44661,175,ready,106.0,2025-06-24,2025-07-21,20,3500.0,3504.0,0.001142857142857143,14.0,125
226237468d41e56c,RTS,2025-07-23,C:\data_quote\data_finam_RTS_tick_zip\20250723.zip,66e285ff1826be2a40992d586235c897e8061969e23f244f8e501dc41fa4d7f0,27993,51189,175,ready,104.0,2025-06-25,2025-07-22,20,3500.0,3496.0,-0.001142857142857143,15.0,141
226237468d41e56c,RTS,2025-07-24,C:\data_quote\data_finam_RTS_tick_zip\20250724.zip,df91056e23b8d8d636191168a58541c6a5eb9e4f41172c9272e7fb0e18006820,33982,65361,175,ready,103.0,2025-06-26,2025-07-23,20,3500.0,3508.0,0.002285714285714286,15.0,167
226237468d41e56c,RTS,2025-07-25,C:\data_quote\data_finam_RTS_tick_zip\20250725.zip,d4d9ea241ac8545e4e7387ce7e1b631e5ee624064cb0cdc110617185a2ac71aa,46282,96531,175,ready,104.0,2025-06-27,2025-07-24,20,3500.0,3508.0,0.002285714285714286,15.0,282
226237468d41e56c,RTS,2025-07-28,C:\data_quote\data_finam_RTS_tick_zip\20250728.zip,d2fdeeb9d67895f0930417e3e575307e212f881a45edee1539875f00d0a318ce,49009,96312,175,ready,106.0,2025-06-30,2025-07-25,20,3500.0,3486.0,-0.004,14.0,267
226237468d41e56c,RTS,2025-07-29,C:\data_quote\data_finam_RTS_tick_zip\20250729.zip,3d50d6b4beacfc145b21f227654f5db5b0e46dee10466d87e6bd652eb2aeaeea,43372,86442,175,ready,110.0,2025-07-01,2025-07-28,20,3500.0,3482.0,-0.005142857142857143,13.0,223
226237468d41e56c,RTS,2025-07-30,C:\data_quote\data_finam_RTS_tick_zip\20250730.zip,135930ca8d46a97bf5d8d69da269e4b81fb0ff33c3b30f6ad07f940658b73c40,29429,58006,175,ready,112.0,2025-07-02,2025-07-29,20,3500.0,3498.0,-0.0005714285714285715,14.0,141
226237468d41e56c,RTS,2025-07-31,C:\data_quote\data_finam_RTS_tick_zip\20250731.zip,e0745dc480cc2ccdf956c8d7065f6a29cea189bc26b157a412f528cfd9d69686,42909,86904,175,ready,111.0,2025-07-03,2025-07-30,20,3500.0,3505.0,0.0014285714285714286,13.0,236
226237468d41e56c,RTS,2025-08-01,C:\data_quote\data_finam_RTS_tick_zip\20250801.zip,3546fbce44e8e79c463a55768b4221ab0212d90c710c18711b347780cebb59cb,28918,54878,175,ready,111.0,2025-07-04,2025-07-31,20,3500.0,3514.0,0.004,13.0,128
226237468d41e56c,RTS,2025-08-04,C:\data_quote\data_finam_RTS_tick_zip\20250804.zip,c64c68221f7176eb5af3282279db799df40c1375f0b1ce58ba0545cc88222c79,30571,60611,175,ready,111.0,2025-07-07,2025-08-01,20,3500.0,3518.0,0.005142857142857143,13.0,160
226237468d41e56c,RTS,2025-08-05,C:\data_quote\data_finam_RTS_tick_zip\20250805.zip,81dc2330c29a24c24b6185b2230245ef546ee309f81b350b4e633d93626c61b5,31236,60532,175,ready,111.0,2025-07-08,2025-08-04,20,3500.0,3523.0,0.006571428571428572,16.0,170
226237468d41e56c,RTS,2025-08-06,C:\data_quote\data_finam_RTS_tick_zip\20250806.zip,eb9890ecf980e5c9c1ee139684bc19a1bec0a2f2fd717135753aae393edf4409,88679,174374,175,ready,111.0,2025-07-09,2025-08-05,20,3500.0,3532.0,0.009142857142857144,13.0,432
226237468d41e56c,RTS,2025-08-07,C:\data_quote\data_finam_RTS_tick_zip\20250807.zip,259a857d0ae52a3a4bb1b8c7712a3c9ff1461e042e73a9b89bd458ac51e0a32c,74709,137582,175,ready,116.0,2025-07-10,2025-08-06,20,3500.0,3520.0,0.005714285714285714,16.0,292
226237468d41e56c,RTS,2025-08-08,C:\data_quote\data_finam_RTS_tick_zip\20250808.zip,ffb49f556874a2354de9c03959ffee2d659c04a22333d18a206a16254b447e7a,47531,88731,175,ready,120.0,2025-07-11,2025-08-07,20,3500.0,3501.0,0.00028571428571428574,16.0,188
226237468d41e56c,RTS,2025-08-11,C:\data_quote\data_finam_RTS_tick_zip\20250811.zip,03f965e70886365144a6a0e9ecb63d49e4f40b1fec8e64e9e1becc4a4feadbdb,42026,72258,175,ready,120.0,2025-07-14,2025-08-08,20,3500.0,3485.0,-0.004285714285714286,15.0,134
226237468d41e56c,RTS,2025-08-12,C:\data_quote\data_finam_RTS_tick_zip\20250812.zip,afa0f0decf0566c27c8bf620027024e2fe1fb684e1e12d6475cd65e0cb856da6,27465,48020,175,ready,117.0,2025-07-15,2025-08-11,20,3500.0,3475.0,-0.007142857142857143,16.0,118
226237468d41e56c,RTS,2025-08-13,C:\data_quote\data_finam_RTS_tick_zip\20250813.zip,0cfaed940a1e36dcd4df72ef62ff9e88c1fa69ff2f7b4bd627f6d0855ba66960,32219,54877,175,ready,116.0,2025-07-16,2025-08-12,20,3500.0,3522.0,0.006285714285714286,14.0,131
226237468d41e56c,RTS,2025-08-14,C:\data_quote\data_finam_RTS_tick_zip\20250814.zip,1aa8e475b1a07f14237b2168be8b1b5296d914807c25e76b7b02f1d8f18ddb24,41957,75624,175,ready,116.0,2025-07-17,2025-08-13,20,3500.0,3528.0,0.008,14.0,190
226237468d41e56c,RTS,2025-08-15,C:\data_quote\data_finam_RTS_tick_zip\20250815.zip,da17252bf33df982cba0c7f0e4989a0af68c2b9f39b437616065049e8bd44e97,25408,44059,175,ready,118.0,2025-07-18,2025-08-14,20,3500.0,3502.0,0.0005714285714285715,16.0,96
226237468d41e56c,RTS,2025-08-16,C:\data_quote\data_finam_RTS_tick_zip\20250816.zip,5640f15da1b0c4c477000d346c89bc7247a63e11fe8e841c60a911af1fe76ab9,5713,11078,109,ready,117.0,2025-07-21,2025-08-15,20,3500.0,3508.0,0.002285714285714286,16.0,29
226237468d41e56c,RTS,2025-08-17,C:\data_quote\data_finam_RTS_tick_zip\20250817.zip,3940faf70c587a1b6cafd4713a6869653ff5037570c58cabac0d09b1811af6ad,2532,5689,104,ready,117.0,2025-07-21,2025-08-15,20,3500.0,3508.0,0.002285714285714286,16.0,22
226237468d41e56c,RTS,2025-08-18,C:\data_quote\data_finam_RTS_tick_zip\20250818.zip,fd611db2d906f1996b2df4a0062201ea5e2eceef36dcdabc33ab2546c0bc1ccf,55958,100256,175,ready,117.0,2025-07-21,2025-08-15,20,3500.0,3508.0,0.002285714285714286,16.0,256
226237468d41e56c,RTS,2025-08-19,C:\data_quote\data_finam_RTS_tick_zip\20250819.zip,fc35a81bd2d11253a72e507a9b1e960e96077891097548547fd0baf28a6c12c8,28505,50237,175,ready,120.0,2025-07-22,2025-08-18,20,3500.0,3486.0,-0.004,16.0,124
226237468d41e56c,RTS,2025-08-20,C:\data_quote\data_finam_RTS_tick_zip\20250820.zip,c653ad1ce833cfde11de1c9217956b2f6aa03ba5a49493afd0a02e3edab67d50,28414,49371,174,ready,120.0,2025-07-23,2025-08-19,20,3500.0,3503.0,0.0008571428571428571,15.0,102
226237468d41e56c,RTS,2025-08-21,C:\data_quote\data_finam_RTS_tick_zip\20250821.zip,db7253c120ca96d90f3b80b04ffd7d3a4d010283bc7b8e06c5a5df2aa4907efe,45435,87649,175,ready,120.0,2025-07-24,2025-08-20,20,3499.0,3490.0,-0.002572163475278651,15.0,206
226237468d41e56c,RTS,2025-08-22,C:\data_quote\data_finam_RTS_tick_zip\20250822.zip,50561d63a5e3b20e4b43491d5521d04df243089d3307e51128c64e89aadd63be,37571,73813,175,ready,122.0,2025-07-25,2025-08-21,20,3499.0,3490.0,-0.002572163475278651,15.0,182
226237468d41e56c,RTS,2025-08-23,C:\data_quote\data_finam_RTS_tick_zip\20250823.zip,bf5eb2bffb166a6ca0243ed71ab068fb5c4d0f38be37a1439ca59925144c88a1,1204,2809,80,ready,121.0,2025-07-28,2025-08-22,20,3499.0,3486.0,-0.003715347242069163,16.0,8
226237468d41e56c,RTS,2025-08-24,C:\data_quote\data_finam_RTS_tick_zip\20250824.zip,feeb50a518d3ecc1aabd24d8e466bc80934c7cbe0befa04b2f93a4ebc366807b,925,2098,84,ready,121.0,2025-07-28,2025-08-22,20,3499.0,3486.0,-0.003715347242069163,16.0,5
226237468d41e56c,RTS,2025-08-25,C:\data_quote\data_finam_RTS_tick_zip\20250825.zip,4df3b97de5805d1299ed1cd0f1ef26f6d667546478daad038cd9e0041b16b4a8,37307,73578,175,ready,121.0,2025-07-28,2025-08-22,20,3499.0,3486.0,-0.003715347242069163,16.0,186
226237468d41e56c,RTS,2025-08-26,C:\data_quote\data_finam_RTS_tick_zip\20250826.zip,ed06d471f641f7aa5a1596a9e461152731214cd09caca0f3ff270b8ff8ebe61e,27935,53307,175,ready,120.0,2025-07-29,2025-08-25,20,3499.0,3480.0,-0.0054301228922549296,15.0,126
226237468d41e56c,RTS,2025-08-27,C:\data_quote\data_finam_RTS_tick_zip\20250827.zip,d358b39f1792f3f28c058543a745b652733f13b6aa360dc0ecacfede7fc2657b,29145,56434,175,ready,118.0,2025-07-30,2025-08-26,20,3499.0,3508.0,0.002572163475278651,13.0,152
226237468d41e56c,RTS,2025-08-28,C:\data_quote\data_finam_RTS_tick_zip\20250828.zip,5dfcc18ba73d3a00544fb30f4a18b09e87c3b9b111645e2ee14d297ff06e312a,35720,70789,167,ready,118.0,2025-07-31,2025-08-27,20,3499.0,3527.0,0.00800228636753358,13.0,134
226237468d41e56c,RTS,2025-08-29,C:\data_quote\data_finam_RTS_tick_zip\20250829.zip,4b87d0cf8059bb29c72c2ba62c651aa7d6845a65b48a084513daeddd68f67dfd,29059,52404,175,ready,117.0,2025-08-01,2025-08-28,20,3491.0,3502.0,0.003150959610426812,13.0,116
226237468d41e56c,RTS,2025-08-30,C:\data_quote\data_finam_RTS_tick_zip\20250830.zip,d6d902b1989b4f314de85ddb120e338717048f7258efb26ac987325072fa2d4d,870,1504,88,ready,117.0,2025-08-04,2025-08-29,20,3491.0,3499.0,0.0022916069894013177,13.0,5
226237468d41e56c,RTS,2025-08-31,C:\data_quote\data_finam_RTS_tick_zip\20250831.zip,86091af89a2cfddac7f843dbdfcc4b05477452abcb3132121d5e55733a69cca7,1304,2807,98,ready,117.0,2025-08-04,2025-08-29,20,3491.0,3499.0,0.0022916069894013177,13.0,8
226237468d41e56c,RTS,2025-09-01,C:\data_quote\data_finam_RTS_tick_zip\20250901.zip,54e341837103cb683f3d217e6525ac51817386f6e06a0ccdfcccf6ba57b66da7,25641,48205,175,ready,117.0,2025-08-04,2025-08-29,20,3491.0,3499.0,0.0022916069894013177,13.0,118
226237468d41e56c,RTS,2025-09-02,C:\data_quote\data_finam_RTS_tick_zip\20250902.zip,68980cff1f66bcd858842aac55dfbcb4b962f9809b1dd431255c975448463624,37357,70900,175,ready,115.0,2025-08-05,2025-09-01,20,3491.0,3498.0,0.002005156115726153,13.0,155
226237468d41e56c,RTS,2025-09-03,C:\data_quote\data_finam_RTS_tick_zip\20250903.zip,a1c9fff9adb02eed1d1f3a35ab54fdc45d16efd172dc6c70c4bc0344c1f6b57b,30513,58216,175,ready,115.0,2025-08-06,2025-09-02,20,3491.0,3503.0,0.0034374104841019765,16.0,117
226237468d41e56c,RTS,2025-09-04,C:\data_quote\data_finam_RTS_tick_zip\20250904.zip,0dcd4a48890664378b9bd351d54e4f85b12ce6c517853f487db91742473cae65,30802,62460,175,ready,109.0,2025-08-07,2025-09-03,20,3491.0,3519.0,0.008020624462904613,16.0,133
226237468d41e56c,RTS,2025-09-05,C:\data_quote\data_finam_RTS_tick_zip\20250905.zip,478deb9363d20557001c1533d679003232b67cc1c2093e97fbec2622d3e6cced,20016,39243,174,ready,103.0,2025-08-08,2025-09-04,20,3491.0,3505.0,0.004010312231452306,16.0,109
226237468d41e56c,RTS,2025-09-06,C:\data_quote\data_finam_RTS_tick_zip\20250906.zip,857496225994e0bb837cb48b1e4791fbb85cf1142bb15c70a59b5d2a191b0368,781,1583,66,ready,102.0,2025-08-11,2025-09-05,20,3490.0,3490.0,0.0,15.0,7
226237468d41e56c,RTS,2025-09-07,C:\data_quote\data_finam_RTS_tick_zip\20250907.zip,0b70d12fea2926e0089191286aac55fd50862127e0c407e73945ec1985e7cbca,1563,3373,79,ready,102.0,2025-08-11,2025-09-05,20,3490.0,3490.0,0.0,15.0,16
226237468d41e56c,RTS,2025-09-08,C:\data_quote\data_finam_RTS_tick_zip\20250908.zip,fc9c18c972beeecda78e8a901227b922b13c31a4135f3db166c997d8cc283eda,23575,48104,175,ready,102.0,2025-08-11,2025-09-05,20,3490.0,3490.0,0.0,15.0,140
226237468d41e56c,RTS,2025-09-09,C:\data_quote\data_finam_RTS_tick_zip\20250909.zip,e7ccee7d2f6b8cb7427581a93ff16e1587e95860def8576007e826b21dc137f9,31368,60411,175,ready,101.0,2025-08-12,2025-09-08,20,3490.0,3484.0,-0.0017191977077363897,15.0,161
226237468d41e56c,RTS,2025-09-10,C:\data_quote\data_finam_RTS_tick_zip\20250910.zip,331540df35e39e4ad30cb51cdbad85b664142634c0e6baf336f921a6ea0778e7,39705,78044,175,ready,102.0,2025-08-13,2025-09-09,20,3490.0,3480.0,-0.0028653295128939827,15.0,189
226237468d41e56c,RTS,2025-09-11,C:\data_quote\data_finam_RTS_tick_zip\20250911.zip,31ed0aa56d749f0dae870841a23dfdd3fb46f3f345802aae293e1e556f183946,38109,75258,169,ready,102.0,2025-08-14,2025-09-10,20,3490.0,3509.0,0.0054441260744985676,15.0,167
226237468d41e56c,RTS,2025-09-12,C:\data_quote\data_finam_RTS_tick_zip\20250912.zip,904b9f578e3d6b4a683d85614934151b021f237f2e7f9cdb6e28718042444d42,51176,96306,175,ready,102.0,2025-08-15,2025-09-11,20,3484.0,3464.0,-0.0057405281285878304,15.0,220
226237468d41e56c,RTS,2025-09-13,C:\data_quote\data_finam_RTS_tick_zip\20250913.zip,8ad0056e68793f48ac07f7c0842a63dbafd4c157f02255ad32bfa844073ada94,609,953,76,ready,103.0,2025-08-18,2025-09-12,20,3484.0,3467.0,-0.004879448909299655,13.0,4
226237468d41e56c,RTS,2025-09-14,C:\data_quote\data_finam_RTS_tick_zip\20250914.zip,32d930f1a4bf87f69427355cf146eb4d2887196d3289262fa5dcac7d5568e6be,3027,5420,103,ready,103.0,2025-08-18,2025-09-12,20,3484.0,3467.0,-0.004879448909299655,13.0,23
226237468d41e56c,RTS,2025-09-15,C:\data_quote\data_finam_RTS_tick_zip\20250915.zip,31926626387b5b69418be8c0c7b99c4d2f0710e2f6ff760521eb8adb224f0585,30547,54932,174,ready,103.0,2025-08-18,2025-09-12,20,3484.0,3467.0,-0.004879448909299655,13.0,117
226237468d41e56c,RTS,2025-09-16,C:\data_quote\data_finam_RTS_tick_zip\20250916.zip,dc0f11b7990ae59d3088317d7387ea6b03f912f70704109ab11234e0b1923199,44031,86154,175,ready,100.0,2025-08-19,2025-09-15,20,3483.0,3483.0,0.0,13.0,226
226237468d41e56c,RTS,2025-09-17,C:\data_quote\data_finam_RTS_tick_zip\20250917.zip,087384b98104de6fe5394f2142a94ddb1744f80a7669ad011e6dcc32cb682b0b,18759,28585,175,ready,101.0,2025-08-20,2025-09-16,20,3483.0,3491.0,0.0022968705139247776,15.0,71
226237468d41e56c,RTS,2025-09-18,C:\data_quote\data_finam_RTS_tick_zip\20250918.zip,33a2c883773f5e27ac59e14f6d89eb7ecd8fae6df53d4d8c360cf8e0150ec246,30828,55529,175,ready,100.0,2025-08-21,2025-09-17,20,3484.0,3492.0,0.002296211251435132,15.0,154
226237468d41e56c,RTS,2025-09-19,C:\data_quote\data_finam_RTS_tick_zip\20250919.zip,f5265c8809a666f47aecdb18c4840ba638dc5a56ce60c781aca8360f7f841370,43474,73427,175,ready,97.0,2025-08-22,2025-09-18,20,3484.0,3507.0,0.006601607347876005,14.0,210
226237468d41e56c,RTS,2025-09-22,C:\data_quote\data_finam_RTS_tick_zip\20250922.zip,06b9a28c9bff7bd4e0757b01cce6622fb18016419b699e3b7c25e35583030650,52199,92916,175,ready,97.0,2025-08-25,2025-09-19,20,3484.0,3478.0,-0.001722158438576349,15.0,276
226237468d41e56c,RTS,2025-09-23,C:\data_quote\data_finam_RTS_tick_zip\20250923.zip,1441e5bb20eafcd4b32e0e4f6fd0a79789a4f7b9bfc2c8d2d6636876c79b1973,49304,88312,175,ready,97.0,2025-08-26,2025-09-22,20,3484.0,3513.0,0.008323765786452353,13.0,252
226237468d41e56c,RTS,2025-09-24,C:\data_quote\data_finam_RTS_tick_zip\20250924.zip,eac9a43bcda80b1485fd9209886f4cc930e0e9778272b74f7844e5cb9e42a62d,62366,120386,175,ready,99.0,2025-08-27,2025-09-23,20,3484.0,3498.0,0.004018369690011481,14.0,382
226237468d41e56c,RTS,2025-09-25,C:\data_quote\data_finam_RTS_tick_zip\20250925.zip,6c530d64c7cf37a9503dbea11e2d6fe0a4bb66b9dc730d6f723d1fa3af56000a,37127,66405,175,ready,103.0,2025-08-28,2025-09-24,20,3484.0,3464.0,-0.0057405281285878304,16.0,198
226237468d41e56c,RTS,2025-09-26,C:\data_quote\data_finam_RTS_tick_zip\20250926.zip,459b6e5d64616292b543fab101dc7c14ef4586edb831e112885702bfb5d5f1aa,38670,75352,175,ready,103.0,2025-08-29,2025-09-25,20,3492.0,3492.0,0.0,15.0,234
226237468d41e56c,RTS,2025-09-27,C:\data_quote\data_finam_RTS_tick_zip\20250927.zip,aea0062d1a99567a5b4623a56505a393d4a7436128aa9f71710d8cadcb25eb95,1112,2017,84,ready,105.0,2025-09-01,2025-09-26,20,3492.0,3494.0,0.000572737686139748,14.0,8
226237468d41e56c,RTS,2025-09-28,C:\data_quote\data_finam_RTS_tick_zip\20250928.zip,6f3c9536c10669de758efdddaa7cf8a5e2a5a760a574c8d9c0403f2fe2303ec8,636,1210,68,ready,105.0,2025-09-01,2025-09-26,20,3492.0,3494.0,0.000572737686139748,14.0,5
226237468d41e56c,RTS,2025-09-29,C:\data_quote\data_finam_RTS_tick_zip\20250929.zip,9525ffb24a333e62b8883318aa19e3f7efb1db07e46538df0bf0a748351f49ec,43195,80218,175,ready,105.0,2025-09-01,2025-09-26,20,3492.0,3494.0,0.000572737686139748,14.0,235
226237468d41e56c,RTS,2025-09-30,C:\data_quote\data_finam_RTS_tick_zip\20250930.zip,6447e52e9a5a1aab3ad870bc429a2d4cf62093de64ab9ff8a6204c836ee850d6,52098,94131,175,ready,107.0,2025-09-02,2025-09-29,20,3492.0,3504.0,0.003436426116838488,16.0,235
226237468d41e56c,RTS,2025-10-01,C:\data_quote\data_finam_RTS_tick_zip\20251001.zip,a958257963c126fa1cc50d0756891e89e5a2991fc8cdc2fb3e07c99cc563ec46,49885,89775,175,ready,109.0,2025-09-03,2025-09-30,20,3492.0,3500.0,0.002290950744558992,14.0,241
226237468d41e56c,RTS,2025-10-02,C:\data_quote\data_finam_RTS_tick_zip\20251002.zip,d60dc73cb2351c549b2a1f03d520ba2daab5e660be4acabb756f598ad72ee947,48284,90693,175,ready,111.0,2025-09-04,2025-10-01,20,3492.0,3504.0,0.003436426116838488,15.0,205
226237468d41e56c,RTS,2025-10-03,C:\data_quote\data_finam_RTS_tick_zip\20251003.zip,221904df7fa517b046ed924c63ec7b857452f59ecfcac870f0ee401975b33df7,51304,95639,175,ready,112.0,2025-09-05,2025-10-02,20,3492.0,3525.0,0.009450171821305841,16.0,205
226237468d41e56c,RTS,2025-10-04,C:\data_quote\data_finam_RTS_tick_zip\20251004.zip,cf9717d37de7564e940e732552befe22a8bb812dabbfd58c4de50712d8a060ae,2917,6052,108,ready,116.0,2025-09-08,2025-10-03,20,3493.0,3505.0,0.0034354423131978244,16.0,19
226237468d41e56c,RTS,2025-10-05,C:\data_quote\data_finam_RTS_tick_zip\20251005.zip,744099cf392f575f065f6b8cc0bf7753df0224ec7f3b0bdb9b295034ccf5996d,2447,7363,98,ready,116.0,2025-09-08,2025-10-03,20,3493.0,3505.0,0.0034354423131978244,16.0,35
226237468d41e56c,RTS,2025-10-06,C:\data_quote\data_finam_RTS_tick_zip\20251006.zip,0fc2405ff19281f57d987abab5a367cc7e1d3788f5af03373c229555203711f7,74331,144929,175,ready,116.0,2025-09-08,2025-10-03,20,3493.0,3505.0,0.0034354423131978244,16.0,373
226237468d41e56c,RTS,2025-10-07,C:\data_quote\data_finam_RTS_tick_zip\20251007.zip,b384787d71d7a416e2140c6eafa52b795a3c83b4e9725f179497aadf3a4fbf7d,45132,77208,175,ready,121.0,2025-09-09,2025-10-06,20,3493.0,3480.0,-0.0037217291726309764,16.0,143
226237468d41e56c,RTS,2025-10-08,C:\data_quote\data_finam_RTS_tick_zip\20251008.zip,5dc290c4f82a4a03c38e74253b66ac906eacfc80d7ed38ba1fd9e09732076fbe,81201,135644,175,ready,121.0,2025-09-10,2025-10-07,20,3493.0,3501.0,0.002290294875465216,14.0,277
226237468d41e56c,RTS,2025-10-09,C:\data_quote\data_finam_RTS_tick_zip\20251009.zip,04ead9c05fc87cdc6f4b5280fe3d356cd422d913c3b0be7a28ee9c643e7cc6e0,114206,193715,175,ready,125.0,2025-09-11,2025-10-08,20,3493.0,3493.0,0.0,15.0,370
226237468d41e56c,RTS,2025-10-10,C:\data_quote\data_finam_RTS_tick_zip\20251010.zip,236ed243ac00fcaa3bcb12a79b15b119d97492ac10d44e167ea736b5d7000517,75421,122097,175,ready,131.0,2025-09-12,2025-10-09,20,3499.0,3496.0,-0.0008573878250928837,17.0,214
226237468d41e56c,RTS,2025-10-11,C:\data_quote\data_finam_RTS_tick_zip\20251011.zip,ff3b3fe2565c8eca92766a5d69f834674fe6a78fb5a32ec465f8b1dbc40fdfa4,1798,3931,86,ready,133.0,2025-09-15,2025-10-10,20,3499.0,3514.0,0.004286939125464418,16.0,11
226237468d41e56c,RTS,2025-10-12,C:\data_quote\data_finam_RTS_tick_zip\20251012.zip,3b25f8b9f1cb8e87f0e79daf74fa44a342ed949dd418d77b6de748b5c4149ddb,894,1523,86,ready,133.0,2025-09-15,2025-10-10,20,3499.0,3514.0,0.004286939125464418,16.0,4
226237468d41e56c,RTS,2025-10-13,C:\data_quote\data_finam_RTS_tick_zip\20251013.zip,05d873858bca151c0d08d9967073e9489bc4fa5d0e0a45fdee8c1bea73630750,66840,115534,175,ready,133.0,2025-09-15,2025-10-10,20,3499.0,3514.0,0.004286939125464418,16.0,238
226237468d41e56c,RTS,2025-10-14,C:\data_quote\data_finam_RTS_tick_zip\20251014.zip,100c57ba75a3cf7f9c195bdca039bdfd088a1b5e529d379c0e3c32579248d623,51221,85656,175,ready,136.0,2025-09-16,2025-10-13,20,3500.0,3519.0,0.0054285714285714284,16.0,140
226237468d41e56c,RTS,2025-10-15,C:\data_quote\data_finam_RTS_tick_zip\20251015.zip,521e0ea54a0cdecaf6445583495630269255413087cdd7664ab6897178cb3cbe,55769,94538,175,ready,136.0,2025-09-17,2025-10-14,20,3500.0,3523.0,0.006571428571428572,16.0,179
226237468d41e56c,RTS,2025-10-16,C:\data_quote\data_finam_RTS_tick_zip\20251016.zip,c96d8d324b0ac541f66ee733784f38f364c729fa7ee5813feb200e425f447308,121776,216232,175,ready,140.0,2025-09-18,2025-10-15,20,3500.0,3497.0,-0.0008571428571428571,15.0,374
226237468d41e56c,RTS,2025-10-17,C:\data_quote\data_finam_RTS_tick_zip\20251017.zip,d3fecf1250aba69c0cde603650c715020a77de7b83b4058ebb1e9e8cfbb0fa91,74185,124351,175,ready,148.0,2025-09-19,2025-10-16,20,3500.0,3505.0,0.0014285714285714286,16.0,191
226237468d41e56c,RTS,2025-10-18,C:\data_quote\data_finam_RTS_tick_zip\20251018.zip,b586124ba3c69f1ebf9a9efbd13e64531d5dabb2090a33f99f53e1cc3335bded,1466,3041,90,ready,151.0,2025-09-22,2025-10-17,20,3500.0,3505.0,0.0014285714285714286,17.0,7
226237468d41e56c,RTS,2025-10-19,C:\data_quote\data_finam_RTS_tick_zip\20251019.zip,025cce46f987ac6ac101aa8f82011db018be36cdc40e4165b034ae1802691594,1364,2971,93,ready,151.0,2025-09-22,2025-10-17,20,3500.0,3505.0,0.0014285714285714286,17.0,7
226237468d41e56c,RTS,2025-10-20,C:\data_quote\data_finam_RTS_tick_zip\20251020.zip,5c43431c09d927aedc1e8e6e7e827ac1b08b70af5172185100ebf408cb2d75dd,39191,64471,175,ready,151.0,2025-09-22,2025-10-17,20,3500.0,3505.0,0.0014285714285714286,17.0,101
226237468d41e56c,RTS,2025-10-21,C:\data_quote\data_finam_RTS_tick_zip\20251021.zip,86ee8e1d5c601ffa8f1abf607fa97b77ef2218f2a7e0a6aaf150e723ced4c731,90152,157015,175,ready,149.0,2025-09-23,2025-10-20,20,3500.0,3481.0,-0.0054285714285714284,15.0,266
226237468d41e56c,RTS,2025-10-22,C:\data_quote\data_finam_RTS_tick_zip\20251022.zip,ee46f9ba3ea200c7389901e8eed7409199d9ce6bf59bc3d5a44924a78e847ad1,76498,133064,175,ready,153.0,2025-09-24,2025-10-21,20,3500.0,3495.0,-0.0014285714285714286,15.0,229
226237468d41e56c,RTS,2025-10-23,C:\data_quote\data_finam_RTS_tick_zip\20251023.zip,67a5a45fd399500ba854efb8900d05025263d7e21f7e61c73402e5b1f7c10371,52718,85937,175,ready,153.0,2025-09-25,2025-10-22,20,3500.0,3521.0,0.006,16.0,119
226237468d41e56c,RTS,2025-10-24,C:\data_quote\data_finam_RTS_tick_zip\20251024.zip,739eaa34c9cdb7b06b9d1ed5d28eb23ee25e240a3ba0223cec9c67b1241caf3e,61321,101788,175,ready,153.0,2025-09-26,2025-10-23,20,3500.0,3526.0,0.0074285714285714285,16.0,157
226237468d41e56c,RTS,2025-10-27,C:\data_quote\data_finam_RTS_tick_zip\20251027.zip,c98291b25dee829ad7dab3fdc3236569a1f0c864ea5b175fb8b6edc6942e7617,54288,97042,175,ready,154.0,2025-09-29,2025-10-24,20,3500.0,3493.0,-0.002,16.0,145
226237468d41e56c,RTS,2025-10-28,C:\data_quote\data_finam_RTS_tick_zip\20251028.zip,b410dc1222bfbddf5271aa1fb96992ad057aea1769c507d4e19b847ce1526631,52309,93895,175,ready,154.0,2025-09-30,2025-10-27,20,3500.0,3490.0,-0.002857142857142857,17.0,173
226237468d41e56c,RTS,2025-10-29,C:\data_quote\data_finam_RTS_tick_zip\20251029.zip,57a35768442e7b627e71552934d73b3f191dcca3bfd22fc0659bdbe0ef8b9ad2,41512,74555,175,ready,155.0,2025-10-01,2025-10-28,20,3500.0,3478.0,-0.006285714285714286,16.0,143
226237468d41e56c,RTS,2025-10-30,C:\data_quote\data_finam_RTS_tick_zip\20251030.zip,1a77d03ccc0ff2ace8e593170ce91cd646effce28db2129da7000d6e8c6189a9,37666,61646,175,ready,155.0,2025-10-02,2025-10-29,20,3500.0,3479.0,-0.006,16.0,69
226237468d41e56c,RTS,2025-10-31,C:\data_quote\data_finam_RTS_tick_zip\20251031.zip,c91082ff5aafffef5fe8eec605a40918e24e3c1cc8524b78ee7f549614dea912,45384,75682,175,ready,153.0,2025-10-03,2025-10-30,20,3500.0,3519.0,0.0054285714285714284,16.0,128
226237468d41e56c,RTS,2025-11-01,C:\data_quote\data_finam_RTS_tick_zip\20251101.zip,cba5cfdcd2d009dce99b062285e4729c1b676d5c8ae3a59d2c063322299235eb,14141,24096,170,ready,153.0,2025-10-06,2025-10-31,20,3500.0,3515.0,0.004285714285714286,16.0,41
226237468d41e56c,RTS,2025-11-03,C:\data_quote\data_finam_RTS_tick_zip\20251103.zip,bf83ab50cb07ac38b39ba80d75171b12076893ca527f727603c70133f9048bc0,22978,42024,175,ready,153.0,2025-10-06,2025-10-31,20,3500.0,3515.0,0.004285714285714286,16.0,66
226237468d41e56c,RTS,2025-11-05,C:\data_quote\data_finam_RTS_tick_zip\20251105.zip,28f6d5b2ae4347484807bf5be1834761ac2f07ebcf70ef0e2e5939cd9e7de275,48943,84725,175,ready,147.0,2025-10-07,2025-11-03,20,3500.0,3510.0,0.002857142857142857,15.0,156
226237468d41e56c,RTS,2025-11-06,C:\data_quote\data_finam_RTS_tick_zip\20251106.zip,964f67ebe23f5209195cd22dcc09ba1c961d2e2c1a0036d507d3db9c2fc3b41f,27692,44705,163,ready,148.0,2025-10-08,2025-11-05,20,3500.0,3513.0,0.0037142857142857142,15.0,61
226237468d41e56c,RTS,2025-11-07,C:\data_quote\data_finam_RTS_tick_zip\20251107.zip,8195eacca136c6a68cf17921e4ba012cd356e95010e9c4af2462767c215f1fe6,37344,64907,175,ready,144.0,2025-10-09,2025-11-06,20,3488.0,3486.0,-0.0005733944954128441,16.0,131
226237468d41e56c,RTS,2025-11-08,C:\data_quote\data_finam_RTS_tick_zip\20251108.zip,caa7ec577ea3e826ab9334e10cf4037c0aa7bdfd03aa88065fe47dd612c32eb5,570,903,72,ready,139.0,2025-10-10,2025-11-07,20,3488.0,3466.0,-0.006307339449541285,17.0,2
226237468d41e56c,RTS,2025-11-09,C:\data_quote\data_finam_RTS_tick_zip\20251109.zip,68ac0be2e9b7797496f98d0c75c56399b4561f95c25125d9e8333525a1a8cae7,991,2323,67,ready,139.0,2025-10-10,2025-11-07,20,3488.0,3466.0,-0.006307339449541285,17.0,8
226237468d41e56c,RTS,2025-11-10,C:\data_quote\data_finam_RTS_tick_zip\20251110.zip,01ddde8763335b642c4a3d7bd825ce48b141671f2c6721b34992db62a941c2e5,34444,58681,175,ready,139.0,2025-10-10,2025-11-07,20,3488.0,3466.0,-0.006307339449541285,17.0,106
226237468d41e56c,RTS,2025-11-11,C:\data_quote\data_finam_RTS_tick_zip\20251111.zip,ac10f33239b7cc10e328717e4dc7ab9c9547ed427b140c8401a2b0cc55d88f5c,33544,59480,175,ready,136.0,2025-10-13,2025-11-10,20,3488.0,3502.0,0.0040137614678899085,14.0,125
226237468d41e56c,RTS,2025-11-12,C:\data_quote\data_finam_RTS_tick_zip\20251112.zip,c00205ce0579ed0fa7d71d901ee978238490379ea7a70c40ab5409a55e638e35,33686,55078,175,ready,134.0,2025-10-14,2025-11-11,20,3488.0,3466.0,-0.006307339449541285,16.0,101
226237468d41e56c,RTS,2025-11-13,C:\data_quote\data_finam_RTS_tick_zip\20251113.zip,b61842bfe67d9091051043199495f16f3c87f9f3bae674a5a4a467101071f10d,32393,57985,175,ready,132.0,2025-10-15,2025-11-12,20,3488.0,3498.0,0.0028669724770642203,16.0,104
226237468d41e56c,RTS,2025-11-14,C:\data_quote\data_finam_RTS_tick_zip\20251114.zip,b49cc2751cce3ba1f59e69797f97d3cbc167d3553f882ca7309b64bc60b89f93,32745,60519,175,ready,130.0,2025-10-16,2025-11-13,20,3488.0,3465.0,-0.006594036697247707,15.0,133
226237468d41e56c,RTS,2025-11-15,C:\data_quote\data_finam_RTS_tick_zip\20251115.zip,92fa627cb33b27e418395ce491d43bb79c49796999fb5da5feb25a1c8789e9e8,1110,1865,80,ready,123.0,2025-10-17,2025-11-14,20,3488.0,3485.0,-0.0008600917431192661,15.0,6
226237468d41e56c,RTS,2025-11-16,C:\data_quote\data_finam_RTS_tick_zip\20251116.zip,46a40db41881dc6fa63eafafa16de1925691d5eaa5f0a2ac20d475a47dfe5962,1170,2356,90,ready,123.0,2025-10-17,2025-11-14,20,3488.0,3485.0,-0.0008600917431192661,15.0,9
226237468d41e56c,RTS,2025-11-17,C:\data_quote\data_finam_RTS_tick_zip\20251117.zip,f991b98fe2aeefb186b4198b9581a9a3785859d4dd78f9459dc1873276993d42,26519,45906,175,ready,123.0,2025-10-17,2025-11-14,20,3488.0,3485.0,-0.0008600917431192661,15.0,76
226237468d41e56c,RTS,2025-11-18,C:\data_quote\data_finam_RTS_tick_zip\20251118.zip,ac9701bd264823275d874d9129a1208080128faa3fbe70b02828f688bb6662a2,55301,111748,175,ready,117.0,2025-10-20,2025-11-17,20,3488.0,3534.0,0.013188073394495414,16.0,322
226237468d41e56c,RTS,2025-11-19,C:\data_quote\data_finam_RTS_tick_zip\20251119.zip,a9459e429f8940391387ae6f37bec31183fc809f3bdde8cab15def235ecbd8f2,80666,161361,175,ready,123.0,2025-10-21,2025-11-18,20,3488.0,3480.0,-0.0022935779816513763,16.0,368
226237468d41e56c,RTS,2025-11-20,C:\data_quote\data_finam_RTS_tick_zip\20251120.zip,5023143b25a3291ee31f7b90c280b8fd136865aba2590952a3ec116fbe5804b9,70529,130427,175,ready,123.0,2025-10-22,2025-11-19,20,3488.0,3496.0,0.0022935779816513763,16.0,300
226237468d41e56c,RTS,2025-11-21,C:\data_quote\data_finam_RTS_tick_zip\20251121.zip,a813cb780f7c36a5a2717c634f12767c9a6bbb2dce0aac37491522584adc2a60,51971,94796,175,ready,123.0,2025-10-23,2025-11-20,20,3488.0,3482.0,-0.0017201834862385322,16.0,213
226237468d41e56c,RTS,2025-11-24,C:\data_quote\data_finam_RTS_tick_zip\20251124.zip,19ec7320b04045f233c24a262bca58ed7801610cba934fb1e54a9888c448def8,45946,84607,175,ready,125.0,2025-10-24,2025-11-21,20,3488.0,3486.0,-0.0005733944954128441,14.0,192
226237468d41e56c,RTS,2025-11-25,C:\data_quote\data_finam_RTS_tick_zip\20251125.zip,ef36139b0a90dbc8ff3234a3acc531f89b1fa9702f33022a3d495563d1cd9536,65525,119848,175,ready,124.0,2025-10-27,2025-11-24,20,3488.0,3488.0,0.0,15.0,262
226237468d41e56c,RTS,2025-11-26,C:\data_quote\data_finam_RTS_tick_zip\20251126.zip,6801b816ac132bd015534dc3c38c9db2a571b40fe1c981de83cef4a4bed47b97,24565,42711,175,ready,126.0,2025-10-28,2025-11-25,20,3488.0,3463.0,-0.007167431192660551,15.0,82
226237468d41e56c,RTS,2025-11-27,C:\data_quote\data_finam_RTS_tick_zip\20251127.zip,57762e04b57832083660b5c394d3fc39ff56014061de6aca303d2a8afdc8e879,42031,73647,175,ready,122.0,2025-10-29,2025-11-26,20,3488.0,3471.0,-0.004873853211009175,16.0,172
226237468d41e56c,RTS,2025-11-28,C:\data_quote\data_finam_RTS_tick_zip\20251128.zip,cecccf4375c3239c581da7020e698d84a867a1f30cc93d0cd28ade35be818624,76031,173303,175,ready,121.0,2025-10-30,2025-11-27,20,3488.0,3512.0,0.006880733944954129,14.0,229
226237468d41e56c,RTS,2025-11-29,C:\data_quote\data_finam_RTS_tick_zip\20251129.zip,0b9abf39b5a9f62e514cfedb43726325f76e340899da42a64a4234533f212e5c,792,1371,76,ready,125.0,2025-10-31,2025-11-28,20,3488.0,3477.0,-0.0031536697247706424,14.0,2
226237468d41e56c,RTS,2025-11-30,C:\data_quote\data_finam_RTS_tick_zip\20251130.zip,b209d2dabaca3f1375e17c80eba6110bdc410120e84d2b2d2d97c399880263ba,1317,2651,97,ready,125.0,2025-10-31,2025-11-28,20,3488.0,3477.0,-0.0031536697247706424,14.0,10
226237468d41e56c,RTS,2025-12-01,C:\data_quote\data_finam_RTS_tick_zip\20251201.zip,244015fdbc74ced0e6e8941da212a7bb8dd3299c22a0281d021386c577c11da6,43962,82351,175,ready,125.0,2025-10-31,2025-11-28,20,3488.0,3477.0,-0.0031536697247706424,14.0,186
226237468d41e56c,RTS,2025-12-02,C:\data_quote\data_finam_RTS_tick_zip\20251202.zip,6c62142a80255d8d728c0ce88165be41cc1c9b18bfccaa09c2abb5d8d27c9b71,44119,74051,174,ready,125.0,2025-11-03,2025-12-01,20,3488.0,3474.0,-0.0040137614678899085,16.0,151
226237468d41e56c,RTS,2025-12-03,C:\data_quote\data_finam_RTS_tick_zip\20251203.zip,45275eb12d2cc746c63520d4b30941ad18e58e5c5d002061ce24fa1e8dba175b,48991,87671,175,ready,126.0,2025-11-05,2025-12-02,20,3487.0,3488.0,0.00028677946659019213,15.0,176
226237468d41e56c,RTS,2025-12-04,C:\data_quote\data_finam_RTS_tick_zip\20251204.zip,a947b4943bf5a346e8e43dacde1f04bf47dd1fb1b534a9b55b0c2a61dd3e1aff,39001,72991,175,ready,126.0,2025-11-06,2025-12-03,20,3487.0,3476.0,-0.0031545741324921135,15.0,146
226237468d41e56c,RTS,2025-12-05,C:\data_quote\data_finam_RTS_tick_zip\20251205.zip,ee149c56c76e1cd65b25608d3abb94bf3c9eb041fc8a337d649af6514924fd1a,45968,84523,175,ready,127.0,2025-11-07,2025-12-04,20,3499.0,3490.0,-0.002572163475278651,15.0,146
226237468d41e56c,RTS,2025-12-08,C:\data_quote\data_finam_RTS_tick_zip\20251208.zip,f55e477839181503bfa26d20c3c8620d5c721e984dbd4d8621c74268c7e58801,42045,77021,175,ready,127.0,2025-11-10,2025-12-05,20,3499.0,3493.0,-0.0017147756501857674,16.0,160
226237468d41e56c,RTS,2025-12-09,C:\data_quote\data_finam_RTS_tick_zip\20251209.zip,83768c6c8e5aac647196cb711c4c98a541b974762c239e141f024e2cb875f713,43107,79520,175,ready,128.0,2025-11-11,2025-12-08,20,3499.0,3477.0,-0.006287510717347814,15.0,165
226237468d41e56c,RTS,2025-12-10,C:\data_quote\data_finam_RTS_tick_zip\20251210.zip,640a26a599b1963d7acb59df97d3e897b5315c11c170d4d98af1183604a5051c,35980,60667,175,ready,129.0,2025-11-12,2025-12-09,20,3499.0,3508.0,0.002572163475278651,15.0,108
226237468d41e56c,RTS,2025-12-11,C:\data_quote\data_finam_RTS_tick_zip\20251211.zip,9e4e906a5d28e489373d42060d7d85a21468a5d55cbe76cf14b44d80700ed8f8,61126,110806,175,ready,129.0,2025-11-13,2025-12-10,20,3499.0,3507.0,0.002286367533581023,15.0,217
226237468d41e56c,RTS,2025-12-12,C:\data_quote\data_finam_RTS_tick_zip\20251212.zip,4c489df1348743952d3cdf928cd0334b67750d63bf59cb646e9ffb09705bcb61,36236,61784,175,ready,132.0,2025-11-14,2025-12-11,20,3499.0,3496.0,-0.0008573878250928837,14.0,109
226237468d41e56c,RTS,2025-12-13,C:\data_quote\data_finam_RTS_tick_zip\20251213.zip,325d464a11425778312e5ab981a16475ac987d9c5c662e4a78c2eee2bc5acedd,710,1179,73,ready,131.0,2025-11-17,2025-12-12,20,3499.0,3504.0,0.0014289797084881394,16.0,2
226237468d41e56c,RTS,2025-12-14,C:\data_quote\data_finam_RTS_tick_zip\20251214.zip,5ccaa3820ef8225fb376105f2c57884cc8df98f8fa3d7e5efce953ea306e7e83,954,1956,85,ready,131.0,2025-11-17,2025-12-12,20,3499.0,3504.0,0.0014289797084881394,16.0,4
226237468d41e56c,RTS,2025-12-15,C:\data_quote\data_finam_RTS_tick_zip\20251215.zip,91f92e22f3770b6be35eb77789758fdabf5cfd466ec32ea819553cc5dccbf47f,43977,73190,175,ready,131.0,2025-11-17,2025-12-12,20,3499.0,3504.0,0.0014289797084881394,16.0,133
226237468d41e56c,RTS,2025-12-16,C:\data_quote\data_finam_RTS_tick_zip\20251216.zip,1d6308d546b5bb88d11801efd28f632533363037f0c1921f79c8b9db690617ed,28324,47382,175,ready,133.0,2025-11-18,2025-12-15,20,3499.0,3491.0,-0.002286367533581023,16.0,88
226237468d41e56c,RTS,2025-12-17,C:\data_quote\data_finam_RTS_tick_zip\20251217.zip,2de8d426fb426729a1867a91545bbbb119e9f8224be1368120e698d6aba68871,24461,36442,175,ready,128.0,2025-11-19,2025-12-16,20,3499.0,3471.0,-0.00800228636753358,16.0,68
226237468d41e56c,RTS,2025-12-18,C:\data_quote\data_finam_RTS_tick_zip\20251218.zip,29145094217e28e2b99c605d28c10ca8d3df63f901b2db8fdc1f2673564f423b,39914,71314,175,ready,121.0,2025-11-20,2025-12-17,20,3499.0,3532.0,0.00943126607602172,14.0,127
226237468d41e56c,RTS,2025-12-19,C:\data_quote\data_finam_RTS_tick_zip\20251219.zip,0b56567aef7f98c704a84e9c351d77f405dcdb96635576913ea50c13620e860d,53358,88042,175,ready,116.0,2025-11-21,2025-12-18,20,3499.0,3502.0,0.0008573878250928837,15.0,156
226237468d41e56c,RTS,2025-12-20,C:\data_quote\data_finam_RTS_tick_zip\20251220.zip,cd9d3940978108c67ed9e30e1d43bfb301af119b86c1bd2fd3ae78d4dc6e4a5a,1306,2908,78,ready,115.0,2025-11-24,2025-12-19,20,3499.0,3489.0,-0.002857959416976279,15.0,10
226237468d41e56c,RTS,2025-12-21,C:\data_quote\data_finam_RTS_tick_zip\20251221.zip,a331cf52265a1c54cb8a7e47968aeafdbac72a8df8967e371bc1a7b0ad998611,751,1280,76,ready,115.0,2025-11-24,2025-12-19,20,3499.0,3489.0,-0.002857959416976279,15.0,5
226237468d41e56c,RTS,2025-12-22,C:\data_quote\data_finam_RTS_tick_zip\20251222.zip,f262b6fdfa45219f87cfd7bc2d9803d133b363dad8057540e108cdb50dff3715,41137,71921,175,ready,115.0,2025-11-24,2025-12-19,20,3499.0,3489.0,-0.002857959416976279,15.0,177
226237468d41e56c,RTS,2025-12-23,C:\data_quote\data_finam_RTS_tick_zip\20251223.zip,81f0f28675e0c3e8a92744a8a0019dece7418bb799d9e743881192df68dafc95,34333,57700,175,ready,114.0,2025-11-25,2025-12-22,20,3499.0,3532.0,0.00943126607602172,15.0,132
226237468d41e56c,RTS,2025-12-24,C:\data_quote\data_finam_RTS_tick_zip\20251224.zip,a67491d6a8b3bb9c72e8b9ba9835df332c5c2525bbb37167a7a35278760d97dc,35377,58695,175,ready,111.0,2025-11-26,2025-12-23,20,3499.0,3476.0,-0.006573306659045442,14.0,139
226237468d41e56c,RTS,2025-12-25,C:\data_quote\data_finam_RTS_tick_zip\20251225.zip,6e907520cb790cc09c13e7e800744119c144019acd6bf7cd6a6376106db9fbb4,22942,39671,174,ready,112.0,2025-11-27,2025-12-24,20,3499.0,3483.0,-0.004572735067162046,14.0,90
226237468d41e56c,RTS,2025-12-26,C:\data_quote\data_finam_RTS_tick_zip\20251226.zip,45fd4eb79c9a3e03d3aa308c986027a3eff755722de7a01d8235f342ba05fb19,33543,57337,175,ready,110.0,2025-11-28,2025-12-25,20,3498.0,3506.0,0.002287021154945683,16.0,142
226237468d41e56c,RTS,2025-12-27,C:\data_quote\data_finam_RTS_tick_zip\20251227.zip,4ad8cdf7c1df5dbf0f1b1cb88ac68b3ec227c2bcd31de8496b5bab02bda2ec83,924,2003,83,ready,108.0,2025-12-01,2025-12-26,20,3498.0,3497.0,-0.0002858776443682104,16.0,9
226237468d41e56c,RTS,2025-12-28,C:\data_quote\data_finam_RTS_tick_zip\20251228.zip,44618204410afb52650e857d0fd9fdab50efcd58c76fcc2cbde8025e8ee17fe6,2049,3442,103,ready,108.0,2025-12-01,2025-12-26,20,3498.0,3497.0,-0.0002858776443682104,16.0,13
226237468d41e56c,RTS,2025-12-29,C:\data_quote\data_finam_RTS_tick_zip\20251229.zip,108a1162d92eaf395f7c456ed9076f7e47d3d50894da42e355a5b4fee772136e,57281,96907,175,ready,108.0,2025-12-01,2025-12-26,20,3498.0,3497.0,-0.0002858776443682104,16.0,223
226237468d41e56c,RTS,2025-12-30,C:\data_quote\data_finam_RTS_tick_zip\20251230.zip,b08d1ea7d479394f93afaad372e6fde09042713c87d76dfb9a5db33a41aa294e,29306,51437,175,ready,108.0,2025-12-02,2025-12-29,20,3498.0,3497.0,-0.0002858776443682104,15.0,106
226237468d41e56c,RTS,2026-01-05,C:\data_quote\data_finam_RTS_tick_zip\20260105.zip,d0ffb2ccdfeaa86799b49bab10b53b6fd4edc90127aff831ae01f9de06063e48,25403,41675,175,ready,105.0,2025-12-03,2025-12-30,20,3499.0,3507.0,0.002286367533581023,14.0,101
226237468d41e56c,RTS,2026-01-06,C:\data_quote\data_finam_RTS_tick_zip\20260106.zip,9a022c3a15a181f3b684c60833f43932e4caf611dde0c4436cdde1d1ef16699a,18864,29244,173,ready,103.0,2025-12-04,2026-01-05,20,3499.0,3491.0,-0.002286367533581023,15.0,69
226237468d41e56c,RTS,2026-01-08,C:\data_quote\data_finam_RTS_tick_zip\20260108.zip,234638405f860c55d4ad234e676328fb8a6e120b2d4f345f47f19d764abd93a7,23627,40333,175,ready,100.0,2025-12-05,2026-01-06,20,3497.0,3507.0,0.0028595939376608523,16.0,114
226237468d41e56c,RTS,2026-01-09,C:\data_quote\data_finam_RTS_tick_zip\20260109.zip,0f5185f258a3e984e18a5eec289d58b5f1fabdcad982dcf4fc83fc973debb31a,21047,37271,174,ready,98.0,2025-12-08,2026-01-08,20,3497.0,3521.0,0.006863025450386045,12.0,110
226237468d41e56c,RTS,2026-01-12,C:\data_quote\data_finam_RTS_tick_zip\20260112.zip,5cb42572585d2e53f0ffe6b3cf02d315973eb921a9221d6681fde8a1ce799894,24464,41984,175,ready,96.0,2025-12-09,2026-01-09,20,3496.0,3476.0,-0.005720823798627002,15.0,121
226237468d41e56c,RTS,2026-01-13,C:\data_quote\data_finam_RTS_tick_zip\20260113.zip,ab00e6d4b41a179de8576c4f12d1073ab989503c9b906f87a512922c7b7de7d0,22992,41214,175,ready,93.0,2025-12-10,2026-01-12,20,3496.0,3505.0,0.002574370709382151,14.0,129
226237468d41e56c,RTS,2026-01-14,C:\data_quote\data_finam_RTS_tick_zip\20260114.zip,692547871a461304724735790b5ef3185bb5805df7c376bde42a6c9adc777a82,38557,70574,175,ready,92.0,2025-12-11,2026-01-13,20,3496.0,3484.0,-0.003432494279176201,15.0,236
226237468d41e56c,RTS,2026-01-15,C:\data_quote\data_finam_RTS_tick_zip\20260115.zip,887c9029b405479dff21d62a87543274dd5a443cffa88b62255901f246c5af11,32943,62590,175,ready,90.0,2025-12-12,2026-01-14,20,3496.0,3529.0,0.009439359267734555,11.0,224
226237468d41e56c,RTS,2026-01-16,C:\data_quote\data_finam_RTS_tick_zip\20260116.zip,6148624eef0171201cc20d1f7f0bce2d3b0fa43274d3ddc4515e04cb395f90ee,26400,50795,175,ready,91.0,2025-12-15,2026-01-15,20,3496.0,3467.0,-0.008295194508009153,14.0,177
226237468d41e56c,RTS,2026-01-17,C:\data_quote\data_finam_RTS_tick_zip\20260117.zip,a6209e83fae82b11bed7d52ab619dd27bb57a4c1c55c8138912663c4938a30d3,304,705,55,ready,90.0,2025-12-16,2026-01-16,20,3496.0,3492.0,-0.0011441647597254005,14.0,4
226237468d41e56c,RTS,2026-01-18,C:\data_quote\data_finam_RTS_tick_zip\20260118.zip,a674fc8a27c4efdb7d6972b91e06342b74fceca34c3217f3eff336d25da95746,798,1419,75,ready,90.0,2025-12-16,2026-01-16,20,3496.0,3492.0,-0.0011441647597254005,14.0,5
226237468d41e56c,RTS,2026-01-19,C:\data_quote\data_finam_RTS_tick_zip\20260119.zip,5dd3ed92ea04d4c1b6c67218e0022c8e32350559a27165c1828e044ee7c4344b,24899,47199,175,ready,90.0,2025-12-16,2026-01-16,20,3496.0,3492.0,-0.0011441647597254005,14.0,189
226237468d41e56c,RTS,2026-01-20,C:\data_quote\data_finam_RTS_tick_zip\20260120.zip,d54e932c16191befeb74622d12abc90d6a4e96f2efd78e94b4d643bbe6972590,23096,42244,175,ready,90.0,2025-12-17,2026-01-19,20,3496.0,3526.0,0.008581235697940504,14.0,130
226237468d41e56c,RTS,2026-01-21,C:\data_quote\data_finam_RTS_tick_zip\20260121.zip,08851da4134bd68f526c095aa80894e631a48f9487bb4f24c8ff484875738422,36947,66581,175,ready,91.0,2025-12-18,2026-01-20,20,3496.0,3487.0,-0.002574370709382151,13.0,206
226237468d41e56c,RTS,2026-01-22,C:\data_quote\data_finam_RTS_tick_zip\20260122.zip,3468a33160fb35733bd38fdd87643478b8d5be7640983ec16f54fecd6def2520,40523,68462,175,ready,91.0,2025-12-19,2026-01-21,20,3496.0,3498.0,0.0005720823798627002,13.0,232
226237468d41e56c,RTS,2026-01-23,C:\data_quote\data_finam_RTS_tick_zip\20260123.zip,552b5e3bd923f3acecdd6bb05c370d3c5d0685e3913fe4c6d5a44b54d6119389,23693,38010,175,ready,91.0,2025-12-22,2026-01-22,20,3496.0,3493.0,-0.0008581235697940503,12.0,102
226237468d41e56c,RTS,2026-01-24,C:\data_quote\data_finam_RTS_tick_zip\20260124.zip,d4ee751417f46e8de5c92bc48d4b7468214fdc8a11270fe9808211ee9810395a,3286,5899,102,ready,88.0,2025-12-23,2026-01-23,20,3496.0,3524.0,0.008009153318077803,12.0,29
226237468d41e56c,RTS,2026-01-25,C:\data_quote\data_finam_RTS_tick_zip\20260125.zip,a637357ab1b54996fcf22d98e463d25251f0953a4cd94746b4a5f5f4b1115e8a,1443,2635,100,ready,88.0,2025-12-23,2026-01-23,20,3496.0,3524.0,0.008009153318077803,12.0,13
226237468d41e56c,RTS,2026-01-26,C:\data_quote\data_finam_RTS_tick_zip\20260126.zip,70b83af5ae974d66553ac7597e27ea755f668ce514df64874dcea0a86c5e0caf,36754,66316,175,ready,88.0,2025-12-23,2026-01-23,20,3496.0,3524.0,0.008009153318077803,12.0,232
226237468d41e56c,RTS,2026-01-27,C:\data_quote\data_finam_RTS_tick_zip\20260127.zip,50603907fb4e4c4336d320779be06b845936e37e511cdb1961ff185c6b1e2495,28767,52220,175,ready,89.0,2025-12-24,2026-01-26,20,3496.0,3478.0,-0.005148741418764302,14.0,169
226237468d41e56c,RTS,2026-01-28,C:\data_quote\data_finam_RTS_tick_zip\20260128.zip,2ee4b208a740574bd0ea3038e82878d36a392aa370873a3ace77ae2b9b104a2a,30510,52039,175,ready,88.0,2025-12-25,2026-01-27,20,3496.0,3530.0,0.009725400457665904,12.0,152
226237468d41e56c,RTS,2026-01-29,C:\data_quote\data_finam_RTS_tick_zip\20260129.zip,7b7da676af0d2d7f427831b5dd6cf55efe6f9805c5f814a58d9a688560f9b44f,62310,109856,175,ready,89.0,2025-12-26,2026-01-28,20,3497.0,3454.0,-0.012296253931941665,12.0,336
226237468d41e56c,RTS,2026-01-30,C:\data_quote\data_finam_RTS_tick_zip\20260130.zip,9a3ccbac2f88d493634799f92315d34e43026597ce97506c261d5d38fc53ced8,42364,74487,175,ready,91.0,2025-12-29,2026-01-29,20,3497.0,3521.0,0.006863025450386045,14.0,225
226237468d41e56c,RTS,2026-01-31,C:\data_quote\data_finam_RTS_tick_zip\20260131.zip,bff8562ad346f2931259e9a1d9e3aff4fc7601441440163eb4d7f6fd78b42092,1059,1936,80,ready,90.0,2025-12-30,2026-01-30,20,3497.0,3497.0,0.0,13.0,9
226237468d41e56c,RTS,2026-02-01,C:\data_quote\data_finam_RTS_tick_zip\20260201.zip,46f53fa4361b2f57f5b3e2c73a289355931cbe7b77c5ff2be586d704364dd73a,1096,2161,88,ready,90.0,2025-12-30,2026-01-30,20,3497.0,3497.0,0.0,13.0,11
226237468d41e56c,RTS,2026-02-02,C:\data_quote\data_finam_RTS_tick_zip\20260202.zip,7d8b1030271394bc3e6257c5c1ba2b2fa64c7c591e6fb200b7e5291b97457a4f,39919,75395,175,ready,90.0,2025-12-30,2026-01-30,20,3497.0,3497.0,0.0,13.0,255
226237468d41e56c,RTS,2026-02-03,C:\data_quote\data_finam_RTS_tick_zip\20260203.zip,d2327cac29b4a608c1ac0680f1ea2b4fe2ee80c563c3c268f1d3ac5eae643d75,25567,44733,175,ready,92.0,2026-01-05,2026-02-02,20,3497.0,3490.0,-0.0020017157563625965,13.0,132
226237468d41e56c,RTS,2026-02-04,C:\data_quote\data_finam_RTS_tick_zip\20260204.zip,7b57b91cf2865ec19c9a652f576d27850419c699be8e77f9db07575d7a11cbe8,36238,64406,175,ready,92.0,2026-01-06,2026-02-03,20,3497.0,3503.0,0.0017157563625965113,13.0,226
226237468d41e56c,RTS,2026-02-05,C:\data_quote\data_finam_RTS_tick_zip\20260205.zip,1509b0bca733f22a5d76bfb2e37c0f865a8784de6c4c3917170d56814a421039,43721,80885,175,ready,95.0,2026-01-08,2026-02-04,20,3499.0,3492.0,-0.002000571591883395,13.0,244
226237468d41e56c,RTS,2026-02-06,C:\data_quote\data_finam_RTS_tick_zip\20260206.zip,c00d172caff5d9baa031078d689bd64537ee63c62de5fef84f31962c27f7af66,30320,52810,175,ready,97.0,2026-01-09,2026-02-05,20,3499.0,3498.0,-0.0002857959416976279,14.0,129
226237468d41e56c,RTS,2026-02-07,C:\data_quote\data_finam_RTS_tick_zip\20260207.zip,f3df374cf825cbfb7f3d84821c497c9876a5ac58704e69b999398881e68a86de,608,1025,81,ready,98.0,2026-01-12,2026-02-06,20,3500.0,3505.0,0.0014285714285714286,14.0,4
226237468d41e56c,RTS,2026-02-08,C:\data_quote\data_finam_RTS_tick_zip\20260208.zip,868a83dc37aee2993fab1d9a2a5aac7aadebef4ff578472076c66786c215fc4b,1127,2128,84,ready,98.0,2026-01-12,2026-02-06,20,3500.0,3505.0,0.0014285714285714286,14.0,9
226237468d41e56c,RTS,2026-02-09,C:\data_quote\data_finam_RTS_tick_zip\20260209.zip,e9532575b5fc6dc8870bb3c47a343c01264706d221f4ac32e3fe0ff8db90d939,26613,48719,175,ready,98.0,2026-01-12,2026-02-06,20,3500.0,3505.0,0.0014285714285714286,14.0,128
226237468d41e56c,RTS,2026-02-10,C:\data_quote\data_finam_RTS_tick_zip\20260210.zip,6729409732dd6068295d9bfe014ad2a0b6ea103a0e0c3b11a142f01d774595ab,24631,45146,175,ready,98.0,2026-01-13,2026-02-09,20,3500.0,3516.0,0.004571428571428572,13.0,135
226237468d41e56c,RTS,2026-02-11,C:\data_quote\data_finam_RTS_tick_zip\20260211.zip,0c019c6a0149d7b407ac694e3557120a50d24e42fac8290fbb97b9bd24660b39,37680,75041,175,ready,99.0,2026-01-14,2026-02-10,20,3500.0,3501.0,0.00028571428571428574,14.0,246
226237468d41e56c,RTS,2026-02-12,C:\data_quote\data_finam_RTS_tick_zip\20260212.zip,cf092204ad66e833e4809dc3c4492b000e44b68049535a73a35d8db52053aa4c,26233,50823,175,ready,99.0,2026-01-15,2026-02-11,20,3500.0,3510.0,0.002857142857142857,14.0,140
226237468d41e56c,RTS,2026-02-13,C:\data_quote\data_finam_RTS_tick_zip\20260213.zip,abc56947b3df925be885d2d60d4841a0ce4474f2b7ba0e912d02e1ea121432d2,35475,68777,175,ready,98.0,2026-01-16,2026-02-12,20,3500.0,3497.0,-0.0008571428571428571,13.0,232
226237468d41e56c,RTS,2026-02-16,C:\data_quote\data_finam_RTS_tick_zip\20260216.zip,917798976ccfa7400765b3deedabf75215601019c414abc025f0f8e0f976f67c,19810,40325,174,ready,99.0,2026-01-19,2026-02-13,20,3500.0,3513.0,0.0037142857142857142,13.0,102
226237468d41e56c,RTS,2026-02-17,C:\data_quote\data_finam_RTS_tick_zip\20260217.zip,f28fecde511f980e2466fed29daa9711b29544abef0933bb88ac4e19ee7aa521,23292,45199,175,ready,98.0,2026-01-20,2026-02-16,20,3499.0,3510.0,0.003143755358673907,13.0,132
226237468d41e56c,RTS,2026-02-18,C:\data_quote\data_finam_RTS_tick_zip\20260218.zip,1b0f52f12e48258b92015675ba02d33872c7163239f49d06bbb9294c58046fcf,35947,73665,175,ready,98.0,2026-01-21,2026-02-17,20,3499.0,3514.0,0.004286939125464418,12.0,258
226237468d41e56c,RTS,2026-02-19,C:\data_quote\data_finam_RTS_tick_zip\20260219.zip,cd9c4dd918ced86c9230c867dbd798b7046fe499e2ac0810d3b39a65eb9a1bc5,26145,50658,175,ready,100.0,2026-01-22,2026-02-18,20,3499.0,3511.0,0.003429551300371535,15.0,137
226237468d41e56c,RTS,2026-02-20,C:\data_quote\data_finam_RTS_tick_zip\20260220.zip,bf9e305c1efcc37834e248eef8b7d1ce9465d3545561e34332408de8a6c59af8,22958,42532,174,ready,99.0,2026-01-23,2026-02-19,20,3499.0,3487.0,-0.003429551300371535,14.0,125
226237468d41e56c,RTS,2026-02-21,C:\data_quote\data_finam_RTS_tick_zip\20260221.zip,dc7987c6d846af63eaa570c257acf192cde5110fde572b3e607f88273771646b,297,462,57,ready,99.0,2026-01-26,2026-02-20,20,3498.0,3519.0,0.006003430531732418,14.0,3
226237468d41e56c,RTS,2026-02-22,C:\data_quote\data_finam_RTS_tick_zip\20260222.zip,9838db8393bdabf39cb0d7c8287e4e4ae6533b0a8935f4653f81b44c0a74ea6c,865,1585,72,ready,99.0,2026-01-26,2026-02-20,20,3498.0,3519.0,0.006003430531732418,14.0,5
226237468d41e56c,RTS,2026-02-23,C:\data_quote\data_finam_RTS_tick_zip\20260223.zip,b7431d35a72717c4a4853c1322644ff77e147a9c3222d60b71b8e89f090e8e76,3884,10014,99,ready,99.0,2026-01-26,2026-02-20,20,3498.0,3519.0,0.006003430531732418,14.0,47
226237468d41e56c,RTS,2026-02-24,C:\data_quote\data_finam_RTS_tick_zip\20260224.zip,fb9e50303bc307f1d82d3292da0d62299bdb84e2d9c6759951e77a22186040a3,25040,51543,174,ready,98.0,2026-01-27,2026-02-23,20,3422.0,3406.0,-0.004675628287551139,13.0,155
226237468d41e56c,RTS,2026-02-25,C:\data_quote\data_finam_RTS_tick_zip\20260225.zip,850a89546f26db640b14b0b21d8634851bbb44acdb94978300c17a195dcf5877,30746,64410,175,ready,98.0,2026-01-28,2026-02-24,20,3421.0,3416.0,-0.0014615609470914938,13.0,230
226237468d41e56c,RTS,2026-02-26,C:\data_quote\data_finam_RTS_tick_zip\20260226.zip,a91f1aeac389af7e4b6812c05129a5a58b5398c8fff89c666ba9cea055bb75d0,23463,47866,174,ready,100.0,2026-01-29,2026-02-25,20,3421.0,3411.0,-0.0029231218941829875,15.0,151
226237468d41e56c,RTS,2026-02-27,C:\data_quote\data_finam_RTS_tick_zip\20260227.zip,959c5ef3a9a115d28556997d0064c18c5b3e5ce54592a72b046cdfdf08b63a16,24092,48272,174,ready,97.0,2026-01-30,2026-02-26,20,3420.0,3402.0,-0.005263157894736842,14.0,158
226237468d41e56c,RTS,2026-02-28,C:\data_quote\data_finam_RTS_tick_zip\20260228.zip,2858cdbbbc6a2997154f4aad02c6aa293791f25d48096d1645d68fe39b66977a,2082,5291,105,ready,96.0,2026-02-02,2026-02-27,20,3419.0,3404.0,-0.004387247733255338,14.0,19
226237468d41e56c,RTS,2026-03-01,C:\data_quote\data_finam_RTS_tick_zip\20260301.zip,6fe6e3d320f1e74aca9d0a0052b4c276c6e23fc73064c6b895a4433f15670cb0,3473,9580,109,ready,96.0,2026-02-02,2026-02-27,20,3419.0,3404.0,-0.004387247733255338,14.0,45
226237468d41e56c,RTS,2026-03-02,C:\data_quote\data_finam_RTS_tick_zip\20260302.zip,93d47351a79b5cc6db5170e862adf243f305c893534179cb74a70cc21b23fcd1,38201,75982,175,ready,96.0,2026-02-02,2026-02-27,20,3419.0,3404.0,-0.004387247733255338,14.0,216
226237468d41e56c,RTS,2026-03-03,C:\data_quote\data_finam_RTS_tick_zip\20260303.zip,d139f44ac75061b4d1137444c7c79361e2a5e87095183605e73d678285cdf37a,27355,53967,175,ready,95.0,2026-02-03,2026-03-02,20,3419.0,3424.0,0.0014624159110851126,14.0,157
226237468d41e56c,RTS,2026-03-04,C:\data_quote\data_finam_RTS_tick_zip\20260304.zip,c2b20a267da49a32fc0dedba2c95d6c2eb54b1d49440192a62cff2ed02994c08,30817,64335,175,ready,96.0,2026-02-04,2026-03-03,20,3419.0,3410.0,-0.0026323486399532025,14.0,200
226237468d41e56c,RTS,2026-03-05,C:\data_quote\data_finam_RTS_tick_zip\20260305.zip,5feefb66ecabe5c806cbdd64e50ae8903c6d750f5d46c71d68f01571e41eaa1c,24598,49675,175,ready,96.0,2026-02-05,2026-03-04,20,3419.0,3406.0,-0.0038022813688212928,14.0,131
226237468d41e56c,RTS,2026-03-06,C:\data_quote\data_finam_RTS_tick_zip\20260306.zip,ce7db4e65be21ac77b9111faadd50001a93349b36ce3c1234bb07002d0b28aea,29055,60245,175,ready,93.0,2026-02-06,2026-03-05,20,3419.0,3410.0,-0.0026323486399532025,14.0,185
226237468d41e56c,RTS,2026-03-09,C:\data_quote\data_finam_RTS_tick_zip\20260309.zip,72643aada894fed61fde03eb583087385782af1451bd338bcb24da7c6cb65237,35495,71461,175,ready,94.0,2026-02-09,2026-03-06,20,3419.0,3425.0,0.0017548990933021352,14.0,202
226237468d41e56c,RTS,2026-03-10,C:\data_quote\data_finam_RTS_tick_zip\20260310.zip,d490aaa25bbec38a1b1e1b88172964af77866359730fb14d1e4088c6f2118cfe,34096,66286,175,ready,96.0,2026-02-10,2026-03-09,20,3419.0,3414.0,-0.0014624159110851126,14.0,206
226237468d41e56c,RTS,2026-03-11,C:\data_quote\data_finam_RTS_tick_zip\20260311.zip,aa9d336beedf1614c2efbfa5a0d844f5c1873f847822da9ae3be50d2cdbccd90,24054,44178,175,ready,97.0,2026-02-11,2026-03-10,20,3419.0,3439.0,0.0058496636443404505,12.0,122
226237468d41e56c,RTS,2026-03-12,C:\data_quote\data_finam_RTS_tick_zip\20260312.zip,b91b56c1915a6e250ae46517bdf7b9c427ec95f975c7082068cdf16f07b8c478,23205,46797,175,ready,93.0,2026-02-12,2026-03-11,20,3419.0,3437.0,0.005264697279906405,12.0,138
226237468d41e56c,RTS,2026-03-13,C:\data_quote\data_finam_RTS_tick_zip\20260313.zip,437955d749c6c48f31c8c7c43a810ae971ae2ac76822240ea744c6678a21654a,22269,44422,175,ready,93.0,2026-02-13,2026-03-12,20,3419.0,3426.0,0.0020473822755191578,12.0,128
226237468d41e56c,RTS,2026-03-14,C:\data_quote\data_finam_RTS_tick_zip\20260314.zip,7fd9531de5047383c9854a7df65951850f86743d78777a8c7ca4ab93fc0145e5,954,1570,84,ready,91.0,2026-02-16,2026-03-13,20,3419.0,3421.0,0.000584966364434045,12.0,4
226237468d41e56c,RTS,2026-03-15,C:\data_quote\data_finam_RTS_tick_zip\20260315.zip,4d3abc44937525a31530853258d3773c94e197bd21339bd090a9273ad41eba16,335,620,59,ready,91.0,2026-02-16,2026-03-13,20,3419.0,3421.0,0.000584966364434045,12.0,2
226237468d41e56c,RTS,2026-03-16,C:\data_quote\data_finam_RTS_tick_zip\20260316.zip,23336b2032020e3213fd9e67b48629457f446fd3b4e962a5f8f4070d109a35a0,27313,54118,175,ready,91.0,2026-02-16,2026-03-13,20,3419.0,3421.0,0.000584966364434045,12.0,184
226237468d41e56c,RTS,2026-03-17,C:\data_quote\data_finam_RTS_tick_zip\20260317.zip,5f210a071d9cf9bd178989b2f227b42022ba6f05d211c4791ade8d556f7ffaad,22696,43342,175,ready,92.0,2026-02-17,2026-03-16,20,3420.0,3424.0,0.0011695906432748538,12.0,139
226237468d41e56c,RTS,2026-03-18,C:\data_quote\data_finam_RTS_tick_zip\20260318.zip,006f9261015797b4a0a73dce330ef2fdbcce4274a868159ce8bcc206246f13b5,15862,25666,175,ready,92.0,2026-02-18,2026-03-17,20,3420.0,3422.0,0.0005847953216374269,12.0,83
226237468d41e56c,RTS,2026-03-19,C:\data_quote\data_finam_RTS_tick_zip\20260319.zip,db7f7417370f65bc6c4b6213cb9cc12d09253ae5af931953101014e4e019424d,42061,71464,174,ready,89.0,2026-02-19,2026-03-18,20,3420.0,3435.0,0.0043859649122807015,14.0,266
226237468d41e56c,RTS,2026-03-20,C:\data_quote\data_finam_RTS_tick_zip\20260320.zip,fb30b924693007f3b94bc77159c3606170dc0d674555bffc75a7b9971a1fa398,39180,65052,118,ready,90.0,2026-02-20,2026-03-19,20,3419.0,3447.0,0.008189529102076631,12.0,214
226237468d41e56c,RTS,2026-03-23,C:\data_quote\data_finam_RTS_tick_zip\20260323.zip,6e6b53cde5a6e995c28107158d4c979cedc7dbd5ad757bcf58fdf08508541392,46941,82485,179,ready,92.0,2026-02-23,2026-03-20,20,3363.0,3374.0,0.0032708890871245913,14.0,277
226237468d41e56c,RTS,2026-03-24,C:\data_quote\data_finam_RTS_tick_zip\20260324.zip,7217c5b941ead848fdf7593a33d2b46a884224c922764ce76e7533a44065b54b,35401,62572,179,ready,95.0,2026-02-24,2026-03-23,20,3443.0,3423.0,-0.005808887598024978,14.0,186
226237468d41e56c,RTS,2026-03-25,C:\data_quote\data_finam_RTS_tick_zip\20260325.zip,b3a0a745acdd71068d933afb45936a1c402b18001bdb604aa43cd0ddaed98f40,26191,42224,179,ready,95.0,2026-02-25,2026-03-24,20,3448.0,3450.0,0.000580046403712297,14.0,130
226237468d41e56c,RTS,2026-03-26,C:\data_quote\data_finam_RTS_tick_zip\20260326.zip,cb597776b7c10a2e906398e9d957706df3fa81771ad172ebe9ed524949580796,40778,68732,179,ready,93.0,2026-02-26,2026-03-25,20,3452.0,3470.0,0.005214368482039398,14.0,213
226237468d41e56c,RTS,2026-03-27,C:\data_quote\data_finam_RTS_tick_zip\20260327.zip,299fac35b4985d2c590e2b1946498a5b7e572c5a9cead0e3f83ff5a9eabb8674,37756,64567,178,ready,94.0,2026-02-27,2026-03-26,20,3457.0,3454.0,-0.0008678044547295343,14.0,182
226237468d41e56c,RTS,2026-03-28,C:\data_quote\data_finam_RTS_tick_zip\20260328.zip,4c46dcb56b40be05bba7f7e47985f23cf9d93895e3ef7479c396f0431ed73ff1,1125,1625,86,ready,94.0,2026-03-02,2026-03-27,20,3461.0,3471.0,0.002889338341519792,12.0,5
226237468d41e56c,RTS,2026-03-29,C:\data_quote\data_finam_RTS_tick_zip\20260329.zip,dba85a5bde52e235f818af0bed4f36f499219cf4537d8beb03e305ed2e916f3a,1125,2190,87,ready,94.0,2026-03-02,2026-03-27,20,3461.0,3471.0,0.002889338341519792,12.0,8
226237468d41e56c,RTS,2026-03-30,C:\data_quote\data_finam_RTS_tick_zip\20260330.zip,369d8f91d5ba977ad8ad42e0dbceac58ed68db0868f3283b8a9de693d4879bc8,33801,60229,178,ready,94.0,2026-03-02,2026-03-27,20,3461.0,3471.0,0.002889338341519792,12.0,201
226237468d41e56c,RTS,2026-03-31,C:\data_quote\data_finam_RTS_tick_zip\20260331.zip,22d00aff49dcfb7c47b130f056cfe67f69d1fac3926b907e17b4d67a65a25908,32767,56668,179,ready,94.0,2026-03-03,2026-03-30,20,3464.0,3456.0,-0.0023094688221709007,14.0,185
226237468d41e56c,RTS,2026-04-01,C:\data_quote\data_finam_RTS_tick_zip\20260401.zip,714d43b43b428763a8ec51b04881ed0d0307e014f7760902f218a48f4865d698,31256,53432,179,ready,94.0,2026-03-04,2026-03-31,20,3468.0,3489.0,0.006055363321799308,14.0,181
226237468d41e56c,RTS,2026-04-02,C:\data_quote\data_finam_RTS_tick_zip\20260402.zip,94060d201b95c24533475a3eb953ddb383fdce08f2b20225133bdc50233b42fc,23947,40995,178,ready,94.0,2026-03-05,2026-04-01,20,3472.0,3464.0,-0.002304147465437788,14.0,116
226237468d41e56c,RTS,2026-04-03,C:\data_quote\data_finam_RTS_tick_zip\20260403.zip,f3b290f0c26fc4de7d517ee42a81bc42b04ffe34d941c6af23fa9bf91bcd7e29,23413,42312,179,ready,94.0,2026-03-06,2026-04-02,20,3475.0,3445.0,-0.008633093525179856,13.0,153
226237468d41e56c,RTS,2026-04-04,C:\data_quote\data_finam_RTS_tick_zip\20260404.zip,7ba3624d6ce6d9ee3fc4561a2ab9172cfaee2c903dfe6da98ac69c2b5358e355,848,1344,90,ready,93.0,2026-03-09,2026-04-03,20,3479.0,3485.0,0.0017246335153779822,13.0,5
226237468d41e56c,RTS,2026-04-05,C:\data_quote\data_finam_RTS_tick_zip\20260405.zip,18eb5bd46b185a20d038ab14a6e422f117af90586c732a71dbf0d5c232720ebc,1030,2134,86,ready,93.0,2026-03-09,2026-04-03,20,3479.0,3485.0,0.0017246335153779822,13.0,10
226237468d41e56c,RTS,2026-04-06,C:\data_quote\data_finam_RTS_tick_zip\20260406.zip,e76ec2d905c6ace2fff01d3c5ad0987d307a44b7985ff1f1d989a0b5b93f4b80,29284,56019,179,ready,93.0,2026-03-09,2026-04-03,20,3479.0,3485.0,0.0017246335153779822,13.0,199
226237468d41e56c,RTS,2026-04-07,C:\data_quote\data_finam_RTS_tick_zip\20260407.zip,774115ccbe51e41edc5f1d6c284f10afc747196d76b04b9a548b11873d97b826,25925,46538,178,ready,93.0,2026-03-10,2026-04-06,20,3483.0,3473.0,-0.002871088142405972,12.0,144
226237468d41e56c,RTS,2026-04-08,C:\data_quote\data_finam_RTS_tick_zip\20260408.zip,ee35afa06872653999c2ee43d5b1c569ff2af01ef0bc35605ad452d9aebe9fe0,23769,40294,179,ready,92.0,2026-03-11,2026-04-07,20,3486.0,3475.0,-0.003155479059093517,14.0,134
226237468d41e56c,RTS,2026-04-09,C:\data_quote\data_finam_RTS_tick_zip\20260409.zip,31c0a4eec4b6a568da4a858480c5580de719d21695d849e3d0cc02c361dca5d2,29444,54538,179,ready,92.0,2026-03-12,2026-04-08,20,3490.0,3473.0,-0.004871060171919771,14.0,196
226237468d41e56c,RTS,2026-04-10,C:\data_quote\data_finam_RTS_tick_zip\20260410.zip,a2901edec7568b6a43b82fce8c110b8bbfa57e9722404fc04887f52f8f51727e,22137,39732,179,ready,93.0,2026-03-13,2026-04-09,20,3494.0,3462.0,-0.009158557527189467,14.0,126
226237468d41e56c,RTS,2026-04-11,C:\data_quote\data_finam_RTS_tick_zip\20260411.zip,3227de2266af4c350601b3d05278fc90cdb29867f3624d43d44d0fbfc0e826e0,844,1452,82,ready,92.0,2026-03-16,2026-04-10,20,3498.0,3527.0,0.008290451686678102,14.0,8
226237468d41e56c,RTS,2026-04-12,C:\data_quote\data_finam_RTS_tick_zip\20260412.zip,82763ac94687245517e3a54ae3bbb3b9184f264c092e7e7aa5f4859f31b66033,2182,5878,95,ready,92.0,2026-03-16,2026-04-10,20,3498.0,3527.0,0.008290451686678102,14.0,30
226237468d41e56c,RTS,2026-04-13,C:\data_quote\data_finam_RTS_tick_zip\20260413.zip,ea1c709f5a89de50ba24d1fb99a15c0d1f58dff1b2bf59375b997fbe05176d30,31496,58487,179,ready,92.0,2026-03-16,2026-04-10,20,3498.0,3527.0,0.008290451686678102,14.0,189
226237468d41e56c,RTS,2026-04-14,C:\data_quote\data_finam_RTS_tick_zip\20260414.zip,315a75aaa42b1c932d534f8b83285857622a58ff534a82ea6d29961acf6d7af5,29170,52096,179,ready,93.0,2026-03-17,2026-04-13,20,3502.0,3477.0,-0.007138777841233581,14.0,176
226237468d41e56c,RTS,2026-04-15,C:\data_quote\data_finam_RTS_tick_zip\20260415.zip,caabab2d9d40b8cfd4cf1ee617f8a751fe24d8e30894227703b78f044bf3f67b,30614,50785,178,ready,93.0,2026-03-18,2026-04-14,20,3506.0,3514.0,0.0022818026240730175,14.0,161
226237468d41e56c,RTS,2026-04-16,C:\data_quote\data_finam_RTS_tick_zip\20260416.zip,b78bb4cf0d79df1609bfb4a2bf8e6fb9c54a9c809b89fad6a7f7b37eab39b53d,33951,60966,178,ready,95.0,2026-03-19,2026-04-15,20,3509.0,3470.0,-0.011114277571957822,14.0,209
226237468d41e56c,RTS,2026-04-17,C:\data_quote\data_finam_RTS_tick_zip\20260417.zip,e07d3b04b476ded19b7899c56ff38f8aa59e22b1cf2d92c115f4784c27d23ad3,31720,55240,178,ready,94.0,2026-03-20,2026-04-16,20,3513.0,3530.0,0.004839168801594079,14.0,181
226237468d41e56c,RTS,2026-04-18,C:\data_quote\data_finam_RTS_tick_zip\20260418.zip,115bc587c58518053f5199d4c68cc6cb8e70efe14ed37255cae6b1c555532832,1322,2439,90,ready,93.0,2026-03-23,2026-04-17,20,3573.0,3549.0,-0.006717044500419815,14.0,11
226237468d41e56c,RTS,2026-04-19,C:\data_quote\data_finam_RTS_tick_zip\20260419.zip,1eb84a40322462b3aa47d2c3473e0383254ce935d0cf3fa28194e0f07ea91c1d,758,1419,85,ready,93.0,2026-03-23,2026-04-17,20,3573.0,3549.0,-0.006717044500419815,14.0,6
226237468d41e56c,RTS,2026-04-20,C:\data_quote\data_finam_RTS_tick_zip\20260420.zip,079a408b405973e1ae12fb80691a19caaedc15579276bf97dbc51755ac911bb6,28522,51223,179,ready,93.0,2026-03-23,2026-04-17,20,3573.0,3549.0,-0.006717044500419815,14.0,184
226237468d41e56c,RTS,2026-04-21,C:\data_quote\data_finam_RTS_tick_zip\20260421.zip,5cb0ca629c9e7e0188004b8b662ed584940efb24539569b8503a6117ecf5a05b,30183,51777,179,ready,91.0,2026-03-24,2026-04-20,20,3573.0,3599.0,0.007276798208788134,13.0,173
226237468d41e56c,RTS,2026-04-22,C:\data_quote\data_finam_RTS_tick_zip\20260422.zip,36b929a76f51e885c5fa7d8213a2861da8db86a2c94a6c21210563617631cc59,23143,35760,178,ready,91.0,2026-03-25,2026-04-21,20,3573.0,3564.0,-0.0025188916876574307,14.0,119
226237468d41e56c,RTS,2026-04-23,C:\data_quote\data_finam_RTS_tick_zip\20260423.zip,bfa0e0c2842005e70cc80c272506696b95023d7fadec4e99154ebfb33903dc72,30743,50192,179,ready,90.0,2026-03-26,2026-04-22,20,3572.0,3595.0,0.006438969764837626,12.0,158
226237468d41e56c,RTS,2026-04-24,C:\data_quote\data_finam_RTS_tick_zip\20260424.zip,2e00fd2ba9003555775a829dd00af6d216557122a6fe499b86eb5f10a19ea2d2,32609,54991,178,ready,89.0,2026-03-27,2026-04-23,20,3572.0,3573.0,0.0002799552071668533,13.0,201
226237468d41e56c,RTS,2026-04-25,C:\data_quote\data_finam_RTS_tick_zip\20260425.zip,cfeaf394ee2dd6830456887a824f8313e24ff2ae9ffdbaf2a94538286ad97bc7,354,543,68,ready,89.0,2026-03-30,2026-04-24,20,3572.0,3577.0,0.0013997760358342665,14.0,1
226237468d41e56c,RTS,2026-04-26,C:\data_quote\data_finam_RTS_tick_zip\20260426.zip,0aa0767357b628f7e22ea6b94465cb3a5fe27745f5bd733f9d299dedfb3c04c3,1179,2595,81,ready,89.0,2026-03-30,2026-04-24,20,3572.0,3577.0,0.0013997760358342665,14.0,14
226237468d41e56c,RTS,2026-04-27,C:\data_quote\data_finam_RTS_tick_zip\20260427.zip,fc9747d5acf0e09a026ac709e4e84e9aad1b0821f0f111f43d70c847c0da70b9,20720,35645,179,ready,89.0,2026-03-30,2026-04-24,20,3572.0,3577.0,0.0013997760358342665,14.0,104
226237468d41e56c,RTS,2026-04-28,C:\data_quote\data_finam_RTS_tick_zip\20260428.zip,cd9b9f824c4cec21c373077ddc5265ee21b1ad6a2140e6c56ff6ee297bfe7d1c,33929,60158,178,ready,88.0,2026-03-31,2026-04-27,20,3573.0,3570.0,-0.0008396305625524769,14.0,237
226237468d41e56c,RTS,2026-04-29,C:\data_quote\data_finam_RTS_tick_zip\20260429.zip,bd3e10aaccc494676dfcaa7a728a30e9321790acae990960ccb3ab54e836dc25,39503,67779,178,ready,88.0,2026-04-01,2026-04-28,20,3572.0,3616.0,0.012318029115341545,14.0,233
226237468d41e56c,RTS,2026-04-30,C:\data_quote\data_finam_RTS_tick_zip\20260430.zip,d1f7d6e8bc7f6d80406ca143ba3620400b0af41f09e3a8797507b01bd7cd3ef6,25868,43083,178,ready,89.0,2026-04-02,2026-04-29,20,3571.0,3548.0,-0.00644077289274713,14.0,159
226237468d41e56c,RTS,2026-05-01,C:\data_quote\data_finam_RTS_tick_zip\20260501.zip,4caeec00e8d4f8912641bc122497996b5b30b5215d3c2a8d7d897599d5e89a96,2503,4662,129,ready,89.0,2026-04-03,2026-04-30,20,3571.0,3579.0,0.0022402688322598714,14.0,12
226237468d41e56c,RTS,2026-05-02,C:\data_quote\data_finam_RTS_tick_zip\20260502.zip,7b9af7ea6206b2835cdb355edccc051afe8857943f9bd5ce962aa26b4c177ab5,770,1111,57,ready,88.0,2026-04-06,2026-05-01,20,3521.0,3495.0,-0.007384265833570008,13.0,5
226237468d41e56c,RTS,2026-05-03,C:\data_quote\data_finam_RTS_tick_zip\20260503.zip,6117e26a8001dab26c6c69b6eec86e1c98d4f790dd597a4d85b37978407eb1e6,492,1042,48,ready,88.0,2026-04-06,2026-05-01,20,3521.0,3495.0,-0.007384265833570008,13.0,6
226237468d41e56c,RTS,2026-05-04,C:\data_quote\data_finam_RTS_tick_zip\20260504.zip,7df7296f925a137c778b7b2729075ccdccd823a80c0211a5cf4d3fcbc81500e4,33191,59090,179,ready,88.0,2026-04-06,2026-05-01,20,3521.0,3495.0,-0.007384265833570008,13.0,222
226237468d41e56c,RTS,2026-05-05,C:\data_quote\data_finam_RTS_tick_zip\20260505.zip,ba490a4ab2f615c80e006db5487606a5c3f23dde992b7e3926d978c7ab6a2f46,33276,55603,178,ready,88.0,2026-04-07,2026-05-04,20,3521.0,3505.0,-0.004544163589889236,14.0,199
226237468d41e56c,RTS,2026-05-06,C:\data_quote\data_finam_RTS_tick_zip\20260506.zip,428fc33486066f0e1ff5eceafd87df4b96464db668b8adaf45de4dfd75863b78,39427,68325,178,ready,88.0,2026-04-08,2026-05-05,20,3521.0,3544.0,0.006532235160465777,14.0,266
226237468d41e56c,RTS,2026-05-07,C:\data_quote\data_finam_RTS_tick_zip\20260507.zip,6d8fde4e22c42963b7e413ddfe3bf10dc815744a20db6e69978ab4e9d57332d9,22294,38099,179,ready,91.0,2026-04-09,2026-05-06,20,3520.0,3498.0,-0.00625,14.0,131
226237468d41e56c,RTS,2026-05-08,C:\data_quote\data_finam_RTS_tick_zip\20260508.zip,d19c860fa5c24aa358ca936141a68ab2d853e4eb799a0e4d7d3346f73ff3e5bd,23061,39330,178,ready,89.0,2026-04-10,2026-05-07,20,3520.0,3532.0,0.003409090909090909,14.0,143
226237468d41e56c,RTS,2026-05-11,C:\data_quote\data_finam_RTS_tick_zip\20260511.zip,a659fa767a200f8d7710a1e1942e144e47ed8d207e4a157903986e4f37b34116,21644,36247,179,ready,90.0,2026-04-13,2026-05-08,20,3519.0,3494.0,-0.007104290991759022,13.0,98
226237468d41e56c,RTS,2026-05-12,C:\data_quote\data_finam_RTS_tick_zip\20260512.zip,5d7799a9f425af7b975728623d7fe1ed1a2e70274825a3a6c03421629e6d5e45,28747,47015,179,ready,88.0,2026-04-14,2026-05-11,20,3519.0,3512.0,-0.0019892014776925265,13.0,144
226237468d41e56c,RTS,2026-05-13,C:\data_quote\data_finam_RTS_tick_zip\20260513.zip,3d82c2c3adcbe24a2e69be14428883b7bbe457d29602d0b878b1fc7bfc57bf3f,23309,39982,178,ready,87.0,2026-04-15,2026-05-12,20,3519.0,3509.0,-0.002841716396703609,14.0,134
226237468d41e56c,RTS,2026-05-14,C:\data_quote\data_finam_RTS_tick_zip\20260514.zip,73e1b69395248cde44647b9df92be2d57740214e5f8c883398366d026ef7f9a3,29018,51032,179,ready,86.0,2026-04-16,2026-05-13,20,3519.0,3491.0,-0.007956805910770106,14.0,187
226237468d41e56c,RTS,2026-05-15,C:\data_quote\data_finam_RTS_tick_zip\20260515.zip,0a38b948c1a070fd343ef8d3ef65948b70f2608bf1117f3dcd1c529ff0cafd9a,24397,40916,179,ready,85.0,2026-04-17,2026-05-14,20,3520.0,3509.0,-0.003125,14.0,125
226237468d41e56c,RTS,2026-05-16,C:\data_quote\data_finam_RTS_tick_zip\20260516.zip,81b50b58b8e1299822a5bf0153696f4267abb5319b3fdec76656cc1ce45f62cf,606,833,62,ready,83.0,2026-04-20,2026-05-15,20,3521.0,3535.0,0.003976143141153081,13.0,4
226237468d41e56c,RTS,2026-05-17,C:\data_quote\data_finam_RTS_tick_zip\20260517.zip,cc7fcc24b53974931495c36e189f8900d6e3efdacbb7516210c406e939fcde8f,1605,2632,88,ready,83.0,2026-04-20,2026-05-15,20,3521.0,3535.0,0.003976143141153081,13.0,11
226237468d41e56c,RTS,2026-05-18,C:\data_quote\data_finam_RTS_tick_zip\20260518.zip,36e653220c6e43e8c4ee6d90cbeb7f21013e989e839b95f824cf3393860e5bd3,35519,64212,178,ready,83.0,2026-04-20,2026-05-15,20,3521.0,3535.0,0.003976143141153081,13.0,247
226237468d41e56c,RTS,2026-05-19,C:\data_quote\data_finam_RTS_tick_zip\20260519.zip,ead66b3c6e7ae226afd165f3e49da2154f12b88d458e1f656525bb221ddf2849,35325,62617,179,ready,84.0,2026-04-21,2026-05-18,20,3520.0,3485.0,-0.009943181818181818,13.0,226
226237468d41e56c,RTS,2026-05-20,C:\data_quote\data_finam_RTS_tick_zip\20260520.zip,b05b9d49562b64eacb91b5624dcd2b4a51530b3ffaad176d56ac5563f38874e7,46273,78692,179,ready,84.0,2026-04-22,2026-05-19,20,3520.0,3515.0,-0.0014204545454545455,15.0,272
226237468d41e56c,RTS,2026-05-21,C:\data_quote\data_finam_RTS_tick_zip\20260521.zip,b819c32e84887d801db82f8092a3c8e6651876008a4fae2cbdca1829968f1c36,38885,68906,179,ready,87.0,2026-04-23,2026-05-20,20,3521.0,3508.0,-0.003692132916785004,15.0,222
226237468d41e56c,RTS,2026-05-22,C:\data_quote\data_finam_RTS_tick_zip\20260522.zip,827b7f3a26f150c2bed5ec0025d52dd83df3465a5d060c15356a8a9633651bec,43891,74919,179,ready,88.0,2026-04-24,2026-05-21,20,3521.0,3509.0,-0.003408122692416927,14.0,258
226237468d41e56c,RTS,2026-05-23,C:\data_quote\data_finam_RTS_tick_zip\20260523.zip,05f1e874912a7d63508a35427c46714c2b76621d53d1812cbaf1e1abec65a856,925,1284,65,ready,89.0,2026-04-27,2026-05-22,20,3522.0,3523.0,0.00028392958546280523,14.0,7
226237468d41e56c,RTS,2026-05-24,C:\data_quote\data_finam_RTS_tick_zip\20260524.zip,220aae8c59a7c4727501c7b9f9f4354b214179a7feecfd88e6d1ff0e8258b052,1937,4242,93,ready,89.0,2026-04-27,2026-05-22,20,3522.0,3523.0,0.00028392958546280523,14.0,19
226237468d41e56c,RTS,2026-05-25,C:\data_quote\data_finam_RTS_tick_zip\20260525.zip,9bca432bf5562cf67d0fbee3a2e7371939f19599815f789d05410bdd9dc6ca07,49186,85790,179,ready,89.0,2026-04-27,2026-05-22,20,3522.0,3523.0,0.00028392958546280523,14.0,272
226237468d41e56c,RTS,2026-05-26,C:\data_quote\data_finam_RTS_tick_zip\20260526.zip,a0a56104039cee7449f052701ae3b7816ac49549d94441aafcf589c4090a1be1,39479,68756,178,ready,91.0,2026-04-28,2026-05-25,20,3522.0,3560.0,0.010789324247586598,14.0,234
226237468d41e56c,RTS,2026-05-27,C:\data_quote\data_finam_RTS_tick_zip\20260527.zip,20e234a67de3c5b4eca8846f223faf57044833433efd01fbb7ed041d36dbd2ee,34804,61211,179,ready,91.0,2026-04-29,2026-05-26,20,3522.0,3559.0,0.010505394662123793,14.0,207
226237468d41e56c,RTS,2026-05-28,C:\data_quote\data_finam_RTS_tick_zip\20260528.zip,427a98be79dde5dfab37b55ec03da7c73dbe4c28407ac8df896502a36f8f206d,31639,53985,179,ready,91.0,2026-04-30,2026-05-27,20,3523.0,3549.0,0.007380073800738007,14.0,168
226237468d41e56c,RTS,2026-05-29,C:\data_quote\data_finam_RTS_tick_zip\20260529.zip,63e07f46891341d21189f8bb0edd854b859edb33b0c6cedd27a9ad9aef9100f9,27251,45823,179,ready,92.0,2026-05-01,2026-05-28,20,3524.0,3480.0,-0.012485811577752554,12.0,154
226237468d41e56c,RTS,2026-05-30,C:\data_quote\data_finam_RTS_tick_zip\20260530.zip,a7504f5e3dfce5351b3a1136be04e37dff9de74df0152c241f85009c709de24e,294,441,51,ready,93.0,2026-05-04,2026-05-29,20,3574.0,3588.0,0.00391717963066592,13.0,2
226237468d41e56c,RTS,2026-05-31,C:\data_quote\data_finam_RTS_tick_zip\20260531.zip,27539c72da6fa10d216a61b1314ec782b34983a19602a227c4fd0fd6ea523b8d,674,1027,54,ready,93.0,2026-05-04,2026-05-29,20,3574.0,3588.0,0.00391717963066592,13.0,6
226237468d41e56c,RTS,2026-06-01,C:\data_quote\data_finam_RTS_tick_zip\20260601.zip,442e8fa90a72f2b2e7efadea996e39cc62617f88b92b2e9cb2581e01881bb006,34062,62416,178,ready,93.0,2026-05-04,2026-05-29,20,3574.0,3588.0,0.00391717963066592,13.0,206
226237468d41e56c,RTS,2026-06-02,C:\data_quote\data_finam_RTS_tick_zip\20260602.zip,62ff553566da599208c347fb30bda0cd80654abd5702fc92d3d93fb833f62645,36567,63055,178,ready,93.0,2026-05-05,2026-06-01,20,3573.0,3591.0,0.005037783375314861,14.0,199
226237468d41e56c,RTS,2026-06-03,C:\data_quote\data_finam_RTS_tick_zip\20260603.zip,1e5e7276a6ff65e502c967326738610a849bde7390b889a1349eafd3db32eb7b,40562,72161,179,ready,93.0,2026-05-06,2026-06-02,20,3573.0,3604.0,0.008676182479708928,14.0,240
226237468d41e56c,RTS,2026-06-04,C:\data_quote\data_finam_RTS_tick_zip\20260604.zip,f96f0a8adbf8b879a215afa3fead8480e0b4ab72caf74e972bf056f6c551d073,31843,51454,179,ready,93.0,2026-05-07,2026-06-03,20,3574.0,3597.0,0.006435366536094013,14.0,145
226237468d41e56c,RTS,2026-06-05,C:\data_quote\data_finam_RTS_tick_zip\20260605.zip,da3d509c84a6eb11683997e50ca5bd5dc93e654ec570c332ad1ba120b7cdc792,25806,40143,179,ready,94.0,2026-05-08,2026-06-04,20,3574.0,3535.0,-0.010912143256855064,14.0,103
226237468d41e56c,RTS,2026-06-06,C:\data_quote\data_finam_RTS_tick_zip\20260606.zip,5ea421d9167e68444356e5ac3ce4a530c4e803af653ec05bd919fccc1d968ac9,400,764,57,ready,93.0,2026-05-11,2026-06-05,20,3575.0,3588.0,0.0036363636363636364,14.0,4
226237468d41e56c,RTS,2026-06-07,C:\data_quote\data_finam_RTS_tick_zip\20260607.zip,835ab8520454314ebea260171b0f7e1e9268077a97523e6109d2721267c88793,236,523,53,ready,93.0,2026-05-11,2026-06-05,20,3575.0,3588.0,0.0036363636363636364,14.0,4
226237468d41e56c,RTS,2026-06-08,C:\data_quote\data_finam_RTS_tick_zip\20260608.zip,722a45b4e02536f23908e0ece662dafa548f97a8b51305150a5990d3086105ad,32444,56623,179,ready,93.0,2026-05-11,2026-06-05,20,3575.0,3588.0,0.0036363636363636364,14.0,175
226237468d41e56c,RTS,2026-06-09,C:\data_quote\data_finam_RTS_tick_zip\20260609.zip,25b082db5cde1e442dc80690c472bd998a77a5f35c6098f3edc2d1795f295360,44881,78747,179,ready,95.0,2026-05-12,2026-06-08,20,3575.0,3583.0,0.0022377622377622378,14.0,232
226237468d41e56c,RTS,2026-06-10,C:\data_quote\data_finam_RTS_tick_zip\20260610.zip,3d67ea44c2894d241096db161b89c807f84cdca1ed5c019c4809a172d646cf47,46331,80118,179,ready,97.0,2026-05-13,2026-06-09,20,3575.0,3567.0,-0.0022377622377622378,13.0,214
226237468d41e56c,RTS,2026-06-11,C:\data_quote\data_finam_RTS_tick_zip\20260611.zip,8c83509cd23eb658e7a86c42718ddc3eddfca7f908d0cbc489c2dec228198478,23711,38693,179,ready,99.0,2026-05-14,2026-06-10,20,3576.0,3571.0,-0.0013982102908277406,15.0,97
226237468d41e56c,RTS,2026-06-12,C:\data_quote\data_finam_RTS_tick_zip\20260612.zip,fd62547dfb7b943cbdf0b74044c0fb733a8dd5f1d7d45802cc6b2803ca85e20c,2378,4283,116,ready,98.0,2026-05-15,2026-06-11,20,3576.0,3552.0,-0.006711409395973154,12.0,15
226237468d41e56c,RTS,2026-06-13,C:\data_quote\data_finam_RTS_tick_zip\20260613.zip,56174d048a18838822a88e59cecb2e8037a4275c12c73f424875ebd865e71ac5,582,918,46,ready,97.0,2026-05-18,2026-06-12,20,3513.0,3520.0,0.0019925989183034445,12.0,5
226237468d41e56c,RTS,2026-06-14,C:\data_quote\data_finam_RTS_tick_zip\20260614.zip,b52061c42dc8ee992e33360876ccf2aeeb3f30349062a1c1be1481d1663b6fbd,839,1750,80,ready,97.0,2026-05-18,2026-06-12,20,3513.0,3520.0,0.0019925989183034445,12.0,9
226237468d41e56c,RTS,2026-06-15,C:\data_quote\data_finam_RTS_tick_zip\20260615.zip,120d4aca13f6eca7f4d330fcc741235fe4e87a7447c934960c9b944e2dc0ceb3,32611,56303,179,ready,97.0,2026-05-18,2026-06-12,20,3513.0,3520.0,0.0019925989183034445,12.0,167
226237468d41e56c,RTS,2026-06-16,C:\data_quote\data_finam_RTS_tick_zip\20260616.zip,31321851ff3a8492b158574882c63723b134f9e55e383fc15b280fc0d62d9b51,43824,79181,179,ready,97.0,2026-05-19,2026-06-15,20,3514.0,3485.0,-0.008252703471826979,13.0,224
226237468d41e56c,RTS,2026-06-17,C:\data_quote\data_finam_RTS_tick_zip\20260617.zip,41069005c3f1cee60ecce1c509ae512643b837911ca4829af3d33b8cc26483f1,16965,24812,178,ready,97.0,2026-05-20,2026-06-16,20,3514.0,3520.0,0.001707455890722823,12.0,62
226237468d41e56c,RTS,2026-06-18,C:\data_quote\data_finam_RTS_tick_zip\20260618.zip,cec9b80b7937bd392d70079ac12400298c0d262dd2b1efefec02422f2a5199d7,27087,48599,179,ready,94.0,2026-05-21,2026-06-17,20,3513.0,3534.0,0.005977796754910333,11.0,127
226237468d41e56c,RTS,2026-06-19,C:\data_quote\data_finam_RTS_tick_zip\20260619.zip,a3d6b3fcd27177ebd604e01d00eb3a497e6ce187ffb0f992487379b5f06128c6,33917,63522,179,ready,93.0,2026-05-22,2026-06-18,20,3513.0,3516.0,0.0008539709649871904,14.0,201
226237468d41e56c,RTS,2026-06-22,C:\data_quote\data_finam_RTS_tick_zip\20260622.zip,5085f539fb668b70dd111fb3018434ade4abcf358d4aeea1e0efa787bd107b62,66957,138554,179,ready,92.0,2026-05-25,2026-06-19,20,3513.0,3548.0,0.009962994591517222,14.0,483
226237468d41e56c,RTS,2026-06-23,C:\data_quote\data_finam_RTS_tick_zip\20260623.zip,5351ab126912fb61f52a2574060953094ee5e7c6c87a13dc3a9ee2d4998cddbd,64673,137397,179,ready,96.0,2026-05-26,2026-06-22,20,3513.0,3549.0,0.010247651579846286,13.0,487
226237468d41e56c,RTS,2026-06-24,C:\data_quote\data_finam_RTS_tick_zip\20260624.zip,3e35276dc4bead4be06314164992875a454ba495c4dfa26207f4d614ed78dddb,60441,111399,179,ready,101.0,2026-05-27,2026-06-23,20,3514.0,3497.0,-0.004837791690381332,14.0,299
226237468d41e56c,RTS,2026-06-25,C:\data_quote\data_finam_RTS_tick_zip\20260625.zip,e5e10812449e516be2daba24bbbca41644e4eaa5db504096d9108cfe462ffd73,61311,112431,179,ready,104.0,2026-05-28,2026-06-24,20,3514.0,3483.0,-0.008821855435401251,16.0,279
226237468d41e56c,RTS,2026-06-26,C:\data_quote\data_finam_RTS_tick_zip\20260626.zip,10eb2930108b67b87bd82e0537632894c0879bbf244705dfdea5e37a2914107c,94490,191021,179,ready,107.0,2026-05-29,2026-06-25,20,3514.0,3496.0,-0.005122367672168469,14.0,562
226237468d41e56c,RTS,2026-06-27,C:\data_quote\data_finam_RTS_tick_zip\20260627.zip,1ad2a2db538b99c3d57d84a9ad4b491516f4da4374ad78a5b5e69f489cbc447f,877,1550,83,ready,116.0,2026-06-01,2026-06-26,20,3514.0,3476.0,-0.010813887307911212,16.0,3
226237468d41e56c,RTS,2026-06-28,C:\data_quote\data_finam_RTS_tick_zip\20260628.zip,df222ac0328f68ddf9bddf7af9356144a8067ef4b8e7c5194b7a3405b2db5dec,697,1487,84,ready,116.0,2026-06-01,2026-06-26,20,3514.0,3476.0,-0.010813887307911212,16.0,5
226237468d41e56c,RTS,2026-06-29,C:\data_quote\data_finam_RTS_tick_zip\20260629.zip,6a665a749ca6b0a55e3855e5f95457239a82f199ef502e5d434fe19d34593245,84163,156279,179,ready,116.0,2026-06-01,2026-06-26,20,3514.0,3476.0,-0.010813887307911212,16.0,364
226237468d41e56c,RTS,2026-06-30,C:\data_quote\data_finam_RTS_tick_zip\20260630.zip,f9bf6a62e8883894b2451ba995649f187a70a400a50196cd059ad0b63d280183,58464,102625,179,ready,119.0,2026-06-02,2026-06-29,20,3515.0,3523.0,0.002275960170697013,14.0,245
226237468d41e56c,RTS,2026-07-01,C:\data_quote\data_finam_RTS_tick_zip\20260701.zip,6df9f112d353ef75044c682405cfba5b0ff5c33556bf7da044041aa6b69dc56c,55656,99313,179,ready,123.0,2026-06-03,2026-06-30,20,3516.0,3494.0,-0.006257110352673493,16.0,213
226237468d41e56c,RTS,2026-07-02,C:\data_quote\data_finam_RTS_tick_zip\20260702.zip,f5951ae9149e0e01388337f144ec4176d1130630226a6191ce97ab3ac34baa38,60851,114030,179,ready,124.0,2026-06-04,2026-07-01,20,3516.0,3516.0,0.0,15.0,224
226237468d41e56c,RTS,2026-07-03,C:\data_quote\data_finam_RTS_tick_zip\20260703.zip,6b7e6316b83de070efc10b7f09e4c2bfb381b4a226fbb69c1b617ad953c9804d,53859,93191,179,ready,128.0,2026-06-05,2026-07-02,20,3516.0,3528.0,0.0034129692832764505,15.0,190
226237468d41e56c,RTS,2026-07-04,C:\data_quote\data_finam_RTS_tick_zip\20260704.zip,aedaecc6c61b9e80a3cc5450dfda4743b39f81448b5d7e62fdd34f6c3f5a52f1,1609,2500,87,ready,131.0,2026-06-08,2026-07-03,20,3516.0,3510.0,-0.0017064846416382253,16.0,5
226237468d41e56c,RTS,2026-07-05,C:\data_quote\data_finam_RTS_tick_zip\20260705.zip,782ca1c9f354bf32ea894151026000deeee99e552348be4a83348f7edfe7bbe6,2262,5439,99,ready,131.0,2026-06-08,2026-07-03,20,3516.0,3510.0,-0.0017064846416382253,16.0,12
226237468d41e56c,RTS,2026-07-06,C:\data_quote\data_finam_RTS_tick_zip\20260706.zip,bee967cb862031d86ddb49ae603a99eef69b0fcb85c5653704086d413633f6a4,53373,105155,179,ready,131.0,2026-06-08,2026-07-03,20,3516.0,3510.0,-0.0017064846416382253,16.0,223
226237468d41e56c,RTS,2026-07-07,C:\data_quote\data_finam_RTS_tick_zip\20260707.zip,2a4818c36ed415eb05aa6f100fa9d7c22c6cf50236a7a8f27418720771fda5cc,69263,138391,179,ready,132.0,2026-06-09,2026-07-06,20,3516.0,3535.0,0.00540386803185438,14.0,273
226237468d41e56c,RTS,2026-07-08,C:\data_quote\data_finam_RTS_tick_zip\20260708.zip,7521f8a7ad8687cd7d6d63923d3437153dda35238bbda058bd218546e21eded9,57421,105340,179,ready,136.0,2026-06-10,2026-07-07,20,3516.0,3505.0,-0.0031285551763367463,14.0,207
226237468d41e56c,RTS,2026-07-09,C:\data_quote\data_finam_RTS_tick_zip\20260709.zip,cff13b0b1d2ef36fb2477d902c56d258ce336a7d3044838f3b20ed1266b45d13,43759,77745,179,ready,139.0,2026-06-11,2026-07-08,20,3516.0,3502.0,-0.003981797497155859,14.0,136
226237468d41e56c,RTS,2026-07-10,C:\data_quote\data_finam_RTS_tick_zip\20260710.zip,710b73e8f8b4661f461e67a0e3929f8f5cb25921469b562677674b2217bb2f2f,35701,62217,179,ready,140.0,2026-06-12,2026-07-09,20,3516.0,3522.0,0.0017064846416382253,15.0,90
226237468d41e56c,RTS,2026-07-11,C:\data_quote\data_finam_RTS_tick_zip\20260711.zip,acf4ce99b5f850d8e47d7ca0e7780cb6aa62d109f2e416774f1ea2159de1e402,976,1872,91,ready,141.0,2026-06-15,2026-07-10,20,3579.0,3566.0,-0.0036322995250069852,15.0,4
226237468d41e56c,RTS,2026-07-12,C:\data_quote\data_finam_RTS_tick_zip\20260712.zip,6390612c72ab185dd5aa1bffcda4093d12df30b0b9b3934f387d5549de71668c,1346,3083,99,ready,141.0,2026-06-15,2026-07-10,20,3579.0,3566.0,-0.0036322995250069852,15.0,8
226237468d41e56c,RTS,2026-07-13,C:\data_quote\data_finam_RTS_tick_zip\20260713.zip,74fd6736e3dc29167daffbbb84a7851f6c8667fcaf25ff978b2135a445a00057,55300,108038,179,ready,141.0,2026-06-15,2026-07-10,20,3579.0,3566.0,-0.0036322995250069852,15.0,192
226237468d41e56c,RTS,2026-07-14,C:\data_quote\data_finam_RTS_tick_zip\20260714.zip,e62869827554143c8074665964b1c5b06a1605a81b97f459e16cf7277cb9758c,46439,84316,202,ready,142.0,2026-06-16,2026-07-13,20,3579.0,3602.0,0.006426376082704666,15.0,129
226237468d41e56c,RTS,2026-07-15,C:\data_quote\data_finam_RTS_tick_zip\20260715.zip,d2269bb37abeba4256b1cbb1bc020973a3ee15d234cf2050d3df5da75925572c,59110,116397,203,ready,142.0,2026-06-17,2026-07-14,20,3602.0,3604.0,0.000555247084952804,16.0,191
226237468d41e56c,RTS,2026-07-16,C:\data_quote\data_finam_RTS_tick_zip\20260716.zip,4340726e902c90b45ea353fad276e746592dee08c274b3db22e7420c306fea57,82531,176228,202,ready,146.0,2026-06-18,2026-07-15,20,3627.0,3641.0,0.0038599393438103115,15.0,294
226237468d41e56c,RTS,2026-07-17,C:\data_quote\data_finam_RTS_tick_zip\20260717.zip,1ca6362864c8cf62eb0960982663f0ccbcc3a4a3bbd0e3fb58032279bb6b211f,78722,155524,203,ready,152.0,2026-06-19,2026-07-16,20,3650.0,3643.0,-0.0019178082191780822,16.0,250
226237468d41e56c,RTS,2026-07-18,C:\data_quote\data_finam_RTS_tick_zip\20260718.zip,6b266d1bff24becb26f82ad53d8faaefa9559b6c6e189e2a543d3e6e15acf0ad,3731,6888,107,ready,155.0,2026-06-22,2026-07-17,20,3674.0,3671.0,-0.0008165487207403375,16.0,6
226237468d41e56c,RTS,2026-07-19,C:\data_quote\data_finam_RTS_tick_zip\20260719.zip,a3a51dce768740a3acc3f0daca44c84c34418192a101ebe296840462b934e7bc,3329,6731,106,ready,155.0,2026-06-22,2026-07-17,20,3674.0,3671.0,-0.0008165487207403375,16.0,12
226237468d41e56c,RTS,2026-07-20,C:\data_quote\data_finam_RTS_tick_zip\20260720.zip,5852d2506dd2583367923d02bd66e4af37b573b194a8c18acaef88ed835073b5,95909,188458,202,ready,155.0,2026-06-22,2026-07-17,20,3674.0,3671.0,-0.0008165487207403375,16.0,293
226237468d41e56c,RTS,2026-07-21,C:\data_quote\data_finam_RTS_tick_zip\20260721.zip,d6024d1113afe154a64ee0f7b81c458b96394361e9234cdfe043aeab372ed0d0,104110,212888,203,ready,156.0,2026-06-23,2026-07-20,20,3697.0,3688.0,-0.002434406275358399,16.0,354
226237468d41e56c,RTS,2026-07-22,C:\data_quote\data_finam_RTS_tick_zip\20260722.zip,e1c29657f563d110a3f2c1ec49d6feaf2be2ab5fcb3ab138eb2049a40b77d24e,82059,164263,203,ready,158.0,2026-06-24,2026-07-21,20,3721.0,3715.0,-0.0016124697661918839,16.0,269
226237468d41e56c,RTS,2026-07-23,C:\data_quote\data_finam_RTS_tick_zip\20260723.zip,301ab95d3a2ad60a81dea2608128e5c54d97ef38ad59846a6ce1feafd8b854ff,70291,141304,203,ready,162.0,2026-06-25,2026-07-22,20,3745.0,3721.0,-0.006408544726301735,16.0,223
226237468d41e56c,RTS,2026-07-24,C:\data_quote\data_finam_RTS_tick_zip\20260724.zip,34db9451618b63a7aca890dc71e2dad2686b7fd5ab804deb2f70bfdca66a4fe4,96477,192846,203,ready,164.0,2026-06-26,2026-07-23,20,3769.0,3756.0,-0.00344919076678164,17.0,277
226237468d41e56c,RTS,2026-07-25,C:\data_quote\data_finam_RTS_tick_zip\20260725.zip,e7f9ac212da55e2535476ae0825a5292cf2a056b1828d502203f341c9704bd53,2295,4836,100,ready,161.0,2026-06-29,2026-07-24,20,3793.0,3807.0,0.003691009754811495,16.0,7
226237468d41e56c,RTS,2026-07-26,C:\data_quote\data_finam_RTS_tick_zip\20260726.zip,a79d9053ba1a0debf034ffb2cab09cd05d19829fc616c5fec25249f3ed2c9b2c,3038,6039,109,ready,161.0,2026-06-29,2026-07-24,20,3793.0,3807.0,0.003691009754811495,16.0,12
226237468d41e56c,RTS,2026-07-27,C:\data_quote\data_finam_RTS_tick_zip\20260727.zip,ee034289489604305910cf0b40fb31293377e6bcc50816f28cb13cf8340f0bab,54903,104869,203,ready,161.0,2026-06-29,2026-07-24,20,3793.0,3807.0,0.003691009754811495,16.0,154
226237468d41e56c,RTS,2026-07-28,C:\data_quote\data_finam_RTS_tick_zip\20260728.zip,55af7062faf03935b17e662a13013520710198f706f267800a8366f9ed22b8c3,53101,100747,203,ready,158.0,2026-06-30,2026-07-27,20,3817.0,3784.0,-0.008645533141210375,16.0,170
226237468d41e56c,RTS,2026-07-29,C:\data_quote\data_finam_RTS_tick_zip\20260729.zip,53847fc13d371c0a8eaa9daa0c4f2582fdfb431538fa0307ecb7468e5502cfd8,35765,68621,203,ready,157.0,2026-07-01,2026-07-28,20,3841.0,3859.0,0.004686279614683676,16.0,106
226237468d41e56c,RTS,2026-07-30,C:\data_quote\data_finam_RTS_tick_zip\20260730.zip,1d8ea9a3ae1868fcd17121ff31f357dd19efb9bcac14d01e8cac3c55e95fb211,51649,98781,202,ready,155.0,2026-07-02,2026-07-29,20,3865.0,3892.0,0.006985769728331177,16.0,163
226237468d41e56c,RTS,2026-07-31,C:\data_quote\data_finam_RTS_tick_zip\20260731.zip,776e738681bd1d40c1b84a4a8a904027cd882c888718846bd9aff575f3249bb8,40432,74770,202,ready,155.0,2026-07-03,2026-07-30,20,3888.0,3897.0,0.0023148148148148147,16.0,125
226237468d41e56c,RTS,2026-08-03,C:\data_quote\data_finam_RTS_tick_zip\20260803.zip,28aa93d16e65cbdc46c4676b8900640ba62d496fc2c0f3793cfbe766908d84b4,28315,52269,203,ready,155.0,2026-07-06,2026-07-31,20,3911.0,3884.0,-0.006903605216057275,15.0,89
226237468d41e56c,RTS,2026-08-04,C:\data_quote\data_finam_RTS_tick_zip\20260804.zip,7d9759895ea72f06572f190cf16518927d8e4a55c60c56028671c53357d457d3,47275,93476,203,ready,153.0,2026-07-07,2026-08-03,20,3935.0,3921.0,-0.0035578144853875477,17.0,189
226237468d41e56c,RTS,2026-08-05,C:\data_quote\data_finam_RTS_tick_zip\20260805.zip,54e0a5090fc6f7297c2c6a8ed9af2f6fa502066c2794efd520e7f2bb47457122,33335,64787,202,ready,151.0,2026-07-08,2026-08-04,20,3959.0,3974.0,0.003788835564536499,15.0,121
226237468d41e56c,RTS,2026-08-06,C:\data_quote\data_finam_RTS_tick_zip\20260806.zip,3238e66c7bc2782efc820d6da29f0b2a9cf6dc120b0a4b5bf54b4028558026ac,42559,77348,203,ready,148.0,2026-07-09,2026-08-05,20,3982.0,3990.0,0.0020090406830738324,14.0,143
226237468d41e56c,RTS,2026-08-07,C:\data_quote\data_finam_RTS_tick_zip\20260807.zip,56bc52daf89e201c980d250c670c2f5df2eb8ec3e8cbb632848634153ddb39a6,34332,64192,202,ready,148.0,2026-07-10,2026-08-06,20,4006.0,4000.0,-0.0014977533699450823,16.0,125
226237468d41e56c,RTS,2026-08-08,C:\data_quote\data_finam_RTS_tick_zip\20260808.zip,9af52afbd37f34142100afb61b248a575ff71adfb6bff68ee07b1e30ae972ed4,2853,5417,103,ready,148.0,2026-07-13,2026-08-07,20,4029.0,4037.0,0.0019856043683296105,16.0,8
226237468d41e56c,RTS,2026-08-09,C:\data_quote\data_finam_RTS_tick_zip\20260809.zip,7232f91abd02de475419e2c0ccbb2e0f073ecc4713a9cd2329bfed832eb4504b,1148,2361,89,ready,148.0,2026-07-13,2026-08-07,20,4029.0,4037.0,0.0019856043683296105,16.0,4
226237468d41e56c,RTS,2026-08-10,C:\data_quote\data_finam_RTS_tick_zip\20260810.zip,4aa9a3c64efdf8da50b4b9fef469a092871d552a80ebe88b4b8c731fe0e5239f,30760,56850,203,ready,148.0,2026-07-13,2026-08-07,20,4029.0,4037.0,0.0019856043683296105,16.0,106
226237468d41e56c,RTS,2026-08-11,C:\data_quote\data_finam_RTS_tick_zip\20260811.zip,e0594bb4532c6c3c1c6bb2029b00e5a5b494c9bcc222ed4690a8ce377eedadd1,27725,54964,202,ready,146.0,2026-07-14,2026-08-10,20,4053.0,4066.0,0.0032075006168270415,16.0,108
226237468d41e56c,RTS,2026-08-12,C:\data_quote\data_finam_RTS_tick_zip\20260812.zip,7f25db9cb5c19654345f230ab89b62d0bf4f17b8711b642d70fff590b4187aed,30282,59244,203,ready,146.0,2026-07-15,2026-08-11,20,4053.0,4047.0,-0.0014803849000740192,15.0,119
226237468d41e56c,RTS,2026-08-13,C:\data_quote\data_finam_RTS_tick_zip\20260813.zip,01f6c5291ef15233de4547fd3d2159fc2387ec947036141b7cd60a314d6f1896,50816,106962,202,ready,144.0,2026-07-16,2026-08-12,20,4053.0,4041.0,-0.0029607698001480384,16.0,223
226237468d41e56c,RTS,2026-08-14,C:\data_quote\data_finam_RTS_tick_zip\20260814.zip,ea81d9ea7ff1c4f75387e8e99a6ff973284ae7a8b1e82cf20e5b31d7ffc53a92,61313,121792,203,ready,142.0,2026-07-17,2026-08-13,20,4053.0,4032.0,-0.0051813471502590676,16.0,260
226237468d41e56c,RTS,2026-08-17,C:\data_quote\data_finam_RTS_tick_zip\20260817.zip,9d60896b056149efa71171e192eabba1d63f3574370a71afcbe6a0279f8a0ef9,66301,135814,203,ready,142.0,2026-07-20,2026-08-14,20,4053.0,4028.0,-0.00616827041697508,16.0,273
226237468d41e56c,RTS,2026-08-18,C:\data_quote\data_finam_RTS_tick_zip\20260818.zip,2014a71db675f637768403f25bf772d69724002e447e9cd5cc04c7857d6c9ffd,58751,126419,203,ready,140.0,2026-07-21,2026-08-17,20,4054.0,4071.0,0.004193389245189936,14.0,274
226237468d41e56c,RTS,2026-08-19,C:\data_quote\data_finam_RTS_tick_zip\20260819.zip,1e905967b4d1d919699b2b64aa28859f770b60d0c2c1d5684e7f28b3b16bb4e2,55513,115272,202,ready,137.0,2026-07-22,2026-08-18,20,4054.0,4037.0,-0.004193389245189936,14.0,247
226237468d41e56c,RTS,2026-08-20,C:\data_quote\data_finam_RTS_tick_zip\20260820.zip,30fdb965c01961c2ef104d1d4b2c3b63067d746139fcb4822c8168d9db971a9c,54440,112385,202,ready,136.0,2026-07-23,2026-08-19,20,4053.0,4039.0,-0.0034542314335060447,15.0,259
226237468d41e56c,RTS,2026-08-21,C:\data_quote\data_finam_RTS_tick_zip\20260821.zip,9bac5efa764bdd412119373b274f81098e839118d8f90c4e721bc926fe2c435b,42029,88752,203,ready,135.0,2026-07-24,2026-08-20,20,4052.0,4048.0,-0.0009871668311944718,15.0,205
226237468d41e56c,RTS,2026-08-22,C:\data_quote\data_finam_RTS_tick_zip\20260822.zip,9506f4bba1c8cea9f9b2adbcc31ed1569a871eddc3f97a38ee125f1a7eda2a82,1755,3882,106,ready,130.0,2026-07-27,2026-08-21,20,4052.0,4071.0,0.004689042448173741,14.0,7
226237468d41e56c,RTS,2026-08-23,C:\data_quote\data_finam_RTS_tick_zip\20260823.zip,95f813545487402510b022b5d8dcaee0003a84f7ffa3a665cb79c1d0afd33bef,2123,3988,106,ready,130.0,2026-07-27,2026-08-21,20,4052.0,4071.0,0.004689042448173741,14.0,11
226237468d41e56c,RTS,2026-08-24,C:\data_quote\data_finam_RTS_tick_zip\20260824.zip,666674d46c228b6591ffc2e6216edcd84ee33d690b2bb1cfae91f0f4713df70b,50792,103098,203,ready,130.0,2026-07-27,2026-08-21,20,4052.0,4071.0,0.004689042448173741,14.0,198
226237468d41e56c,RTS,2026-08-25,C:\data_quote\data_finam_RTS_tick_zip\20260825.zip,ae071846f772bf41e5028e973dd660b052f6253fd7e9233c10ccae85cdbc8db9,67421,149138,203,ready,130.0,2026-07-28,2026-08-24,20,4052.0,4057.0,0.0012339585389930898,14.0,342
226237468d41e56c,RTS,2026-08-26,C:\data_quote\data_finam_RTS_tick_zip\20260826.zip,07941b4bebc05f9c1770540ce6926a638558c67749ae5a507174e3a392df5ffc,56239,116197,203,ready,133.0,2026-07-29,2026-08-25,20,4052.0,4029.0,-0.005676209279368213,16.0,225
226237468d41e56c,RTS,2026-08-27,C:\data_quote\data_finam_RTS_tick_zip\20260827.zip,8b601c388d0b2a0a45db4af73c212b0ee253099b1da634531b99bc131124d0ea,53755,117758,203,ready,136.0,2026-07-30,2026-08-26,20,4052.0,4048.0,-0.0009871668311944718,16.0,221
226237468d41e56c,RTS,2026-08-28,C:\data_quote\data_finam_RTS_tick_zip\20260828.zip,35ac831caa75ec1326d4fa4b94584dd5fdf5ced9a10c7a0ed3f7e6e28e11e262,42992,92084,202,ready,136.0,2026-07-31,2026-08-27,20,4053.0,4072.0,0.004687885516901061,15.0,175
226237468d41e56c,RTS,2026-08-29,C:\data_quote\data_finam_RTS_tick_zip\20260829.zip,e83ea911e0ccf4ff6c3e45010f92e5fd28269ceca11c63b7457d880036a0baeb,2378,4718,94,ready,136.0,2026-08-03,2026-08-28,20,4053.0,4101.0,0.011843079200592153,15.0,11
226237468d41e56c,RTS,2026-08-30,C:\data_quote\data_finam_RTS_tick_zip\20260830.zip,119e2295ac04ed4e820b9c1271f4661b2d4b8ca2bd7c126ece8a56473a8595c3,1002,1710,87,ready,136.0,2026-08-03,2026-08-28,20,4053.0,4101.0,0.011843079200592153,15.0,2
226237468d41e56c,RTS,2026-08-31,C:\data_quote\data_finam_RTS_tick_zip\20260831.zip,77733241fa84ff5446915b24b40e68d92cf3b6d40d32dfc93c487b2e30413ec4,56392,126016,203,ready,136.0,2026-08-03,2026-08-28,20,4053.0,4101.0,0.011843079200592153,15.0,278
226237468d41e56c,RTS,2026-09-01,C:\data_quote\data_finam_RTS_tick_zip\20260901.zip,859af2d0099e52edb815b5442d78695a7224f426f8f42a6c865ec6b41b6f1a1f,56307,116245,203,ready,140.0,2026-08-04,2026-08-31,20,4053.0,4042.0,-0.002714038983469035,16.0,238
226237468d41e56c,RTS,2026-09-02,C:\data_quote\data_finam_RTS_tick_zip\20260902.zip,217a2212a52a0c755b15fd216650a2b50547adb2e1f3b01105c59bc7b8be3474,34658,65849,203,ready,141.0,2026-08-05,2026-09-01,20,4053.0,4051.0,-0.0004934616333580064,16.0,112
226237468d41e56c,RTS,2026-09-03,C:\data_quote\data_finam_RTS_tick_zip\20260903.zip,8326a1f8c072dc747acc6c19ce1388192811d5f747904668afa3a1b6b0a0acdc,54122,115734,202,ready,140.0,2026-08-06,2026-09-02,20,4054.0,4051.0,-0.0007400098667982239,14.0,230
226237468d41e56c,RTS,2026-09-04,C:\data_quote\data_finam_RTS_tick_zip\20260904.zip,744912ec66b85f4d8a472f1dbe8d36cd47c629f35f38055dddb09dccb376855e,48320,94751,203,ready,142.0,2026-08-07,2026-09-03,20,4053.0,4053.0,0.0,15.0,171
226237468d41e56c,RTS,2026-09-05,C:\data_quote\data_finam_RTS_tick_zip\20260905.zip,e90e5888950480a872a92f4a83197ef8da395292f19770c0f28c763ce40829e7,2813,5225,103,ready,143.0,2026-08-10,2026-09-04,20,4054.0,4069.0,0.00370004933399112,16.0,7
226237468d41e56c,RTS,2026-09-06,C:\data_quote\data_finam_RTS_tick_zip\20260906.zip,41b7d32a91380fc098f322be422fb91e44b51eb2ecfb68fb5774a3a98a4e8992,4040,8283,105,ready,143.0,2026-08-10,2026-09-04,20,4054.0,4069.0,0.00370004933399112,16.0,19
226237468d41e56c,RTS,2026-09-07,C:\data_quote\data_finam_RTS_tick_zip\20260907.zip,005dd4fa2fcea598f5606b618abd4ea507d96310ab81357a8de99dc94c3a9151,34489,62945,202,ready,143.0,2026-08-10,2026-09-04,20,4054.0,4069.0,0.00370004933399112,16.0,120
226237468d41e56c,RTS,2026-09-08,C:\data_quote\data_finam_RTS_tick_zip\20260908.zip,578e14e0330b18a7b0f4d777fbb45bd97642488b360b55c00392d16ee0a468bf,48727,92749,203,ready,143.0,2026-08-11,2026-09-07,20,4053.0,4067.0,0.0034542314335060447,15.0,186
226237468d41e56c,RTS,2026-09-09,C:\data_quote\data_finam_RTS_tick_zip\20260909.zip,e964364f40f7c432f4b7d6d613dfe31e1953cdb0579c02fe1b7417796033437e,41876,82595,202,ready,145.0,2026-08-12,2026-09-08,20,4054.0,4041.0,-0.003206709422792304,15.0,160
226237468d41e56c,RTS,2026-09-10,C:\data_quote\data_finam_RTS_tick_zip\20260910.zip,3fd3f79b67586ab2b04eed5901fc1a6a5787f4a466c1b21d2c347ae2fd289c2d,40954,82642,202,ready,146.0,2026-08-13,2026-09-09,20,4053.0,4044.0,-0.0022205773501110288,14.0,153
226237468d41e56c,RTS,2026-09-11,C:\data_quote\data_finam_RTS_tick_zip\20260911.zip,d9f0f2ab4dbdeae1abff245f8d8c737f4c4073c52ab7433794a1aa49d9f0bad8,45925,93592,202,ready,145.0,2026-08-14,2026-09-10,20,4053.0,4027.0,-0.006415001233654083,15.0,172
226237468d41e56c,RTS,2026-09-14,C:\data_quote\data_finam_RTS_tick_zip\20260914.zip,3b3a6ad49a0835ded7085b615249082e2714f9784c3ba8eb1203e0379e4b5e9c,49626,107554,203,ready,143.0,2026-08-17,2026-09-11,20,4052.0,4044.0,-0.0019743336623889436,15.0,247
226237468d41e56c,RTS,2026-09-15,C:\data_quote\data_finam_RTS_tick_zip\20260915.zip,5e5e71911940867c5af4b4509352e4c0f98f361544a75666e694e4ed9cb56213,33053,65826,203,ready,142.0,2026-08-18,2026-09-14,20,4052.0,4080.0,0.006910167818361303,16.0,113
226237468d41e56c,RTS,2026-09-16,C:\data_quote\data_finam_RTS_tick_zip\20260916.zip,de142e0a57ff534bb964fa11b21df5092a8011f3907ebbbc52566f6265bde318,22720,35262,202,ready,138.0,2026-08-19,2026-09-15,20,4052.0,4041.0,-0.0027147087857847976,16.0,51
226237468d41e56c,RTS,2026-09-17,C:\data_quote\data_finam_RTS_tick_zip\20260917.zip,695e787a7e963d5df91f5b1bbe64476fe75aa840d5af8e3f49a3c89ad88bb0bf,41579,84715,203,ready,133.0,2026-08-20,2026-09-16,20,4052.0,4081.0,0.007156959526159921,14.0,166
226237468d41e56c,RTS,2026-09-18,C:\data_quote\data_finam_RTS_tick_zip\20260918.zip,c5b70d30227130ee5baf94c4d80e71391b3b2ddfeeea3a10ee531d2577572179,34235,69914,202,ready,132.0,2026-08-21,2026-09-17,20,4053.0,4047.0,-0.0014803849000740192,14.0,137
226237468d41e56c,RTS,2026-09-19,C:\data_quote\data_finam_RTS_tick_zip\20260919.zip,55a7c221d671f962d192ca77ea72abb8d96f4a007cba0c75dc0356da473efc09,1469,3505,85,ready,131.0,2026-08-24,2026-09-18,20,4052.0,4047.0,-0.0012339585389930898,14.0,9
226237468d41e56c,RTS,2026-09-20,C:\data_quote\data_finam_RTS_tick_zip\20260920.zip,1e704437bd1b9f643e14b953602e77568981cf665b8b95a4c1cc1361523aa038,1189,2184,94,ready,131.0,2026-08-24,2026-09-18,20,4052.0,4047.0,-0.0012339585389930898,14.0,5
226237468d41e56c,RTS,2026-09-21,C:\data_quote\data_finam_RTS_tick_zip\20260921.zip,2a941f837ea3850a5e88ab6b970debb176d379f38634f5638b46484766a2b340,33858,65584,203,ready,131.0,2026-08-24,2026-09-18,20,4052.0,4047.0,-0.0012339585389930898,14.0,133
226237468d41e56c,RTS,2026-09-22,C:\data_quote\data_finam_RTS_tick_zip\20260922.zip,8293bb91baced0660761fe942dcfc6bf576820610130da8ae46a8c0b20eab7fe,40312,80808,202,ready,128.0,2026-08-25,2026-09-21,20,4052.0,4068.0,0.003948667324777887,14.0,184
226237468d41e56c,RTS,2026-09-23,C:\data_quote\data_finam_RTS_tick_zip\20260923.zip,7516278abd0a5349d54d225e098e569f4bf6eec1f6ad6b49398e4beebd290204,43584,84986,202,ready,124.0,2026-08-26,2026-09-22,20,4051.0,4033.0,-0.004443347321648976,14.0,202
226237468d41e56c,RTS,2026-09-24,C:\data_quote\data_finam_RTS_tick_zip\20260924.zip,56dbbde8a6c9647dfc46f28fbea098dd7276c8a0468bbe656cf6adbd74113550,40879,81144,203,ready,123.0,2026-08-27,2026-09-23,20,4050.0,4084.0,0.008395061728395062,16.0,183
226237468d41e56c,RTS,2026-09-25,C:\data_quote\data_finam_RTS_tick_zip\20260925.zip,fcdb5929f667e82716cbf6bf095f17950ebf36eb4212f9a22f49bb20aea54939,29590,56737,203,ready,122.0,2026-08-28,2026-09-24,20,4050.0,4064.0,0.0034567901234567903,15.0,106
226237468d41e56c,RTS,2026-09-26,C:\data_quote\data_finam_RTS_tick_zip\20260926.zip,70ffb88120fb85de73ded29cdc49ef3e091eca38d2eb07bd6f48d5f8c98afbdf,754,1175,78,ready,120.0,2026-08-31,2026-09-25,20,4051.0,4014.0,-0.00913354727227845,15.0,3
226237468d41e56c,RTS,2026-09-27,C:\data_quote\data_finam_RTS_tick_zip\20260927.zip,893b9deaa681bd466bb027412cf3bd63eb9912671f1d1336ecd655530f95a346,712,1728,85,ready,120.0,2026-08-31,2026-09-25,20,4051.0,4014.0,-0.00913354727227845,15.0,4
226237468d41e56c,RTS,2026-09-28,C:\data_quote\data_finam_RTS_tick_zip\20260928.zip,4b9b5b55c78ee6b5c33aa8f6a8d441c1df5615d81aeda7d951ef284c0acca6ef,30909,63098,203,ready,120.0,2026-08-31,2026-09-25,20,4051.0,4014.0,-0.00913354727227845,15.0,156
226237468d41e56c,RTS,2026-09-29,C:\data_quote\data_finam_RTS_tick_zip\20260929.zip,c27e7de0a36d830e12c96ee1328264b44bfad4e981754f8003da874564606bc7,44655,92978,203,ready,116.0,2026-09-01,2026-09-28,20,4051.0,4063.0,0.0029622315477659837,16.0,221
226237468d41e56c,RTS,2026-09-30,C:\data_quote\data_finam_RTS_tick_zip\20260930.zip,4e71eaf4c099704da2a70b5ae067aca5a281f876dde985bf02e542feb1f66e28,36084,69932,203,ready,115.0,2026-09-02,2026-09-29,20,4051.0,4015.0,-0.008886694643297952,16.0,183
226237468d41e56c,RTS,2026-10-01,C:\data_quote\data_finam_RTS_tick_zip\20261001.zip,4f21bd8c66fb452d967711a48271ab2120bb197e949f605f39f38817e8426ff0,30936,61650,203,ready,115.0,2026-09-03,2026-09-30,20,4051.0,4046.0,-0.0012342631449024932,16.0,153
226237468d41e56c,RTS,2026-10-02,C:\data_quote\data_finam_RTS_tick_zip\20261002.zip,e9837689a244e715180e1c83e59464dd8840248e1f0f869403b01c7c5ce234bf,24584,49701,202,ready,112.0,2026-09-04,2026-10-01,20,4052.0,4039.0,-0.0032082922013820336,14.0,125
226237468d41e56c,RTS,2026-10-03,C:\data_quote\data_finam_RTS_tick_zip\20261003.zip,fd5d269f76e4fe1c6296f3ab3611a63134fac62b991368cfa9c06f483ffb89c0,779,1782,83,ready,110.0,2026-09-07,2026-10-02,20,4051.0,4034.0,-0.004196494692668477,15.0,7
226237468d41e56c,RTS,2026-10-04,C:\data_quote\data_finam_RTS_tick_zip\20261004.zip,894652bf8eccdb631450fe06e6c23f3ce6f87540ce6e0a0094fca6e5b0164ae2,1140,1976,82,ready,110.0,2026-09-07,2026-10-02,20,4051.0,4034.0,-0.004196494692668477,15.0,5
