symbol,day,status,reason,history_days,first_ns,last_ns,segment,signals,passing_signals,close_delay_seconds
RTS,2022-01-03,included,,"[""2021-12-03"", ""2021-12-06"", ""2021-12-07"", ""2021-12-08"", ""2021-12-09"", ""2021-12-10"", ""2021-12-13"", ""2021-12-14"", ""2021-12-15"", ""2021-12-16"", ""2021-12-17"", ""2021-12-20"", ""2021-12-21"", ""2021-12-22"", ""2021-12-23"", ""2021-12-24"", ""2021-12-27"", ""2021-12-28"", ""2021-12-29"", ""2021-12-30""]",25200000000000,85799004000000,0,1.0,0.0,900.0
RTS,2022-01-04,included,,"[""2021-12-06"", ""2021-12-07"", ""2021-12-08"", ""2021-12-09"", ""2021-12-10"", ""2021-12-13"", ""2021-12-14"", ""2021-12-15"", ""2021-12-16"", ""2021-12-17"", ""2021-12-20"", ""2021-12-21"", ""2021-12-22"", ""2021-12-23"", ""2021-12-24"", ""2021-12-27"", ""2021-12-28"", ""2021-12-29"", ""2021-12-30"", ""2022-01-03""]",25200000000000,85798002000000,0,3.0,3.0,900.0
RTS,2022-01-05,included,,"[""2021-12-07"", ""2021-12-08"", ""2021-12-09"", ""2021-12-10"", ""2021-12-13"", ""2021-12-14"", ""2021-12-15"", ""2021-12-16"", ""2021-12-17"", ""2021-12-20"", ""2021-12-21"", ""2021-12-22"", ""2021-12-23"", ""2021-12-24"", ""2021-12-27"", ""2021-12-28"", ""2021-12-29"", ""2021-12-30"", ""2022-01-03"", ""2022-01-04""]",25200000000000,85799002000000,0,7.0,0.0,1200.0
RTS,2022-01-06,included,,"[""2021-12-08"", ""2021-12-09"", ""2021-12-10"", ""2021-12-13"", ""2021-12-14"", ""2021-12-15"", ""2021-12-16"", ""2021-12-17"", ""2021-12-20"", ""2021-12-21"", ""2021-12-22"", ""2021-12-23"", ""2021-12-24"", ""2021-12-27"", ""2021-12-28"", ""2021-12-29"", ""2021-12-30"", ""2022-01-03"", ""2022-01-04"", ""2022-01-05""]",25200000000000,85799002000000,0,4.0,4.0,1200.0
RTS,2022-01-07,included,,"[""2021-12-09"", ""2021-12-10"", ""2021-12-13"", ""2021-12-14"", ""2021-12-15"", ""2021-12-16"", ""2021-12-17"", ""2021-12-20"", ""2021-12-21"", ""2021-12-22"", ""2021-12-23"", ""2021-12-24"", ""2021-12-27"", ""2021-12-28"", ""2021-12-29"", ""2021-12-30"", ""2022-01-03"", ""2022-01-04"", ""2022-01-05"", ""2022-01-06""]",25200000000000,85799002000000,0,1.0,0.0,900.0
RTS,2022-01-10,included,,"[""2021-12-10"", ""2021-12-13"", ""2021-12-14"", ""2021-12-15"", ""2021-12-16"", ""2021-12-17"", ""2021-12-20"", ""2021-12-21"", ""2021-12-22"", ""2021-12-23"", ""2021-12-24"", ""2021-12-27"", ""2021-12-28"", ""2021-12-29"", ""2021-12-30"", ""2022-01-03"", ""2022-01-04"", ""2022-01-05"", ""2022-01-06"", ""2022-01-07""]",25200000000000,85799002000000,0,4.0,3.0,900.0
RTS,2022-01-11,included,,"[""2021-12-13"", ""2021-12-14"", ""2021-12-15"", ""2021-12-16"", ""2021-12-17"", ""2021-12-20"", ""2021-12-21"", ""2021-12-22"", ""2021-12-23"", ""2021-12-24"", ""2021-12-27"", ""2021-12-28"", ""2021-12-29"", ""2021-12-30"", ""2022-01-03"", ""2022-01-04"", ""2022-01-05"", ""2022-01-06"", ""2022-01-07"", ""2022-01-10""]",25200000000000,85799000000000,0,7.0,7.0,900.0
RTS,2022-01-12,included,,"[""2021-12-14"", ""2021-12-15"", ""2021-12-16"", ""2021-12-17"", ""2021-12-20"", ""2021-12-21"", ""2021-12-22"", ""2021-12-23"", ""2021-12-24"", ""2021-12-27"", ""2021-12-28"", ""2021-12-29"", ""2021-12-30"", ""2022-01-03"", ""2022-01-04"", ""2022-01-05"", ""2022-01-06"", ""2022-01-07"", ""2022-01-10"", ""2022-01-11""]",25200000000000,85799002000000,0,10.0,6.0,1200.0
RTS,2022-01-13,included,,"[""2021-12-15"", ""2021-12-16"", ""2021-12-17"", ""2021-12-20"", ""2021-12-21"", ""2021-12-22"", ""2021-12-23"", ""2021-12-24"", ""2021-12-27"", ""2021-12-28"", ""2021-12-29"", ""2021-12-30"", ""2022-01-03"", ""2022-01-04"", ""2022-01-05"", ""2022-01-06"", ""2022-01-07"", ""2022-01-10"", ""2022-01-11"", ""2022-01-12""]",25200000000000,85798026000000,0,7.0,5.0,1200.0
RTS,2022-01-14,included,,"[""2021-12-16"", ""2021-12-17"", ""2021-12-20"", ""2021-12-21"", ""2021-12-22"", ""2021-12-23"", ""2021-12-24"", ""2021-12-27"", ""2021-12-28"", ""2021-12-29"", ""2021-12-30"", ""2022-01-03"", ""2022-01-04"", ""2022-01-05"", ""2022-01-06"", ""2022-01-07"", ""2022-01-10"", ""2022-01-11"", ""2022-01-12"", ""2022-01-13""]",25200000000000,85798010000000,0,5.0,5.0,1200.0
RTS,2022-01-17,included,,"[""2021-12-17"", ""2021-12-20"", ""2021-12-21"", ""2021-12-22"", ""2021-12-23"", ""2021-12-24"", ""2021-12-27"", ""2021-12-28"", ""2021-12-29"", ""2021-12-30"", ""2022-01-03"", ""2022-01-04"", ""2022-01-05"", ""2022-01-06"", ""2022-01-07"", ""2022-01-10"", ""2022-01-11"", ""2022-01-12"", ""2022-01-13"", ""2022-01-14""]",25200000000000,85799005000000,0,4.0,4.0,900.0
RTS,2022-01-18,included,,"[""2021-12-20"", ""2021-12-21"", ""2021-12-22"", ""2021-12-23"", ""2021-12-24"", ""2021-12-27"", ""2021-12-28"", ""2021-12-29"", ""2021-12-30"", ""2022-01-03"", ""2022-01-04"", ""2022-01-05"", ""2022-01-06"", ""2022-01-07"", ""2022-01-10"", ""2022-01-11"", ""2022-01-12"", ""2022-01-13"", ""2022-01-14"", ""2022-01-17""]",25200000000000,85799003000000,0,2.0,2.0,900.0
RTS,2022-01-19,included,,"[""2021-12-21"", ""2021-12-22"", ""2021-12-23"", ""2021-12-24"", ""2021-12-27"", ""2021-12-28"", ""2021-12-29"", ""2021-12-30"", ""2022-01-03"", ""2022-01-04"", ""2022-01-05"", ""2022-01-06"", ""2022-01-07"", ""2022-01-10"", ""2022-01-11"", ""2022-01-12"", ""2022-01-13"", ""2022-01-14"", ""2022-01-17"", ""2022-01-18""]",25200000000000,85799001000000,0,3.0,3.0,1200.0
RTS,2022-01-20,included,,"[""2021-12-22"", ""2021-12-23"", ""2021-12-24"", ""2021-12-27"", ""2021-12-28"", ""2021-12-29"", ""2021-12-30"", ""2022-01-03"", ""2022-01-04"", ""2022-01-05"", ""2022-01-06"", ""2022-01-07"", ""2022-01-10"", ""2022-01-11"", ""2022-01-12"", ""2022-01-13"", ""2022-01-14"", ""2022-01-17"", ""2022-01-18"", ""2022-01-19""]",25200000000000,85799004000000,0,8.0,8.0,1200.0
RTS,2022-01-21,included,,"[""2021-12-23"", ""2021-12-24"", ""2021-12-27"", ""2021-12-28"", ""2021-12-29"", ""2021-12-30"", ""2022-01-03"", ""2022-01-04"", ""2022-01-05"", ""2022-01-06"", ""2022-01-07"", ""2022-01-10"", ""2022-01-11"", ""2022-01-12"", ""2022-01-13"", ""2022-01-14"", ""2022-01-17"", ""2022-01-18"", ""2022-01-19"", ""2022-01-20""]",25200000000000,85799003000000,0,9.0,9.0,900.0
RTS,2022-01-24,included,,"[""2021-12-24"", ""2021-12-27"", ""2021-12-28"", ""2021-12-29"", ""2021-12-30"", ""2022-01-03"", ""2022-01-04"", ""2022-01-05"", ""2022-01-06"", ""2022-01-07"", ""2022-01-10"", ""2022-01-11"", ""2022-01-12"", ""2022-01-13"", ""2022-01-14"", ""2022-01-17"", ""2022-01-18"", ""2022-01-19"", ""2022-01-20"", ""2022-01-21""]",25200000000000,85799003000000,0,4.0,4.0,900.0
RTS,2022-01-25,included,,"[""2021-12-27"", ""2021-12-28"", ""2021-12-29"", ""2021-12-30"", ""2022-01-03"", ""2022-01-04"", ""2022-01-05"", ""2022-01-06"", ""2022-01-07"", ""2022-01-10"", ""2022-01-11"", ""2022-01-12"", ""2022-01-13"", ""2022-01-14"", ""2022-01-17"", ""2022-01-18"", ""2022-01-19"", ""2022-01-20"", ""2022-01-21"", ""2022-01-24""]",25200000000000,85799004000000,0,7.0,7.0,900.0
RTS,2022-01-26,included,,"[""2021-12-28"", ""2021-12-29"", ""2021-12-30"", ""2022-01-03"", ""2022-01-04"", ""2022-01-05"", ""2022-01-06"", ""2022-01-07"", ""2022-01-10"", ""2022-01-11"", ""2022-01-12"", ""2022-01-13"", ""2022-01-14"", ""2022-01-17"", ""2022-01-18"", ""2022-01-19"", ""2022-01-20"", ""2022-01-21"", ""2022-01-24"", ""2022-01-25""]",25200000000000,85799005000000,0,4.0,4.0,1200.0
RTS,2022-01-27,included,,"[""2021-12-29"", ""2021-12-30"", ""2022-01-03"", ""2022-01-04"", ""2022-01-05"", ""2022-01-06"", ""2022-01-07"", ""2022-01-10"", ""2022-01-11"", ""2022-01-12"", ""2022-01-13"", ""2022-01-14"", ""2022-01-17"", ""2022-01-18"", ""2022-01-19"", ""2022-01-20"", ""2022-01-21"", ""2022-01-24"", ""2022-01-25"", ""2022-01-26""]",25200000000000,85799005000000,0,6.0,6.0,1200.0
RTS,2022-01-28,included,,"[""2021-12-30"", ""2022-01-03"", ""2022-01-04"", ""2022-01-05"", ""2022-01-06"", ""2022-01-07"", ""2022-01-10"", ""2022-01-11"", ""2022-01-12"", ""2022-01-13"", ""2022-01-14"", ""2022-01-17"", ""2022-01-18"", ""2022-01-19"", ""2022-01-20"", ""2022-01-21"", ""2022-01-24"", ""2022-01-25"", ""2022-01-26"", ""2022-01-27""]",25200000000000,85799000000000,0,5.0,3.0,900.0
RTS,2022-01-31,included,,"[""2022-01-03"", ""2022-01-04"", ""2022-01-05"", ""2022-01-06"", ""2022-01-07"", ""2022-01-10"", ""2022-01-11"", ""2022-01-12"", ""2022-01-13"", ""2022-01-14"", ""2022-01-17"", ""2022-01-18"", ""2022-01-19"", ""2022-01-20"", ""2022-01-21"", ""2022-01-24"", ""2022-01-25"", ""2022-01-26"", ""2022-01-27"", ""2022-01-28""]",25200000000000,85799000000000,0,13.0,0.0,900.0
RTS,2022-02-01,included,,"[""2022-01-04"", ""2022-01-05"", ""2022-01-06"", ""2022-01-07"", ""2022-01-10"", ""2022-01-11"", ""2022-01-12"", ""2022-01-13"", ""2022-01-14"", ""2022-01-17"", ""2022-01-18"", ""2022-01-19"", ""2022-01-20"", ""2022-01-21"", ""2022-01-24"", ""2022-01-25"", ""2022-01-26"", ""2022-01-27"", ""2022-01-28"", ""2022-01-31""]",25200000000000,85799008000000,0,2.0,1.0,900.0
RTS,2022-02-02,included,,"[""2022-01-05"", ""2022-01-06"", ""2022-01-07"", ""2022-01-10"", ""2022-01-11"", ""2022-01-12"", ""2022-01-13"", ""2022-01-14"", ""2022-01-17"", ""2022-01-18"", ""2022-01-19"", ""2022-01-20"", ""2022-01-21"", ""2022-01-24"", ""2022-01-25"", ""2022-01-26"", ""2022-01-27"", ""2022-01-28"", ""2022-01-31"", ""2022-02-01""]",25200000000000,85799032000000,0,3.0,0.0,1200.0
RTS,2022-02-03,included,,"[""2022-01-06"", ""2022-01-07"", ""2022-01-10"", ""2022-01-11"", ""2022-01-12"", ""2022-01-13"", ""2022-01-14"", ""2022-01-17"", ""2022-01-18"", ""2022-01-19"", ""2022-01-20"", ""2022-01-21"", ""2022-01-24"", ""2022-01-25"", ""2022-01-26"", ""2022-01-27"", ""2022-01-28"", ""2022-01-31"", ""2022-02-01"", ""2022-02-02""]",25200000000000,85799014000000,0,7.0,0.0,1200.0
RTS,2022-02-04,included,,"[""2022-01-07"", ""2022-01-10"", ""2022-01-11"", ""2022-01-12"", ""2022-01-13"", ""2022-01-14"", ""2022-01-17"", ""2022-01-18"", ""2022-01-19"", ""2022-01-20"", ""2022-01-21"", ""2022-01-24"", ""2022-01-25"", ""2022-01-26"", ""2022-01-27"", ""2022-01-28"", ""2022-01-31"", ""2022-02-01"", ""2022-02-02"", ""2022-02-03""]",25200000000000,85799007000000,0,1.0,0.0,900.0
RTS,2022-02-07,included,,"[""2022-01-10"", ""2022-01-11"", ""2022-01-12"", ""2022-01-13"", ""2022-01-14"", ""2022-01-17"", ""2022-01-18"", ""2022-01-19"", ""2022-01-20"", ""2022-01-21"", ""2022-01-24"", ""2022-01-25"", ""2022-01-26"", ""2022-01-27"", ""2022-01-28"", ""2022-01-31"", ""2022-02-01"", ""2022-02-02"", ""2022-02-03"", ""2022-02-04""]",25200000000000,85799001000000,0,4.0,0.0,900.0
RTS,2022-02-08,included,,"[""2022-01-11"", ""2022-01-12"", ""2022-01-13"", ""2022-01-14"", ""2022-01-17"", ""2022-01-18"", ""2022-01-19"", ""2022-01-20"", ""2022-01-21"", ""2022-01-24"", ""2022-01-25"", ""2022-01-26"", ""2022-01-27"", ""2022-01-28"", ""2022-01-31"", ""2022-02-01"", ""2022-02-02"", ""2022-02-03"", ""2022-02-04"", ""2022-02-07""]",25200000000000,85799002000000,0,4.0,0.0,900.0
RTS,2022-02-09,included,,"[""2022-01-12"", ""2022-01-13"", ""2022-01-14"", ""2022-01-17"", ""2022-01-18"", ""2022-01-19"", ""2022-01-20"", ""2022-01-21"", ""2022-01-24"", ""2022-01-25"", ""2022-01-26"", ""2022-01-27"", ""2022-01-28"", ""2022-01-31"", ""2022-02-01"", ""2022-02-02"", ""2022-02-03"", ""2022-02-04"", ""2022-02-07"", ""2022-02-08""]",25200000000000,85799003000000,0,4.0,0.0,1200.0
RTS,2022-02-10,included,,"[""2022-01-13"", ""2022-01-14"", ""2022-01-17"", ""2022-01-18"", ""2022-01-19"", ""2022-01-20"", ""2022-01-21"", ""2022-01-24"", ""2022-01-25"", ""2022-01-26"", ""2022-01-27"", ""2022-01-28"", ""2022-01-31"", ""2022-02-01"", ""2022-02-02"", ""2022-02-03"", ""2022-02-04"", ""2022-02-07"", ""2022-02-08"", ""2022-02-09""]",25200000000000,85799001000000,0,6.0,0.0,1200.0
RTS,2022-02-11,included,,"[""2022-01-14"", ""2022-01-17"", ""2022-01-18"", ""2022-01-19"", ""2022-01-20"", ""2022-01-21"", ""2022-01-24"", ""2022-01-25"", ""2022-01-26"", ""2022-01-27"", ""2022-01-28"", ""2022-01-31"", ""2022-02-01"", ""2022-02-02"", ""2022-02-03"", ""2022-02-04"", ""2022-02-07"", ""2022-02-08"", ""2022-02-09"", ""2022-02-10""]",25200000000000,85799005000000,0,6.0,0.0,900.0
RTS,2022-02-14,included,,"[""2022-01-17"", ""2022-01-18"", ""2022-01-19"", ""2022-01-20"", ""2022-01-21"", ""2022-01-24"", ""2022-01-25"", ""2022-01-26"", ""2022-01-27"", ""2022-01-28"", ""2022-01-31"", ""2022-02-01"", ""2022-02-02"", ""2022-02-03"", ""2022-02-04"", ""2022-02-07"", ""2022-02-08"", ""2022-02-09"", ""2022-02-10"", ""2022-02-11""]",25200000000000,85799003000000,0,9.0,9.0,900.0
RTS,2022-02-15,included,,"[""2022-01-18"", ""2022-01-19"", ""2022-01-20"", ""2022-01-21"", ""2022-01-24"", ""2022-01-25"", ""2022-01-26"", ""2022-01-27"", ""2022-01-28"", ""2022-01-31"", ""2022-02-01"", ""2022-02-02"", ""2022-02-03"", ""2022-02-04"", ""2022-02-07"", ""2022-02-08"", ""2022-02-09"", ""2022-02-10"", ""2022-02-11"", ""2022-02-14""]",25200000000000,85799001000000,0,7.0,6.0,900.0
RTS,2022-02-16,included,,"[""2022-01-19"", ""2022-01-20"", ""2022-01-21"", ""2022-01-24"", ""2022-01-25"", ""2022-01-26"", ""2022-01-27"", ""2022-01-28"", ""2022-01-31"", ""2022-02-01"", ""2022-02-02"", ""2022-02-03"", ""2022-02-04"", ""2022-02-07"", ""2022-02-08"", ""2022-02-09"", ""2022-02-10"", ""2022-02-11"", ""2022-02-14"", ""2022-02-15""]",25200000000000,85799014000000,0,10.0,4.0,1200.0
RTS,2022-02-17,included,,"[""2022-01-20"", ""2022-01-21"", ""2022-01-24"", ""2022-01-25"", ""2022-01-26"", ""2022-01-27"", ""2022-01-28"", ""2022-01-31"", ""2022-02-01"", ""2022-02-02"", ""2022-02-03"", ""2022-02-04"", ""2022-02-07"", ""2022-02-08"", ""2022-02-09"", ""2022-02-10"", ""2022-02-11"", ""2022-02-14"", ""2022-02-15"", ""2022-02-16""]",25200000000000,85799013000000,0,6.0,5.0,1200.0
RTS,2022-02-18,included,,"[""2022-01-21"", ""2022-01-24"", ""2022-01-25"", ""2022-01-26"", ""2022-01-27"", ""2022-01-28"", ""2022-01-31"", ""2022-02-01"", ""2022-02-02"", ""2022-02-03"", ""2022-02-04"", ""2022-02-07"", ""2022-02-08"", ""2022-02-09"", ""2022-02-10"", ""2022-02-11"", ""2022-02-14"", ""2022-02-15"", ""2022-02-16"", ""2022-02-17""]",25200000000000,85799037000000,0,4.0,1.0,900.0
RTS,2022-02-21,included,,"[""2022-01-24"", ""2022-01-25"", ""2022-01-26"", ""2022-01-27"", ""2022-01-28"", ""2022-01-31"", ""2022-02-01"", ""2022-02-02"", ""2022-02-03"", ""2022-02-04"", ""2022-02-07"", ""2022-02-08"", ""2022-02-09"", ""2022-02-10"", ""2022-02-11"", ""2022-02-14"", ""2022-02-15"", ""2022-02-16"", ""2022-02-17"", ""2022-02-18""]",25200000000000,85799003000000,0,1.0,0.0,900.0
RTS,2022-02-22,included,,"[""2022-01-25"", ""2022-01-26"", ""2022-01-27"", ""2022-01-28"", ""2022-01-31"", ""2022-02-01"", ""2022-02-02"", ""2022-02-03"", ""2022-02-04"", ""2022-02-07"", ""2022-02-08"", ""2022-02-09"", ""2022-02-10"", ""2022-02-11"", ""2022-02-14"", ""2022-02-15"", ""2022-02-16"", ""2022-02-17"", ""2022-02-18"", ""2022-02-21""]",25200000000000,85799019000000,0,5.0,5.0,1800.0
RTS,2022-02-23,included,,"[""2022-01-26"", ""2022-01-27"", ""2022-01-28"", ""2022-01-31"", ""2022-02-01"", ""2022-02-02"", ""2022-02-03"", ""2022-02-04"", ""2022-02-07"", ""2022-02-08"", ""2022-02-09"", ""2022-02-10"", ""2022-02-11"", ""2022-02-14"", ""2022-02-15"", ""2022-02-16"", ""2022-02-17"", ""2022-02-18"", ""2022-02-21"", ""2022-02-22""]",25200000000000,85799000000000,0,2.0,2.0,1200.0
RTS,2022-02-24,included,,"[""2022-01-27"", ""2022-01-28"", ""2022-01-31"", ""2022-02-01"", ""2022-02-02"", ""2022-02-03"", ""2022-02-04"", ""2022-02-07"", ""2022-02-08"", ""2022-02-09"", ""2022-02-10"", ""2022-02-11"", ""2022-02-14"", ""2022-02-15"", ""2022-02-16"", ""2022-02-17"", ""2022-02-18"", ""2022-02-21"", ""2022-02-22"", ""2022-02-23""]",25200000000000,85799000000000,0,7.0,1.0,1200.0
RTS,2022-02-25,included,,"[""2022-01-28"", ""2022-01-31"", ""2022-02-01"", ""2022-02-02"", ""2022-02-03"", ""2022-02-04"", ""2022-02-07"", ""2022-02-08"", ""2022-02-09"", ""2022-02-10"", ""2022-02-11"", ""2022-02-14"", ""2022-02-15"", ""2022-02-16"", ""2022-02-17"", ""2022-02-18"", ""2022-02-21"", ""2022-02-22"", ""2022-02-23"", ""2022-02-24""]",36000000000000,85799001000000,0,6.0,0.0,900.0
RTS,2022-03-24,excluded,Текущая сессия не охватывает 10:00–18:45,"[""2022-01-31"", ""2022-02-01"", ""2022-02-02"", ""2022-02-03"", ""2022-02-04"", ""2022-02-07"", ""2022-02-08"", ""2022-02-09"", ""2022-02-10"", ""2022-02-11"", ""2022-02-14"", ""2022-02-15"", ""2022-02-16"", ""2022-02-17"", ""2022-02-18"", ""2022-02-21"", ""2022-02-22"", ""2022-02-23"", ""2022-02-24"", ""2022-02-25""]",36002000000000,50394000000000,1,,,
RTS,2022-03-25,excluded,Текущая сессия не охватывает 10:00–18:45,"[""2022-02-01"", ""2022-02-02"", ""2022-02-03"", ""2022-02-04"", ""2022-02-07"", ""2022-02-08"", ""2022-02-09"", ""2022-02-10"", ""2022-02-11"", ""2022-02-14"", ""2022-02-15"", ""2022-02-16"", ""2022-02-17"", ""2022-02-18"", ""2022-02-21"", ""2022-02-22"", ""2022-02-23"", ""2022-02-24"", ""2022-02-25"", ""2022-03-24""]",36001000000000,50399000000000,1,,,
RTS,2022-03-28,excluded,Текущая сессия не охватывает 10:00–18:45,"[""2022-02-02"", ""2022-02-03"", ""2022-02-04"", ""2022-02-07"", ""2022-02-08"", ""2022-02-09"", ""2022-02-10"", ""2022-02-11"", ""2022-02-14"", ""2022-02-15"", ""2022-02-16"", ""2022-02-17"", ""2022-02-18"", ""2022-02-21"", ""2022-02-22"", ""2022-02-23"", ""2022-02-24"", ""2022-02-25"", ""2022-03-24"", ""2022-03-25""]",36000000000000,50399000000000,1,,,
RTS,2022-03-29,excluded,Текущая сессия не охватывает 10:00–18:45,"[""2022-02-03"", ""2022-02-04"", ""2022-02-07"", ""2022-02-08"", ""2022-02-09"", ""2022-02-10"", ""2022-02-11"", ""2022-02-14"", ""2022-02-15"", ""2022-02-16"", ""2022-02-17"", ""2022-02-18"", ""2022-02-21"", ""2022-02-22"", ""2022-02-23"", ""2022-02-24"", ""2022-02-25"", ""2022-03-24"", ""2022-03-25"", ""2022-03-28""]",36000000000000,67499000000000,1,,,
RTS,2022-03-30,excluded,Текущая сессия не охватывает 10:00–18:45,"[""2022-02-04"", ""2022-02-07"", ""2022-02-08"", ""2022-02-09"", ""2022-02-10"", ""2022-02-11"", ""2022-02-14"", ""2022-02-15"", ""2022-02-16"", ""2022-02-17"", ""2022-02-18"", ""2022-02-21"", ""2022-02-22"", ""2022-02-23"", ""2022-02-24"", ""2022-02-25"", ""2022-03-24"", ""2022-03-25"", ""2022-03-28"", ""2022-03-29""]",36000000000000,67497003000000,1,,,
RTS,2022-03-31,excluded,Текущая сессия не охватывает 10:00–18:45,"[""2022-02-07"", ""2022-02-08"", ""2022-02-09"", ""2022-02-10"", ""2022-02-11"", ""2022-02-14"", ""2022-02-15"", ""2022-02-16"", ""2022-02-17"", ""2022-02-18"", ""2022-02-21"", ""2022-02-22"", ""2022-02-23"", ""2022-02-24"", ""2022-02-25"", ""2022-03-24"", ""2022-03-25"", ""2022-03-28"", ""2022-03-29"", ""2022-03-30""]",36000000000000,67499000000000,1,,,
RTS,2022-04-01,excluded,Текущая сессия не охватывает 10:00–18:45,"[""2022-02-08"", ""2022-02-09"", ""2022-02-10"", ""2022-02-11"", ""2022-02-14"", ""2022-02-15"", ""2022-02-16"", ""2022-02-17"", ""2022-02-18"", ""2022-02-21"", ""2022-02-22"", ""2022-02-23"", ""2022-02-24"", ""2022-02-25"", ""2022-03-24"", ""2022-03-25"", ""2022-03-28"", ""2022-03-29"", ""2022-03-30"", ""2022-03-31""]",36002000000000,67499001000000,1,,,
RTS,2022-04-04,excluded,Текущая сессия не охватывает 10:00–18:45,"[""2022-02-09"", ""2022-02-10"", ""2022-02-11"", ""2022-02-14"", ""2022-02-15"", ""2022-02-16"", ""2022-02-17"", ""2022-02-18"", ""2022-02-21"", ""2022-02-22"", ""2022-02-23"", ""2022-02-24"", ""2022-02-25"", ""2022-03-24"", ""2022-03-25"", ""2022-03-28"", ""2022-03-29"", ""2022-03-30"", ""2022-03-31"", ""2022-04-01""]",36000000000000,67499003000000,1,,,
RTS,2022-04-05,excluded,Текущая сессия не охватывает 10:00–18:45,"[""2022-02-10"", ""2022-02-11"", ""2022-02-14"", ""2022-02-15"", ""2022-02-16"", ""2022-02-17"", ""2022-02-18"", ""2022-02-21"", ""2022-02-22"", ""2022-02-23"", ""2022-02-24"", ""2022-02-25"", ""2022-03-24"", ""2022-03-25"", ""2022-03-28"", ""2022-03-29"", ""2022-03-30"", ""2022-03-31"", ""2022-04-01"", ""2022-04-04""]",36000000000000,67499001000000,1,,,
RTS,2022-04-06,excluded,Текущая сессия не охватывает 10:00–18:45,"[""2022-02-11"", ""2022-02-14"", ""2022-02-15"", ""2022-02-16"", ""2022-02-17"", ""2022-02-18"", ""2022-02-21"", ""2022-02-22"", ""2022-02-23"", ""2022-02-24"", ""2022-02-25"", ""2022-03-24"", ""2022-03-25"", ""2022-03-28"", ""2022-03-29"", ""2022-03-30"", ""2022-03-31"", ""2022-04-01"", ""2022-04-04"", ""2022-04-05""]",36000000000000,67498011000000,1,,,
RTS,2022-04-07,excluded,Текущая сессия не охватывает 10:00–18:45,"[""2022-02-14"", ""2022-02-15"", ""2022-02-16"", ""2022-02-17"", ""2022-02-18"", ""2022-02-21"", ""2022-02-22"", ""2022-02-23"", ""2022-02-24"", ""2022-02-25"", ""2022-03-24"", ""2022-03-25"", ""2022-03-28"", ""2022-03-29"", ""2022-03-30"", ""2022-03-31"", ""2022-04-01"", ""2022-04-04"", ""2022-04-05"", ""2022-04-06""]",36000000000000,67499019000000,1,,,
RTS,2022-04-08,excluded,Текущая сессия не охватывает 10:00–18:45,"[""2022-02-15"", ""2022-02-16"", ""2022-02-17"", ""2022-02-18"", ""2022-02-21"", ""2022-02-22"", ""2022-02-23"", ""2022-02-24"", ""2022-02-25"", ""2022-03-24"", ""2022-03-25"", ""2022-03-28"", ""2022-03-29"", ""2022-03-30"", ""2022-03-31"", ""2022-04-01"", ""2022-04-04"", ""2022-04-05"", ""2022-04-06"", ""2022-04-07""]",36000000000000,67499002000000,1,,,
RTS,2022-04-11,excluded,Текущая сессия не охватывает 10:00–18:45,"[""2022-02-16"", ""2022-02-17"", ""2022-02-18"", ""2022-02-21"", ""2022-02-22"", ""2022-02-23"", ""2022-02-24"", ""2022-02-25"", ""2022-03-24"", ""2022-03-25"", ""2022-03-28"", ""2022-03-29"", ""2022-03-30"", ""2022-03-31"", ""2022-04-01"", ""2022-04-04"", ""2022-04-05"", ""2022-04-06"", ""2022-04-07"", ""2022-04-08""]",36000000000000,67499000000000,1,,,
RTS,2022-04-12,excluded,Текущая сессия не охватывает 10:00–18:45,"[""2022-02-17"", ""2022-02-18"", ""2022-02-21"", ""2022-02-22"", ""2022-02-23"", ""2022-02-24"", ""2022-02-25"", ""2022-03-24"", ""2022-03-25"", ""2022-03-28"", ""2022-03-29"", ""2022-03-30"", ""2022-03-31"", ""2022-04-01"", ""2022-04-04"", ""2022-04-05"", ""2022-04-06"", ""2022-04-07"", ""2022-04-08"", ""2022-04-11""]",36000000000000,67499002000000,1,,,
RTS,2022-04-13,excluded,Текущая сессия не охватывает 10:00–18:45,"[""2022-02-18"", ""2022-02-21"", ""2022-02-22"", ""2022-02-23"", ""2022-02-24"", ""2022-02-25"", ""2022-03-24"", ""2022-03-25"", ""2022-03-28"", ""2022-03-29"", ""2022-03-30"", ""2022-03-31"", ""2022-04-01"", ""2022-04-04"", ""2022-04-05"", ""2022-04-06"", ""2022-04-07"", ""2022-04-08"", ""2022-04-11"", ""2022-04-12""]",36000000000000,67499003000000,1,,,
RTS,2022-04-14,excluded,Текущая сессия не охватывает 10:00–18:45,"[""2022-02-21"", ""2022-02-22"", ""2022-02-23"", ""2022-02-24"", ""2022-02-25"", ""2022-03-24"", ""2022-03-25"", ""2022-03-28"", ""2022-03-29"", ""2022-03-30"", ""2022-03-31"", ""2022-04-01"", ""2022-04-04"", ""2022-04-05"", ""2022-04-06"", ""2022-04-07"", ""2022-04-08"", ""2022-04-11"", ""2022-04-12"", ""2022-04-13""]",36000000000000,67498000000000,1,,,
RTS,2022-04-15,excluded,Текущая сессия не охватывает 10:00–18:45,"[""2022-02-22"", ""2022-02-23"", ""2022-02-24"", ""2022-02-25"", ""2022-03-24"", ""2022-03-25"", ""2022-03-28"", ""2022-03-29"", ""2022-03-30"", ""2022-03-31"", ""2022-04-01"", ""2022-04-04"", ""2022-04-05"", ""2022-04-06"", ""2022-04-07"", ""2022-04-08"", ""2022-04-11"", ""2022-04-12"", ""2022-04-13"", ""2022-04-14""]",36000000000000,67499004000000,1,,,
RTS,2022-04-18,excluded,Текущая сессия не охватывает 10:00–18:45,"[""2022-02-23"", ""2022-02-24"", ""2022-02-25"", ""2022-03-24"", ""2022-03-25"", ""2022-03-28"", ""2022-03-29"", ""2022-03-30"", ""2022-03-31"", ""2022-04-01"", ""2022-04-04"", ""2022-04-05"", ""2022-04-06"", ""2022-04-07"", ""2022-04-08"", ""2022-04-11"", ""2022-04-12"", ""2022-04-13"", ""2022-04-14"", ""2022-04-15""]",36000000000000,67499003000000,1,,,
RTS,2022-04-19,excluded,Текущая сессия не охватывает 10:00–18:45,"[""2022-02-24"", ""2022-02-25"", ""2022-03-24"", ""2022-03-25"", ""2022-03-28"", ""2022-03-29"", ""2022-03-30"", ""2022-03-31"", ""2022-04-01"", ""2022-04-04"", ""2022-04-05"", ""2022-04-06"", ""2022-04-07"", ""2022-04-08"", ""2022-04-11"", ""2022-04-12"", ""2022-04-13"", ""2022-04-14"", ""2022-04-15"", ""2022-04-18""]",36000000000000,67499009000000,1,,,
RTS,2022-04-20,excluded,Текущая сессия не охватывает 10:00–18:45,"[""2022-02-25"", ""2022-03-24"", ""2022-03-25"", ""2022-03-28"", ""2022-03-29"", ""2022-03-30"", ""2022-03-31"", ""2022-04-01"", ""2022-04-04"", ""2022-04-05"", ""2022-04-06"", ""2022-04-07"", ""2022-04-08"", ""2022-04-11"", ""2022-04-12"", ""2022-04-13"", ""2022-04-14"", ""2022-04-15"", ""2022-04-18"", ""2022-04-19""]",36000000000000,67498002000000,1,,,
RTS,2022-04-21,excluded,Текущая сессия не охватывает 10:00–18:45,"[""2022-03-24"", ""2022-03-25"", ""2022-03-28"", ""2022-03-29"", ""2022-03-30"", ""2022-03-31"", ""2022-04-01"", ""2022-04-04"", ""2022-04-05"", ""2022-04-06"", ""2022-04-07"", ""2022-04-08"", ""2022-04-11"", ""2022-04-12"", ""2022-04-13"", ""2022-04-14"", ""2022-04-15"", ""2022-04-18"", ""2022-04-19"", ""2022-04-20""]",36000000000000,67499020000000,1,,,
RTS,2022-04-22,excluded,Текущая сессия не охватывает 10:00–18:45,"[""2022-03-25"", ""2022-03-28"", ""2022-03-29"", ""2022-03-30"", ""2022-03-31"", ""2022-04-01"", ""2022-04-04"", ""2022-04-05"", ""2022-04-06"", ""2022-04-07"", ""2022-04-08"", ""2022-04-11"", ""2022-04-12"", ""2022-04-13"", ""2022-04-14"", ""2022-04-15"", ""2022-04-18"", ""2022-04-19"", ""2022-04-20"", ""2022-04-21""]",36000000000000,67499003000000,1,,,
RTS,2022-04-25,excluded,Текущая сессия не охватывает 10:00–18:45,"[""2022-03-28"", ""2022-03-29"", ""2022-03-30"", ""2022-03-31"", ""2022-04-01"", ""2022-04-04"", ""2022-04-05"", ""2022-04-06"", ""2022-04-07"", ""2022-04-08"", ""2022-04-11"", ""2022-04-12"", ""2022-04-13"", ""2022-04-14"", ""2022-04-15"", ""2022-04-18"", ""2022-04-19"", ""2022-04-20"", ""2022-04-21"", ""2022-04-22""]",36000000000000,67499000000000,1,,,
RTS,2022-04-26,excluded,Текущая сессия не охватывает 10:00–18:45,"[""2022-03-29"", ""2022-03-30"", ""2022-03-31"", ""2022-04-01"", ""2022-04-04"", ""2022-04-05"", ""2022-04-06"", ""2022-04-07"", ""2022-04-08"", ""2022-04-11"", ""2022-04-12"", ""2022-04-13"", ""2022-04-14"", ""2022-04-15"", ""2022-04-18"", ""2022-04-19"", ""2022-04-20"", ""2022-04-21"", ""2022-04-22"", ""2022-04-25""]",36000000000000,67499004000000,1,,,
RTS,2022-04-27,excluded,Текущая сессия не охватывает 10:00–18:45,"[""2022-03-30"", ""2022-03-31"", ""2022-04-01"", ""2022-04-04"", ""2022-04-05"", ""2022-04-06"", ""2022-04-07"", ""2022-04-08"", ""2022-04-11"", ""2022-04-12"", ""2022-04-13"", ""2022-04-14"", ""2022-04-15"", ""2022-04-18"", ""2022-04-19"", ""2022-04-20"", ""2022-04-21"", ""2022-04-22"", ""2022-04-25"", ""2022-04-26""]",36000000000000,67499009000000,1,,,
RTS,2022-04-28,excluded,Текущая сессия не охватывает 10:00–18:45,"[""2022-03-31"", ""2022-04-01"", ""2022-04-04"", ""2022-04-05"", ""2022-04-06"", ""2022-04-07"", ""2022-04-08"", ""2022-04-11"", ""2022-04-12"", ""2022-04-13"", ""2022-04-14"", ""2022-04-15"", ""2022-04-18"", ""2022-04-19"", ""2022-04-20"", ""2022-04-21"", ""2022-04-22"", ""2022-04-25"", ""2022-04-26"", ""2022-04-27""]",36000000000000,67499005000000,1,,,
RTS,2022-04-29,excluded,Текущая сессия не охватывает 10:00–18:45,"[""2022-04-01"", ""2022-04-04"", ""2022-04-05"", ""2022-04-06"", ""2022-04-07"", ""2022-04-08"", ""2022-04-11"", ""2022-04-12"", ""2022-04-13"", ""2022-04-14"", ""2022-04-15"", ""2022-04-18"", ""2022-04-19"", ""2022-04-20"", ""2022-04-21"", ""2022-04-22"", ""2022-04-25"", ""2022-04-26"", ""2022-04-27"", ""2022-04-28""]",36000000000000,67499002000000,1,,,
RTS,2022-05-04,excluded,Текущая сессия не охватывает 10:00–18:45,"[""2022-04-04"", ""2022-04-05"", ""2022-04-06"", ""2022-04-07"", ""2022-04-08"", ""2022-04-11"", ""2022-04-12"", ""2022-04-13"", ""2022-04-14"", ""2022-04-15"", ""2022-04-18"", ""2022-04-19"", ""2022-04-20"", ""2022-04-21"", ""2022-04-22"", ""2022-04-25"", ""2022-04-26"", ""2022-04-27"", ""2022-04-28"", ""2022-04-29""]",36000000000000,67499008000000,1,,,
RTS,2022-05-05,excluded,Текущая сессия не охватывает 10:00–18:45,"[""2022-04-05"", ""2022-04-06"", ""2022-04-07"", ""2022-04-08"", ""2022-04-11"", ""2022-04-12"", ""2022-04-13"", ""2022-04-14"", ""2022-04-15"", ""2022-04-18"", ""2022-04-19"", ""2022-04-20"", ""2022-04-21"", ""2022-04-22"", ""2022-04-25"", ""2022-04-26"", ""2022-04-27"", ""2022-04-28"", ""2022-04-29"", ""2022-05-04""]",36000000000000,67499001000000,1,,,
RTS,2022-05-06,excluded,Текущая сессия не охватывает 10:00–18:45,"[""2022-04-06"", ""2022-04-07"", ""2022-04-08"", ""2022-04-11"", ""2022-04-12"", ""2022-04-13"", ""2022-04-14"", ""2022-04-15"", ""2022-04-18"", ""2022-04-19"", ""2022-04-20"", ""2022-04-21"", ""2022-04-22"", ""2022-04-25"", ""2022-04-26"", ""2022-04-27"", ""2022-04-28"", ""2022-04-29"", ""2022-05-04"", ""2022-05-05""]",36000000000000,67499009000000,1,,,
RTS,2022-05-11,excluded,Текущая сессия не охватывает 10:00–18:45,"[""2022-04-07"", ""2022-04-08"", ""2022-04-11"", ""2022-04-12"", ""2022-04-13"", ""2022-04-14"", ""2022-04-15"", ""2022-04-18"", ""2022-04-19"", ""2022-04-20"", ""2022-04-21"", ""2022-04-22"", ""2022-04-25"", ""2022-04-26"", ""2022-04-27"", ""2022-04-28"", ""2022-04-29"", ""2022-05-04"", ""2022-05-05"", ""2022-05-06""]",36000000000000,67498014000000,1,,,
RTS,2022-05-12,excluded,Текущая сессия не охватывает 10:00–18:45,"[""2022-04-08"", ""2022-04-11"", ""2022-04-12"", ""2022-04-13"", ""2022-04-14"", ""2022-04-15"", ""2022-04-18"", ""2022-04-19"", ""2022-04-20"", ""2022-04-21"", ""2022-04-22"", ""2022-04-25"", ""2022-04-26"", ""2022-04-27"", ""2022-04-28"", ""2022-04-29"", ""2022-05-04"", ""2022-05-05"", ""2022-05-06"", ""2022-05-11""]",36000000000000,67499004000000,1,,,
RTS,2022-05-13,excluded,Текущая сессия не охватывает 10:00–18:45,"[""2022-04-11"", ""2022-04-12"", ""2022-04-13"", ""2022-04-14"", ""2022-04-15"", ""2022-04-18"", ""2022-04-19"", ""2022-04-20"", ""2022-04-21"", ""2022-04-22"", ""2022-04-25"", ""2022-04-26"", ""2022-04-27"", ""2022-04-28"", ""2022-04-29"", ""2022-05-04"", ""2022-05-05"", ""2022-05-06"", ""2022-05-11"", ""2022-05-12""]",36000000000000,67499000000000,1,,,
RTS,2022-05-16,excluded,Текущая сессия не охватывает 10:00–18:45,"[""2022-04-12"", ""2022-04-13"", ""2022-04-14"", ""2022-04-15"", ""2022-04-18"", ""2022-04-19"", ""2022-04-20"", ""2022-04-21"", ""2022-04-22"", ""2022-04-25"", ""2022-04-26"", ""2022-04-27"", ""2022-04-28"", ""2022-04-29"", ""2022-05-04"", ""2022-05-05"", ""2022-05-06"", ""2022-05-11"", ""2022-05-12"", ""2022-05-13""]",36000000000000,67499003000000,1,,,
RTS,2022-05-17,excluded,Текущая сессия не охватывает 10:00–18:45,"[""2022-04-13"", ""2022-04-14"", ""2022-04-15"", ""2022-04-18"", ""2022-04-19"", ""2022-04-20"", ""2022-04-21"", ""2022-04-22"", ""2022-04-25"", ""2022-04-26"", ""2022-04-27"", ""2022-04-28"", ""2022-04-29"", ""2022-05-04"", ""2022-05-05"", ""2022-05-06"", ""2022-05-11"", ""2022-05-12"", ""2022-05-13"", ""2022-05-16""]",36000000000000,67499000000000,1,,,
RTS,2022-05-18,excluded,Текущая сессия не охватывает 10:00–18:45,"[""2022-04-14"", ""2022-04-15"", ""2022-04-18"", ""2022-04-19"", ""2022-04-20"", ""2022-04-21"", ""2022-04-22"", ""2022-04-25"", ""2022-04-26"", ""2022-04-27"", ""2022-04-28"", ""2022-04-29"", ""2022-05-04"", ""2022-05-05"", ""2022-05-06"", ""2022-05-11"", ""2022-05-12"", ""2022-05-13"", ""2022-05-16"", ""2022-05-17""]",36000000000000,67499002000000,1,,,
RTS,2022-05-19,excluded,Текущая сессия не охватывает 10:00–18:45,"[""2022-04-15"", ""2022-04-18"", ""2022-04-19"", ""2022-04-20"", ""2022-04-21"", ""2022-04-22"", ""2022-04-25"", ""2022-04-26"", ""2022-04-27"", ""2022-04-28"", ""2022-04-29"", ""2022-05-04"", ""2022-05-05"", ""2022-05-06"", ""2022-05-11"", ""2022-05-12"", ""2022-05-13"", ""2022-05-16"", ""2022-05-17"", ""2022-05-18""]",36000000000000,67499013000000,1,,,
RTS,2022-05-20,excluded,Текущая сессия не охватывает 10:00–18:45,"[""2022-04-18"", ""2022-04-19"", ""2022-04-20"", ""2022-04-21"", ""2022-04-22"", ""2022-04-25"", ""2022-04-26"", ""2022-04-27"", ""2022-04-28"", ""2022-04-29"", ""2022-05-04"", ""2022-05-05"", ""2022-05-06"", ""2022-05-11"", ""2022-05-12"", ""2022-05-13"", ""2022-05-16"", ""2022-05-17"", ""2022-05-18"", ""2022-05-19""]",36000000000000,67499001000000,1,,,
RTS,2022-05-23,excluded,Текущая сессия не охватывает 10:00–18:45,"[""2022-04-19"", ""2022-04-20"", ""2022-04-21"", ""2022-04-22"", ""2022-04-25"", ""2022-04-26"", ""2022-04-27"", ""2022-04-28"", ""2022-04-29"", ""2022-05-04"", ""2022-05-05"", ""2022-05-06"", ""2022-05-11"", ""2022-05-12"", ""2022-05-13"", ""2022-05-16"", ""2022-05-17"", ""2022-05-18"", ""2022-05-19"", ""2022-05-20""]",36000000000000,67499051000000,1,,,
RTS,2022-05-24,excluded,Текущая сессия не охватывает 10:00–18:45,"[""2022-04-20"", ""2022-04-21"", ""2022-04-22"", ""2022-04-25"", ""2022-04-26"", ""2022-04-27"", ""2022-04-28"", ""2022-04-29"", ""2022-05-04"", ""2022-05-05"", ""2022-05-06"", ""2022-05-11"", ""2022-05-12"", ""2022-05-13"", ""2022-05-16"", ""2022-05-17"", ""2022-05-18"", ""2022-05-19"", ""2022-05-20"", ""2022-05-23""]",36000000000000,67499011000000,1,,,
RTS,2022-05-25,excluded,Текущая сессия не охватывает 10:00–18:45,"[""2022-04-21"", ""2022-04-22"", ""2022-04-25"", ""2022-04-26"", ""2022-04-27"", ""2022-04-28"", ""2022-04-29"", ""2022-05-04"", ""2022-05-05"", ""2022-05-06"", ""2022-05-11"", ""2022-05-12"", ""2022-05-13"", ""2022-05-16"", ""2022-05-17"", ""2022-05-18"", ""2022-05-19"", ""2022-05-20"", ""2022-05-23"", ""2022-05-24""]",36000000000000,67499000000000,1,,,
RTS,2022-05-26,excluded,Текущая сессия не охватывает 10:00–18:45,"[""2022-04-22"", ""2022-04-25"", ""2022-04-26"", ""2022-04-27"", ""2022-04-28"", ""2022-04-29"", ""2022-05-04"", ""2022-05-05"", ""2022-05-06"", ""2022-05-11"", ""2022-05-12"", ""2022-05-13"", ""2022-05-16"", ""2022-05-17"", ""2022-05-18"", ""2022-05-19"", ""2022-05-20"", ""2022-05-23"", ""2022-05-24"", ""2022-05-25""]",36000000000000,67499002000000,1,,,
RTS,2022-05-27,excluded,Текущая сессия не охватывает 10:00–18:45,"[""2022-04-25"", ""2022-04-26"", ""2022-04-27"", ""2022-04-28"", ""2022-04-29"", ""2022-05-04"", ""2022-05-05"", ""2022-05-06"", ""2022-05-11"", ""2022-05-12"", ""2022-05-13"", ""2022-05-16"", ""2022-05-17"", ""2022-05-18"", ""2022-05-19"", ""2022-05-20"", ""2022-05-23"", ""2022-05-24"", ""2022-05-25"", ""2022-05-26""]",36000000000000,67499000000000,1,,,
RTS,2022-05-30,excluded,Не все 20 прошлых сессий охватывают 10:00–18:45,"[""2022-04-26"", ""2022-04-27"", ""2022-04-28"", ""2022-04-29"", ""2022-05-04"", ""2022-05-05"", ""2022-05-06"", ""2022-05-11"", ""2022-05-12"", ""2022-05-13"", ""2022-05-16"", ""2022-05-17"", ""2022-05-18"", ""2022-05-19"", ""2022-05-20"", ""2022-05-23"", ""2022-05-24"", ""2022-05-25"", ""2022-05-26"", ""2022-05-27""]",36000000000000,67799002000000,1,,,
RTS,2022-05-31,excluded,Не все 20 прошлых сессий охватывают 10:00–18:45,"[""2022-04-27"", ""2022-04-28"", ""2022-04-29"", ""2022-05-04"", ""2022-05-05"", ""2022-05-06"", ""2022-05-11"", ""2022-05-12"", ""2022-05-13"", ""2022-05-16"", ""2022-05-17"", ""2022-05-18"", ""2022-05-19"", ""2022-05-20"", ""2022-05-23"", ""2022-05-24"", ""2022-05-25"", ""2022-05-26"", ""2022-05-27"", ""2022-05-30""]",36000000000000,67798009000000,1,,,
RTS,2022-06-01,excluded,Не все 20 прошлых сессий охватывают 10:00–18:45,"[""2022-04-28"", ""2022-04-29"", ""2022-05-04"", ""2022-05-05"", ""2022-05-06"", ""2022-05-11"", ""2022-05-12"", ""2022-05-13"", ""2022-05-16"", ""2022-05-17"", ""2022-05-18"", ""2022-05-19"", ""2022-05-20"", ""2022-05-23"", ""2022-05-24"", ""2022-05-25"", ""2022-05-26"", ""2022-05-27"", ""2022-05-30"", ""2022-05-31""]",36000000000000,67799003000000,1,,,
RTS,2022-06-02,excluded,Не все 20 прошлых сессий охватывают 10:00–18:45,"[""2022-04-29"", ""2022-05-04"", ""2022-05-05"", ""2022-05-06"", ""2022-05-11"", ""2022-05-12"", ""2022-05-13"", ""2022-05-16"", ""2022-05-17"", ""2022-05-18"", ""2022-05-19"", ""2022-05-20"", ""2022-05-23"", ""2022-05-24"", ""2022-05-25"", ""2022-05-26"", ""2022-05-27"", ""2022-05-30"", ""2022-05-31"", ""2022-06-01""]",36000000000000,67799001000000,1,,,
RTS,2022-06-03,excluded,Не все 20 прошлых сессий охватывают 10:00–18:45,"[""2022-05-04"", ""2022-05-05"", ""2022-05-06"", ""2022-05-11"", ""2022-05-12"", ""2022-05-13"", ""2022-05-16"", ""2022-05-17"", ""2022-05-18"", ""2022-05-19"", ""2022-05-20"", ""2022-05-23"", ""2022-05-24"", ""2022-05-25"", ""2022-05-26"", ""2022-05-27"", ""2022-05-30"", ""2022-05-31"", ""2022-06-01"", ""2022-06-02""]",36000000000000,67798001000000,1,,,
RTS,2022-06-06,excluded,Не все 20 прошлых сессий охватывают 10:00–18:45,"[""2022-05-05"", ""2022-05-06"", ""2022-05-11"", ""2022-05-12"", ""2022-05-13"", ""2022-05-16"", ""2022-05-17"", ""2022-05-18"", ""2022-05-19"", ""2022-05-20"", ""2022-05-23"", ""2022-05-24"", ""2022-05-25"", ""2022-05-26"", ""2022-05-27"", ""2022-05-30"", ""2022-05-31"", ""2022-06-01"", ""2022-06-02"", ""2022-06-03""]",36000000000000,67799002000000,1,,,
RTS,2022-06-07,excluded,Не все 20 прошлых сессий охватывают 10:00–18:45,"[""2022-05-06"", ""2022-05-11"", ""2022-05-12"", ""2022-05-13"", ""2022-05-16"", ""2022-05-17"", ""2022-05-18"", ""2022-05-19"", ""2022-05-20"", ""2022-05-23"", ""2022-05-24"", ""2022-05-25"", ""2022-05-26"", ""2022-05-27"", ""2022-05-30"", ""2022-05-31"", ""2022-06-01"", ""2022-06-02"", ""2022-06-03"", ""2022-06-06""]",36000000000000,67799000000000,1,,,
RTS,2022-06-08,excluded,Не все 20 прошлых сессий охватывают 10:00–18:45,"[""2022-05-11"", ""2022-05-12"", ""2022-05-13"", ""2022-05-16"", ""2022-05-17"", ""2022-05-18"", ""2022-05-19"", ""2022-05-20"", ""2022-05-23"", ""2022-05-24"", ""2022-05-25"", ""2022-05-26"", ""2022-05-27"", ""2022-05-30"", ""2022-05-31"", ""2022-06-01"", ""2022-06-02"", ""2022-06-03"", ""2022-06-06"", ""2022-06-07""]",36000000000000,67799001000000,1,,,
RTS,2022-06-09,excluded,Не все 20 прошлых сессий охватывают 10:00–18:45,"[""2022-05-12"", ""2022-05-13"", ""2022-05-16"", ""2022-05-17"", ""2022-05-18"", ""2022-05-19"", ""2022-05-20"", ""2022-05-23"", ""2022-05-24"", ""2022-05-25"", ""2022-05-26"", ""2022-05-27"", ""2022-05-30"", ""2022-05-31"", ""2022-06-01"", ""2022-06-02"", ""2022-06-03"", ""2022-06-06"", ""2022-06-07"", ""2022-06-08""]",36000000000000,67799000000000,1,,,
RTS,2022-06-10,excluded,Не все 20 прошлых сессий охватывают 10:00–18:45,"[""2022-05-13"", ""2022-05-16"", ""2022-05-17"", ""2022-05-18"", ""2022-05-19"", ""2022-05-20"", ""2022-05-23"", ""2022-05-24"", ""2022-05-25"", ""2022-05-26"", ""2022-05-27"", ""2022-05-30"", ""2022-05-31"", ""2022-06-01"", ""2022-06-02"", ""2022-06-03"", ""2022-06-06"", ""2022-06-07"", ""2022-06-08"", ""2022-06-09""]",36000000000000,67798003000000,1,,,
RTS,2022-06-14,excluded,Не все 20 прошлых сессий охватывают 10:00–18:45,"[""2022-05-16"", ""2022-05-17"", ""2022-05-18"", ""2022-05-19"", ""2022-05-20"", ""2022-05-23"", ""2022-05-24"", ""2022-05-25"", ""2022-05-26"", ""2022-05-27"", ""2022-05-30"", ""2022-05-31"", ""2022-06-01"", ""2022-06-02"", ""2022-06-03"", ""2022-06-06"", ""2022-06-07"", ""2022-06-08"", ""2022-06-09"", ""2022-06-10""]",36000000000000,67798015000000,1,,,
RTS,2022-06-15,excluded,Не все 20 прошлых сессий охватывают 10:00–18:45,"[""2022-05-17"", ""2022-05-18"", ""2022-05-19"", ""2022-05-20"", ""2022-05-23"", ""2022-05-24"", ""2022-05-25"", ""2022-05-26"", ""2022-05-27"", ""2022-05-30"", ""2022-05-31"", ""2022-06-01"", ""2022-06-02"", ""2022-06-03"", ""2022-06-06"", ""2022-06-07"", ""2022-06-08"", ""2022-06-09"", ""2022-06-10"", ""2022-06-14""]",36000000000000,67797000000000,1,,,
RTS,2022-06-16,excluded,Не все 20 прошлых сессий охватывают 10:00–18:45,"[""2022-05-18"", ""2022-05-19"", ""2022-05-20"", ""2022-05-23"", ""2022-05-24"", ""2022-05-25"", ""2022-05-26"", ""2022-05-27"", ""2022-05-30"", ""2022-05-31"", ""2022-06-01"", ""2022-06-02"", ""2022-06-03"", ""2022-06-06"", ""2022-06-07"", ""2022-06-08"", ""2022-06-09"", ""2022-06-10"", ""2022-06-14"", ""2022-06-15""]",36000000000000,67799006000000,1,,,
RTS,2022-06-17,excluded,Не все 20 прошлых сессий охватывают 10:00–18:45,"[""2022-05-19"", ""2022-05-20"", ""2022-05-23"", ""2022-05-24"", ""2022-05-25"", ""2022-05-26"", ""2022-05-27"", ""2022-05-30"", ""2022-05-31"", ""2022-06-01"", ""2022-06-02"", ""2022-06-03"", ""2022-06-06"", ""2022-06-07"", ""2022-06-08"", ""2022-06-09"", ""2022-06-10"", ""2022-06-14"", ""2022-06-15"", ""2022-06-16""]",36000000000000,67798002000000,1,,,
RTS,2022-06-20,excluded,Не все 20 прошлых сессий охватывают 10:00–18:45,"[""2022-05-20"", ""2022-05-23"", ""2022-05-24"", ""2022-05-25"", ""2022-05-26"", ""2022-05-27"", ""2022-05-30"", ""2022-05-31"", ""2022-06-01"", ""2022-06-02"", ""2022-06-03"", ""2022-06-06"", ""2022-06-07"", ""2022-06-08"", ""2022-06-09"", ""2022-06-10"", ""2022-06-14"", ""2022-06-15"", ""2022-06-16"", ""2022-06-17""]",36000000000000,67799000000000,1,,,
RTS,2022-06-21,excluded,Не все 20 прошлых сессий охватывают 10:00–18:45,"[""2022-05-23"", ""2022-05-24"", ""2022-05-25"", ""2022-05-26"", ""2022-05-27"", ""2022-05-30"", ""2022-05-31"", ""2022-06-01"", ""2022-06-02"", ""2022-06-03"", ""2022-06-06"", ""2022-06-07"", ""2022-06-08"", ""2022-06-09"", ""2022-06-10"", ""2022-06-14"", ""2022-06-15"", ""2022-06-16"", ""2022-06-17"", ""2022-06-20""]",36000000000000,67799004000000,1,,,
RTS,2022-06-22,excluded,Не все 20 прошлых сессий охватывают 10:00–18:45,"[""2022-05-24"", ""2022-05-25"", ""2022-05-26"", ""2022-05-27"", ""2022-05-30"", ""2022-05-31"", ""2022-06-01"", ""2022-06-02"", ""2022-06-03"", ""2022-06-06"", ""2022-06-07"", ""2022-06-08"", ""2022-06-09"", ""2022-06-10"", ""2022-06-14"", ""2022-06-15"", ""2022-06-16"", ""2022-06-17"", ""2022-06-20"", ""2022-06-21""]",36000000000000,67799001000000,1,,,
RTS,2022-06-23,excluded,Не все 20 прошлых сессий охватывают 10:00–18:45,"[""2022-05-25"", ""2022-05-26"", ""2022-05-27"", ""2022-05-30"", ""2022-05-31"", ""2022-06-01"", ""2022-06-02"", ""2022-06-03"", ""2022-06-06"", ""2022-06-07"", ""2022-06-08"", ""2022-06-09"", ""2022-06-10"", ""2022-06-14"", ""2022-06-15"", ""2022-06-16"", ""2022-06-17"", ""2022-06-20"", ""2022-06-21"", ""2022-06-22""]",36000000000000,67799005000000,1,,,
RTS,2022-06-24,excluded,Не все 20 прошлых сессий охватывают 10:00–18:45,"[""2022-05-26"", ""2022-05-27"", ""2022-05-30"", ""2022-05-31"", ""2022-06-01"", ""2022-06-02"", ""2022-06-03"", ""2022-06-06"", ""2022-06-07"", ""2022-06-08"", ""2022-06-09"", ""2022-06-10"", ""2022-06-14"", ""2022-06-15"", ""2022-06-16"", ""2022-06-17"", ""2022-06-20"", ""2022-06-21"", ""2022-06-22"", ""2022-06-23""]",36000000000000,67799005000000,1,,,
RTS,2022-06-27,excluded,Не все 20 прошлых сессий охватывают 10:00–18:45,"[""2022-05-27"", ""2022-05-30"", ""2022-05-31"", ""2022-06-01"", ""2022-06-02"", ""2022-06-03"", ""2022-06-06"", ""2022-06-07"", ""2022-06-08"", ""2022-06-09"", ""2022-06-10"", ""2022-06-14"", ""2022-06-15"", ""2022-06-16"", ""2022-06-17"", ""2022-06-20"", ""2022-06-21"", ""2022-06-22"", ""2022-06-23"", ""2022-06-24""]",36000000000000,67799005000000,1,,,
RTS,2022-06-28,included,,"[""2022-05-30"", ""2022-05-31"", ""2022-06-01"", ""2022-06-02"", ""2022-06-03"", ""2022-06-06"", ""2022-06-07"", ""2022-06-08"", ""2022-06-09"", ""2022-06-10"", ""2022-06-14"", ""2022-06-15"", ""2022-06-16"", ""2022-06-17"", ""2022-06-20"", ""2022-06-21"", ""2022-06-22"", ""2022-06-23"", ""2022-06-24"", ""2022-06-27""]",36000000000000,67799000000000,1,2.0,1.0,0.0
RTS,2022-06-29,included,,"[""2022-05-31"", ""2022-06-01"", ""2022-06-02"", ""2022-06-03"", ""2022-06-06"", ""2022-06-07"", ""2022-06-08"", ""2022-06-09"", ""2022-06-10"", ""2022-06-14"", ""2022-06-15"", ""2022-06-16"", ""2022-06-17"", ""2022-06-20"", ""2022-06-21"", ""2022-06-22"", ""2022-06-23"", ""2022-06-24"", ""2022-06-27"", ""2022-06-28""]",36000000000000,67799000000000,1,9.0,9.0,0.0
RTS,2022-06-30,included,,"[""2022-06-01"", ""2022-06-02"", ""2022-06-03"", ""2022-06-06"", ""2022-06-07"", ""2022-06-08"", ""2022-06-09"", ""2022-06-10"", ""2022-06-14"", ""2022-06-15"", ""2022-06-16"", ""2022-06-17"", ""2022-06-20"", ""2022-06-21"", ""2022-06-22"", ""2022-06-23"", ""2022-06-24"", ""2022-06-27"", ""2022-06-28"", ""2022-06-29""]",36000000000000,67799000000000,1,4.0,4.0,0.0
RTS,2022-07-01,included,,"[""2022-06-02"", ""2022-06-03"", ""2022-06-06"", ""2022-06-07"", ""2022-06-08"", ""2022-06-09"", ""2022-06-10"", ""2022-06-14"", ""2022-06-15"", ""2022-06-16"", ""2022-06-17"", ""2022-06-20"", ""2022-06-21"", ""2022-06-22"", ""2022-06-23"", ""2022-06-24"", ""2022-06-27"", ""2022-06-28"", ""2022-06-29"", ""2022-06-30""]",36000000000000,67798000000000,1,5.0,5.0,0.0
RTS,2022-07-04,included,,"[""2022-06-03"", ""2022-06-06"", ""2022-06-07"", ""2022-06-08"", ""2022-06-09"", ""2022-06-10"", ""2022-06-14"", ""2022-06-15"", ""2022-06-16"", ""2022-06-17"", ""2022-06-20"", ""2022-06-21"", ""2022-06-22"", ""2022-06-23"", ""2022-06-24"", ""2022-06-27"", ""2022-06-28"", ""2022-06-29"", ""2022-06-30"", ""2022-07-01""]",36000000000000,67799036000000,1,7.0,7.0,4.0
RTS,2022-07-05,included,,"[""2022-06-06"", ""2022-06-07"", ""2022-06-08"", ""2022-06-09"", ""2022-06-10"", ""2022-06-14"", ""2022-06-15"", ""2022-06-16"", ""2022-06-17"", ""2022-06-20"", ""2022-06-21"", ""2022-06-22"", ""2022-06-23"", ""2022-06-24"", ""2022-06-27"", ""2022-06-28"", ""2022-06-29"", ""2022-06-30"", ""2022-07-01"", ""2022-07-04""]",36000000000000,67799000000000,1,6.0,6.0,0.0
RTS,2022-07-06,included,,"[""2022-06-07"", ""2022-06-08"", ""2022-06-09"", ""2022-06-10"", ""2022-06-14"", ""2022-06-15"", ""2022-06-16"", ""2022-06-17"", ""2022-06-20"", ""2022-06-21"", ""2022-06-22"", ""2022-06-23"", ""2022-06-24"", ""2022-06-27"", ""2022-06-28"", ""2022-06-29"", ""2022-06-30"", ""2022-07-01"", ""2022-07-04"", ""2022-07-05""]",36000000000000,67799002000000,1,4.0,4.0,0.0
RTS,2022-07-07,included,,"[""2022-06-08"", ""2022-06-09"", ""2022-06-10"", ""2022-06-14"", ""2022-06-15"", ""2022-06-16"", ""2022-06-17"", ""2022-06-20"", ""2022-06-21"", ""2022-06-22"", ""2022-06-23"", ""2022-06-24"", ""2022-06-27"", ""2022-06-28"", ""2022-06-29"", ""2022-06-30"", ""2022-07-01"", ""2022-07-04"", ""2022-07-05"", ""2022-07-06""]",36000000000000,67798001000000,1,9.0,4.0,0.0
RTS,2022-07-08,included,,"[""2022-06-09"", ""2022-06-10"", ""2022-06-14"", ""2022-06-15"", ""2022-06-16"", ""2022-06-17"", ""2022-06-20"", ""2022-06-21"", ""2022-06-22"", ""2022-06-23"", ""2022-06-24"", ""2022-06-27"", ""2022-06-28"", ""2022-06-29"", ""2022-06-30"", ""2022-07-01"", ""2022-07-04"", ""2022-07-05"", ""2022-07-06"", ""2022-07-07""]",36000000000000,67799004000000,1,5.0,0.0,1.0
RTS,2022-07-11,included,,"[""2022-06-10"", ""2022-06-14"", ""2022-06-15"", ""2022-06-16"", ""2022-06-17"", ""2022-06-20"", ""2022-06-21"", ""2022-06-22"", ""2022-06-23"", ""2022-06-24"", ""2022-06-27"", ""2022-06-28"", ""2022-06-29"", ""2022-06-30"", ""2022-07-01"", ""2022-07-04"", ""2022-07-05"", ""2022-07-06"", ""2022-07-07"", ""2022-07-08""]",36000000000000,67799013000000,1,2.0,1.0,0.0
RTS,2022-07-12,included,,"[""2022-06-14"", ""2022-06-15"", ""2022-06-16"", ""2022-06-17"", ""2022-06-20"", ""2022-06-21"", ""2022-06-22"", ""2022-06-23"", ""2022-06-24"", ""2022-06-27"", ""2022-06-28"", ""2022-06-29"", ""2022-06-30"", ""2022-07-01"", ""2022-07-04"", ""2022-07-05"", ""2022-07-06"", ""2022-07-07"", ""2022-07-08"", ""2022-07-11""]",36000000000000,85798000000000,1,3.0,3.0,0.0
RTS,2022-07-13,included,,"[""2022-06-15"", ""2022-06-16"", ""2022-06-17"", ""2022-06-20"", ""2022-06-21"", ""2022-06-22"", ""2022-06-23"", ""2022-06-24"", ""2022-06-27"", ""2022-06-28"", ""2022-06-29"", ""2022-06-30"", ""2022-07-01"", ""2022-07-04"", ""2022-07-05"", ""2022-07-06"", ""2022-07-07"", ""2022-07-08"", ""2022-07-11"", ""2022-07-12""]",36000000000000,85798009000000,1,8.0,7.0,2.0
RTS,2022-07-14,included,,"[""2022-06-16"", ""2022-06-17"", ""2022-06-20"", ""2022-06-21"", ""2022-06-22"", ""2022-06-23"", ""2022-06-24"", ""2022-06-27"", ""2022-06-28"", ""2022-06-29"", ""2022-06-30"", ""2022-07-01"", ""2022-07-04"", ""2022-07-05"", ""2022-07-06"", ""2022-07-07"", ""2022-07-08"", ""2022-07-11"", ""2022-07-12"", ""2022-07-13""]",36000000000000,85799003000000,1,3.0,2.0,0.0
RTS,2022-07-15,included,,"[""2022-06-17"", ""2022-06-20"", ""2022-06-21"", ""2022-06-22"", ""2022-06-23"", ""2022-06-24"", ""2022-06-27"", ""2022-06-28"", ""2022-06-29"", ""2022-06-30"", ""2022-07-01"", ""2022-07-04"", ""2022-07-05"", ""2022-07-06"", ""2022-07-07"", ""2022-07-08"", ""2022-07-11"", ""2022-07-12"", ""2022-07-13"", ""2022-07-14""]",36000000000000,85797000000000,1,5.0,5.0,0.0
RTS,2022-07-18,included,,"[""2022-06-20"", ""2022-06-21"", ""2022-06-22"", ""2022-06-23"", ""2022-06-24"", ""2022-06-27"", ""2022-06-28"", ""2022-06-29"", ""2022-06-30"", ""2022-07-01"", ""2022-07-04"", ""2022-07-05"", ""2022-07-06"", ""2022-07-07"", ""2022-07-08"", ""2022-07-11"", ""2022-07-12"", ""2022-07-13"", ""2022-07-14"", ""2022-07-15""]",36000000000000,85798002000000,1,9.0,4.0,2.0
RTS,2022-07-19,included,,"[""2022-06-21"", ""2022-06-22"", ""2022-06-23"", ""2022-06-24"", ""2022-06-27"", ""2022-06-28"", ""2022-06-29"", ""2022-06-30"", ""2022-07-01"", ""2022-07-04"", ""2022-07-05"", ""2022-07-06"", ""2022-07-07"", ""2022-07-08"", ""2022-07-11"", ""2022-07-12"", ""2022-07-13"", ""2022-07-14"", ""2022-07-15"", ""2022-07-18""]",36000000000000,85798004000000,1,9.0,0.0,0.0
RTS,2022-07-20,included,,"[""2022-06-22"", ""2022-06-23"", ""2022-06-24"", ""2022-06-27"", ""2022-06-28"", ""2022-06-29"", ""2022-06-30"", ""2022-07-01"", ""2022-07-04"", ""2022-07-05"", ""2022-07-06"", ""2022-07-07"", ""2022-07-08"", ""2022-07-11"", ""2022-07-12"", ""2022-07-13"", ""2022-07-14"", ""2022-07-15"", ""2022-07-18"", ""2022-07-19""]",36000000000000,85799000000000,1,3.0,1.0,1.0
RTS,2022-07-21,included,,"[""2022-06-23"", ""2022-06-24"", ""2022-06-27"", ""2022-06-28"", ""2022-06-29"", ""2022-06-30"", ""2022-07-01"", ""2022-07-04"", ""2022-07-05"", ""2022-07-06"", ""2022-07-07"", ""2022-07-08"", ""2022-07-11"", ""2022-07-12"", ""2022-07-13"", ""2022-07-14"", ""2022-07-15"", ""2022-07-18"", ""2022-07-19"", ""2022-07-20""]",36000000000000,85798002000000,1,2.0,1.0,1.0
RTS,2022-07-22,included,,"[""2022-06-24"", ""2022-06-27"", ""2022-06-28"", ""2022-06-29"", ""2022-06-30"", ""2022-07-01"", ""2022-07-04"", ""2022-07-05"", ""2022-07-06"", ""2022-07-07"", ""2022-07-08"", ""2022-07-11"", ""2022-07-12"", ""2022-07-13"", ""2022-07-14"", ""2022-07-15"", ""2022-07-18"", ""2022-07-19"", ""2022-07-20"", ""2022-07-21""]",36000000000000,85796006000000,1,7.0,1.0,0.0
RTS,2022-07-25,included,,"[""2022-06-27"", ""2022-06-28"", ""2022-06-29"", ""2022-06-30"", ""2022-07-01"", ""2022-07-04"", ""2022-07-05"", ""2022-07-06"", ""2022-07-07"", ""2022-07-08"", ""2022-07-11"", ""2022-07-12"", ""2022-07-13"", ""2022-07-14"", ""2022-07-15"", ""2022-07-18"", ""2022-07-19"", ""2022-07-20"", ""2022-07-21"", ""2022-07-22""]",36000000000000,85799001000000,1,9.0,0.0,0.0
RTS,2022-07-26,included,,"[""2022-06-28"", ""2022-06-29"", ""2022-06-30"", ""2022-07-01"", ""2022-07-04"", ""2022-07-05"", ""2022-07-06"", ""2022-07-07"", ""2022-07-08"", ""2022-07-11"", ""2022-07-12"", ""2022-07-13"", ""2022-07-14"", ""2022-07-15"", ""2022-07-18"", ""2022-07-19"", ""2022-07-20"", ""2022-07-21"", ""2022-07-22"", ""2022-07-25""]",36000000000000,85799000000000,1,10.0,0.0,0.0
RTS,2022-07-27,included,,"[""2022-06-29"", ""2022-06-30"", ""2022-07-01"", ""2022-07-04"", ""2022-07-05"", ""2022-07-06"", ""2022-07-07"", ""2022-07-08"", ""2022-07-11"", ""2022-07-12"", ""2022-07-13"", ""2022-07-14"", ""2022-07-15"", ""2022-07-18"", ""2022-07-19"", ""2022-07-20"", ""2022-07-21"", ""2022-07-22"", ""2022-07-25"", ""2022-07-26""]",36000000000000,85799000000000,1,3.0,0.0,1.0
RTS,2022-07-28,included,,"[""2022-06-30"", ""2022-07-01"", ""2022-07-04"", ""2022-07-05"", ""2022-07-06"", ""2022-07-07"", ""2022-07-08"", ""2022-07-11"", ""2022-07-12"", ""2022-07-13"", ""2022-07-14"", ""2022-07-15"", ""2022-07-18"", ""2022-07-19"", ""2022-07-20"", ""2022-07-21"", ""2022-07-22"", ""2022-07-25"", ""2022-07-26"", ""2022-07-27""]",36000000000000,85799000000000,1,2.0,1.0,0.0
RTS,2022-07-29,included,,"[""2022-07-01"", ""2022-07-04"", ""2022-07-05"", ""2022-07-06"", ""2022-07-07"", ""2022-07-08"", ""2022-07-11"", ""2022-07-12"", ""2022-07-13"", ""2022-07-14"", ""2022-07-15"", ""2022-07-18"", ""2022-07-19"", ""2022-07-20"", ""2022-07-21"", ""2022-07-22"", ""2022-07-25"", ""2022-07-26"", ""2022-07-27"", ""2022-07-28""]",36000000000000,85797003000000,1,9.0,2.0,1.0
RTS,2022-08-01,included,,"[""2022-07-04"", ""2022-07-05"", ""2022-07-06"", ""2022-07-07"", ""2022-07-08"", ""2022-07-11"", ""2022-07-12"", ""2022-07-13"", ""2022-07-14"", ""2022-07-15"", ""2022-07-18"", ""2022-07-19"", ""2022-07-20"", ""2022-07-21"", ""2022-07-22"", ""2022-07-25"", ""2022-07-26"", ""2022-07-27"", ""2022-07-28"", ""2022-07-29""]",36000000000000,85798002000000,1,1.0,0.0,0.0
RTS,2022-08-02,included,,"[""2022-07-05"", ""2022-07-06"", ""2022-07-07"", ""2022-07-08"", ""2022-07-11"", ""2022-07-12"", ""2022-07-13"", ""2022-07-14"", ""2022-07-15"", ""2022-07-18"", ""2022-07-19"", ""2022-07-20"", ""2022-07-21"", ""2022-07-22"", ""2022-07-25"", ""2022-07-26"", ""2022-07-27"", ""2022-07-28"", ""2022-07-29"", ""2022-08-01""]",36000000000000,85799000000000,1,12.0,6.0,1.0
RTS,2022-08-03,included,,"[""2022-07-06"", ""2022-07-07"", ""2022-07-08"", ""2022-07-11"", ""2022-07-12"", ""2022-07-13"", ""2022-07-14"", ""2022-07-15"", ""2022-07-18"", ""2022-07-19"", ""2022-07-20"", ""2022-07-21"", ""2022-07-22"", ""2022-07-25"", ""2022-07-26"", ""2022-07-27"", ""2022-07-28"", ""2022-07-29"", ""2022-08-01"", ""2022-08-02""]",36000000000000,85799000000000,1,4.0,1.0,0.0
RTS,2022-08-04,included,,"[""2022-07-07"", ""2022-07-08"", ""2022-07-11"", ""2022-07-12"", ""2022-07-13"", ""2022-07-14"", ""2022-07-15"", ""2022-07-18"", ""2022-07-19"", ""2022-07-20"", ""2022-07-21"", ""2022-07-22"", ""2022-07-25"", ""2022-07-26"", ""2022-07-27"", ""2022-07-28"", ""2022-07-29"", ""2022-08-01"", ""2022-08-02"", ""2022-08-03""]",36000000000000,85798002000000,1,5.0,0.0,2.0
RTS,2022-08-05,included,,"[""2022-07-08"", ""2022-07-11"", ""2022-07-12"", ""2022-07-13"", ""2022-07-14"", ""2022-07-15"", ""2022-07-18"", ""2022-07-19"", ""2022-07-20"", ""2022-07-21"", ""2022-07-22"", ""2022-07-25"", ""2022-07-26"", ""2022-07-27"", ""2022-07-28"", ""2022-07-29"", ""2022-08-01"", ""2022-08-02"", ""2022-08-03"", ""2022-08-04""]",36000000000000,85799002000000,1,3.0,0.0,1.0
RTS,2022-08-08,included,,"[""2022-07-11"", ""2022-07-12"", ""2022-07-13"", ""2022-07-14"", ""2022-07-15"", ""2022-07-18"", ""2022-07-19"", ""2022-07-20"", ""2022-07-21"", ""2022-07-22"", ""2022-07-25"", ""2022-07-26"", ""2022-07-27"", ""2022-07-28"", ""2022-07-29"", ""2022-08-01"", ""2022-08-02"", ""2022-08-03"", ""2022-08-04"", ""2022-08-05""]",36000000000000,85799003000000,1,1.0,1.0,0.0
RTS,2022-08-09,included,,"[""2022-07-12"", ""2022-07-13"", ""2022-07-14"", ""2022-07-15"", ""2022-07-18"", ""2022-07-19"", ""2022-07-20"", ""2022-07-21"", ""2022-07-22"", ""2022-07-25"", ""2022-07-26"", ""2022-07-27"", ""2022-07-28"", ""2022-07-29"", ""2022-08-01"", ""2022-08-02"", ""2022-08-03"", ""2022-08-04"", ""2022-08-05"", ""2022-08-08""]",36000000000000,85799003000000,1,6.0,0.0,0.0
RTS,2022-08-10,included,,"[""2022-07-13"", ""2022-07-14"", ""2022-07-15"", ""2022-07-18"", ""2022-07-19"", ""2022-07-20"", ""2022-07-21"", ""2022-07-22"", ""2022-07-25"", ""2022-07-26"", ""2022-07-27"", ""2022-07-28"", ""2022-07-29"", ""2022-08-01"", ""2022-08-02"", ""2022-08-03"", ""2022-08-04"", ""2022-08-05"", ""2022-08-08"", ""2022-08-09""]",36000000000000,85799001000000,1,8.0,3.0,0.0
RTS,2022-08-11,included,,"[""2022-07-14"", ""2022-07-15"", ""2022-07-18"", ""2022-07-19"", ""2022-07-20"", ""2022-07-21"", ""2022-07-22"", ""2022-07-25"", ""2022-07-26"", ""2022-07-27"", ""2022-07-28"", ""2022-07-29"", ""2022-08-01"", ""2022-08-02"", ""2022-08-03"", ""2022-08-04"", ""2022-08-05"", ""2022-08-08"", ""2022-08-09"", ""2022-08-10""]",36000000000000,85799015000000,1,9.0,2.0,0.0
RTS,2022-08-12,included,,"[""2022-07-15"", ""2022-07-18"", ""2022-07-19"", ""2022-07-20"", ""2022-07-21"", ""2022-07-22"", ""2022-07-25"", ""2022-07-26"", ""2022-07-27"", ""2022-07-28"", ""2022-07-29"", ""2022-08-01"", ""2022-08-02"", ""2022-08-03"", ""2022-08-04"", ""2022-08-05"", ""2022-08-08"", ""2022-08-09"", ""2022-08-10"", ""2022-08-11""]",36000000000000,85797000000000,1,2.0,0.0,1.0
RTS,2022-08-15,included,,"[""2022-07-18"", ""2022-07-19"", ""2022-07-20"", ""2022-07-21"", ""2022-07-22"", ""2022-07-25"", ""2022-07-26"", ""2022-07-27"", ""2022-07-28"", ""2022-07-29"", ""2022-08-01"", ""2022-08-02"", ""2022-08-03"", ""2022-08-04"", ""2022-08-05"", ""2022-08-08"", ""2022-08-09"", ""2022-08-10"", ""2022-08-11"", ""2022-08-12""]",36000000000000,85799002000000,1,2.0,2.0,0.0
RTS,2022-08-16,included,,"[""2022-07-19"", ""2022-07-20"", ""2022-07-21"", ""2022-07-22"", ""2022-07-25"", ""2022-07-26"", ""2022-07-27"", ""2022-07-28"", ""2022-07-29"", ""2022-08-01"", ""2022-08-02"", ""2022-08-03"", ""2022-08-04"", ""2022-08-05"", ""2022-08-08"", ""2022-08-09"", ""2022-08-10"", ""2022-08-11"", ""2022-08-12"", ""2022-08-15""]",36000000000000,85799000000000,1,2.0,0.0,0.0
RTS,2022-08-17,included,,"[""2022-07-20"", ""2022-07-21"", ""2022-07-22"", ""2022-07-25"", ""2022-07-26"", ""2022-07-27"", ""2022-07-28"", ""2022-07-29"", ""2022-08-01"", ""2022-08-02"", ""2022-08-03"", ""2022-08-04"", ""2022-08-05"", ""2022-08-08"", ""2022-08-09"", ""2022-08-10"", ""2022-08-11"", ""2022-08-12"", ""2022-08-15"", ""2022-08-16""]",36000000000000,85799025000000,1,8.0,8.0,0.0
RTS,2022-08-18,included,,"[""2022-07-21"", ""2022-07-22"", ""2022-07-25"", ""2022-07-26"", ""2022-07-27"", ""2022-07-28"", ""2022-07-29"", ""2022-08-01"", ""2022-08-02"", ""2022-08-03"", ""2022-08-04"", ""2022-08-05"", ""2022-08-08"", ""2022-08-09"", ""2022-08-10"", ""2022-08-11"", ""2022-08-12"", ""2022-08-15"", ""2022-08-16"", ""2022-08-17""]",36000000000000,85799000000000,1,13.0,12.0,0.0
RTS,2022-08-19,included,,"[""2022-07-22"", ""2022-07-25"", ""2022-07-26"", ""2022-07-27"", ""2022-07-28"", ""2022-07-29"", ""2022-08-01"", ""2022-08-02"", ""2022-08-03"", ""2022-08-04"", ""2022-08-05"", ""2022-08-08"", ""2022-08-09"", ""2022-08-10"", ""2022-08-11"", ""2022-08-12"", ""2022-08-15"", ""2022-08-16"", ""2022-08-17"", ""2022-08-18""]",36000000000000,85797002000000,1,4.0,1.0,0.0
RTS,2022-08-22,included,,"[""2022-07-25"", ""2022-07-26"", ""2022-07-27"", ""2022-07-28"", ""2022-07-29"", ""2022-08-01"", ""2022-08-02"", ""2022-08-03"", ""2022-08-04"", ""2022-08-05"", ""2022-08-08"", ""2022-08-09"", ""2022-08-10"", ""2022-08-11"", ""2022-08-12"", ""2022-08-15"", ""2022-08-16"", ""2022-08-17"", ""2022-08-18"", ""2022-08-19""]",36000000000000,85799002000000,1,5.0,5.0,0.0
RTS,2022-08-23,included,,"[""2022-07-26"", ""2022-07-27"", ""2022-07-28"", ""2022-07-29"", ""2022-08-01"", ""2022-08-02"", ""2022-08-03"", ""2022-08-04"", ""2022-08-05"", ""2022-08-08"", ""2022-08-09"", ""2022-08-10"", ""2022-08-11"", ""2022-08-12"", ""2022-08-15"", ""2022-08-16"", ""2022-08-17"", ""2022-08-18"", ""2022-08-19"", ""2022-08-22""]",36000000000000,85794006000000,1,6.0,1.0,0.0
RTS,2022-08-24,included,,"[""2022-07-27"", ""2022-07-28"", ""2022-07-29"", ""2022-08-01"", ""2022-08-02"", ""2022-08-03"", ""2022-08-04"", ""2022-08-05"", ""2022-08-08"", ""2022-08-09"", ""2022-08-10"", ""2022-08-11"", ""2022-08-12"", ""2022-08-15"", ""2022-08-16"", ""2022-08-17"", ""2022-08-18"", ""2022-08-19"", ""2022-08-22"", ""2022-08-23""]",36000000000000,85786001000000,1,9.0,0.0,0.0
RTS,2022-08-25,included,,"[""2022-07-28"", ""2022-07-29"", ""2022-08-01"", ""2022-08-02"", ""2022-08-03"", ""2022-08-04"", ""2022-08-05"", ""2022-08-08"", ""2022-08-09"", ""2022-08-10"", ""2022-08-11"", ""2022-08-12"", ""2022-08-15"", ""2022-08-16"", ""2022-08-17"", ""2022-08-18"", ""2022-08-19"", ""2022-08-22"", ""2022-08-23"", ""2022-08-24""]",36000000000000,85799000000000,1,3.0,1.0,0.0
RTS,2022-08-26,included,,"[""2022-07-29"", ""2022-08-01"", ""2022-08-02"", ""2022-08-03"", ""2022-08-04"", ""2022-08-05"", ""2022-08-08"", ""2022-08-09"", ""2022-08-10"", ""2022-08-11"", ""2022-08-12"", ""2022-08-15"", ""2022-08-16"", ""2022-08-17"", ""2022-08-18"", ""2022-08-19"", ""2022-08-22"", ""2022-08-23"", ""2022-08-24"", ""2022-08-25""]",36000000000000,85799009000000,1,6.0,0.0,0.0
RTS,2022-08-29,included,,"[""2022-08-01"", ""2022-08-02"", ""2022-08-03"", ""2022-08-04"", ""2022-08-05"", ""2022-08-08"", ""2022-08-09"", ""2022-08-10"", ""2022-08-11"", ""2022-08-12"", ""2022-08-15"", ""2022-08-16"", ""2022-08-17"", ""2022-08-18"", ""2022-08-19"", ""2022-08-22"", ""2022-08-23"", ""2022-08-24"", ""2022-08-25"", ""2022-08-26""]",36000000000000,85798000000000,1,5.0,2.0,0.0
RTS,2022-08-30,included,,"[""2022-08-02"", ""2022-08-03"", ""2022-08-04"", ""2022-08-05"", ""2022-08-08"", ""2022-08-09"", ""2022-08-10"", ""2022-08-11"", ""2022-08-12"", ""2022-08-15"", ""2022-08-16"", ""2022-08-17"", ""2022-08-18"", ""2022-08-19"", ""2022-08-22"", ""2022-08-23"", ""2022-08-24"", ""2022-08-25"", ""2022-08-26"", ""2022-08-29""]",36000000000000,85798002000000,1,6.0,0.0,0.0
RTS,2022-08-31,included,,"[""2022-08-03"", ""2022-08-04"", ""2022-08-05"", ""2022-08-08"", ""2022-08-09"", ""2022-08-10"", ""2022-08-11"", ""2022-08-12"", ""2022-08-15"", ""2022-08-16"", ""2022-08-17"", ""2022-08-18"", ""2022-08-19"", ""2022-08-22"", ""2022-08-23"", ""2022-08-24"", ""2022-08-25"", ""2022-08-26"", ""2022-08-29"", ""2022-08-30""]",36000000000000,85798008000000,1,6.0,6.0,0.0
RTS,2022-09-01,included,,"[""2022-08-04"", ""2022-08-05"", ""2022-08-08"", ""2022-08-09"", ""2022-08-10"", ""2022-08-11"", ""2022-08-12"", ""2022-08-15"", ""2022-08-16"", ""2022-08-17"", ""2022-08-18"", ""2022-08-19"", ""2022-08-22"", ""2022-08-23"", ""2022-08-24"", ""2022-08-25"", ""2022-08-26"", ""2022-08-29"", ""2022-08-30"", ""2022-08-31""]",36000000000000,85799000000000,1,5.0,2.0,0.0
RTS,2022-09-02,included,,"[""2022-08-05"", ""2022-08-08"", ""2022-08-09"", ""2022-08-10"", ""2022-08-11"", ""2022-08-12"", ""2022-08-15"", ""2022-08-16"", ""2022-08-17"", ""2022-08-18"", ""2022-08-19"", ""2022-08-22"", ""2022-08-23"", ""2022-08-24"", ""2022-08-25"", ""2022-08-26"", ""2022-08-29"", ""2022-08-30"", ""2022-08-31"", ""2022-09-01""]",36000000000000,85798002000000,1,5.0,1.0,0.0
RTS,2022-09-05,included,,"[""2022-08-08"", ""2022-08-09"", ""2022-08-10"", ""2022-08-11"", ""2022-08-12"", ""2022-08-15"", ""2022-08-16"", ""2022-08-17"", ""2022-08-18"", ""2022-08-19"", ""2022-08-22"", ""2022-08-23"", ""2022-08-24"", ""2022-08-25"", ""2022-08-26"", ""2022-08-29"", ""2022-08-30"", ""2022-08-31"", ""2022-09-01"", ""2022-09-02""]",36000000000000,85794004000000,1,3.0,2.0,0.0
RTS,2022-09-06,included,,"[""2022-08-09"", ""2022-08-10"", ""2022-08-11"", ""2022-08-12"", ""2022-08-15"", ""2022-08-16"", ""2022-08-17"", ""2022-08-18"", ""2022-08-19"", ""2022-08-22"", ""2022-08-23"", ""2022-08-24"", ""2022-08-25"", ""2022-08-26"", ""2022-08-29"", ""2022-08-30"", ""2022-08-31"", ""2022-09-01"", ""2022-09-02"", ""2022-09-05""]",36000000000000,85799002000000,1,6.0,2.0,0.0
RTS,2022-09-07,included,,"[""2022-08-10"", ""2022-08-11"", ""2022-08-12"", ""2022-08-15"", ""2022-08-16"", ""2022-08-17"", ""2022-08-18"", ""2022-08-19"", ""2022-08-22"", ""2022-08-23"", ""2022-08-24"", ""2022-08-25"", ""2022-08-26"", ""2022-08-29"", ""2022-08-30"", ""2022-08-31"", ""2022-09-01"", ""2022-09-02"", ""2022-09-05"", ""2022-09-06""]",36000000000000,85799001000000,1,10.0,2.0,0.0
RTS,2022-09-08,included,,"[""2022-08-11"", ""2022-08-12"", ""2022-08-15"", ""2022-08-16"", ""2022-08-17"", ""2022-08-18"", ""2022-08-19"", ""2022-08-22"", ""2022-08-23"", ""2022-08-24"", ""2022-08-25"", ""2022-08-26"", ""2022-08-29"", ""2022-08-30"", ""2022-08-31"", ""2022-09-01"", ""2022-09-02"", ""2022-09-05"", ""2022-09-06"", ""2022-09-07""]",36000000000000,85798000000000,1,7.0,0.0,1.0
RTS,2022-09-09,included,,"[""2022-08-12"", ""2022-08-15"", ""2022-08-16"", ""2022-08-17"", ""2022-08-18"", ""2022-08-19"", ""2022-08-22"", ""2022-08-23"", ""2022-08-24"", ""2022-08-25"", ""2022-08-26"", ""2022-08-29"", ""2022-08-30"", ""2022-08-31"", ""2022-09-01"", ""2022-09-02"", ""2022-09-05"", ""2022-09-06"", ""2022-09-07"", ""2022-09-08""]",36000000000000,85799000000000,1,2.0,0.0,0.0
RTS,2022-09-12,included,,"[""2022-08-15"", ""2022-08-16"", ""2022-08-17"", ""2022-08-18"", ""2022-08-19"", ""2022-08-22"", ""2022-08-23"", ""2022-08-24"", ""2022-08-25"", ""2022-08-26"", ""2022-08-29"", ""2022-08-30"", ""2022-08-31"", ""2022-09-01"", ""2022-09-02"", ""2022-09-05"", ""2022-09-06"", ""2022-09-07"", ""2022-09-08"", ""2022-09-09""]",32400000000000,85797000000000,1,6.0,0.0,1.0
RTS,2022-09-13,included,,"[""2022-08-16"", ""2022-08-17"", ""2022-08-18"", ""2022-08-19"", ""2022-08-22"", ""2022-08-23"", ""2022-08-24"", ""2022-08-25"", ""2022-08-26"", ""2022-08-29"", ""2022-08-30"", ""2022-08-31"", ""2022-09-01"", ""2022-09-02"", ""2022-09-05"", ""2022-09-06"", ""2022-09-07"", ""2022-09-08"", ""2022-09-09"", ""2022-09-12""]",32400000000000,85799007000000,1,5.0,0.0,7.0
RTS,2022-09-14,included,,"[""2022-08-17"", ""2022-08-18"", ""2022-08-19"", ""2022-08-22"", ""2022-08-23"", ""2022-08-24"", ""2022-08-25"", ""2022-08-26"", ""2022-08-29"", ""2022-08-30"", ""2022-08-31"", ""2022-09-01"", ""2022-09-02"", ""2022-09-05"", ""2022-09-06"", ""2022-09-07"", ""2022-09-08"", ""2022-09-09"", ""2022-09-12"", ""2022-09-13""]",32400000000000,85799000000000,1,11.0,0.0,1.0
RTS,2022-09-15,included,,"[""2022-08-18"", ""2022-08-19"", ""2022-08-22"", ""2022-08-23"", ""2022-08-24"", ""2022-08-25"", ""2022-08-26"", ""2022-08-29"", ""2022-08-30"", ""2022-08-31"", ""2022-09-01"", ""2022-09-02"", ""2022-09-05"", ""2022-09-06"", ""2022-09-07"", ""2022-09-08"", ""2022-09-09"", ""2022-09-12"", ""2022-09-13"", ""2022-09-14""]",32402000000000,85798000000000,1,5.0,0.0,0.0
RTS,2022-09-16,included,,"[""2022-08-19"", ""2022-08-22"", ""2022-08-23"", ""2022-08-24"", ""2022-08-25"", ""2022-08-26"", ""2022-08-29"", ""2022-08-30"", ""2022-08-31"", ""2022-09-01"", ""2022-09-02"", ""2022-09-05"", ""2022-09-06"", ""2022-09-07"", ""2022-09-08"", ""2022-09-09"", ""2022-09-12"", ""2022-09-13"", ""2022-09-14"", ""2022-09-15""]",32400000000000,85799000000000,1,5.0,1.0,0.0
RTS,2022-09-19,included,,"[""2022-08-22"", ""2022-08-23"", ""2022-08-24"", ""2022-08-25"", ""2022-08-26"", ""2022-08-29"", ""2022-08-30"", ""2022-08-31"", ""2022-09-01"", ""2022-09-02"", ""2022-09-05"", ""2022-09-06"", ""2022-09-07"", ""2022-09-08"", ""2022-09-09"", ""2022-09-12"", ""2022-09-13"", ""2022-09-14"", ""2022-09-15"", ""2022-09-16""]",32402000000000,85798000000000,1,10.0,1.0,2.0
RTS,2022-09-20,included,,"[""2022-08-23"", ""2022-08-24"", ""2022-08-25"", ""2022-08-26"", ""2022-08-29"", ""2022-08-30"", ""2022-08-31"", ""2022-09-01"", ""2022-09-02"", ""2022-09-05"", ""2022-09-06"", ""2022-09-07"", ""2022-09-08"", ""2022-09-09"", ""2022-09-12"", ""2022-09-13"", ""2022-09-14"", ""2022-09-15"", ""2022-09-16"", ""2022-09-19""]",32400000000000,85797006000000,1,2.0,0.0,0.0
RTS,2022-09-21,included,,"[""2022-08-24"", ""2022-08-25"", ""2022-08-26"", ""2022-08-29"", ""2022-08-30"", ""2022-08-31"", ""2022-09-01"", ""2022-09-02"", ""2022-09-05"", ""2022-09-06"", ""2022-09-07"", ""2022-09-08"", ""2022-09-09"", ""2022-09-12"", ""2022-09-13"", ""2022-09-14"", ""2022-09-15"", ""2022-09-16"", ""2022-09-19"", ""2022-09-20""]",32400000000000,85799000000000,1,8.0,8.0,1.0
RTS,2022-09-22,included,,"[""2022-08-25"", ""2022-08-26"", ""2022-08-29"", ""2022-08-30"", ""2022-08-31"", ""2022-09-01"", ""2022-09-02"", ""2022-09-05"", ""2022-09-06"", ""2022-09-07"", ""2022-09-08"", ""2022-09-09"", ""2022-09-12"", ""2022-09-13"", ""2022-09-14"", ""2022-09-15"", ""2022-09-16"", ""2022-09-19"", ""2022-09-20"", ""2022-09-21""]",32400000000000,85797004000000,1,7.0,7.0,0.0
RTS,2022-09-23,included,,"[""2022-08-26"", ""2022-08-29"", ""2022-08-30"", ""2022-08-31"", ""2022-09-01"", ""2022-09-02"", ""2022-09-05"", ""2022-09-06"", ""2022-09-07"", ""2022-09-08"", ""2022-09-09"", ""2022-09-12"", ""2022-09-13"", ""2022-09-14"", ""2022-09-15"", ""2022-09-16"", ""2022-09-19"", ""2022-09-20"", ""2022-09-21"", ""2022-09-22""]",32400000000000,85798003000000,1,6.0,6.0,0.0
RTS,2022-09-26,included,,"[""2022-08-29"", ""2022-08-30"", ""2022-08-31"", ""2022-09-01"", ""2022-09-02"", ""2022-09-05"", ""2022-09-06"", ""2022-09-07"", ""2022-09-08"", ""2022-09-09"", ""2022-09-12"", ""2022-09-13"", ""2022-09-14"", ""2022-09-15"", ""2022-09-16"", ""2022-09-19"", ""2022-09-20"", ""2022-09-21"", ""2022-09-22"", ""2022-09-23""]",32400000000000,85799003000000,1,4.0,4.0,1.0
RTS,2022-09-27,included,,"[""2022-08-30"", ""2022-08-31"", ""2022-09-01"", ""2022-09-02"", ""2022-09-05"", ""2022-09-06"", ""2022-09-07"", ""2022-09-08"", ""2022-09-09"", ""2022-09-12"", ""2022-09-13"", ""2022-09-14"", ""2022-09-15"", ""2022-09-16"", ""2022-09-19"", ""2022-09-20"", ""2022-09-21"", ""2022-09-22"", ""2022-09-23"", ""2022-09-26""]",32400000000000,85797003000000,1,2.0,2.0,1.0
RTS,2022-09-28,included,,"[""2022-08-31"", ""2022-09-01"", ""2022-09-02"", ""2022-09-05"", ""2022-09-06"", ""2022-09-07"", ""2022-09-08"", ""2022-09-09"", ""2022-09-12"", ""2022-09-13"", ""2022-09-14"", ""2022-09-15"", ""2022-09-16"", ""2022-09-19"", ""2022-09-20"", ""2022-09-21"", ""2022-09-22"", ""2022-09-23"", ""2022-09-26"", ""2022-09-27""]",32400000000000,85798001000000,1,5.0,5.0,3.0
RTS,2022-09-29,included,,"[""2022-09-01"", ""2022-09-02"", ""2022-09-05"", ""2022-09-06"", ""2022-09-07"", ""2022-09-08"", ""2022-09-09"", ""2022-09-12"", ""2022-09-13"", ""2022-09-14"", ""2022-09-15"", ""2022-09-16"", ""2022-09-19"", ""2022-09-20"", ""2022-09-21"", ""2022-09-22"", ""2022-09-23"", ""2022-09-26"", ""2022-09-27"", ""2022-09-28""]",32400000000000,85798000000000,1,6.0,6.0,1.0
RTS,2022-09-30,included,,"[""2022-09-02"", ""2022-09-05"", ""2022-09-06"", ""2022-09-07"", ""2022-09-08"", ""2022-09-09"", ""2022-09-12"", ""2022-09-13"", ""2022-09-14"", ""2022-09-15"", ""2022-09-16"", ""2022-09-19"", ""2022-09-20"", ""2022-09-21"", ""2022-09-22"", ""2022-09-23"", ""2022-09-26"", ""2022-09-27"", ""2022-09-28"", ""2022-09-29""]",32400000000000,85795003000000,1,3.0,3.0,4.0
RTS,2022-10-03,included,,"[""2022-09-05"", ""2022-09-06"", ""2022-09-07"", ""2022-09-08"", ""2022-09-09"", ""2022-09-12"", ""2022-09-13"", ""2022-09-14"", ""2022-09-15"", ""2022-09-16"", ""2022-09-19"", ""2022-09-20"", ""2022-09-21"", ""2022-09-22"", ""2022-09-23"", ""2022-09-26"", ""2022-09-27"", ""2022-09-28"", ""2022-09-29"", ""2022-09-30""]",32400000000000,85797001000000,1,6.0,6.0,3.0
RTS,2022-10-04,included,,"[""2022-09-06"", ""2022-09-07"", ""2022-09-08"", ""2022-09-09"", ""2022-09-12"", ""2022-09-13"", ""2022-09-14"", ""2022-09-15"", ""2022-09-16"", ""2022-09-19"", ""2022-09-20"", ""2022-09-21"", ""2022-09-22"", ""2022-09-23"", ""2022-09-26"", ""2022-09-27"", ""2022-09-28"", ""2022-09-29"", ""2022-09-30"", ""2022-10-03""]",32400000000000,85799001000000,1,8.0,5.0,0.0
RTS,2022-10-05,included,,"[""2022-09-07"", ""2022-09-08"", ""2022-09-09"", ""2022-09-12"", ""2022-09-13"", ""2022-09-14"", ""2022-09-15"", ""2022-09-16"", ""2022-09-19"", ""2022-09-20"", ""2022-09-21"", ""2022-09-22"", ""2022-09-23"", ""2022-09-26"", ""2022-09-27"", ""2022-09-28"", ""2022-09-29"", ""2022-09-30"", ""2022-10-03"", ""2022-10-04""]",32400000000000,85798000000000,1,6.0,6.0,9.0
RTS,2022-10-06,included,,"[""2022-09-08"", ""2022-09-09"", ""2022-09-12"", ""2022-09-13"", ""2022-09-14"", ""2022-09-15"", ""2022-09-16"", ""2022-09-19"", ""2022-09-20"", ""2022-09-21"", ""2022-09-22"", ""2022-09-23"", ""2022-09-26"", ""2022-09-27"", ""2022-09-28"", ""2022-09-29"", ""2022-09-30"", ""2022-10-03"", ""2022-10-04"", ""2022-10-05""]",32400000000000,85794000000000,1,8.0,1.0,0.0
RTS,2022-10-07,included,,"[""2022-09-09"", ""2022-09-12"", ""2022-09-13"", ""2022-09-14"", ""2022-09-15"", ""2022-09-16"", ""2022-09-19"", ""2022-09-20"", ""2022-09-21"", ""2022-09-22"", ""2022-09-23"", ""2022-09-26"", ""2022-09-27"", ""2022-09-28"", ""2022-09-29"", ""2022-09-30"", ""2022-10-03"", ""2022-10-04"", ""2022-10-05"", ""2022-10-06""]",32400000000000,85798017000000,1,5.0,0.0,1.0
RTS,2022-10-10,included,,"[""2022-09-12"", ""2022-09-13"", ""2022-09-14"", ""2022-09-15"", ""2022-09-16"", ""2022-09-19"", ""2022-09-20"", ""2022-09-21"", ""2022-09-22"", ""2022-09-23"", ""2022-09-26"", ""2022-09-27"", ""2022-09-28"", ""2022-09-29"", ""2022-09-30"", ""2022-10-03"", ""2022-10-04"", ""2022-10-05"", ""2022-10-06"", ""2022-10-07""]",32400000000000,85797001000000,1,5.0,5.0,1.0
RTS,2022-10-11,included,,"[""2022-09-13"", ""2022-09-14"", ""2022-09-15"", ""2022-09-16"", ""2022-09-19"", ""2022-09-20"", ""2022-09-21"", ""2022-09-22"", ""2022-09-23"", ""2022-09-26"", ""2022-09-27"", ""2022-09-28"", ""2022-09-29"", ""2022-09-30"", ""2022-10-03"", ""2022-10-04"", ""2022-10-05"", ""2022-10-06"", ""2022-10-07"", ""2022-10-10""]",32400000000000,85798000000000,1,3.0,0.0,3.0
RTS,2022-10-12,included,,"[""2022-09-14"", ""2022-09-15"", ""2022-09-16"", ""2022-09-19"", ""2022-09-20"", ""2022-09-21"", ""2022-09-22"", ""2022-09-23"", ""2022-09-26"", ""2022-09-27"", ""2022-09-28"", ""2022-09-29"", ""2022-09-30"", ""2022-10-03"", ""2022-10-04"", ""2022-10-05"", ""2022-10-06"", ""2022-10-07"", ""2022-10-10"", ""2022-10-11""]",32400000000000,85795024000000,1,5.0,0.0,7.0
RTS,2022-10-13,included,,"[""2022-09-15"", ""2022-09-16"", ""2022-09-19"", ""2022-09-20"", ""2022-09-21"", ""2022-09-22"", ""2022-09-23"", ""2022-09-26"", ""2022-09-27"", ""2022-09-28"", ""2022-09-29"", ""2022-09-30"", ""2022-10-03"", ""2022-10-04"", ""2022-10-05"", ""2022-10-06"", ""2022-10-07"", ""2022-10-10"", ""2022-10-11"", ""2022-10-12""]",32400000000000,85799002000000,1,6.0,0.0,0.0
RTS,2022-10-14,included,,"[""2022-09-16"", ""2022-09-19"", ""2022-09-20"", ""2022-09-21"", ""2022-09-22"", ""2022-09-23"", ""2022-09-26"", ""2022-09-27"", ""2022-09-28"", ""2022-09-29"", ""2022-09-30"", ""2022-10-03"", ""2022-10-04"", ""2022-10-05"", ""2022-10-06"", ""2022-10-07"", ""2022-10-10"", ""2022-10-11"", ""2022-10-12"", ""2022-10-13""]",32400000000000,85795008000000,1,2.0,0.0,0.0
RTS,2022-10-17,included,,"[""2022-09-19"", ""2022-09-20"", ""2022-09-21"", ""2022-09-22"", ""2022-09-23"", ""2022-09-26"", ""2022-09-27"", ""2022-09-28"", ""2022-09-29"", ""2022-09-30"", ""2022-10-03"", ""2022-10-04"", ""2022-10-05"", ""2022-10-06"", ""2022-10-07"", ""2022-10-10"", ""2022-10-11"", ""2022-10-12"", ""2022-10-13"", ""2022-10-14""]",32400000000000,85797006000000,1,3.0,0.0,1.0
RTS,2022-10-18,included,,"[""2022-09-20"", ""2022-09-21"", ""2022-09-22"", ""2022-09-23"", ""2022-09-26"", ""2022-09-27"", ""2022-09-28"", ""2022-09-29"", ""2022-09-30"", ""2022-10-03"", ""2022-10-04"", ""2022-10-05"", ""2022-10-06"", ""2022-10-07"", ""2022-10-10"", ""2022-10-11"", ""2022-10-12"", ""2022-10-13"", ""2022-10-14"", ""2022-10-17""]",32400000000000,85798003000000,1,6.0,0.0,5.0
RTS,2022-10-19,included,,"[""2022-09-21"", ""2022-09-22"", ""2022-09-23"", ""2022-09-26"", ""2022-09-27"", ""2022-09-28"", ""2022-09-29"", ""2022-09-30"", ""2022-10-03"", ""2022-10-04"", ""2022-10-05"", ""2022-10-06"", ""2022-10-07"", ""2022-10-10"", ""2022-10-11"", ""2022-10-12"", ""2022-10-13"", ""2022-10-14"", ""2022-10-17"", ""2022-10-18""]",32400000000000,85798006000000,1,6.0,2.0,3.0
RTS,2022-10-20,included,,"[""2022-09-22"", ""2022-09-23"", ""2022-09-26"", ""2022-09-27"", ""2022-09-28"", ""2022-09-29"", ""2022-09-30"", ""2022-10-03"", ""2022-10-04"", ""2022-10-05"", ""2022-10-06"", ""2022-10-07"", ""2022-10-10"", ""2022-10-11"", ""2022-10-12"", ""2022-10-13"", ""2022-10-14"", ""2022-10-17"", ""2022-10-18"", ""2022-10-19""]",32400000000000,85798004000000,1,12.0,0.0,0.0
RTS,2022-10-21,included,,"[""2022-09-23"", ""2022-09-26"", ""2022-09-27"", ""2022-09-28"", ""2022-09-29"", ""2022-09-30"", ""2022-10-03"", ""2022-10-04"", ""2022-10-05"", ""2022-10-06"", ""2022-10-07"", ""2022-10-10"", ""2022-10-11"", ""2022-10-12"", ""2022-10-13"", ""2022-10-14"", ""2022-10-17"", ""2022-10-18"", ""2022-10-19"", ""2022-10-20""]",32400000000000,85799000000000,1,7.0,0.0,2.0
RTS,2022-10-24,included,,"[""2022-09-26"", ""2022-09-27"", ""2022-09-28"", ""2022-09-29"", ""2022-09-30"", ""2022-10-03"", ""2022-10-04"", ""2022-10-05"", ""2022-10-06"", ""2022-10-07"", ""2022-10-10"", ""2022-10-11"", ""2022-10-12"", ""2022-10-13"", ""2022-10-14"", ""2022-10-17"", ""2022-10-18"", ""2022-10-19"", ""2022-10-20"", ""2022-10-21""]",32400000000000,85798002000000,1,9.0,3.0,1.0
RTS,2022-10-25,included,,"[""2022-09-27"", ""2022-09-28"", ""2022-09-29"", ""2022-09-30"", ""2022-10-03"", ""2022-10-04"", ""2022-10-05"", ""2022-10-06"", ""2022-10-07"", ""2022-10-10"", ""2022-10-11"", ""2022-10-12"", ""2022-10-13"", ""2022-10-14"", ""2022-10-17"", ""2022-10-18"", ""2022-10-19"", ""2022-10-20"", ""2022-10-21"", ""2022-10-24""]",32400000000000,85798000000000,1,8.0,0.0,7.0
RTS,2022-10-26,included,,"[""2022-09-28"", ""2022-09-29"", ""2022-09-30"", ""2022-10-03"", ""2022-10-04"", ""2022-10-05"", ""2022-10-06"", ""2022-10-07"", ""2022-10-10"", ""2022-10-11"", ""2022-10-12"", ""2022-10-13"", ""2022-10-14"", ""2022-10-17"", ""2022-10-18"", ""2022-10-19"", ""2022-10-20"", ""2022-10-21"", ""2022-10-24"", ""2022-10-25""]",32401000000000,85797002000000,1,12.0,0.0,3.0
RTS,2022-10-27,included,,"[""2022-09-29"", ""2022-09-30"", ""2022-10-03"", ""2022-10-04"", ""2022-10-05"", ""2022-10-06"", ""2022-10-07"", ""2022-10-10"", ""2022-10-11"", ""2022-10-12"", ""2022-10-13"", ""2022-10-14"", ""2022-10-17"", ""2022-10-18"", ""2022-10-19"", ""2022-10-20"", ""2022-10-21"", ""2022-10-24"", ""2022-10-25"", ""2022-10-26""]",32401000000000,85799007000000,1,10.0,0.0,0.0
RTS,2022-10-28,included,,"[""2022-09-30"", ""2022-10-03"", ""2022-10-04"", ""2022-10-05"", ""2022-10-06"", ""2022-10-07"", ""2022-10-10"", ""2022-10-11"", ""2022-10-12"", ""2022-10-13"", ""2022-10-14"", ""2022-10-17"", ""2022-10-18"", ""2022-10-19"", ""2022-10-20"", ""2022-10-21"", ""2022-10-24"", ""2022-10-25"", ""2022-10-26"", ""2022-10-27""]",32400000000000,85799007000000,1,3.0,0.0,0.0
RTS,2022-10-31,included,,"[""2022-10-03"", ""2022-10-04"", ""2022-10-05"", ""2022-10-06"", ""2022-10-07"", ""2022-10-10"", ""2022-10-11"", ""2022-10-12"", ""2022-10-13"", ""2022-10-14"", ""2022-10-17"", ""2022-10-18"", ""2022-10-19"", ""2022-10-20"", ""2022-10-21"", ""2022-10-24"", ""2022-10-25"", ""2022-10-26"", ""2022-10-27"", ""2022-10-28""]",32400000000000,85797000000000,1,8.0,0.0,1.0
RTS,2022-11-01,included,,"[""2022-10-04"", ""2022-10-05"", ""2022-10-06"", ""2022-10-07"", ""2022-10-10"", ""2022-10-11"", ""2022-10-12"", ""2022-10-13"", ""2022-10-14"", ""2022-10-17"", ""2022-10-18"", ""2022-10-19"", ""2022-10-20"", ""2022-10-21"", ""2022-10-24"", ""2022-10-25"", ""2022-10-26"", ""2022-10-27"", ""2022-10-28"", ""2022-10-31""]",32400000000000,85799000000000,1,4.0,0.0,3.0
RTS,2022-11-02,included,,"[""2022-10-05"", ""2022-10-06"", ""2022-10-07"", ""2022-10-10"", ""2022-10-11"", ""2022-10-12"", ""2022-10-13"", ""2022-10-14"", ""2022-10-17"", ""2022-10-18"", ""2022-10-19"", ""2022-10-20"", ""2022-10-21"", ""2022-10-24"", ""2022-10-25"", ""2022-10-26"", ""2022-10-27"", ""2022-10-28"", ""2022-10-31"", ""2022-11-01""]",32400000000000,85799008000000,1,7.0,0.0,0.0
RTS,2022-11-03,included,,"[""2022-10-06"", ""2022-10-07"", ""2022-10-10"", ""2022-10-11"", ""2022-10-12"", ""2022-10-13"", ""2022-10-14"", ""2022-10-17"", ""2022-10-18"", ""2022-10-19"", ""2022-10-20"", ""2022-10-21"", ""2022-10-24"", ""2022-10-25"", ""2022-10-26"", ""2022-10-27"", ""2022-10-28"", ""2022-10-31"", ""2022-11-01"", ""2022-11-02""]",32400000000000,85798001000000,1,3.0,0.0,0.0
RTS,2022-11-07,included,,"[""2022-10-07"", ""2022-10-10"", ""2022-10-11"", ""2022-10-12"", ""2022-10-13"", ""2022-10-14"", ""2022-10-17"", ""2022-10-18"", ""2022-10-19"", ""2022-10-20"", ""2022-10-21"", ""2022-10-24"", ""2022-10-25"", ""2022-10-26"", ""2022-10-27"", ""2022-10-28"", ""2022-10-31"", ""2022-11-01"", ""2022-11-02"", ""2022-11-03""]",32400000000000,85798000000000,1,5.0,0.0,5.0
RTS,2022-11-08,included,,"[""2022-10-10"", ""2022-10-11"", ""2022-10-12"", ""2022-10-13"", ""2022-10-14"", ""2022-10-17"", ""2022-10-18"", ""2022-10-19"", ""2022-10-20"", ""2022-10-21"", ""2022-10-24"", ""2022-10-25"", ""2022-10-26"", ""2022-10-27"", ""2022-10-28"", ""2022-10-31"", ""2022-11-01"", ""2022-11-02"", ""2022-11-03"", ""2022-11-07""]",32400000000000,85798006000000,1,6.0,2.0,0.0
RTS,2022-11-09,included,,"[""2022-10-11"", ""2022-10-12"", ""2022-10-13"", ""2022-10-14"", ""2022-10-17"", ""2022-10-18"", ""2022-10-19"", ""2022-10-20"", ""2022-10-21"", ""2022-10-24"", ""2022-10-25"", ""2022-10-26"", ""2022-10-27"", ""2022-10-28"", ""2022-10-31"", ""2022-11-01"", ""2022-11-02"", ""2022-11-03"", ""2022-11-07"", ""2022-11-08""]",32400000000000,85799000000000,1,2.0,0.0,0.0
RTS,2022-11-10,included,,"[""2022-10-12"", ""2022-10-13"", ""2022-10-14"", ""2022-10-17"", ""2022-10-18"", ""2022-10-19"", ""2022-10-20"", ""2022-10-21"", ""2022-10-24"", ""2022-10-25"", ""2022-10-26"", ""2022-10-27"", ""2022-10-28"", ""2022-10-31"", ""2022-11-01"", ""2022-11-02"", ""2022-11-03"", ""2022-11-07"", ""2022-11-08"", ""2022-11-09""]",32400000000000,85797005000000,1,8.0,0.0,0.0
RTS,2022-11-11,included,,"[""2022-10-13"", ""2022-10-14"", ""2022-10-17"", ""2022-10-18"", ""2022-10-19"", ""2022-10-20"", ""2022-10-21"", ""2022-10-24"", ""2022-10-25"", ""2022-10-26"", ""2022-10-27"", ""2022-10-28"", ""2022-10-31"", ""2022-11-01"", ""2022-11-02"", ""2022-11-03"", ""2022-11-07"", ""2022-11-08"", ""2022-11-09"", ""2022-11-10""]",32400000000000,85799002000000,1,6.0,1.0,4.0
RTS,2022-11-14,included,,"[""2022-10-14"", ""2022-10-17"", ""2022-10-18"", ""2022-10-19"", ""2022-10-20"", ""2022-10-21"", ""2022-10-24"", ""2022-10-25"", ""2022-10-26"", ""2022-10-27"", ""2022-10-28"", ""2022-10-31"", ""2022-11-01"", ""2022-11-02"", ""2022-11-03"", ""2022-11-07"", ""2022-11-08"", ""2022-11-09"", ""2022-11-10"", ""2022-11-11""]",32400000000000,85797004000000,1,4.0,0.0,1.0
RTS,2022-11-15,included,,"[""2022-10-17"", ""2022-10-18"", ""2022-10-19"", ""2022-10-20"", ""2022-10-21"", ""2022-10-24"", ""2022-10-25"", ""2022-10-26"", ""2022-10-27"", ""2022-10-28"", ""2022-10-31"", ""2022-11-01"", ""2022-11-02"", ""2022-11-03"", ""2022-11-07"", ""2022-11-08"", ""2022-11-09"", ""2022-11-10"", ""2022-11-11"", ""2022-11-14""]",32400000000000,85799002000000,1,9.0,8.0,0.0
RTS,2022-11-16,included,,"[""2022-10-18"", ""2022-10-19"", ""2022-10-20"", ""2022-10-21"", ""2022-10-24"", ""2022-10-25"", ""2022-10-26"", ""2022-10-27"", ""2022-10-28"", ""2022-10-31"", ""2022-11-01"", ""2022-11-02"", ""2022-11-03"", ""2022-11-07"", ""2022-11-08"", ""2022-11-09"", ""2022-11-10"", ""2022-11-11"", ""2022-11-14"", ""2022-11-15""]",32400000000000,85798001000000,1,3.0,0.0,0.0
RTS,2022-11-17,included,,"[""2022-10-19"", ""2022-10-20"", ""2022-10-21"", ""2022-10-24"", ""2022-10-25"", ""2022-10-26"", ""2022-10-27"", ""2022-10-28"", ""2022-10-31"", ""2022-11-01"", ""2022-11-02"", ""2022-11-03"", ""2022-11-07"", ""2022-11-08"", ""2022-11-09"", ""2022-11-10"", ""2022-11-11"", ""2022-11-14"", ""2022-11-15"", ""2022-11-16""]",32400000000000,85794003000000,1,7.0,0.0,0.0
RTS,2022-11-18,included,,"[""2022-10-20"", ""2022-10-21"", ""2022-10-24"", ""2022-10-25"", ""2022-10-26"", ""2022-10-27"", ""2022-10-28"", ""2022-10-31"", ""2022-11-01"", ""2022-11-02"", ""2022-11-03"", ""2022-11-07"", ""2022-11-08"", ""2022-11-09"", ""2022-11-10"", ""2022-11-11"", ""2022-11-14"", ""2022-11-15"", ""2022-11-16"", ""2022-11-17""]",32400000000000,85799000000000,1,9.0,0.0,0.0
RTS,2022-11-21,included,,"[""2022-10-21"", ""2022-10-24"", ""2022-10-25"", ""2022-10-26"", ""2022-10-27"", ""2022-10-28"", ""2022-10-31"", ""2022-11-01"", ""2022-11-02"", ""2022-11-03"", ""2022-11-07"", ""2022-11-08"", ""2022-11-09"", ""2022-11-10"", ""2022-11-11"", ""2022-11-14"", ""2022-11-15"", ""2022-11-16"", ""2022-11-17"", ""2022-11-18""]",32400000000000,85794000000000,1,8.0,1.0,2.0
RTS,2022-11-22,included,,"[""2022-10-24"", ""2022-10-25"", ""2022-10-26"", ""2022-10-27"", ""2022-10-28"", ""2022-10-31"", ""2022-11-01"", ""2022-11-02"", ""2022-11-03"", ""2022-11-07"", ""2022-11-08"", ""2022-11-09"", ""2022-11-10"", ""2022-11-11"", ""2022-11-14"", ""2022-11-15"", ""2022-11-16"", ""2022-11-17"", ""2022-11-18"", ""2022-11-21""]",32400000000000,85797000000000,1,11.0,6.0,0.0
RTS,2022-11-23,included,,"[""2022-10-25"", ""2022-10-26"", ""2022-10-27"", ""2022-10-28"", ""2022-10-31"", ""2022-11-01"", ""2022-11-02"", ""2022-11-03"", ""2022-11-07"", ""2022-11-08"", ""2022-11-09"", ""2022-11-10"", ""2022-11-11"", ""2022-11-14"", ""2022-11-15"", ""2022-11-16"", ""2022-11-17"", ""2022-11-18"", ""2022-11-21"", ""2022-11-22""]",32400000000000,85798000000000,1,11.0,0.0,3.0
RTS,2022-11-24,included,,"[""2022-10-26"", ""2022-10-27"", ""2022-10-28"", ""2022-10-31"", ""2022-11-01"", ""2022-11-02"", ""2022-11-03"", ""2022-11-07"", ""2022-11-08"", ""2022-11-09"", ""2022-11-10"", ""2022-11-11"", ""2022-11-14"", ""2022-11-15"", ""2022-11-16"", ""2022-11-17"", ""2022-11-18"", ""2022-11-21"", ""2022-11-22"", ""2022-11-23""]",32400000000000,85792003000000,1,3.0,0.0,10.0
RTS,2022-11-25,included,,"[""2022-10-27"", ""2022-10-28"", ""2022-10-31"", ""2022-11-01"", ""2022-11-02"", ""2022-11-03"", ""2022-11-07"", ""2022-11-08"", ""2022-11-09"", ""2022-11-10"", ""2022-11-11"", ""2022-11-14"", ""2022-11-15"", ""2022-11-16"", ""2022-11-17"", ""2022-11-18"", ""2022-11-21"", ""2022-11-22"", ""2022-11-23"", ""2022-11-24""]",32400000000000,85798000000000,1,3.0,1.0,0.0
RTS,2022-11-28,included,,"[""2022-10-28"", ""2022-10-31"", ""2022-11-01"", ""2022-11-02"", ""2022-11-03"", ""2022-11-07"", ""2022-11-08"", ""2022-11-09"", ""2022-11-10"", ""2022-11-11"", ""2022-11-14"", ""2022-11-15"", ""2022-11-16"", ""2022-11-17"", ""2022-11-18"", ""2022-11-21"", ""2022-11-22"", ""2022-11-23"", ""2022-11-24"", ""2022-11-25""]",32400000000000,85797004000000,1,5.0,0.0,0.0
RTS,2022-11-29,included,,"[""2022-10-31"", ""2022-11-01"", ""2022-11-02"", ""2022-11-03"", ""2022-11-07"", ""2022-11-08"", ""2022-11-09"", ""2022-11-10"", ""2022-11-11"", ""2022-11-14"", ""2022-11-15"", ""2022-11-16"", ""2022-11-17"", ""2022-11-18"", ""2022-11-21"", ""2022-11-22"", ""2022-11-23"", ""2022-11-24"", ""2022-11-25"", ""2022-11-28""]",32400000000000,85799000000000,1,6.0,0.0,1.0
RTS,2022-11-30,included,,"[""2022-11-01"", ""2022-11-02"", ""2022-11-03"", ""2022-11-07"", ""2022-11-08"", ""2022-11-09"", ""2022-11-10"", ""2022-11-11"", ""2022-11-14"", ""2022-11-15"", ""2022-11-16"", ""2022-11-17"", ""2022-11-18"", ""2022-11-21"", ""2022-11-22"", ""2022-11-23"", ""2022-11-24"", ""2022-11-25"", ""2022-11-28"", ""2022-11-29""]",32400000000000,85798004000000,1,4.0,0.0,0.0
RTS,2022-12-01,included,,"[""2022-11-02"", ""2022-11-03"", ""2022-11-07"", ""2022-11-08"", ""2022-11-09"", ""2022-11-10"", ""2022-11-11"", ""2022-11-14"", ""2022-11-15"", ""2022-11-16"", ""2022-11-17"", ""2022-11-18"", ""2022-11-21"", ""2022-11-22"", ""2022-11-23"", ""2022-11-24"", ""2022-11-25"", ""2022-11-28"", ""2022-11-29"", ""2022-11-30""]",32400000000000,85799000000000,1,9.0,0.0,11.0
RTS,2022-12-02,included,,"[""2022-11-03"", ""2022-11-07"", ""2022-11-08"", ""2022-11-09"", ""2022-11-10"", ""2022-11-11"", ""2022-11-14"", ""2022-11-15"", ""2022-11-16"", ""2022-11-17"", ""2022-11-18"", ""2022-11-21"", ""2022-11-22"", ""2022-11-23"", ""2022-11-24"", ""2022-11-25"", ""2022-11-28"", ""2022-11-29"", ""2022-11-30"", ""2022-12-01""]",32400000000000,85799001000000,1,3.0,0.0,2.0
RTS,2022-12-05,included,,"[""2022-11-07"", ""2022-11-08"", ""2022-11-09"", ""2022-11-10"", ""2022-11-11"", ""2022-11-14"", ""2022-11-15"", ""2022-11-16"", ""2022-11-17"", ""2022-11-18"", ""2022-11-21"", ""2022-11-22"", ""2022-11-23"", ""2022-11-24"", ""2022-11-25"", ""2022-11-28"", ""2022-11-29"", ""2022-11-30"", ""2022-12-01"", ""2022-12-02""]",32400000000000,85799000000000,1,6.0,1.0,0.0
RTS,2022-12-06,included,,"[""2022-11-08"", ""2022-11-09"", ""2022-11-10"", ""2022-11-11"", ""2022-11-14"", ""2022-11-15"", ""2022-11-16"", ""2022-11-17"", ""2022-11-18"", ""2022-11-21"", ""2022-11-22"", ""2022-11-23"", ""2022-11-24"", ""2022-11-25"", ""2022-11-28"", ""2022-11-29"", ""2022-11-30"", ""2022-12-01"", ""2022-12-02"", ""2022-12-05""]",32400000000000,85798000000000,1,6.0,0.0,0.0
RTS,2022-12-07,included,,"[""2022-11-09"", ""2022-11-10"", ""2022-11-11"", ""2022-11-14"", ""2022-11-15"", ""2022-11-16"", ""2022-11-17"", ""2022-11-18"", ""2022-11-21"", ""2022-11-22"", ""2022-11-23"", ""2022-11-24"", ""2022-11-25"", ""2022-11-28"", ""2022-11-29"", ""2022-11-30"", ""2022-12-01"", ""2022-12-02"", ""2022-12-05"", ""2022-12-06""]",32400000000000,85797005000000,1,8.0,0.0,1.0
RTS,2022-12-08,included,,"[""2022-11-10"", ""2022-11-11"", ""2022-11-14"", ""2022-11-15"", ""2022-11-16"", ""2022-11-17"", ""2022-11-18"", ""2022-11-21"", ""2022-11-22"", ""2022-11-23"", ""2022-11-24"", ""2022-11-25"", ""2022-11-28"", ""2022-11-29"", ""2022-11-30"", ""2022-12-01"", ""2022-12-02"", ""2022-12-05"", ""2022-12-06"", ""2022-12-07""]",32400000000000,85798016000000,1,11.0,1.0,0.0
RTS,2022-12-09,included,,"[""2022-11-11"", ""2022-11-14"", ""2022-11-15"", ""2022-11-16"", ""2022-11-17"", ""2022-11-18"", ""2022-11-21"", ""2022-11-22"", ""2022-11-23"", ""2022-11-24"", ""2022-11-25"", ""2022-11-28"", ""2022-11-29"", ""2022-11-30"", ""2022-12-01"", ""2022-12-02"", ""2022-12-05"", ""2022-12-06"", ""2022-12-07"", ""2022-12-08""]",32400000000000,85798009000000,1,8.0,0.0,2.0
RTS,2022-12-12,included,,"[""2022-11-14"", ""2022-11-15"", ""2022-11-16"", ""2022-11-17"", ""2022-11-18"", ""2022-11-21"", ""2022-11-22"", ""2022-11-23"", ""2022-11-24"", ""2022-11-25"", ""2022-11-28"", ""2022-11-29"", ""2022-11-30"", ""2022-12-01"", ""2022-12-02"", ""2022-12-05"", ""2022-12-06"", ""2022-12-07"", ""2022-12-08"", ""2022-12-09""]",32400000000000,85797007000000,1,3.0,0.0,0.0
RTS,2022-12-13,included,,"[""2022-11-15"", ""2022-11-16"", ""2022-11-17"", ""2022-11-18"", ""2022-11-21"", ""2022-11-22"", ""2022-11-23"", ""2022-11-24"", ""2022-11-25"", ""2022-11-28"", ""2022-11-29"", ""2022-11-30"", ""2022-12-01"", ""2022-12-02"", ""2022-12-05"", ""2022-12-06"", ""2022-12-07"", ""2022-12-08"", ""2022-12-09"", ""2022-12-12""]",32400000000000,85797000000000,1,6.0,0.0,0.0
RTS,2022-12-14,included,,"[""2022-11-16"", ""2022-11-17"", ""2022-11-18"", ""2022-11-21"", ""2022-11-22"", ""2022-11-23"", ""2022-11-24"", ""2022-11-25"", ""2022-11-28"", ""2022-11-29"", ""2022-11-30"", ""2022-12-01"", ""2022-12-02"", ""2022-12-05"", ""2022-12-06"", ""2022-12-07"", ""2022-12-08"", ""2022-12-09"", ""2022-12-12"", ""2022-12-13""]",32400000000000,85797000000000,1,4.0,0.0,0.0
RTS,2022-12-15,included,,"[""2022-11-17"", ""2022-11-18"", ""2022-11-21"", ""2022-11-22"", ""2022-11-23"", ""2022-11-24"", ""2022-11-25"", ""2022-11-28"", ""2022-11-29"", ""2022-11-30"", ""2022-12-01"", ""2022-12-02"", ""2022-12-05"", ""2022-12-06"", ""2022-12-07"", ""2022-12-08"", ""2022-12-09"", ""2022-12-12"", ""2022-12-13"", ""2022-12-14""]",32400000000000,85799007000000,1,5.0,0.0,0.0
RTS,2022-12-16,included,,"[""2022-11-18"", ""2022-11-21"", ""2022-11-22"", ""2022-11-23"", ""2022-11-24"", ""2022-11-25"", ""2022-11-28"", ""2022-11-29"", ""2022-11-30"", ""2022-12-01"", ""2022-12-02"", ""2022-12-05"", ""2022-12-06"", ""2022-12-07"", ""2022-12-08"", ""2022-12-09"", ""2022-12-12"", ""2022-12-13"", ""2022-12-14"", ""2022-12-15""]",32400000000000,85799005000000,1,11.0,1.0,0.0
RTS,2022-12-19,included,,"[""2022-11-21"", ""2022-11-22"", ""2022-11-23"", ""2022-11-24"", ""2022-11-25"", ""2022-11-28"", ""2022-11-29"", ""2022-11-30"", ""2022-12-01"", ""2022-12-02"", ""2022-12-05"", ""2022-12-06"", ""2022-12-07"", ""2022-12-08"", ""2022-12-09"", ""2022-12-12"", ""2022-12-13"", ""2022-12-14"", ""2022-12-15"", ""2022-12-16""]",32400000000000,85799005000000,1,2.0,2.0,1.0
RTS,2022-12-20,included,,"[""2022-11-22"", ""2022-11-23"", ""2022-11-24"", ""2022-11-25"", ""2022-11-28"", ""2022-11-29"", ""2022-11-30"", ""2022-12-01"", ""2022-12-02"", ""2022-12-05"", ""2022-12-06"", ""2022-12-07"", ""2022-12-08"", ""2022-12-09"", ""2022-12-12"", ""2022-12-13"", ""2022-12-14"", ""2022-12-15"", ""2022-12-16"", ""2022-12-19""]",32400000000000,85794004000000,1,6.0,6.0,0.0
RTS,2022-12-21,included,,"[""2022-11-23"", ""2022-11-24"", ""2022-11-25"", ""2022-11-28"", ""2022-11-29"", ""2022-11-30"", ""2022-12-01"", ""2022-12-02"", ""2022-12-05"", ""2022-12-06"", ""2022-12-07"", ""2022-12-08"", ""2022-12-09"", ""2022-12-12"", ""2022-12-13"", ""2022-12-14"", ""2022-12-15"", ""2022-12-16"", ""2022-12-19"", ""2022-12-20""]",32400000000000,85796000000000,1,4.0,3.0,0.0
RTS,2022-12-22,included,,"[""2022-11-24"", ""2022-11-25"", ""2022-11-28"", ""2022-11-29"", ""2022-11-30"", ""2022-12-01"", ""2022-12-02"", ""2022-12-05"", ""2022-12-06"", ""2022-12-07"", ""2022-12-08"", ""2022-12-09"", ""2022-12-12"", ""2022-12-13"", ""2022-12-14"", ""2022-12-15"", ""2022-12-16"", ""2022-12-19"", ""2022-12-20"", ""2022-12-21""]",32400000000000,85799003000000,1,4.0,4.0,2.0
RTS,2022-12-23,included,,"[""2022-11-25"", ""2022-11-28"", ""2022-11-29"", ""2022-11-30"", ""2022-12-01"", ""2022-12-02"", ""2022-12-05"", ""2022-12-06"", ""2022-12-07"", ""2022-12-08"", ""2022-12-09"", ""2022-12-12"", ""2022-12-13"", ""2022-12-14"", ""2022-12-15"", ""2022-12-16"", ""2022-12-19"", ""2022-12-20"", ""2022-12-21"", ""2022-12-22""]",32400000000000,85797001000000,1,6.0,2.0,0.0
RTS,2022-12-26,included,,"[""2022-11-28"", ""2022-11-29"", ""2022-11-30"", ""2022-12-01"", ""2022-12-02"", ""2022-12-05"", ""2022-12-06"", ""2022-12-07"", ""2022-12-08"", ""2022-12-09"", ""2022-12-12"", ""2022-12-13"", ""2022-12-14"", ""2022-12-15"", ""2022-12-16"", ""2022-12-19"", ""2022-12-20"", ""2022-12-21"", ""2022-12-22"", ""2022-12-23""]",32400000000000,85799002000000,1,3.0,3.0,1.0
RTS,2022-12-27,included,,"[""2022-11-29"", ""2022-11-30"", ""2022-12-01"", ""2022-12-02"", ""2022-12-05"", ""2022-12-06"", ""2022-12-07"", ""2022-12-08"", ""2022-12-09"", ""2022-12-12"", ""2022-12-13"", ""2022-12-14"", ""2022-12-15"", ""2022-12-16"", ""2022-12-19"", ""2022-12-20"", ""2022-12-21"", ""2022-12-22"", ""2022-12-23"", ""2022-12-26""]",32400000000000,85796002000000,1,5.0,4.0,0.0
RTS,2022-12-28,included,,"[""2022-11-30"", ""2022-12-01"", ""2022-12-02"", ""2022-12-05"", ""2022-12-06"", ""2022-12-07"", ""2022-12-08"", ""2022-12-09"", ""2022-12-12"", ""2022-12-13"", ""2022-12-14"", ""2022-12-15"", ""2022-12-16"", ""2022-12-19"", ""2022-12-20"", ""2022-12-21"", ""2022-12-22"", ""2022-12-23"", ""2022-12-26"", ""2022-12-27""]",32400000000000,85797000000000,1,4.0,4.0,0.0
RTS,2022-12-29,included,,"[""2022-12-01"", ""2022-12-02"", ""2022-12-05"", ""2022-12-06"", ""2022-12-07"", ""2022-12-08"", ""2022-12-09"", ""2022-12-12"", ""2022-12-13"", ""2022-12-14"", ""2022-12-15"", ""2022-12-16"", ""2022-12-19"", ""2022-12-20"", ""2022-12-21"", ""2022-12-22"", ""2022-12-23"", ""2022-12-26"", ""2022-12-27"", ""2022-12-28""]",32400000000000,85799021000000,1,4.0,3.0,0.0
RTS,2022-12-30,included,,"[""2022-12-02"", ""2022-12-05"", ""2022-12-06"", ""2022-12-07"", ""2022-12-08"", ""2022-12-09"", ""2022-12-12"", ""2022-12-13"", ""2022-12-14"", ""2022-12-15"", ""2022-12-16"", ""2022-12-19"", ""2022-12-20"", ""2022-12-21"", ""2022-12-22"", ""2022-12-23"", ""2022-12-26"", ""2022-12-27"", ""2022-12-28"", ""2022-12-29""]",32400000000000,85799002000000,1,5.0,0.0,0.0
RTS,2023-01-03,included,,"[""2022-12-05"", ""2022-12-06"", ""2022-12-07"", ""2022-12-08"", ""2022-12-09"", ""2022-12-12"", ""2022-12-13"", ""2022-12-14"", ""2022-12-15"", ""2022-12-16"", ""2022-12-19"", ""2022-12-20"", ""2022-12-21"", ""2022-12-22"", ""2022-12-23"", ""2022-12-26"", ""2022-12-27"", ""2022-12-28"", ""2022-12-29"", ""2022-12-30""]",32400000000000,85799001000000,1,6.0,0.0,5.0
RTS,2023-01-04,included,,"[""2022-12-06"", ""2022-12-07"", ""2022-12-08"", ""2022-12-09"", ""2022-12-12"", ""2022-12-13"", ""2022-12-14"", ""2022-12-15"", ""2022-12-16"", ""2022-12-19"", ""2022-12-20"", ""2022-12-21"", ""2022-12-22"", ""2022-12-23"", ""2022-12-26"", ""2022-12-27"", ""2022-12-28"", ""2022-12-29"", ""2022-12-30"", ""2023-01-03""]",32400000000000,85798000000000,1,4.0,0.0,0.0
RTS,2023-01-05,included,,"[""2022-12-07"", ""2022-12-08"", ""2022-12-09"", ""2022-12-12"", ""2022-12-13"", ""2022-12-14"", ""2022-12-15"", ""2022-12-16"", ""2022-12-19"", ""2022-12-20"", ""2022-12-21"", ""2022-12-22"", ""2022-12-23"", ""2022-12-26"", ""2022-12-27"", ""2022-12-28"", ""2022-12-29"", ""2022-12-30"", ""2023-01-03"", ""2023-01-04""]",32400000000000,85799000000000,1,7.0,0.0,5.0
RTS,2023-01-06,included,,"[""2022-12-08"", ""2022-12-09"", ""2022-12-12"", ""2022-12-13"", ""2022-12-14"", ""2022-12-15"", ""2022-12-16"", ""2022-12-19"", ""2022-12-20"", ""2022-12-21"", ""2022-12-22"", ""2022-12-23"", ""2022-12-26"", ""2022-12-27"", ""2022-12-28"", ""2022-12-29"", ""2022-12-30"", ""2023-01-03"", ""2023-01-04"", ""2023-01-05""]",32400000000000,85797000000000,1,6.0,1.0,23.0
RTS,2023-01-09,included,,"[""2022-12-09"", ""2022-12-12"", ""2022-12-13"", ""2022-12-14"", ""2022-12-15"", ""2022-12-16"", ""2022-12-19"", ""2022-12-20"", ""2022-12-21"", ""2022-12-22"", ""2022-12-23"", ""2022-12-26"", ""2022-12-27"", ""2022-12-28"", ""2022-12-29"", ""2022-12-30"", ""2023-01-03"", ""2023-01-04"", ""2023-01-05"", ""2023-01-06""]",32400000000000,85798001000000,1,2.0,1.0,1.0
RTS,2023-01-10,included,,"[""2022-12-12"", ""2022-12-13"", ""2022-12-14"", ""2022-12-15"", ""2022-12-16"", ""2022-12-19"", ""2022-12-20"", ""2022-12-21"", ""2022-12-22"", ""2022-12-23"", ""2022-12-26"", ""2022-12-27"", ""2022-12-28"", ""2022-12-29"", ""2022-12-30"", ""2023-01-03"", ""2023-01-04"", ""2023-01-05"", ""2023-01-06"", ""2023-01-09""]",32400000000000,85798001000000,1,7.0,7.0,15.0
RTS,2023-01-11,included,,"[""2022-12-13"", ""2022-12-14"", ""2022-12-15"", ""2022-12-16"", ""2022-12-19"", ""2022-12-20"", ""2022-12-21"", ""2022-12-22"", ""2022-12-23"", ""2022-12-26"", ""2022-12-27"", ""2022-12-28"", ""2022-12-29"", ""2022-12-30"", ""2023-01-03"", ""2023-01-04"", ""2023-01-05"", ""2023-01-06"", ""2023-01-09"", ""2023-01-10""]",32400000000000,85797014000000,1,2.0,2.0,0.0
RTS,2023-01-12,included,,"[""2022-12-14"", ""2022-12-15"", ""2022-12-16"", ""2022-12-19"", ""2022-12-20"", ""2022-12-21"", ""2022-12-22"", ""2022-12-23"", ""2022-12-26"", ""2022-12-27"", ""2022-12-28"", ""2022-12-29"", ""2022-12-30"", ""2023-01-03"", ""2023-01-04"", ""2023-01-05"", ""2023-01-06"", ""2023-01-09"", ""2023-01-10"", ""2023-01-11""]",32400000000000,85799000000000,1,15.0,13.0,0.0
RTS,2023-01-13,included,,"[""2022-12-15"", ""2022-12-16"", ""2022-12-19"", ""2022-12-20"", ""2022-12-21"", ""2022-12-22"", ""2022-12-23"", ""2022-12-26"", ""2022-12-27"", ""2022-12-28"", ""2022-12-29"", ""2022-12-30"", ""2023-01-03"", ""2023-01-04"", ""2023-01-05"", ""2023-01-06"", ""2023-01-09"", ""2023-01-10"", ""2023-01-11"", ""2023-01-12""]",32400000000000,85799004000000,1,6.0,3.0,0.0
RTS,2023-01-16,included,,"[""2022-12-16"", ""2022-12-19"", ""2022-12-20"", ""2022-12-21"", ""2022-12-22"", ""2022-12-23"", ""2022-12-26"", ""2022-12-27"", ""2022-12-28"", ""2022-12-29"", ""2022-12-30"", ""2023-01-03"", ""2023-01-04"", ""2023-01-05"", ""2023-01-06"", ""2023-01-09"", ""2023-01-10"", ""2023-01-11"", ""2023-01-12"", ""2023-01-13""]",32400000000000,85796000000000,1,7.0,7.0,3.0
RTS,2023-01-17,included,,"[""2022-12-19"", ""2022-12-20"", ""2022-12-21"", ""2022-12-22"", ""2022-12-23"", ""2022-12-26"", ""2022-12-27"", ""2022-12-28"", ""2022-12-29"", ""2022-12-30"", ""2023-01-03"", ""2023-01-04"", ""2023-01-05"", ""2023-01-06"", ""2023-01-09"", ""2023-01-10"", ""2023-01-11"", ""2023-01-12"", ""2023-01-13"", ""2023-01-16""]",32400000000000,85798003000000,1,4.0,1.0,0.0
RTS,2023-01-18,included,,"[""2022-12-20"", ""2022-12-21"", ""2022-12-22"", ""2022-12-23"", ""2022-12-26"", ""2022-12-27"", ""2022-12-28"", ""2022-12-29"", ""2022-12-30"", ""2023-01-03"", ""2023-01-04"", ""2023-01-05"", ""2023-01-06"", ""2023-01-09"", ""2023-01-10"", ""2023-01-11"", ""2023-01-12"", ""2023-01-13"", ""2023-01-16"", ""2023-01-17""]",32400000000000,85799001000000,1,4.0,4.0,0.0
RTS,2023-01-19,included,,"[""2022-12-21"", ""2022-12-22"", ""2022-12-23"", ""2022-12-26"", ""2022-12-27"", ""2022-12-28"", ""2022-12-29"", ""2022-12-30"", ""2023-01-03"", ""2023-01-04"", ""2023-01-05"", ""2023-01-06"", ""2023-01-09"", ""2023-01-10"", ""2023-01-11"", ""2023-01-12"", ""2023-01-13"", ""2023-01-16"", ""2023-01-17"", ""2023-01-18""]",32400000000000,85799002000000,1,8.0,8.0,0.0
RTS,2023-01-20,included,,"[""2022-12-22"", ""2022-12-23"", ""2022-12-26"", ""2022-12-27"", ""2022-12-28"", ""2022-12-29"", ""2022-12-30"", ""2023-01-03"", ""2023-01-04"", ""2023-01-05"", ""2023-01-06"", ""2023-01-09"", ""2023-01-10"", ""2023-01-11"", ""2023-01-12"", ""2023-01-13"", ""2023-01-16"", ""2023-01-17"", ""2023-01-18"", ""2023-01-19""]",32400000000000,85798001000000,1,6.0,1.0,0.0
RTS,2023-01-23,included,,"[""2022-12-23"", ""2022-12-26"", ""2022-12-27"", ""2022-12-28"", ""2022-12-29"", ""2022-12-30"", ""2023-01-03"", ""2023-01-04"", ""2023-01-05"", ""2023-01-06"", ""2023-01-09"", ""2023-01-10"", ""2023-01-11"", ""2023-01-12"", ""2023-01-13"", ""2023-01-16"", ""2023-01-17"", ""2023-01-18"", ""2023-01-19"", ""2023-01-20""]",32400000000000,85799002000000,1,5.0,1.0,2.0
RTS,2023-01-24,included,,"[""2022-12-26"", ""2022-12-27"", ""2022-12-28"", ""2022-12-29"", ""2022-12-30"", ""2023-01-03"", ""2023-01-04"", ""2023-01-05"", ""2023-01-06"", ""2023-01-09"", ""2023-01-10"", ""2023-01-11"", ""2023-01-12"", ""2023-01-13"", ""2023-01-16"", ""2023-01-17"", ""2023-01-18"", ""2023-01-19"", ""2023-01-20"", ""2023-01-23""]",32400000000000,85799008000000,1,3.0,2.0,0.0
RTS,2023-01-25,included,,"[""2022-12-27"", ""2022-12-28"", ""2022-12-29"", ""2022-12-30"", ""2023-01-03"", ""2023-01-04"", ""2023-01-05"", ""2023-01-06"", ""2023-01-09"", ""2023-01-10"", ""2023-01-11"", ""2023-01-12"", ""2023-01-13"", ""2023-01-16"", ""2023-01-17"", ""2023-01-18"", ""2023-01-19"", ""2023-01-20"", ""2023-01-23"", ""2023-01-24""]",32400000000000,85799000000000,1,8.0,5.0,0.0
RTS,2023-01-26,included,,"[""2022-12-28"", ""2022-12-29"", ""2022-12-30"", ""2023-01-03"", ""2023-01-04"", ""2023-01-05"", ""2023-01-06"", ""2023-01-09"", ""2023-01-10"", ""2023-01-11"", ""2023-01-12"", ""2023-01-13"", ""2023-01-16"", ""2023-01-17"", ""2023-01-18"", ""2023-01-19"", ""2023-01-20"", ""2023-01-23"", ""2023-01-24"", ""2023-01-25""]",32400000000000,85797006000000,1,7.0,6.0,0.0
RTS,2023-01-27,included,,"[""2022-12-29"", ""2022-12-30"", ""2023-01-03"", ""2023-01-04"", ""2023-01-05"", ""2023-01-06"", ""2023-01-09"", ""2023-01-10"", ""2023-01-11"", ""2023-01-12"", ""2023-01-13"", ""2023-01-16"", ""2023-01-17"", ""2023-01-18"", ""2023-01-19"", ""2023-01-20"", ""2023-01-23"", ""2023-01-24"", ""2023-01-25"", ""2023-01-26""]",32400000000000,85799003000000,1,8.0,0.0,0.0
RTS,2023-01-30,included,,"[""2022-12-30"", ""2023-01-03"", ""2023-01-04"", ""2023-01-05"", ""2023-01-06"", ""2023-01-09"", ""2023-01-10"", ""2023-01-11"", ""2023-01-12"", ""2023-01-13"", ""2023-01-16"", ""2023-01-17"", ""2023-01-18"", ""2023-01-19"", ""2023-01-20"", ""2023-01-23"", ""2023-01-24"", ""2023-01-25"", ""2023-01-26"", ""2023-01-27""]",32400000000000,85799001000000,1,8.0,4.0,0.0
RTS,2023-01-31,included,,"[""2023-01-03"", ""2023-01-04"", ""2023-01-05"", ""2023-01-06"", ""2023-01-09"", ""2023-01-10"", ""2023-01-11"", ""2023-01-12"", ""2023-01-13"", ""2023-01-16"", ""2023-01-17"", ""2023-01-18"", ""2023-01-19"", ""2023-01-20"", ""2023-01-23"", ""2023-01-24"", ""2023-01-25"", ""2023-01-26"", ""2023-01-27"", ""2023-01-30""]",32400000000000,85799003000000,1,4.0,0.0,1.0
RTS,2023-02-01,included,,"[""2023-01-04"", ""2023-01-05"", ""2023-01-06"", ""2023-01-09"", ""2023-01-10"", ""2023-01-11"", ""2023-01-12"", ""2023-01-13"", ""2023-01-16"", ""2023-01-17"", ""2023-01-18"", ""2023-01-19"", ""2023-01-20"", ""2023-01-23"", ""2023-01-24"", ""2023-01-25"", ""2023-01-26"", ""2023-01-27"", ""2023-01-30"", ""2023-01-31""]",32400000000000,85798000000000,1,10.0,5.0,1.0
RTS,2023-02-02,included,,"[""2023-01-05"", ""2023-01-06"", ""2023-01-09"", ""2023-01-10"", ""2023-01-11"", ""2023-01-12"", ""2023-01-13"", ""2023-01-16"", ""2023-01-17"", ""2023-01-18"", ""2023-01-19"", ""2023-01-20"", ""2023-01-23"", ""2023-01-24"", ""2023-01-25"", ""2023-01-26"", ""2023-01-27"", ""2023-01-30"", ""2023-01-31"", ""2023-02-01""]",32400000000000,85798000000000,1,3.0,0.0,0.0
RTS,2023-02-03,included,,"[""2023-01-06"", ""2023-01-09"", ""2023-01-10"", ""2023-01-11"", ""2023-01-12"", ""2023-01-13"", ""2023-01-16"", ""2023-01-17"", ""2023-01-18"", ""2023-01-19"", ""2023-01-20"", ""2023-01-23"", ""2023-01-24"", ""2023-01-25"", ""2023-01-26"", ""2023-01-27"", ""2023-01-30"", ""2023-01-31"", ""2023-02-01"", ""2023-02-02""]",32400000000000,85798000000000,1,4.0,3.0,0.0
RTS,2023-02-06,included,,"[""2023-01-09"", ""2023-01-10"", ""2023-01-11"", ""2023-01-12"", ""2023-01-13"", ""2023-01-16"", ""2023-01-17"", ""2023-01-18"", ""2023-01-19"", ""2023-01-20"", ""2023-01-23"", ""2023-01-24"", ""2023-01-25"", ""2023-01-26"", ""2023-01-27"", ""2023-01-30"", ""2023-01-31"", ""2023-02-01"", ""2023-02-02"", ""2023-02-03""]",32400000000000,85799002000000,1,5.0,3.0,3.0
RTS,2023-02-07,included,,"[""2023-01-10"", ""2023-01-11"", ""2023-01-12"", ""2023-01-13"", ""2023-01-16"", ""2023-01-17"", ""2023-01-18"", ""2023-01-19"", ""2023-01-20"", ""2023-01-23"", ""2023-01-24"", ""2023-01-25"", ""2023-01-26"", ""2023-01-27"", ""2023-01-30"", ""2023-01-31"", ""2023-02-01"", ""2023-02-02"", ""2023-02-03"", ""2023-02-06""]",32400000000000,85796002000000,1,3.0,3.0,0.0
RTS,2023-02-08,included,,"[""2023-01-11"", ""2023-01-12"", ""2023-01-13"", ""2023-01-16"", ""2023-01-17"", ""2023-01-18"", ""2023-01-19"", ""2023-01-20"", ""2023-01-23"", ""2023-01-24"", ""2023-01-25"", ""2023-01-26"", ""2023-01-27"", ""2023-01-30"", ""2023-01-31"", ""2023-02-01"", ""2023-02-02"", ""2023-02-03"", ""2023-02-06"", ""2023-02-07""]",32400000000000,85799000000000,1,8.0,2.0,0.0
RTS,2023-02-09,included,,"[""2023-01-12"", ""2023-01-13"", ""2023-01-16"", ""2023-01-17"", ""2023-01-18"", ""2023-01-19"", ""2023-01-20"", ""2023-01-23"", ""2023-01-24"", ""2023-01-25"", ""2023-01-26"", ""2023-01-27"", ""2023-01-30"", ""2023-01-31"", ""2023-02-01"", ""2023-02-02"", ""2023-02-03"", ""2023-02-06"", ""2023-02-07"", ""2023-02-08""]",32400000000000,85793038000000,1,4.0,4.0,0.0
RTS,2023-02-10,included,,"[""2023-01-13"", ""2023-01-16"", ""2023-01-17"", ""2023-01-18"", ""2023-01-19"", ""2023-01-20"", ""2023-01-23"", ""2023-01-24"", ""2023-01-25"", ""2023-01-26"", ""2023-01-27"", ""2023-01-30"", ""2023-01-31"", ""2023-02-01"", ""2023-02-02"", ""2023-02-03"", ""2023-02-06"", ""2023-02-07"", ""2023-02-08"", ""2023-02-09""]",32400000000000,85797001000000,1,9.0,0.0,0.0
RTS,2023-02-13,included,,"[""2023-01-16"", ""2023-01-17"", ""2023-01-18"", ""2023-01-19"", ""2023-01-20"", ""2023-01-23"", ""2023-01-24"", ""2023-01-25"", ""2023-01-26"", ""2023-01-27"", ""2023-01-30"", ""2023-01-31"", ""2023-02-01"", ""2023-02-02"", ""2023-02-03"", ""2023-02-06"", ""2023-02-07"", ""2023-02-08"", ""2023-02-09"", ""2023-02-10""]",32400000000000,85799001000000,1,5.0,2.0,0.0
RTS,2023-02-14,included,,"[""2023-01-17"", ""2023-01-18"", ""2023-01-19"", ""2023-01-20"", ""2023-01-23"", ""2023-01-24"", ""2023-01-25"", ""2023-01-26"", ""2023-01-27"", ""2023-01-30"", ""2023-01-31"", ""2023-02-01"", ""2023-02-02"", ""2023-02-03"", ""2023-02-06"", ""2023-02-07"", ""2023-02-08"", ""2023-02-09"", ""2023-02-10"", ""2023-02-13""]",32400000000000,85791001000000,1,6.0,6.0,1.0
RTS,2023-02-15,included,,"[""2023-01-18"", ""2023-01-19"", ""2023-01-20"", ""2023-01-23"", ""2023-01-24"", ""2023-01-25"", ""2023-01-26"", ""2023-01-27"", ""2023-01-30"", ""2023-01-31"", ""2023-02-01"", ""2023-02-02"", ""2023-02-03"", ""2023-02-06"", ""2023-02-07"", ""2023-02-08"", ""2023-02-09"", ""2023-02-10"", ""2023-02-13"", ""2023-02-14""]",32400000000000,85797001000000,1,4.0,4.0,1.0
RTS,2023-02-16,included,,"[""2023-01-19"", ""2023-01-20"", ""2023-01-23"", ""2023-01-24"", ""2023-01-25"", ""2023-01-26"", ""2023-01-27"", ""2023-01-30"", ""2023-01-31"", ""2023-02-01"", ""2023-02-02"", ""2023-02-03"", ""2023-02-06"", ""2023-02-07"", ""2023-02-08"", ""2023-02-09"", ""2023-02-10"", ""2023-02-13"", ""2023-02-14"", ""2023-02-15""]",32400000000000,85795000000000,1,10.0,10.0,0.0
RTS,2023-02-17,included,,"[""2023-01-20"", ""2023-01-23"", ""2023-01-24"", ""2023-01-25"", ""2023-01-26"", ""2023-01-27"", ""2023-01-30"", ""2023-01-31"", ""2023-02-01"", ""2023-02-02"", ""2023-02-03"", ""2023-02-06"", ""2023-02-07"", ""2023-02-08"", ""2023-02-09"", ""2023-02-10"", ""2023-02-13"", ""2023-02-14"", ""2023-02-15"", ""2023-02-16""]",32400000000000,85796001000000,1,3.0,3.0,0.0
RTS,2023-02-20,included,,"[""2023-01-23"", ""2023-01-24"", ""2023-01-25"", ""2023-01-26"", ""2023-01-27"", ""2023-01-30"", ""2023-01-31"", ""2023-02-01"", ""2023-02-02"", ""2023-02-03"", ""2023-02-06"", ""2023-02-07"", ""2023-02-08"", ""2023-02-09"", ""2023-02-10"", ""2023-02-13"", ""2023-02-14"", ""2023-02-15"", ""2023-02-16"", ""2023-02-17""]",32400000000000,85799008000000,1,4.0,4.0,1.0
RTS,2023-02-21,included,,"[""2023-01-24"", ""2023-01-25"", ""2023-01-26"", ""2023-01-27"", ""2023-01-30"", ""2023-01-31"", ""2023-02-01"", ""2023-02-02"", ""2023-02-03"", ""2023-02-06"", ""2023-02-07"", ""2023-02-08"", ""2023-02-09"", ""2023-02-10"", ""2023-02-13"", ""2023-02-14"", ""2023-02-15"", ""2023-02-16"", ""2023-02-17"", ""2023-02-20""]",32400000000000,85799000000000,1,5.0,5.0,0.0
RTS,2023-02-22,included,,"[""2023-01-25"", ""2023-01-26"", ""2023-01-27"", ""2023-01-30"", ""2023-01-31"", ""2023-02-01"", ""2023-02-02"", ""2023-02-03"", ""2023-02-06"", ""2023-02-07"", ""2023-02-08"", ""2023-02-09"", ""2023-02-10"", ""2023-02-13"", ""2023-02-14"", ""2023-02-15"", ""2023-02-16"", ""2023-02-17"", ""2023-02-20"", ""2023-02-21""]",32400000000000,85799002000000,1,3.0,0.0,0.0
RTS,2023-02-24,included,,"[""2023-01-26"", ""2023-01-27"", ""2023-01-30"", ""2023-01-31"", ""2023-02-01"", ""2023-02-02"", ""2023-02-03"", ""2023-02-06"", ""2023-02-07"", ""2023-02-08"", ""2023-02-09"", ""2023-02-10"", ""2023-02-13"", ""2023-02-14"", ""2023-02-15"", ""2023-02-16"", ""2023-02-17"", ""2023-02-20"", ""2023-02-21"", ""2023-02-22""]",32400000000000,85798001000000,1,4.0,2.0,0.0
RTS,2023-02-27,included,,"[""2023-01-27"", ""2023-01-30"", ""2023-01-31"", ""2023-02-01"", ""2023-02-02"", ""2023-02-03"", ""2023-02-06"", ""2023-02-07"", ""2023-02-08"", ""2023-02-09"", ""2023-02-10"", ""2023-02-13"", ""2023-02-14"", ""2023-02-15"", ""2023-02-16"", ""2023-02-17"", ""2023-02-20"", ""2023-02-21"", ""2023-02-22"", ""2023-02-24""]",32400000000000,85797002000000,1,4.0,4.0,0.0
RTS,2023-02-28,included,,"[""2023-01-30"", ""2023-01-31"", ""2023-02-01"", ""2023-02-02"", ""2023-02-03"", ""2023-02-06"", ""2023-02-07"", ""2023-02-08"", ""2023-02-09"", ""2023-02-10"", ""2023-02-13"", ""2023-02-14"", ""2023-02-15"", ""2023-02-16"", ""2023-02-17"", ""2023-02-20"", ""2023-02-21"", ""2023-02-22"", ""2023-02-24"", ""2023-02-27""]",32400000000000,85799001000000,1,7.0,4.0,0.0
RTS,2023-03-01,included,,"[""2023-01-31"", ""2023-02-01"", ""2023-02-02"", ""2023-02-03"", ""2023-02-06"", ""2023-02-07"", ""2023-02-08"", ""2023-02-09"", ""2023-02-10"", ""2023-02-13"", ""2023-02-14"", ""2023-02-15"", ""2023-02-16"", ""2023-02-17"", ""2023-02-20"", ""2023-02-21"", ""2023-02-22"", ""2023-02-24"", ""2023-02-27"", ""2023-02-28""]",32400000000000,85798001000000,1,4.0,1.0,1.0
RTS,2023-03-02,included,,"[""2023-02-01"", ""2023-02-02"", ""2023-02-03"", ""2023-02-06"", ""2023-02-07"", ""2023-02-08"", ""2023-02-09"", ""2023-02-10"", ""2023-02-13"", ""2023-02-14"", ""2023-02-15"", ""2023-02-16"", ""2023-02-17"", ""2023-02-20"", ""2023-02-21"", ""2023-02-22"", ""2023-02-24"", ""2023-02-27"", ""2023-02-28"", ""2023-03-01""]",32400000000000,85799002000000,1,7.0,6.0,0.0
RTS,2023-03-03,included,,"[""2023-02-02"", ""2023-02-03"", ""2023-02-06"", ""2023-02-07"", ""2023-02-08"", ""2023-02-09"", ""2023-02-10"", ""2023-02-13"", ""2023-02-14"", ""2023-02-15"", ""2023-02-16"", ""2023-02-17"", ""2023-02-20"", ""2023-02-21"", ""2023-02-22"", ""2023-02-24"", ""2023-02-27"", ""2023-02-28"", ""2023-03-01"", ""2023-03-02""]",32400000000000,85796000000000,1,17.0,0.0,0.0
RTS,2023-03-06,included,,"[""2023-02-03"", ""2023-02-06"", ""2023-02-07"", ""2023-02-08"", ""2023-02-09"", ""2023-02-10"", ""2023-02-13"", ""2023-02-14"", ""2023-02-15"", ""2023-02-16"", ""2023-02-17"", ""2023-02-20"", ""2023-02-21"", ""2023-02-22"", ""2023-02-24"", ""2023-02-27"", ""2023-02-28"", ""2023-03-01"", ""2023-03-02"", ""2023-03-03""]",32400000000000,85798004000000,1,4.0,0.0,0.0
RTS,2023-03-07,included,,"[""2023-02-06"", ""2023-02-07"", ""2023-02-08"", ""2023-02-09"", ""2023-02-10"", ""2023-02-13"", ""2023-02-14"", ""2023-02-15"", ""2023-02-16"", ""2023-02-17"", ""2023-02-20"", ""2023-02-21"", ""2023-02-22"", ""2023-02-24"", ""2023-02-27"", ""2023-02-28"", ""2023-03-01"", ""2023-03-02"", ""2023-03-03"", ""2023-03-06""]",32400000000000,85798000000000,1,9.0,1.0,1.0
RTS,2023-03-09,included,,"[""2023-02-07"", ""2023-02-08"", ""2023-02-09"", ""2023-02-10"", ""2023-02-13"", ""2023-02-14"", ""2023-02-15"", ""2023-02-16"", ""2023-02-17"", ""2023-02-20"", ""2023-02-21"", ""2023-02-22"", ""2023-02-24"", ""2023-02-27"", ""2023-02-28"", ""2023-03-01"", ""2023-03-02"", ""2023-03-03"", ""2023-03-06"", ""2023-03-07""]",32400000000000,85799000000000,1,7.0,2.0,0.0
RTS,2023-03-10,included,,"[""2023-02-08"", ""2023-02-09"", ""2023-02-10"", ""2023-02-13"", ""2023-02-14"", ""2023-02-15"", ""2023-02-16"", ""2023-02-17"", ""2023-02-20"", ""2023-02-21"", ""2023-02-22"", ""2023-02-24"", ""2023-02-27"", ""2023-02-28"", ""2023-03-01"", ""2023-03-02"", ""2023-03-03"", ""2023-03-06"", ""2023-03-07"", ""2023-03-09""]",32400000000000,85798001000000,1,3.0,0.0,0.0
RTS,2023-03-13,included,,"[""2023-02-09"", ""2023-02-10"", ""2023-02-13"", ""2023-02-14"", ""2023-02-15"", ""2023-02-16"", ""2023-02-17"", ""2023-02-20"", ""2023-02-21"", ""2023-02-22"", ""2023-02-24"", ""2023-02-27"", ""2023-02-28"", ""2023-03-01"", ""2023-03-02"", ""2023-03-03"", ""2023-03-06"", ""2023-03-07"", ""2023-03-09"", ""2023-03-10""]",32400000000000,85797002000000,1,4.0,1.0,0.0
RTS,2023-03-14,included,,"[""2023-02-10"", ""2023-02-13"", ""2023-02-14"", ""2023-02-15"", ""2023-02-16"", ""2023-02-17"", ""2023-02-20"", ""2023-02-21"", ""2023-02-22"", ""2023-02-24"", ""2023-02-27"", ""2023-02-28"", ""2023-03-01"", ""2023-03-02"", ""2023-03-03"", ""2023-03-06"", ""2023-03-07"", ""2023-03-09"", ""2023-03-10"", ""2023-03-13""]",32400000000000,85793002000000,1,7.0,0.0,1.0
RTS,2023-03-15,included,,"[""2023-02-13"", ""2023-02-14"", ""2023-02-15"", ""2023-02-16"", ""2023-02-17"", ""2023-02-20"", ""2023-02-21"", ""2023-02-22"", ""2023-02-24"", ""2023-02-27"", ""2023-02-28"", ""2023-03-01"", ""2023-03-02"", ""2023-03-03"", ""2023-03-06"", ""2023-03-07"", ""2023-03-09"", ""2023-03-10"", ""2023-03-13"", ""2023-03-14""]",32400000000000,85795002000000,1,5.0,0.0,0.0
RTS,2023-03-16,included,,"[""2023-02-14"", ""2023-02-15"", ""2023-02-16"", ""2023-02-17"", ""2023-02-20"", ""2023-02-21"", ""2023-02-22"", ""2023-02-24"", ""2023-02-27"", ""2023-02-28"", ""2023-03-01"", ""2023-03-02"", ""2023-03-03"", ""2023-03-06"", ""2023-03-07"", ""2023-03-09"", ""2023-03-10"", ""2023-03-13"", ""2023-03-14"", ""2023-03-15""]",32400000000000,85799000000000,1,4.0,0.0,0.0
RTS,2023-03-17,included,,"[""2023-02-15"", ""2023-02-16"", ""2023-02-17"", ""2023-02-20"", ""2023-02-21"", ""2023-02-22"", ""2023-02-24"", ""2023-02-27"", ""2023-02-28"", ""2023-03-01"", ""2023-03-02"", ""2023-03-03"", ""2023-03-06"", ""2023-03-07"", ""2023-03-09"", ""2023-03-10"", ""2023-03-13"", ""2023-03-14"", ""2023-03-15"", ""2023-03-16""]",32400000000000,85799005000000,1,4.0,2.0,0.0
RTS,2023-03-20,included,,"[""2023-02-16"", ""2023-02-17"", ""2023-02-20"", ""2023-02-21"", ""2023-02-22"", ""2023-02-24"", ""2023-02-27"", ""2023-02-28"", ""2023-03-01"", ""2023-03-02"", ""2023-03-03"", ""2023-03-06"", ""2023-03-07"", ""2023-03-09"", ""2023-03-10"", ""2023-03-13"", ""2023-03-14"", ""2023-03-15"", ""2023-03-16"", ""2023-03-17""]",32400000000000,85798000000000,1,2.0,2.0,0.0
RTS,2023-03-21,included,,"[""2023-02-17"", ""2023-02-20"", ""2023-02-21"", ""2023-02-22"", ""2023-02-24"", ""2023-02-27"", ""2023-02-28"", ""2023-03-01"", ""2023-03-02"", ""2023-03-03"", ""2023-03-06"", ""2023-03-07"", ""2023-03-09"", ""2023-03-10"", ""2023-03-13"", ""2023-03-14"", ""2023-03-15"", ""2023-03-16"", ""2023-03-17"", ""2023-03-20""]",32400000000000,85798000000000,1,5.0,5.0,0.0
RTS,2023-03-22,included,,"[""2023-02-20"", ""2023-02-21"", ""2023-02-22"", ""2023-02-24"", ""2023-02-27"", ""2023-02-28"", ""2023-03-01"", ""2023-03-02"", ""2023-03-03"", ""2023-03-06"", ""2023-03-07"", ""2023-03-09"", ""2023-03-10"", ""2023-03-13"", ""2023-03-14"", ""2023-03-15"", ""2023-03-16"", ""2023-03-17"", ""2023-03-20"", ""2023-03-21""]",32400000000000,85798000000000,1,3.0,2.0,0.0
RTS,2023-03-23,included,,"[""2023-02-21"", ""2023-02-22"", ""2023-02-24"", ""2023-02-27"", ""2023-02-28"", ""2023-03-01"", ""2023-03-02"", ""2023-03-03"", ""2023-03-06"", ""2023-03-07"", ""2023-03-09"", ""2023-03-10"", ""2023-03-13"", ""2023-03-14"", ""2023-03-15"", ""2023-03-16"", ""2023-03-17"", ""2023-03-20"", ""2023-03-21"", ""2023-03-22""]",32400000000000,85797001000000,1,5.0,4.0,2.0
RTS,2023-03-24,included,,"[""2023-02-22"", ""2023-02-24"", ""2023-02-27"", ""2023-02-28"", ""2023-03-01"", ""2023-03-02"", ""2023-03-03"", ""2023-03-06"", ""2023-03-07"", ""2023-03-09"", ""2023-03-10"", ""2023-03-13"", ""2023-03-14"", ""2023-03-15"", ""2023-03-16"", ""2023-03-17"", ""2023-03-20"", ""2023-03-21"", ""2023-03-22"", ""2023-03-23""]",32400000000000,85799002000000,1,9.0,1.0,0.0
RTS,2023-03-27,included,,"[""2023-02-24"", ""2023-02-27"", ""2023-02-28"", ""2023-03-01"", ""2023-03-02"", ""2023-03-03"", ""2023-03-06"", ""2023-03-07"", ""2023-03-09"", ""2023-03-10"", ""2023-03-13"", ""2023-03-14"", ""2023-03-15"", ""2023-03-16"", ""2023-03-17"", ""2023-03-20"", ""2023-03-21"", ""2023-03-22"", ""2023-03-23"", ""2023-03-24""]",32400000000000,85798000000000,1,0.0,0.0,1.0
RTS,2023-03-28,included,,"[""2023-02-27"", ""2023-02-28"", ""2023-03-01"", ""2023-03-02"", ""2023-03-03"", ""2023-03-06"", ""2023-03-07"", ""2023-03-09"", ""2023-03-10"", ""2023-03-13"", ""2023-03-14"", ""2023-03-15"", ""2023-03-16"", ""2023-03-17"", ""2023-03-20"", ""2023-03-21"", ""2023-03-22"", ""2023-03-23"", ""2023-03-24"", ""2023-03-27""]",32400000000000,85798000000000,1,6.0,4.0,2.0
RTS,2023-03-29,included,,"[""2023-02-28"", ""2023-03-01"", ""2023-03-02"", ""2023-03-03"", ""2023-03-06"", ""2023-03-07"", ""2023-03-09"", ""2023-03-10"", ""2023-03-13"", ""2023-03-14"", ""2023-03-15"", ""2023-03-16"", ""2023-03-17"", ""2023-03-20"", ""2023-03-21"", ""2023-03-22"", ""2023-03-23"", ""2023-03-24"", ""2023-03-27"", ""2023-03-28""]",32400000000000,85794000000000,1,3.0,3.0,0.0
RTS,2023-03-30,included,,"[""2023-03-01"", ""2023-03-02"", ""2023-03-03"", ""2023-03-06"", ""2023-03-07"", ""2023-03-09"", ""2023-03-10"", ""2023-03-13"", ""2023-03-14"", ""2023-03-15"", ""2023-03-16"", ""2023-03-17"", ""2023-03-20"", ""2023-03-21"", ""2023-03-22"", ""2023-03-23"", ""2023-03-24"", ""2023-03-27"", ""2023-03-28"", ""2023-03-29""]",32400000000000,85795000000000,1,4.0,3.0,16.0
RTS,2023-03-31,included,,"[""2023-03-02"", ""2023-03-03"", ""2023-03-06"", ""2023-03-07"", ""2023-03-09"", ""2023-03-10"", ""2023-03-13"", ""2023-03-14"", ""2023-03-15"", ""2023-03-16"", ""2023-03-17"", ""2023-03-20"", ""2023-03-21"", ""2023-03-22"", ""2023-03-23"", ""2023-03-24"", ""2023-03-27"", ""2023-03-28"", ""2023-03-29"", ""2023-03-30""]",32400000000000,85798003000000,1,4.0,3.0,3.0
RTS,2023-04-03,included,,"[""2023-03-03"", ""2023-03-06"", ""2023-03-07"", ""2023-03-09"", ""2023-03-10"", ""2023-03-13"", ""2023-03-14"", ""2023-03-15"", ""2023-03-16"", ""2023-03-17"", ""2023-03-20"", ""2023-03-21"", ""2023-03-22"", ""2023-03-23"", ""2023-03-24"", ""2023-03-27"", ""2023-03-28"", ""2023-03-29"", ""2023-03-30"", ""2023-03-31""]",32389000000000,85799000000000,1,3.0,1.0,0.0
RTS,2023-04-04,included,,"[""2023-03-06"", ""2023-03-07"", ""2023-03-09"", ""2023-03-10"", ""2023-03-13"", ""2023-03-14"", ""2023-03-15"", ""2023-03-16"", ""2023-03-17"", ""2023-03-20"", ""2023-03-21"", ""2023-03-22"", ""2023-03-23"", ""2023-03-24"", ""2023-03-27"", ""2023-03-28"", ""2023-03-29"", ""2023-03-30"", ""2023-03-31"", ""2023-04-03""]",32361000000000,85799000000000,1,6.0,1.0,5.0
RTS,2023-04-05,included,,"[""2023-03-07"", ""2023-03-09"", ""2023-03-10"", ""2023-03-13"", ""2023-03-14"", ""2023-03-15"", ""2023-03-16"", ""2023-03-17"", ""2023-03-20"", ""2023-03-21"", ""2023-03-22"", ""2023-03-23"", ""2023-03-24"", ""2023-03-27"", ""2023-03-28"", ""2023-03-29"", ""2023-03-30"", ""2023-03-31"", ""2023-04-03"", ""2023-04-04""]",32360000000000,85799003000000,1,9.0,1.0,0.0
RTS,2023-04-06,included,,"[""2023-03-09"", ""2023-03-10"", ""2023-03-13"", ""2023-03-14"", ""2023-03-15"", ""2023-03-16"", ""2023-03-17"", ""2023-03-20"", ""2023-03-21"", ""2023-03-22"", ""2023-03-23"", ""2023-03-24"", ""2023-03-27"", ""2023-03-28"", ""2023-03-29"", ""2023-03-30"", ""2023-03-31"", ""2023-04-03"", ""2023-04-04"", ""2023-04-05""]",32368000000000,85798001000000,1,2.0,1.0,0.0
RTS,2023-04-07,included,,"[""2023-03-10"", ""2023-03-13"", ""2023-03-14"", ""2023-03-15"", ""2023-03-16"", ""2023-03-17"", ""2023-03-20"", ""2023-03-21"", ""2023-03-22"", ""2023-03-23"", ""2023-03-24"", ""2023-03-27"", ""2023-03-28"", ""2023-03-29"", ""2023-03-30"", ""2023-03-31"", ""2023-04-03"", ""2023-04-04"", ""2023-04-05"", ""2023-04-06""]",32363000000000,85799012000000,1,9.0,8.0,2.0
RTS,2023-04-10,included,,"[""2023-03-13"", ""2023-03-14"", ""2023-03-15"", ""2023-03-16"", ""2023-03-17"", ""2023-03-20"", ""2023-03-21"", ""2023-03-22"", ""2023-03-23"", ""2023-03-24"", ""2023-03-27"", ""2023-03-28"", ""2023-03-29"", ""2023-03-30"", ""2023-03-31"", ""2023-04-03"", ""2023-04-04"", ""2023-04-05"", ""2023-04-06"", ""2023-04-07""]",32364000000000,85797002000000,1,6.0,4.0,0.0
RTS,2023-04-11,included,,"[""2023-03-14"", ""2023-03-15"", ""2023-03-16"", ""2023-03-17"", ""2023-03-20"", ""2023-03-21"", ""2023-03-22"", ""2023-03-23"", ""2023-03-24"", ""2023-03-27"", ""2023-03-28"", ""2023-03-29"", ""2023-03-30"", ""2023-03-31"", ""2023-04-03"", ""2023-04-04"", ""2023-04-05"", ""2023-04-06"", ""2023-04-07"", ""2023-04-10""]",32352000000000,85796000000000,1,3.0,3.0,1.0
RTS,2023-04-12,included,,"[""2023-03-15"", ""2023-03-16"", ""2023-03-17"", ""2023-03-20"", ""2023-03-21"", ""2023-03-22"", ""2023-03-23"", ""2023-03-24"", ""2023-03-27"", ""2023-03-28"", ""2023-03-29"", ""2023-03-30"", ""2023-03-31"", ""2023-04-03"", ""2023-04-04"", ""2023-04-05"", ""2023-04-06"", ""2023-04-07"", ""2023-04-10"", ""2023-04-11""]",32345000000000,85797002000000,1,10.0,10.0,1.0
RTS,2023-04-13,included,,"[""2023-03-16"", ""2023-03-17"", ""2023-03-20"", ""2023-03-21"", ""2023-03-22"", ""2023-03-23"", ""2023-03-24"", ""2023-03-27"", ""2023-03-28"", ""2023-03-29"", ""2023-03-30"", ""2023-03-31"", ""2023-04-03"", ""2023-04-04"", ""2023-04-05"", ""2023-04-06"", ""2023-04-07"", ""2023-04-10"", ""2023-04-11"", ""2023-04-12""]",32344000000000,85797004000000,1,7.0,3.0,1.0
RTS,2023-04-14,included,,"[""2023-03-17"", ""2023-03-20"", ""2023-03-21"", ""2023-03-22"", ""2023-03-23"", ""2023-03-24"", ""2023-03-27"", ""2023-03-28"", ""2023-03-29"", ""2023-03-30"", ""2023-03-31"", ""2023-04-03"", ""2023-04-04"", ""2023-04-05"", ""2023-04-06"", ""2023-04-07"", ""2023-04-10"", ""2023-04-11"", ""2023-04-12"", ""2023-04-13""]",32387000000000,85799000000000,1,3.0,1.0,3.0
RTS,2023-04-17,included,,"[""2023-03-20"", ""2023-03-21"", ""2023-03-22"", ""2023-03-23"", ""2023-03-24"", ""2023-03-27"", ""2023-03-28"", ""2023-03-29"", ""2023-03-30"", ""2023-03-31"", ""2023-04-03"", ""2023-04-04"", ""2023-04-05"", ""2023-04-06"", ""2023-04-07"", ""2023-04-10"", ""2023-04-11"", ""2023-04-12"", ""2023-04-13"", ""2023-04-14""]",32390000000000,85799001000000,1,0.0,0.0,0.0
RTS,2023-04-18,included,,"[""2023-03-21"", ""2023-03-22"", ""2023-03-23"", ""2023-03-24"", ""2023-03-27"", ""2023-03-28"", ""2023-03-29"", ""2023-03-30"", ""2023-03-31"", ""2023-04-03"", ""2023-04-04"", ""2023-04-05"", ""2023-04-06"", ""2023-04-07"", ""2023-04-10"", ""2023-04-11"", ""2023-04-12"", ""2023-04-13"", ""2023-04-14"", ""2023-04-17""]",32350000000000,85799000000000,1,9.0,2.0,8.0
RTS,2023-04-19,included,,"[""2023-03-22"", ""2023-03-23"", ""2023-03-24"", ""2023-03-27"", ""2023-03-28"", ""2023-03-29"", ""2023-03-30"", ""2023-03-31"", ""2023-04-03"", ""2023-04-04"", ""2023-04-05"", ""2023-04-06"", ""2023-04-07"", ""2023-04-10"", ""2023-04-11"", ""2023-04-12"", ""2023-04-13"", ""2023-04-14"", ""2023-04-17"", ""2023-04-18""]",32400000000000,85798000000000,1,8.0,6.0,0.0
RTS,2023-04-20,included,,"[""2023-03-23"", ""2023-03-24"", ""2023-03-27"", ""2023-03-28"", ""2023-03-29"", ""2023-03-30"", ""2023-03-31"", ""2023-04-03"", ""2023-04-04"", ""2023-04-05"", ""2023-04-06"", ""2023-04-07"", ""2023-04-10"", ""2023-04-11"", ""2023-04-12"", ""2023-04-13"", ""2023-04-14"", ""2023-04-17"", ""2023-04-18"", ""2023-04-19""]",32355000000000,85797003000000,1,5.0,5.0,1.0
RTS,2023-04-21,included,,"[""2023-03-24"", ""2023-03-27"", ""2023-03-28"", ""2023-03-29"", ""2023-03-30"", ""2023-03-31"", ""2023-04-03"", ""2023-04-04"", ""2023-04-05"", ""2023-04-06"", ""2023-04-07"", ""2023-04-10"", ""2023-04-11"", ""2023-04-12"", ""2023-04-13"", ""2023-04-14"", ""2023-04-17"", ""2023-04-18"", ""2023-04-19"", ""2023-04-20""]",32384000000000,85799000000000,1,4.0,3.0,6.0
RTS,2023-04-24,included,,"[""2023-03-27"", ""2023-03-28"", ""2023-03-29"", ""2023-03-30"", ""2023-03-31"", ""2023-04-03"", ""2023-04-04"", ""2023-04-05"", ""2023-04-06"", ""2023-04-07"", ""2023-04-10"", ""2023-04-11"", ""2023-04-12"", ""2023-04-13"", ""2023-04-14"", ""2023-04-17"", ""2023-04-18"", ""2023-04-19"", ""2023-04-20"", ""2023-04-21""]",32342000000000,85799003000000,1,6.0,1.0,1.0
RTS,2023-04-25,included,,"[""2023-03-28"", ""2023-03-29"", ""2023-03-30"", ""2023-03-31"", ""2023-04-03"", ""2023-04-04"", ""2023-04-05"", ""2023-04-06"", ""2023-04-07"", ""2023-04-10"", ""2023-04-11"", ""2023-04-12"", ""2023-04-13"", ""2023-04-14"", ""2023-04-17"", ""2023-04-18"", ""2023-04-19"", ""2023-04-20"", ""2023-04-21"", ""2023-04-24""]",32373000000000,85799000000000,1,4.0,0.0,2.0
RTS,2023-04-26,included,,"[""2023-03-29"", ""2023-03-30"", ""2023-03-31"", ""2023-04-03"", ""2023-04-04"", ""2023-04-05"", ""2023-04-06"", ""2023-04-07"", ""2023-04-10"", ""2023-04-11"", ""2023-04-12"", ""2023-04-13"", ""2023-04-14"", ""2023-04-17"", ""2023-04-18"", ""2023-04-19"", ""2023-04-20"", ""2023-04-21"", ""2023-04-24"", ""2023-04-25""]",32384000000000,85795001000000,1,7.0,0.0,0.0
RTS,2023-04-27,included,,"[""2023-03-30"", ""2023-03-31"", ""2023-04-03"", ""2023-04-04"", ""2023-04-05"", ""2023-04-06"", ""2023-04-07"", ""2023-04-10"", ""2023-04-11"", ""2023-04-12"", ""2023-04-13"", ""2023-04-14"", ""2023-04-17"", ""2023-04-18"", ""2023-04-19"", ""2023-04-20"", ""2023-04-21"", ""2023-04-24"", ""2023-04-25"", ""2023-04-26""]",32365000000000,85796017000000,1,2.0,0.0,0.0
RTS,2023-04-28,included,,"[""2023-03-31"", ""2023-04-03"", ""2023-04-04"", ""2023-04-05"", ""2023-04-06"", ""2023-04-07"", ""2023-04-10"", ""2023-04-11"", ""2023-04-12"", ""2023-04-13"", ""2023-04-14"", ""2023-04-17"", ""2023-04-18"", ""2023-04-19"", ""2023-04-20"", ""2023-04-21"", ""2023-04-24"", ""2023-04-25"", ""2023-04-26"", ""2023-04-27""]",32376000000000,85799001000000,1,11.0,5.0,0.0
RTS,2023-05-02,included,,"[""2023-04-03"", ""2023-04-04"", ""2023-04-05"", ""2023-04-06"", ""2023-04-07"", ""2023-04-10"", ""2023-04-11"", ""2023-04-12"", ""2023-04-13"", ""2023-04-14"", ""2023-04-17"", ""2023-04-18"", ""2023-04-19"", ""2023-04-20"", ""2023-04-21"", ""2023-04-24"", ""2023-04-25"", ""2023-04-26"", ""2023-04-27"", ""2023-04-28""]",32360000000000,85794000000000,1,4.0,3.0,14.0
RTS,2023-05-03,included,,"[""2023-04-04"", ""2023-04-05"", ""2023-04-06"", ""2023-04-07"", ""2023-04-10"", ""2023-04-11"", ""2023-04-12"", ""2023-04-13"", ""2023-04-14"", ""2023-04-17"", ""2023-04-18"", ""2023-04-19"", ""2023-04-20"", ""2023-04-21"", ""2023-04-24"", ""2023-04-25"", ""2023-04-26"", ""2023-04-27"", ""2023-04-28"", ""2023-05-02""]",32376000000000,85793007000000,1,3.0,3.0,1.0
RTS,2023-05-04,included,,"[""2023-04-05"", ""2023-04-06"", ""2023-04-07"", ""2023-04-10"", ""2023-04-11"", ""2023-04-12"", ""2023-04-13"", ""2023-04-14"", ""2023-04-17"", ""2023-04-18"", ""2023-04-19"", ""2023-04-20"", ""2023-04-21"", ""2023-04-24"", ""2023-04-25"", ""2023-04-26"", ""2023-04-27"", ""2023-04-28"", ""2023-05-02"", ""2023-05-03""]",32378000000000,85798002000000,1,7.0,7.0,1.0
RTS,2023-05-05,included,,"[""2023-04-06"", ""2023-04-07"", ""2023-04-10"", ""2023-04-11"", ""2023-04-12"", ""2023-04-13"", ""2023-04-14"", ""2023-04-17"", ""2023-04-18"", ""2023-04-19"", ""2023-04-20"", ""2023-04-21"", ""2023-04-24"", ""2023-04-25"", ""2023-04-26"", ""2023-04-27"", ""2023-04-28"", ""2023-05-02"", ""2023-05-03"", ""2023-05-04""]",32376000000000,85798000000000,1,5.0,5.0,0.0
RTS,2023-05-08,included,,"[""2023-04-07"", ""2023-04-10"", ""2023-04-11"", ""2023-04-12"", ""2023-04-13"", ""2023-04-14"", ""2023-04-17"", ""2023-04-18"", ""2023-04-19"", ""2023-04-20"", ""2023-04-21"", ""2023-04-24"", ""2023-04-25"", ""2023-04-26"", ""2023-04-27"", ""2023-04-28"", ""2023-05-02"", ""2023-05-03"", ""2023-05-04"", ""2023-05-05""]",32370000000000,85797000000000,1,7.0,1.0,0.0
RTS,2023-05-10,included,,"[""2023-04-10"", ""2023-04-11"", ""2023-04-12"", ""2023-04-13"", ""2023-04-14"", ""2023-04-17"", ""2023-04-18"", ""2023-04-19"", ""2023-04-20"", ""2023-04-21"", ""2023-04-24"", ""2023-04-25"", ""2023-04-26"", ""2023-04-27"", ""2023-04-28"", ""2023-05-02"", ""2023-05-03"", ""2023-05-04"", ""2023-05-05"", ""2023-05-08""]",32349000000000,85798012000000,1,1.0,1.0,0.0
RTS,2023-05-11,included,,"[""2023-04-11"", ""2023-04-12"", ""2023-04-13"", ""2023-04-14"", ""2023-04-17"", ""2023-04-18"", ""2023-04-19"", ""2023-04-20"", ""2023-04-21"", ""2023-04-24"", ""2023-04-25"", ""2023-04-26"", ""2023-04-27"", ""2023-04-28"", ""2023-05-02"", ""2023-05-03"", ""2023-05-04"", ""2023-05-05"", ""2023-05-08"", ""2023-05-10""]",32347000000000,85799001000000,1,4.0,4.0,0.0
RTS,2023-05-12,included,,"[""2023-04-12"", ""2023-04-13"", ""2023-04-14"", ""2023-04-17"", ""2023-04-18"", ""2023-04-19"", ""2023-04-20"", ""2023-04-21"", ""2023-04-24"", ""2023-04-25"", ""2023-04-26"", ""2023-04-27"", ""2023-04-28"", ""2023-05-02"", ""2023-05-03"", ""2023-05-04"", ""2023-05-05"", ""2023-05-08"", ""2023-05-10"", ""2023-05-11""]",32372000000000,85799001000000,1,3.0,3.0,1.0
RTS,2023-05-15,included,,"[""2023-04-13"", ""2023-04-14"", ""2023-04-17"", ""2023-04-18"", ""2023-04-19"", ""2023-04-20"", ""2023-04-21"", ""2023-04-24"", ""2023-04-25"", ""2023-04-26"", ""2023-04-27"", ""2023-04-28"", ""2023-05-02"", ""2023-05-03"", ""2023-05-04"", ""2023-05-05"", ""2023-05-08"", ""2023-05-10"", ""2023-05-11"", ""2023-05-12""]",32385000000000,85799000000000,1,8.0,7.0,0.0
RTS,2023-05-16,included,,"[""2023-04-14"", ""2023-04-17"", ""2023-04-18"", ""2023-04-19"", ""2023-04-20"", ""2023-04-21"", ""2023-04-24"", ""2023-04-25"", ""2023-04-26"", ""2023-04-27"", ""2023-04-28"", ""2023-05-02"", ""2023-05-03"", ""2023-05-04"", ""2023-05-05"", ""2023-05-08"", ""2023-05-10"", ""2023-05-11"", ""2023-05-12"", ""2023-05-15""]",32368000000000,85797000000000,1,9.0,8.0,10.0
RTS,2023-05-17,included,,"[""2023-04-17"", ""2023-04-18"", ""2023-04-19"", ""2023-04-20"", ""2023-04-21"", ""2023-04-24"", ""2023-04-25"", ""2023-04-26"", ""2023-04-27"", ""2023-04-28"", ""2023-05-02"", ""2023-05-03"", ""2023-05-04"", ""2023-05-05"", ""2023-05-08"", ""2023-05-10"", ""2023-05-11"", ""2023-05-12"", ""2023-05-15"", ""2023-05-16""]",32376000000000,85798001000000,1,5.0,4.0,2.0
RTS,2023-05-18,included,,"[""2023-04-18"", ""2023-04-19"", ""2023-04-20"", ""2023-04-21"", ""2023-04-24"", ""2023-04-25"", ""2023-04-26"", ""2023-04-27"", ""2023-04-28"", ""2023-05-02"", ""2023-05-03"", ""2023-05-04"", ""2023-05-05"", ""2023-05-08"", ""2023-05-10"", ""2023-05-11"", ""2023-05-12"", ""2023-05-15"", ""2023-05-16"", ""2023-05-17""]",32352000000000,85797001000000,1,4.0,3.0,7.0
RTS,2023-05-19,included,,"[""2023-04-19"", ""2023-04-20"", ""2023-04-21"", ""2023-04-24"", ""2023-04-25"", ""2023-04-26"", ""2023-04-27"", ""2023-04-28"", ""2023-05-02"", ""2023-05-03"", ""2023-05-04"", ""2023-05-05"", ""2023-05-08"", ""2023-05-10"", ""2023-05-11"", ""2023-05-12"", ""2023-05-15"", ""2023-05-16"", ""2023-05-17"", ""2023-05-18""]",32365000000000,85799000000000,1,8.0,0.0,10.0
RTS,2023-05-22,included,,"[""2023-04-20"", ""2023-04-21"", ""2023-04-24"", ""2023-04-25"", ""2023-04-26"", ""2023-04-27"", ""2023-04-28"", ""2023-05-02"", ""2023-05-03"", ""2023-05-04"", ""2023-05-05"", ""2023-05-08"", ""2023-05-10"", ""2023-05-11"", ""2023-05-12"", ""2023-05-15"", ""2023-05-16"", ""2023-05-17"", ""2023-05-18"", ""2023-05-19""]",32383000000000,85797001000000,1,12.0,0.0,3.0
RTS,2023-05-23,included,,"[""2023-04-21"", ""2023-04-24"", ""2023-04-25"", ""2023-04-26"", ""2023-04-27"", ""2023-04-28"", ""2023-05-02"", ""2023-05-03"", ""2023-05-04"", ""2023-05-05"", ""2023-05-08"", ""2023-05-10"", ""2023-05-11"", ""2023-05-12"", ""2023-05-15"", ""2023-05-16"", ""2023-05-17"", ""2023-05-18"", ""2023-05-19"", ""2023-05-22""]",32354000000000,85799001000000,1,5.0,3.0,3.0
RTS,2023-05-24,included,,"[""2023-04-24"", ""2023-04-25"", ""2023-04-26"", ""2023-04-27"", ""2023-04-28"", ""2023-05-02"", ""2023-05-03"", ""2023-05-04"", ""2023-05-05"", ""2023-05-08"", ""2023-05-10"", ""2023-05-11"", ""2023-05-12"", ""2023-05-15"", ""2023-05-16"", ""2023-05-17"", ""2023-05-18"", ""2023-05-19"", ""2023-05-22"", ""2023-05-23""]",32366000000000,85794021000000,1,8.0,0.0,0.0
RTS,2023-05-25,included,,"[""2023-04-25"", ""2023-04-26"", ""2023-04-27"", ""2023-04-28"", ""2023-05-02"", ""2023-05-03"", ""2023-05-04"", ""2023-05-05"", ""2023-05-08"", ""2023-05-10"", ""2023-05-11"", ""2023-05-12"", ""2023-05-15"", ""2023-05-16"", ""2023-05-17"", ""2023-05-18"", ""2023-05-19"", ""2023-05-22"", ""2023-05-23"", ""2023-05-24""]",32357000000000,85799000000000,1,9.0,0.0,5.0
RTS,2023-05-26,included,,"[""2023-04-26"", ""2023-04-27"", ""2023-04-28"", ""2023-05-02"", ""2023-05-03"", ""2023-05-04"", ""2023-05-05"", ""2023-05-08"", ""2023-05-10"", ""2023-05-11"", ""2023-05-12"", ""2023-05-15"", ""2023-05-16"", ""2023-05-17"", ""2023-05-18"", ""2023-05-19"", ""2023-05-22"", ""2023-05-23"", ""2023-05-24"", ""2023-05-25""]",32354000000000,85799009000000,1,6.0,0.0,4.0
RTS,2023-05-29,included,,"[""2023-04-27"", ""2023-04-28"", ""2023-05-02"", ""2023-05-03"", ""2023-05-04"", ""2023-05-05"", ""2023-05-08"", ""2023-05-10"", ""2023-05-11"", ""2023-05-12"", ""2023-05-15"", ""2023-05-16"", ""2023-05-17"", ""2023-05-18"", ""2023-05-19"", ""2023-05-22"", ""2023-05-23"", ""2023-05-24"", ""2023-05-25"", ""2023-05-26""]",32357000000000,85795003000000,1,6.0,0.0,0.0
RTS,2023-05-30,included,,"[""2023-04-28"", ""2023-05-02"", ""2023-05-03"", ""2023-05-04"", ""2023-05-05"", ""2023-05-08"", ""2023-05-10"", ""2023-05-11"", ""2023-05-12"", ""2023-05-15"", ""2023-05-16"", ""2023-05-17"", ""2023-05-18"", ""2023-05-19"", ""2023-05-22"", ""2023-05-23"", ""2023-05-24"", ""2023-05-25"", ""2023-05-26"", ""2023-05-29""]",32371000000000,85796001000000,1,4.0,3.0,0.0
RTS,2023-05-31,included,,"[""2023-05-02"", ""2023-05-03"", ""2023-05-04"", ""2023-05-05"", ""2023-05-08"", ""2023-05-10"", ""2023-05-11"", ""2023-05-12"", ""2023-05-15"", ""2023-05-16"", ""2023-05-17"", ""2023-05-18"", ""2023-05-19"", ""2023-05-22"", ""2023-05-23"", ""2023-05-24"", ""2023-05-25"", ""2023-05-26"", ""2023-05-29"", ""2023-05-30""]",32378000000000,85797006000000,1,7.0,0.0,4.0
RTS,2023-06-01,included,,"[""2023-05-03"", ""2023-05-04"", ""2023-05-05"", ""2023-05-08"", ""2023-05-10"", ""2023-05-11"", ""2023-05-12"", ""2023-05-15"", ""2023-05-16"", ""2023-05-17"", ""2023-05-18"", ""2023-05-19"", ""2023-05-22"", ""2023-05-23"", ""2023-05-24"", ""2023-05-25"", ""2023-05-26"", ""2023-05-29"", ""2023-05-30"", ""2023-05-31""]",32384000000000,85799000000000,1,10.0,0.0,0.0
RTS,2023-06-02,included,,"[""2023-05-04"", ""2023-05-05"", ""2023-05-08"", ""2023-05-10"", ""2023-05-11"", ""2023-05-12"", ""2023-05-15"", ""2023-05-16"", ""2023-05-17"", ""2023-05-18"", ""2023-05-19"", ""2023-05-22"", ""2023-05-23"", ""2023-05-24"", ""2023-05-25"", ""2023-05-26"", ""2023-05-29"", ""2023-05-30"", ""2023-05-31"", ""2023-06-01""]",32347000000000,85799000000000,1,5.0,0.0,5.0
RTS,2023-06-05,included,,"[""2023-05-05"", ""2023-05-08"", ""2023-05-10"", ""2023-05-11"", ""2023-05-12"", ""2023-05-15"", ""2023-05-16"", ""2023-05-17"", ""2023-05-18"", ""2023-05-19"", ""2023-05-22"", ""2023-05-23"", ""2023-05-24"", ""2023-05-25"", ""2023-05-26"", ""2023-05-29"", ""2023-05-30"", ""2023-05-31"", ""2023-06-01"", ""2023-06-02""]",32386000000000,85799028000000,1,8.0,4.0,4.0
RTS,2023-06-06,included,,"[""2023-05-08"", ""2023-05-10"", ""2023-05-11"", ""2023-05-12"", ""2023-05-15"", ""2023-05-16"", ""2023-05-17"", ""2023-05-18"", ""2023-05-19"", ""2023-05-22"", ""2023-05-23"", ""2023-05-24"", ""2023-05-25"", ""2023-05-26"", ""2023-05-29"", ""2023-05-30"", ""2023-05-31"", ""2023-06-01"", ""2023-06-02"", ""2023-06-05""]",32364000000000,85798000000000,1,4.0,4.0,1.0
RTS,2023-06-07,included,,"[""2023-05-10"", ""2023-05-11"", ""2023-05-12"", ""2023-05-15"", ""2023-05-16"", ""2023-05-17"", ""2023-05-18"", ""2023-05-19"", ""2023-05-22"", ""2023-05-23"", ""2023-05-24"", ""2023-05-25"", ""2023-05-26"", ""2023-05-29"", ""2023-05-30"", ""2023-05-31"", ""2023-06-01"", ""2023-06-02"", ""2023-06-05"", ""2023-06-06""]",32345000000000,85799005000000,1,5.0,0.0,4.0
RTS,2023-06-08,included,,"[""2023-05-11"", ""2023-05-12"", ""2023-05-15"", ""2023-05-16"", ""2023-05-17"", ""2023-05-18"", ""2023-05-19"", ""2023-05-22"", ""2023-05-23"", ""2023-05-24"", ""2023-05-25"", ""2023-05-26"", ""2023-05-29"", ""2023-05-30"", ""2023-05-31"", ""2023-06-01"", ""2023-06-02"", ""2023-06-05"", ""2023-06-06"", ""2023-06-07""]",32347000000000,85796000000000,1,9.0,0.0,1.0
RTS,2023-06-09,included,,"[""2023-05-12"", ""2023-05-15"", ""2023-05-16"", ""2023-05-17"", ""2023-05-18"", ""2023-05-19"", ""2023-05-22"", ""2023-05-23"", ""2023-05-24"", ""2023-05-25"", ""2023-05-26"", ""2023-05-29"", ""2023-05-30"", ""2023-05-31"", ""2023-06-01"", ""2023-06-02"", ""2023-06-05"", ""2023-06-06"", ""2023-06-07"", ""2023-06-08""]",32365000000000,85799002000000,1,7.0,0.0,10.0
RTS,2023-06-13,included,,"[""2023-05-15"", ""2023-05-16"", ""2023-05-17"", ""2023-05-18"", ""2023-05-19"", ""2023-05-22"", ""2023-05-23"", ""2023-05-24"", ""2023-05-25"", ""2023-05-26"", ""2023-05-29"", ""2023-05-30"", ""2023-05-31"", ""2023-06-01"", ""2023-06-02"", ""2023-06-05"", ""2023-06-06"", ""2023-06-07"", ""2023-06-08"", ""2023-06-09""]",32349000000000,85799002000000,1,5.0,1.0,1.0
RTS,2023-06-14,included,,"[""2023-05-16"", ""2023-05-17"", ""2023-05-18"", ""2023-05-19"", ""2023-05-22"", ""2023-05-23"", ""2023-05-24"", ""2023-05-25"", ""2023-05-26"", ""2023-05-29"", ""2023-05-30"", ""2023-05-31"", ""2023-06-01"", ""2023-06-02"", ""2023-06-05"", ""2023-06-06"", ""2023-06-07"", ""2023-06-08"", ""2023-06-09"", ""2023-06-13""]",32369000000000,85798000000000,1,4.0,0.0,1.0
RTS,2023-06-15,included,,"[""2023-05-17"", ""2023-05-18"", ""2023-05-19"", ""2023-05-22"", ""2023-05-23"", ""2023-05-24"", ""2023-05-25"", ""2023-05-26"", ""2023-05-29"", ""2023-05-30"", ""2023-05-31"", ""2023-06-01"", ""2023-06-02"", ""2023-06-05"", ""2023-06-06"", ""2023-06-07"", ""2023-06-08"", ""2023-06-09"", ""2023-06-13"", ""2023-06-14""]",32377000000000,85796001000000,1,5.0,1.0,5.0
RTS,2023-06-16,included,,"[""2023-05-18"", ""2023-05-19"", ""2023-05-22"", ""2023-05-23"", ""2023-05-24"", ""2023-05-25"", ""2023-05-26"", ""2023-05-29"", ""2023-05-30"", ""2023-05-31"", ""2023-06-01"", ""2023-06-02"", ""2023-06-05"", ""2023-06-06"", ""2023-06-07"", ""2023-06-08"", ""2023-06-09"", ""2023-06-13"", ""2023-06-14"", ""2023-06-15""]",32356000000000,85799000000000,1,4.0,0.0,11.0
RTS,2023-06-19,included,,"[""2023-05-19"", ""2023-05-22"", ""2023-05-23"", ""2023-05-24"", ""2023-05-25"", ""2023-05-26"", ""2023-05-29"", ""2023-05-30"", ""2023-05-31"", ""2023-06-01"", ""2023-06-02"", ""2023-06-05"", ""2023-06-06"", ""2023-06-07"", ""2023-06-08"", ""2023-06-09"", ""2023-06-13"", ""2023-06-14"", ""2023-06-15"", ""2023-06-16""]",32359000000000,85795000000000,1,7.0,1.0,1.0
RTS,2023-06-20,included,,"[""2023-05-22"", ""2023-05-23"", ""2023-05-24"", ""2023-05-25"", ""2023-05-26"", ""2023-05-29"", ""2023-05-30"", ""2023-05-31"", ""2023-06-01"", ""2023-06-02"", ""2023-06-05"", ""2023-06-06"", ""2023-06-07"", ""2023-06-08"", ""2023-06-09"", ""2023-06-13"", ""2023-06-14"", ""2023-06-15"", ""2023-06-16"", ""2023-06-19""]",32386000000000,85799000000000,1,5.0,1.0,2.0
RTS,2023-06-21,included,,"[""2023-05-23"", ""2023-05-24"", ""2023-05-25"", ""2023-05-26"", ""2023-05-29"", ""2023-05-30"", ""2023-05-31"", ""2023-06-01"", ""2023-06-02"", ""2023-06-05"", ""2023-06-06"", ""2023-06-07"", ""2023-06-08"", ""2023-06-09"", ""2023-06-13"", ""2023-06-14"", ""2023-06-15"", ""2023-06-16"", ""2023-06-19"", ""2023-06-20""]",32344000000000,85793003000000,1,6.0,4.0,1.0
RTS,2023-06-22,included,,"[""2023-05-24"", ""2023-05-25"", ""2023-05-26"", ""2023-05-29"", ""2023-05-30"", ""2023-05-31"", ""2023-06-01"", ""2023-06-02"", ""2023-06-05"", ""2023-06-06"", ""2023-06-07"", ""2023-06-08"", ""2023-06-09"", ""2023-06-13"", ""2023-06-14"", ""2023-06-15"", ""2023-06-16"", ""2023-06-19"", ""2023-06-20"", ""2023-06-21""]",32358000000000,85799000000000,1,15.0,0.0,1.0
RTS,2023-06-23,included,,"[""2023-05-25"", ""2023-05-26"", ""2023-05-29"", ""2023-05-30"", ""2023-05-31"", ""2023-06-01"", ""2023-06-02"", ""2023-06-05"", ""2023-06-06"", ""2023-06-07"", ""2023-06-08"", ""2023-06-09"", ""2023-06-13"", ""2023-06-14"", ""2023-06-15"", ""2023-06-16"", ""2023-06-19"", ""2023-06-20"", ""2023-06-21"", ""2023-06-22""]",32350000000000,85799000000000,1,7.0,5.0,8.0
RTS,2023-06-26,included,,"[""2023-05-26"", ""2023-05-29"", ""2023-05-30"", ""2023-05-31"", ""2023-06-01"", ""2023-06-02"", ""2023-06-05"", ""2023-06-06"", ""2023-06-07"", ""2023-06-08"", ""2023-06-09"", ""2023-06-13"", ""2023-06-14"", ""2023-06-15"", ""2023-06-16"", ""2023-06-19"", ""2023-06-20"", ""2023-06-21"", ""2023-06-22"", ""2023-06-23""]",32358000000000,85797000000000,1,7.0,7.0,2.0
RTS,2023-06-27,included,,"[""2023-05-29"", ""2023-05-30"", ""2023-05-31"", ""2023-06-01"", ""2023-06-02"", ""2023-06-05"", ""2023-06-06"", ""2023-06-07"", ""2023-06-08"", ""2023-06-09"", ""2023-06-13"", ""2023-06-14"", ""2023-06-15"", ""2023-06-16"", ""2023-06-19"", ""2023-06-20"", ""2023-06-21"", ""2023-06-22"", ""2023-06-23"", ""2023-06-26""]",32388000000000,85796001000000,1,8.0,2.0,1.0
RTS,2023-06-28,included,,"[""2023-05-30"", ""2023-05-31"", ""2023-06-01"", ""2023-06-02"", ""2023-06-05"", ""2023-06-06"", ""2023-06-07"", ""2023-06-08"", ""2023-06-09"", ""2023-06-13"", ""2023-06-14"", ""2023-06-15"", ""2023-06-16"", ""2023-06-19"", ""2023-06-20"", ""2023-06-21"", ""2023-06-22"", ""2023-06-23"", ""2023-06-26"", ""2023-06-27""]",32384000000000,85798010000000,1,2.0,0.0,5.0
RTS,2023-06-29,included,,"[""2023-05-31"", ""2023-06-01"", ""2023-06-02"", ""2023-06-05"", ""2023-06-06"", ""2023-06-07"", ""2023-06-08"", ""2023-06-09"", ""2023-06-13"", ""2023-06-14"", ""2023-06-15"", ""2023-06-16"", ""2023-06-19"", ""2023-06-20"", ""2023-06-21"", ""2023-06-22"", ""2023-06-23"", ""2023-06-26"", ""2023-06-27"", ""2023-06-28""]",32343000000000,85796000000000,1,13.0,12.0,0.0
RTS,2023-06-30,included,,"[""2023-06-01"", ""2023-06-02"", ""2023-06-05"", ""2023-06-06"", ""2023-06-07"", ""2023-06-08"", ""2023-06-09"", ""2023-06-13"", ""2023-06-14"", ""2023-06-15"", ""2023-06-16"", ""2023-06-19"", ""2023-06-20"", ""2023-06-21"", ""2023-06-22"", ""2023-06-23"", ""2023-06-26"", ""2023-06-27"", ""2023-06-28"", ""2023-06-29""]",32361000000000,85798001000000,1,9.0,9.0,1.0
RTS,2023-07-03,included,,"[""2023-06-02"", ""2023-06-05"", ""2023-06-06"", ""2023-06-07"", ""2023-06-08"", ""2023-06-09"", ""2023-06-13"", ""2023-06-14"", ""2023-06-15"", ""2023-06-16"", ""2023-06-19"", ""2023-06-20"", ""2023-06-21"", ""2023-06-22"", ""2023-06-23"", ""2023-06-26"", ""2023-06-27"", ""2023-06-28"", ""2023-06-29"", ""2023-06-30""]",32366000000000,85797001000000,1,2.0,0.0,0.0
RTS,2023-07-04,included,,"[""2023-06-05"", ""2023-06-06"", ""2023-06-07"", ""2023-06-08"", ""2023-06-09"", ""2023-06-13"", ""2023-06-14"", ""2023-06-15"", ""2023-06-16"", ""2023-06-19"", ""2023-06-20"", ""2023-06-21"", ""2023-06-22"", ""2023-06-23"", ""2023-06-26"", ""2023-06-27"", ""2023-06-28"", ""2023-06-29"", ""2023-06-30"", ""2023-07-03""]",32369000000000,85799002000000,1,5.0,2.0,23.0
RTS,2023-07-05,included,,"[""2023-06-06"", ""2023-06-07"", ""2023-06-08"", ""2023-06-09"", ""2023-06-13"", ""2023-06-14"", ""2023-06-15"", ""2023-06-16"", ""2023-06-19"", ""2023-06-20"", ""2023-06-21"", ""2023-06-22"", ""2023-06-23"", ""2023-06-26"", ""2023-06-27"", ""2023-06-28"", ""2023-06-29"", ""2023-06-30"", ""2023-07-03"", ""2023-07-04""]",32343000000000,85791001000000,1,7.0,1.0,0.0
RTS,2023-07-06,included,,"[""2023-06-07"", ""2023-06-08"", ""2023-06-09"", ""2023-06-13"", ""2023-06-14"", ""2023-06-15"", ""2023-06-16"", ""2023-06-19"", ""2023-06-20"", ""2023-06-21"", ""2023-06-22"", ""2023-06-23"", ""2023-06-26"", ""2023-06-27"", ""2023-06-28"", ""2023-06-29"", ""2023-06-30"", ""2023-07-03"", ""2023-07-04"", ""2023-07-05""]",32386000000000,85799001000000,1,7.0,7.0,1.0
RTS,2023-07-07,included,,"[""2023-06-08"", ""2023-06-09"", ""2023-06-13"", ""2023-06-14"", ""2023-06-15"", ""2023-06-16"", ""2023-06-19"", ""2023-06-20"", ""2023-06-21"", ""2023-06-22"", ""2023-06-23"", ""2023-06-26"", ""2023-06-27"", ""2023-06-28"", ""2023-06-29"", ""2023-06-30"", ""2023-07-03"", ""2023-07-04"", ""2023-07-05"", ""2023-07-06""]",32383000000000,85799008000000,1,6.0,0.0,22.0
RTS,2023-07-10,included,,"[""2023-06-09"", ""2023-06-13"", ""2023-06-14"", ""2023-06-15"", ""2023-06-16"", ""2023-06-19"", ""2023-06-20"", ""2023-06-21"", ""2023-06-22"", ""2023-06-23"", ""2023-06-26"", ""2023-06-27"", ""2023-06-28"", ""2023-06-29"", ""2023-06-30"", ""2023-07-03"", ""2023-07-04"", ""2023-07-05"", ""2023-07-06"", ""2023-07-07""]",32388000000000,85797006000000,1,2.0,0.0,0.0
RTS,2023-07-11,included,,"[""2023-06-13"", ""2023-06-14"", ""2023-06-15"", ""2023-06-16"", ""2023-06-19"", ""2023-06-20"", ""2023-06-21"", ""2023-06-22"", ""2023-06-23"", ""2023-06-26"", ""2023-06-27"", ""2023-06-28"", ""2023-06-29"", ""2023-06-30"", ""2023-07-03"", ""2023-07-04"", ""2023-07-05"", ""2023-07-06"", ""2023-07-07"", ""2023-07-10""]",32357000000000,85792000000000,1,10.0,0.0,3.0
RTS,2023-07-12,included,,"[""2023-06-14"", ""2023-06-15"", ""2023-06-16"", ""2023-06-19"", ""2023-06-20"", ""2023-06-21"", ""2023-06-22"", ""2023-06-23"", ""2023-06-26"", ""2023-06-27"", ""2023-06-28"", ""2023-06-29"", ""2023-06-30"", ""2023-07-03"", ""2023-07-04"", ""2023-07-05"", ""2023-07-06"", ""2023-07-07"", ""2023-07-10"", ""2023-07-11""]",32372000000000,85799000000000,1,8.0,0.0,4.0
RTS,2023-07-13,included,,"[""2023-06-15"", ""2023-06-16"", ""2023-06-19"", ""2023-06-20"", ""2023-06-21"", ""2023-06-22"", ""2023-06-23"", ""2023-06-26"", ""2023-06-27"", ""2023-06-28"", ""2023-06-29"", ""2023-06-30"", ""2023-07-03"", ""2023-07-04"", ""2023-07-05"", ""2023-07-06"", ""2023-07-07"", ""2023-07-10"", ""2023-07-11"", ""2023-07-12""]",32372000000000,85797001000000,1,9.0,4.0,1.0
RTS,2023-07-14,included,,"[""2023-06-16"", ""2023-06-19"", ""2023-06-20"", ""2023-06-21"", ""2023-06-22"", ""2023-06-23"", ""2023-06-26"", ""2023-06-27"", ""2023-06-28"", ""2023-06-29"", ""2023-06-30"", ""2023-07-03"", ""2023-07-04"", ""2023-07-05"", ""2023-07-06"", ""2023-07-07"", ""2023-07-10"", ""2023-07-11"", ""2023-07-12"", ""2023-07-13""]",32346000000000,85795003000000,1,7.0,0.0,0.0
RTS,2023-07-17,included,,"[""2023-06-19"", ""2023-06-20"", ""2023-06-21"", ""2023-06-22"", ""2023-06-23"", ""2023-06-26"", ""2023-06-27"", ""2023-06-28"", ""2023-06-29"", ""2023-06-30"", ""2023-07-03"", ""2023-07-04"", ""2023-07-05"", ""2023-07-06"", ""2023-07-07"", ""2023-07-10"", ""2023-07-11"", ""2023-07-12"", ""2023-07-13"", ""2023-07-14""]",32371000000000,85799001000000,1,4.0,2.0,4.0
RTS,2023-07-18,included,,"[""2023-06-20"", ""2023-06-21"", ""2023-06-22"", ""2023-06-23"", ""2023-06-26"", ""2023-06-27"", ""2023-06-28"", ""2023-06-29"", ""2023-06-30"", ""2023-07-03"", ""2023-07-04"", ""2023-07-05"", ""2023-07-06"", ""2023-07-07"", ""2023-07-10"", ""2023-07-11"", ""2023-07-12"", ""2023-07-13"", ""2023-07-14"", ""2023-07-17""]",32376000000000,85796005000000,1,7.0,1.0,18.0
RTS,2023-07-19,included,,"[""2023-06-21"", ""2023-06-22"", ""2023-06-23"", ""2023-06-26"", ""2023-06-27"", ""2023-06-28"", ""2023-06-29"", ""2023-06-30"", ""2023-07-03"", ""2023-07-04"", ""2023-07-05"", ""2023-07-06"", ""2023-07-07"", ""2023-07-10"", ""2023-07-11"", ""2023-07-12"", ""2023-07-13"", ""2023-07-14"", ""2023-07-17"", ""2023-07-18""]",32360000000000,85799022000000,1,11.0,0.0,17.0
RTS,2023-07-20,included,,"[""2023-06-22"", ""2023-06-23"", ""2023-06-26"", ""2023-06-27"", ""2023-06-28"", ""2023-06-29"", ""2023-06-30"", ""2023-07-03"", ""2023-07-04"", ""2023-07-05"", ""2023-07-06"", ""2023-07-07"", ""2023-07-10"", ""2023-07-11"", ""2023-07-12"", ""2023-07-13"", ""2023-07-14"", ""2023-07-17"", ""2023-07-18"", ""2023-07-19""]",32353000000000,85798000000000,1,9.0,1.0,2.0
RTS,2023-07-21,included,,"[""2023-06-23"", ""2023-06-26"", ""2023-06-27"", ""2023-06-28"", ""2023-06-29"", ""2023-06-30"", ""2023-07-03"", ""2023-07-04"", ""2023-07-05"", ""2023-07-06"", ""2023-07-07"", ""2023-07-10"", ""2023-07-11"", ""2023-07-12"", ""2023-07-13"", ""2023-07-14"", ""2023-07-17"", ""2023-07-18"", ""2023-07-19"", ""2023-07-20""]",32373000000000,85799000000000,1,10.0,4.0,1.0
RTS,2023-07-24,included,,"[""2023-06-26"", ""2023-06-27"", ""2023-06-28"", ""2023-06-29"", ""2023-06-30"", ""2023-07-03"", ""2023-07-04"", ""2023-07-05"", ""2023-07-06"", ""2023-07-07"", ""2023-07-10"", ""2023-07-11"", ""2023-07-12"", ""2023-07-13"", ""2023-07-14"", ""2023-07-17"", ""2023-07-18"", ""2023-07-19"", ""2023-07-20"", ""2023-07-21""]",32367000000000,85798000000000,1,8.0,0.0,10.0
RTS,2023-07-25,included,,"[""2023-06-27"", ""2023-06-28"", ""2023-06-29"", ""2023-06-30"", ""2023-07-03"", ""2023-07-04"", ""2023-07-05"", ""2023-07-06"", ""2023-07-07"", ""2023-07-10"", ""2023-07-11"", ""2023-07-12"", ""2023-07-13"", ""2023-07-14"", ""2023-07-17"", ""2023-07-18"", ""2023-07-19"", ""2023-07-20"", ""2023-07-21"", ""2023-07-24""]",32367000000000,85798000000000,1,4.0,0.0,0.0
RTS,2023-07-26,included,,"[""2023-06-28"", ""2023-06-29"", ""2023-06-30"", ""2023-07-03"", ""2023-07-04"", ""2023-07-05"", ""2023-07-06"", ""2023-07-07"", ""2023-07-10"", ""2023-07-11"", ""2023-07-12"", ""2023-07-13"", ""2023-07-14"", ""2023-07-17"", ""2023-07-18"", ""2023-07-19"", ""2023-07-20"", ""2023-07-21"", ""2023-07-24"", ""2023-07-25""]",32368000000000,85798000000000,1,11.0,0.0,1.0
RTS,2023-07-27,included,,"[""2023-06-29"", ""2023-06-30"", ""2023-07-03"", ""2023-07-04"", ""2023-07-05"", ""2023-07-06"", ""2023-07-07"", ""2023-07-10"", ""2023-07-11"", ""2023-07-12"", ""2023-07-13"", ""2023-07-14"", ""2023-07-17"", ""2023-07-18"", ""2023-07-19"", ""2023-07-20"", ""2023-07-21"", ""2023-07-24"", ""2023-07-25"", ""2023-07-26""]",32363000000000,85797000000000,1,4.0,0.0,4.0
RTS,2023-07-28,included,,"[""2023-06-30"", ""2023-07-03"", ""2023-07-04"", ""2023-07-05"", ""2023-07-06"", ""2023-07-07"", ""2023-07-10"", ""2023-07-11"", ""2023-07-12"", ""2023-07-13"", ""2023-07-14"", ""2023-07-17"", ""2023-07-18"", ""2023-07-19"", ""2023-07-20"", ""2023-07-21"", ""2023-07-24"", ""2023-07-25"", ""2023-07-26"", ""2023-07-27""]",32354000000000,85793002000000,1,7.0,0.0,0.0
RTS,2023-07-31,included,,"[""2023-07-03"", ""2023-07-04"", ""2023-07-05"", ""2023-07-06"", ""2023-07-07"", ""2023-07-10"", ""2023-07-11"", ""2023-07-12"", ""2023-07-13"", ""2023-07-14"", ""2023-07-17"", ""2023-07-18"", ""2023-07-19"", ""2023-07-20"", ""2023-07-21"", ""2023-07-24"", ""2023-07-25"", ""2023-07-26"", ""2023-07-27"", ""2023-07-28""]",32343000000000,85796001000000,1,4.0,4.0,5.0
RTS,2023-08-01,included,,"[""2023-07-04"", ""2023-07-05"", ""2023-07-06"", ""2023-07-07"", ""2023-07-10"", ""2023-07-11"", ""2023-07-12"", ""2023-07-13"", ""2023-07-14"", ""2023-07-17"", ""2023-07-18"", ""2023-07-19"", ""2023-07-20"", ""2023-07-21"", ""2023-07-24"", ""2023-07-25"", ""2023-07-26"", ""2023-07-27"", ""2023-07-28"", ""2023-07-31""]",32362000000000,85797000000000,1,6.0,6.0,6.0
RTS,2023-08-02,included,,"[""2023-07-05"", ""2023-07-06"", ""2023-07-07"", ""2023-07-10"", ""2023-07-11"", ""2023-07-12"", ""2023-07-13"", ""2023-07-14"", ""2023-07-17"", ""2023-07-18"", ""2023-07-19"", ""2023-07-20"", ""2023-07-21"", ""2023-07-24"", ""2023-07-25"", ""2023-07-26"", ""2023-07-27"", ""2023-07-28"", ""2023-07-31"", ""2023-08-01""]",32388000000000,85799000000000,1,8.0,7.0,0.0
RTS,2023-08-03,included,,"[""2023-07-06"", ""2023-07-07"", ""2023-07-10"", ""2023-07-11"", ""2023-07-12"", ""2023-07-13"", ""2023-07-14"", ""2023-07-17"", ""2023-07-18"", ""2023-07-19"", ""2023-07-20"", ""2023-07-21"", ""2023-07-24"", ""2023-07-25"", ""2023-07-26"", ""2023-07-27"", ""2023-07-28"", ""2023-07-31"", ""2023-08-01"", ""2023-08-02""]",32369000000000,85799000000000,1,5.0,5.0,1.0
RTS,2023-08-04,included,,"[""2023-07-07"", ""2023-07-10"", ""2023-07-11"", ""2023-07-12"", ""2023-07-13"", ""2023-07-14"", ""2023-07-17"", ""2023-07-18"", ""2023-07-19"", ""2023-07-20"", ""2023-07-21"", ""2023-07-24"", ""2023-07-25"", ""2023-07-26"", ""2023-07-27"", ""2023-07-28"", ""2023-07-31"", ""2023-08-01"", ""2023-08-02"", ""2023-08-03""]",32355000000000,85797000000000,1,4.0,0.0,2.0
RTS,2023-08-07,included,,"[""2023-07-10"", ""2023-07-11"", ""2023-07-12"", ""2023-07-13"", ""2023-07-14"", ""2023-07-17"", ""2023-07-18"", ""2023-07-19"", ""2023-07-20"", ""2023-07-21"", ""2023-07-24"", ""2023-07-25"", ""2023-07-26"", ""2023-07-27"", ""2023-07-28"", ""2023-07-31"", ""2023-08-01"", ""2023-08-02"", ""2023-08-03"", ""2023-08-04""]",32386000000000,85799002000000,1,9.0,9.0,19.0
RTS,2023-08-08,included,,"[""2023-07-11"", ""2023-07-12"", ""2023-07-13"", ""2023-07-14"", ""2023-07-17"", ""2023-07-18"", ""2023-07-19"", ""2023-07-20"", ""2023-07-21"", ""2023-07-24"", ""2023-07-25"", ""2023-07-26"", ""2023-07-27"", ""2023-07-28"", ""2023-07-31"", ""2023-08-01"", ""2023-08-02"", ""2023-08-03"", ""2023-08-04"", ""2023-08-07""]",32366000000000,85795009000000,1,8.0,8.0,48.0
RTS,2023-08-09,included,,"[""2023-07-12"", ""2023-07-13"", ""2023-07-14"", ""2023-07-17"", ""2023-07-18"", ""2023-07-19"", ""2023-07-20"", ""2023-07-21"", ""2023-07-24"", ""2023-07-25"", ""2023-07-26"", ""2023-07-27"", ""2023-07-28"", ""2023-07-31"", ""2023-08-01"", ""2023-08-02"", ""2023-08-03"", ""2023-08-04"", ""2023-08-07"", ""2023-08-08""]",32385000000000,85795003000000,1,4.0,0.0,1.0
RTS,2023-08-10,included,,"[""2023-07-13"", ""2023-07-14"", ""2023-07-17"", ""2023-07-18"", ""2023-07-19"", ""2023-07-20"", ""2023-07-21"", ""2023-07-24"", ""2023-07-25"", ""2023-07-26"", ""2023-07-27"", ""2023-07-28"", ""2023-07-31"", ""2023-08-01"", ""2023-08-02"", ""2023-08-03"", ""2023-08-04"", ""2023-08-07"", ""2023-08-08"", ""2023-08-09""]",32369000000000,85797002000000,1,3.0,0.0,3.0
RTS,2023-08-11,included,,"[""2023-07-14"", ""2023-07-17"", ""2023-07-18"", ""2023-07-19"", ""2023-07-20"", ""2023-07-21"", ""2023-07-24"", ""2023-07-25"", ""2023-07-26"", ""2023-07-27"", ""2023-07-28"", ""2023-07-31"", ""2023-08-01"", ""2023-08-02"", ""2023-08-03"", ""2023-08-04"", ""2023-08-07"", ""2023-08-08"", ""2023-08-09"", ""2023-08-10""]",32356000000000,85796000000000,1,4.0,2.0,0.0
RTS,2023-08-14,included,,"[""2023-07-17"", ""2023-07-18"", ""2023-07-19"", ""2023-07-20"", ""2023-07-21"", ""2023-07-24"", ""2023-07-25"", ""2023-07-26"", ""2023-07-27"", ""2023-07-28"", ""2023-07-31"", ""2023-08-01"", ""2023-08-02"", ""2023-08-03"", ""2023-08-04"", ""2023-08-07"", ""2023-08-08"", ""2023-08-09"", ""2023-08-10"", ""2023-08-11""]",32343000000000,85797000000000,1,6.0,4.0,1.0
RTS,2023-08-15,included,,"[""2023-07-18"", ""2023-07-19"", ""2023-07-20"", ""2023-07-21"", ""2023-07-24"", ""2023-07-25"", ""2023-07-26"", ""2023-07-27"", ""2023-07-28"", ""2023-07-31"", ""2023-08-01"", ""2023-08-02"", ""2023-08-03"", ""2023-08-04"", ""2023-08-07"", ""2023-08-08"", ""2023-08-09"", ""2023-08-10"", ""2023-08-11"", ""2023-08-14""]",32344000000000,85794006000000,1,4.0,4.0,2.0
RTS,2023-08-16,included,,"[""2023-07-19"", ""2023-07-20"", ""2023-07-21"", ""2023-07-24"", ""2023-07-25"", ""2023-07-26"", ""2023-07-27"", ""2023-07-28"", ""2023-07-31"", ""2023-08-01"", ""2023-08-02"", ""2023-08-03"", ""2023-08-04"", ""2023-08-07"", ""2023-08-08"", ""2023-08-09"", ""2023-08-10"", ""2023-08-11"", ""2023-08-14"", ""2023-08-15""]",32343000000000,85794001000000,1,2.0,2.0,0.0
RTS,2023-08-17,included,,"[""2023-07-20"", ""2023-07-21"", ""2023-07-24"", ""2023-07-25"", ""2023-07-26"", ""2023-07-27"", ""2023-07-28"", ""2023-07-31"", ""2023-08-01"", ""2023-08-02"", ""2023-08-03"", ""2023-08-04"", ""2023-08-07"", ""2023-08-08"", ""2023-08-09"", ""2023-08-10"", ""2023-08-11"", ""2023-08-14"", ""2023-08-15"", ""2023-08-16""]",32350000000000,85799000000000,1,8.0,8.0,9.0
RTS,2023-08-18,included,,"[""2023-07-21"", ""2023-07-24"", ""2023-07-25"", ""2023-07-26"", ""2023-07-27"", ""2023-07-28"", ""2023-07-31"", ""2023-08-01"", ""2023-08-02"", ""2023-08-03"", ""2023-08-04"", ""2023-08-07"", ""2023-08-08"", ""2023-08-09"", ""2023-08-10"", ""2023-08-11"", ""2023-08-14"", ""2023-08-15"", ""2023-08-16"", ""2023-08-17""]",32388000000000,85799000000000,1,3.0,2.0,8.0
RTS,2023-08-21,included,,"[""2023-07-24"", ""2023-07-25"", ""2023-07-26"", ""2023-07-27"", ""2023-07-28"", ""2023-07-31"", ""2023-08-01"", ""2023-08-02"", ""2023-08-03"", ""2023-08-04"", ""2023-08-07"", ""2023-08-08"", ""2023-08-09"", ""2023-08-10"", ""2023-08-11"", ""2023-08-14"", ""2023-08-15"", ""2023-08-16"", ""2023-08-17"", ""2023-08-18""]",32362000000000,85781000000000,1,6.0,3.0,11.0
RTS,2023-08-22,included,,"[""2023-07-25"", ""2023-07-26"", ""2023-07-27"", ""2023-07-28"", ""2023-07-31"", ""2023-08-01"", ""2023-08-02"", ""2023-08-03"", ""2023-08-04"", ""2023-08-07"", ""2023-08-08"", ""2023-08-09"", ""2023-08-10"", ""2023-08-11"", ""2023-08-14"", ""2023-08-15"", ""2023-08-16"", ""2023-08-17"", ""2023-08-18"", ""2023-08-21""]",32381000000000,85795000000000,1,7.0,6.0,8.0
RTS,2023-08-23,included,,"[""2023-07-26"", ""2023-07-27"", ""2023-07-28"", ""2023-07-31"", ""2023-08-01"", ""2023-08-02"", ""2023-08-03"", ""2023-08-04"", ""2023-08-07"", ""2023-08-08"", ""2023-08-09"", ""2023-08-10"", ""2023-08-11"", ""2023-08-14"", ""2023-08-15"", ""2023-08-16"", ""2023-08-17"", ""2023-08-18"", ""2023-08-21"", ""2023-08-22""]",32379000000000,85799002000000,1,4.0,2.0,1.0
RTS,2023-08-24,included,,"[""2023-07-27"", ""2023-07-28"", ""2023-07-31"", ""2023-08-01"", ""2023-08-02"", ""2023-08-03"", ""2023-08-04"", ""2023-08-07"", ""2023-08-08"", ""2023-08-09"", ""2023-08-10"", ""2023-08-11"", ""2023-08-14"", ""2023-08-15"", ""2023-08-16"", ""2023-08-17"", ""2023-08-18"", ""2023-08-21"", ""2023-08-22"", ""2023-08-23""]",32362000000000,85790004000000,1,4.0,0.0,1.0
RTS,2023-08-25,included,,"[""2023-07-28"", ""2023-07-31"", ""2023-08-01"", ""2023-08-02"", ""2023-08-03"", ""2023-08-04"", ""2023-08-07"", ""2023-08-08"", ""2023-08-09"", ""2023-08-10"", ""2023-08-11"", ""2023-08-14"", ""2023-08-15"", ""2023-08-16"", ""2023-08-17"", ""2023-08-18"", ""2023-08-21"", ""2023-08-22"", ""2023-08-23"", ""2023-08-24""]",32344000000000,85799000000000,1,4.0,0.0,5.0
RTS,2023-08-28,included,,"[""2023-07-31"", ""2023-08-01"", ""2023-08-02"", ""2023-08-03"", ""2023-08-04"", ""2023-08-07"", ""2023-08-08"", ""2023-08-09"", ""2023-08-10"", ""2023-08-11"", ""2023-08-14"", ""2023-08-15"", ""2023-08-16"", ""2023-08-17"", ""2023-08-18"", ""2023-08-21"", ""2023-08-22"", ""2023-08-23"", ""2023-08-24"", ""2023-08-25""]",32371000000000,85794000000000,1,4.0,0.0,1.0
RTS,2023-08-29,included,,"[""2023-08-01"", ""2023-08-02"", ""2023-08-03"", ""2023-08-04"", ""2023-08-07"", ""2023-08-08"", ""2023-08-09"", ""2023-08-10"", ""2023-08-11"", ""2023-08-14"", ""2023-08-15"", ""2023-08-16"", ""2023-08-17"", ""2023-08-18"", ""2023-08-21"", ""2023-08-22"", ""2023-08-23"", ""2023-08-24"", ""2023-08-25"", ""2023-08-28""]",32383000000000,85794000000000,1,5.0,0.0,0.0
RTS,2023-08-30,included,,"[""2023-08-02"", ""2023-08-03"", ""2023-08-04"", ""2023-08-07"", ""2023-08-08"", ""2023-08-09"", ""2023-08-10"", ""2023-08-11"", ""2023-08-14"", ""2023-08-15"", ""2023-08-16"", ""2023-08-17"", ""2023-08-18"", ""2023-08-21"", ""2023-08-22"", ""2023-08-23"", ""2023-08-24"", ""2023-08-25"", ""2023-08-28"", ""2023-08-29""]",32378000000000,85795003000000,1,6.0,0.0,0.0
RTS,2023-08-31,included,,"[""2023-08-03"", ""2023-08-04"", ""2023-08-07"", ""2023-08-08"", ""2023-08-09"", ""2023-08-10"", ""2023-08-11"", ""2023-08-14"", ""2023-08-15"", ""2023-08-16"", ""2023-08-17"", ""2023-08-18"", ""2023-08-21"", ""2023-08-22"", ""2023-08-23"", ""2023-08-24"", ""2023-08-25"", ""2023-08-28"", ""2023-08-29"", ""2023-08-30""]",32400000000000,85797000000000,1,7.0,0.0,0.0
RTS,2023-09-01,included,,"[""2023-08-04"", ""2023-08-07"", ""2023-08-08"", ""2023-08-09"", ""2023-08-10"", ""2023-08-11"", ""2023-08-14"", ""2023-08-15"", ""2023-08-16"", ""2023-08-17"", ""2023-08-18"", ""2023-08-21"", ""2023-08-22"", ""2023-08-23"", ""2023-08-24"", ""2023-08-25"", ""2023-08-28"", ""2023-08-29"", ""2023-08-30"", ""2023-08-31""]",32365000000000,85799007000000,1,6.0,0.0,1.0
RTS,2023-09-04,included,,"[""2023-08-07"", ""2023-08-08"", ""2023-08-09"", ""2023-08-10"", ""2023-08-11"", ""2023-08-14"", ""2023-08-15"", ""2023-08-16"", ""2023-08-17"", ""2023-08-18"", ""2023-08-21"", ""2023-08-22"", ""2023-08-23"", ""2023-08-24"", ""2023-08-25"", ""2023-08-28"", ""2023-08-29"", ""2023-08-30"", ""2023-08-31"", ""2023-09-01""]",32379000000000,85798000000000,1,8.0,0.0,20.0
RTS,2023-09-05,included,,"[""2023-08-08"", ""2023-08-09"", ""2023-08-10"", ""2023-08-11"", ""2023-08-14"", ""2023-08-15"", ""2023-08-16"", ""2023-08-17"", ""2023-08-18"", ""2023-08-21"", ""2023-08-22"", ""2023-08-23"", ""2023-08-24"", ""2023-08-25"", ""2023-08-28"", ""2023-08-29"", ""2023-08-30"", ""2023-08-31"", ""2023-09-01"", ""2023-09-04""]",32349000000000,85794000000000,1,4.0,3.0,2.0
RTS,2023-09-06,included,,"[""2023-08-09"", ""2023-08-10"", ""2023-08-11"", ""2023-08-14"", ""2023-08-15"", ""2023-08-16"", ""2023-08-17"", ""2023-08-18"", ""2023-08-21"", ""2023-08-22"", ""2023-08-23"", ""2023-08-24"", ""2023-08-25"", ""2023-08-28"", ""2023-08-29"", ""2023-08-30"", ""2023-08-31"", ""2023-09-01"", ""2023-09-04"", ""2023-09-05""]",32377000000000,85799000000000,1,5.0,0.0,4.0
RTS,2023-09-07,included,,"[""2023-08-10"", ""2023-08-11"", ""2023-08-14"", ""2023-08-15"", ""2023-08-16"", ""2023-08-17"", ""2023-08-18"", ""2023-08-21"", ""2023-08-22"", ""2023-08-23"", ""2023-08-24"", ""2023-08-25"", ""2023-08-28"", ""2023-08-29"", ""2023-08-30"", ""2023-08-31"", ""2023-09-01"", ""2023-09-04"", ""2023-09-05"", ""2023-09-06""]",32346000000000,85797000000000,1,5.0,0.0,10.0
RTS,2023-09-08,included,,"[""2023-08-11"", ""2023-08-14"", ""2023-08-15"", ""2023-08-16"", ""2023-08-17"", ""2023-08-18"", ""2023-08-21"", ""2023-08-22"", ""2023-08-23"", ""2023-08-24"", ""2023-08-25"", ""2023-08-28"", ""2023-08-29"", ""2023-08-30"", ""2023-08-31"", ""2023-09-01"", ""2023-09-04"", ""2023-09-05"", ""2023-09-06"", ""2023-09-07""]",32381000000000,85797000000000,1,5.0,5.0,20.0
RTS,2023-09-11,included,,"[""2023-08-14"", ""2023-08-15"", ""2023-08-16"", ""2023-08-17"", ""2023-08-18"", ""2023-08-21"", ""2023-08-22"", ""2023-08-23"", ""2023-08-24"", ""2023-08-25"", ""2023-08-28"", ""2023-08-29"", ""2023-08-30"", ""2023-08-31"", ""2023-09-01"", ""2023-09-04"", ""2023-09-05"", ""2023-09-06"", ""2023-09-07"", ""2023-09-08""]",32384000000000,85799001000000,1,2.0,2.0,1.0
RTS,2023-09-12,included,,"[""2023-08-15"", ""2023-08-16"", ""2023-08-17"", ""2023-08-18"", ""2023-08-21"", ""2023-08-22"", ""2023-08-23"", ""2023-08-24"", ""2023-08-25"", ""2023-08-28"", ""2023-08-29"", ""2023-08-30"", ""2023-08-31"", ""2023-09-01"", ""2023-09-04"", ""2023-09-05"", ""2023-09-06"", ""2023-09-07"", ""2023-09-08"", ""2023-09-11""]",32372000000000,85793012000000,1,2.0,1.0,0.0
RTS,2023-09-13,excluded,Текущая сессия не охватывает 10:00–18:45,"[""2023-08-16"", ""2023-08-17"", ""2023-08-18"", ""2023-08-21"", ""2023-08-22"", ""2023-08-23"", ""2023-08-24"", ""2023-08-25"", ""2023-08-28"", ""2023-08-29"", ""2023-08-30"", ""2023-08-31"", ""2023-09-01"", ""2023-09-04"", ""2023-09-05"", ""2023-09-06"", ""2023-09-07"", ""2023-09-08"", ""2023-09-11"", ""2023-09-12""]",48600000000000,85796000000000,1,,,
RTS,2023-09-14,excluded,Не все 20 прошлых сессий охватывают 10:00–18:45,"[""2023-08-17"", ""2023-08-18"", ""2023-08-21"", ""2023-08-22"", ""2023-08-23"", ""2023-08-24"", ""2023-08-25"", ""2023-08-28"", ""2023-08-29"", ""2023-08-30"", ""2023-08-31"", ""2023-09-01"", ""2023-09-04"", ""2023-09-05"", ""2023-09-06"", ""2023-09-07"", ""2023-09-08"", ""2023-09-11"", ""2023-09-12"", ""2023-09-13""]",32400000000000,85799000000000,1,,,
RTS,2023-09-15,excluded,Не все 20 прошлых сессий охватывают 10:00–18:45,"[""2023-08-18"", ""2023-08-21"", ""2023-08-22"", ""2023-08-23"", ""2023-08-24"", ""2023-08-25"", ""2023-08-28"", ""2023-08-29"", ""2023-08-30"", ""2023-08-31"", ""2023-09-01"", ""2023-09-04"", ""2023-09-05"", ""2023-09-06"", ""2023-09-07"", ""2023-09-08"", ""2023-09-11"", ""2023-09-12"", ""2023-09-13"", ""2023-09-14""]",32400000000000,85795000000000,1,,,
RTS,2023-09-18,excluded,Не все 20 прошлых сессий охватывают 10:00–18:45,"[""2023-08-21"", ""2023-08-22"", ""2023-08-23"", ""2023-08-24"", ""2023-08-25"", ""2023-08-28"", ""2023-08-29"", ""2023-08-30"", ""2023-08-31"", ""2023-09-01"", ""2023-09-04"", ""2023-09-05"", ""2023-09-06"", ""2023-09-07"", ""2023-09-08"", ""2023-09-11"", ""2023-09-12"", ""2023-09-13"", ""2023-09-14"", ""2023-09-15""]",32400000000000,85798002000000,1,,,
RTS,2023-09-19,excluded,Не все 20 прошлых сессий охватывают 10:00–18:45,"[""2023-08-22"", ""2023-08-23"", ""2023-08-24"", ""2023-08-25"", ""2023-08-28"", ""2023-08-29"", ""2023-08-30"", ""2023-08-31"", ""2023-09-01"", ""2023-09-04"", ""2023-09-05"", ""2023-09-06"", ""2023-09-07"", ""2023-09-08"", ""2023-09-11"", ""2023-09-12"", ""2023-09-13"", ""2023-09-14"", ""2023-09-15"", ""2023-09-18""]",32400000000000,85798000000000,1,,,
RTS,2023-09-20,excluded,Не все 20 прошлых сессий охватывают 10:00–18:45,"[""2023-08-23"", ""2023-08-24"", ""2023-08-25"", ""2023-08-28"", ""2023-08-29"", ""2023-08-30"", ""2023-08-31"", ""2023-09-01"", ""2023-09-04"", ""2023-09-05"", ""2023-09-06"", ""2023-09-07"", ""2023-09-08"", ""2023-09-11"", ""2023-09-12"", ""2023-09-13"", ""2023-09-14"", ""2023-09-15"", ""2023-09-18"", ""2023-09-19""]",32400000000000,85793005000000,1,,,
RTS,2023-09-21,excluded,Не все 20 прошлых сессий охватывают 10:00–18:45,"[""2023-08-24"", ""2023-08-25"", ""2023-08-28"", ""2023-08-29"", ""2023-08-30"", ""2023-08-31"", ""2023-09-01"", ""2023-09-04"", ""2023-09-05"", ""2023-09-06"", ""2023-09-07"", ""2023-09-08"", ""2023-09-11"", ""2023-09-12"", ""2023-09-13"", ""2023-09-14"", ""2023-09-15"", ""2023-09-18"", ""2023-09-19"", ""2023-09-20""]",32400000000000,85799000000000,1,,,
RTS,2023-09-22,excluded,Не все 20 прошлых сессий охватывают 10:00–18:45,"[""2023-08-25"", ""2023-08-28"", ""2023-08-29"", ""2023-08-30"", ""2023-08-31"", ""2023-09-01"", ""2023-09-04"", ""2023-09-05"", ""2023-09-06"", ""2023-09-07"", ""2023-09-08"", ""2023-09-11"", ""2023-09-12"", ""2023-09-13"", ""2023-09-14"", ""2023-09-15"", ""2023-09-18"", ""2023-09-19"", ""2023-09-20"", ""2023-09-21""]",32400000000000,85798000000000,1,,,
RTS,2023-09-25,excluded,Не все 20 прошлых сессий охватывают 10:00–18:45,"[""2023-08-28"", ""2023-08-29"", ""2023-08-30"", ""2023-08-31"", ""2023-09-01"", ""2023-09-04"", ""2023-09-05"", ""2023-09-06"", ""2023-09-07"", ""2023-09-08"", ""2023-09-11"", ""2023-09-12"", ""2023-09-13"", ""2023-09-14"", ""2023-09-15"", ""2023-09-18"", ""2023-09-19"", ""2023-09-20"", ""2023-09-21"", ""2023-09-22""]",32400000000000,85792000000000,1,,,
RTS,2023-09-26,excluded,Не все 20 прошлых сессий охватывают 10:00–18:45,"[""2023-08-29"", ""2023-08-30"", ""2023-08-31"", ""2023-09-01"", ""2023-09-04"", ""2023-09-05"", ""2023-09-06"", ""2023-09-07"", ""2023-09-08"", ""2023-09-11"", ""2023-09-12"", ""2023-09-13"", ""2023-09-14"", ""2023-09-15"", ""2023-09-18"", ""2023-09-19"", ""2023-09-20"", ""2023-09-21"", ""2023-09-22"", ""2023-09-25""]",32400000000000,85799000000000,1,,,
RTS,2023-09-27,excluded,Не все 20 прошлых сессий охватывают 10:00–18:45,"[""2023-08-30"", ""2023-08-31"", ""2023-09-01"", ""2023-09-04"", ""2023-09-05"", ""2023-09-06"", ""2023-09-07"", ""2023-09-08"", ""2023-09-11"", ""2023-09-12"", ""2023-09-13"", ""2023-09-14"", ""2023-09-15"", ""2023-09-18"", ""2023-09-19"", ""2023-09-20"", ""2023-09-21"", ""2023-09-22"", ""2023-09-25"", ""2023-09-26""]",32400000000000,85794005000000,1,,,
RTS,2023-09-28,excluded,Не все 20 прошлых сессий охватывают 10:00–18:45,"[""2023-08-31"", ""2023-09-01"", ""2023-09-04"", ""2023-09-05"", ""2023-09-06"", ""2023-09-07"", ""2023-09-08"", ""2023-09-11"", ""2023-09-12"", ""2023-09-13"", ""2023-09-14"", ""2023-09-15"", ""2023-09-18"", ""2023-09-19"", ""2023-09-20"", ""2023-09-21"", ""2023-09-22"", ""2023-09-25"", ""2023-09-26"", ""2023-09-27""]",32400000000000,85799002000000,1,,,
RTS,2023-09-29,excluded,Не все 20 прошлых сессий охватывают 10:00–18:45,"[""2023-09-01"", ""2023-09-04"", ""2023-09-05"", ""2023-09-06"", ""2023-09-07"", ""2023-09-08"", ""2023-09-11"", ""2023-09-12"", ""2023-09-13"", ""2023-09-14"", ""2023-09-15"", ""2023-09-18"", ""2023-09-19"", ""2023-09-20"", ""2023-09-21"", ""2023-09-22"", ""2023-09-25"", ""2023-09-26"", ""2023-09-27"", ""2023-09-28""]",32400000000000,85792000000000,1,,,
RTS,2023-10-02,excluded,Не все 20 прошлых сессий охватывают 10:00–18:45,"[""2023-09-04"", ""2023-09-05"", ""2023-09-06"", ""2023-09-07"", ""2023-09-08"", ""2023-09-11"", ""2023-09-12"", ""2023-09-13"", ""2023-09-14"", ""2023-09-15"", ""2023-09-18"", ""2023-09-19"", ""2023-09-20"", ""2023-09-21"", ""2023-09-22"", ""2023-09-25"", ""2023-09-26"", ""2023-09-27"", ""2023-09-28"", ""2023-09-29""]",32400000000000,85799000000000,1,,,
RTS,2023-10-03,excluded,Не все 20 прошлых сессий охватывают 10:00–18:45,"[""2023-09-05"", ""2023-09-06"", ""2023-09-07"", ""2023-09-08"", ""2023-09-11"", ""2023-09-12"", ""2023-09-13"", ""2023-09-14"", ""2023-09-15"", ""2023-09-18"", ""2023-09-19"", ""2023-09-20"", ""2023-09-21"", ""2023-09-22"", ""2023-09-25"", ""2023-09-26"", ""2023-09-27"", ""2023-09-28"", ""2023-09-29"", ""2023-10-02""]",32400000000000,85795000000000,1,,,
RTS,2023-10-04,excluded,Не все 20 прошлых сессий охватывают 10:00–18:45,"[""2023-09-06"", ""2023-09-07"", ""2023-09-08"", ""2023-09-11"", ""2023-09-12"", ""2023-09-13"", ""2023-09-14"", ""2023-09-15"", ""2023-09-18"", ""2023-09-19"", ""2023-09-20"", ""2023-09-21"", ""2023-09-22"", ""2023-09-25"", ""2023-09-26"", ""2023-09-27"", ""2023-09-28"", ""2023-09-29"", ""2023-10-02"", ""2023-10-03""]",32401000000000,85793025000000,1,,,
RTS,2023-10-05,excluded,Не все 20 прошлых сессий охватывают 10:00–18:45,"[""2023-09-07"", ""2023-09-08"", ""2023-09-11"", ""2023-09-12"", ""2023-09-13"", ""2023-09-14"", ""2023-09-15"", ""2023-09-18"", ""2023-09-19"", ""2023-09-20"", ""2023-09-21"", ""2023-09-22"", ""2023-09-25"", ""2023-09-26"", ""2023-09-27"", ""2023-09-28"", ""2023-09-29"", ""2023-10-02"", ""2023-10-03"", ""2023-10-04""]",32400000000000,85799003000000,1,,,
RTS,2023-10-06,excluded,Не все 20 прошлых сессий охватывают 10:00–18:45,"[""2023-09-08"", ""2023-09-11"", ""2023-09-12"", ""2023-09-13"", ""2023-09-14"", ""2023-09-15"", ""2023-09-18"", ""2023-09-19"", ""2023-09-20"", ""2023-09-21"", ""2023-09-22"", ""2023-09-25"", ""2023-09-26"", ""2023-09-27"", ""2023-09-28"", ""2023-09-29"", ""2023-10-02"", ""2023-10-03"", ""2023-10-04"", ""2023-10-05""]",32400000000000,85799000000000,1,,,
RTS,2023-10-09,excluded,Не все 20 прошлых сессий охватывают 10:00–18:45,"[""2023-09-11"", ""2023-09-12"", ""2023-09-13"", ""2023-09-14"", ""2023-09-15"", ""2023-09-18"", ""2023-09-19"", ""2023-09-20"", ""2023-09-21"", ""2023-09-22"", ""2023-09-25"", ""2023-09-26"", ""2023-09-27"", ""2023-09-28"", ""2023-09-29"", ""2023-10-02"", ""2023-10-03"", ""2023-10-04"", ""2023-10-05"", ""2023-10-06""]",32400000000000,85799001000000,1,,,
RTS,2023-10-10,excluded,Не все 20 прошлых сессий охватывают 10:00–18:45,"[""2023-09-12"", ""2023-09-13"", ""2023-09-14"", ""2023-09-15"", ""2023-09-18"", ""2023-09-19"", ""2023-09-20"", ""2023-09-21"", ""2023-09-22"", ""2023-09-25"", ""2023-09-26"", ""2023-09-27"", ""2023-09-28"", ""2023-09-29"", ""2023-10-02"", ""2023-10-03"", ""2023-10-04"", ""2023-10-05"", ""2023-10-06"", ""2023-10-09""]",32400000000000,85797008000000,1,,,
RTS,2023-10-11,excluded,Не все 20 прошлых сессий охватывают 10:00–18:45,"[""2023-09-13"", ""2023-09-14"", ""2023-09-15"", ""2023-09-18"", ""2023-09-19"", ""2023-09-20"", ""2023-09-21"", ""2023-09-22"", ""2023-09-25"", ""2023-09-26"", ""2023-09-27"", ""2023-09-28"", ""2023-09-29"", ""2023-10-02"", ""2023-10-03"", ""2023-10-04"", ""2023-10-05"", ""2023-10-06"", ""2023-10-09"", ""2023-10-10""]",32400000000000,85799000000000,1,,,
RTS,2023-10-12,included,,"[""2023-09-14"", ""2023-09-15"", ""2023-09-18"", ""2023-09-19"", ""2023-09-20"", ""2023-09-21"", ""2023-09-22"", ""2023-09-25"", ""2023-09-26"", ""2023-09-27"", ""2023-09-28"", ""2023-09-29"", ""2023-10-02"", ""2023-10-03"", ""2023-10-04"", ""2023-10-05"", ""2023-10-06"", ""2023-10-09"", ""2023-10-10"", ""2023-10-11""]",32400000000000,85789001000000,1,5.0,2.0,4.0
RTS,2023-10-13,included,,"[""2023-09-15"", ""2023-09-18"", ""2023-09-19"", ""2023-09-20"", ""2023-09-21"", ""2023-09-22"", ""2023-09-25"", ""2023-09-26"", ""2023-09-27"", ""2023-09-28"", ""2023-09-29"", ""2023-10-02"", ""2023-10-03"", ""2023-10-04"", ""2023-10-05"", ""2023-10-06"", ""2023-10-09"", ""2023-10-10"", ""2023-10-11"", ""2023-10-12""]",32400000000000,85799000000000,1,5.0,0.0,1.0
RTS,2023-10-16,included,,"[""2023-09-18"", ""2023-09-19"", ""2023-09-20"", ""2023-09-21"", ""2023-09-22"", ""2023-09-25"", ""2023-09-26"", ""2023-09-27"", ""2023-09-28"", ""2023-09-29"", ""2023-10-02"", ""2023-10-03"", ""2023-10-04"", ""2023-10-05"", ""2023-10-06"", ""2023-10-09"", ""2023-10-10"", ""2023-10-11"", ""2023-10-12"", ""2023-10-13""]",32400000000000,85799000000000,1,0.0,0.0,1.0
RTS,2023-10-17,included,,"[""2023-09-19"", ""2023-09-20"", ""2023-09-21"", ""2023-09-22"", ""2023-09-25"", ""2023-09-26"", ""2023-09-27"", ""2023-09-28"", ""2023-09-29"", ""2023-10-02"", ""2023-10-03"", ""2023-10-04"", ""2023-10-05"", ""2023-10-06"", ""2023-10-09"", ""2023-10-10"", ""2023-10-11"", ""2023-10-12"", ""2023-10-13"", ""2023-10-16""]",32400000000000,85797001000000,1,8.0,0.0,9.0
RTS,2023-10-18,included,,"[""2023-09-20"", ""2023-09-21"", ""2023-09-22"", ""2023-09-25"", ""2023-09-26"", ""2023-09-27"", ""2023-09-28"", ""2023-09-29"", ""2023-10-02"", ""2023-10-03"", ""2023-10-04"", ""2023-10-05"", ""2023-10-06"", ""2023-10-09"", ""2023-10-10"", ""2023-10-11"", ""2023-10-12"", ""2023-10-13"", ""2023-10-16"", ""2023-10-17""]",32400000000000,85799000000000,1,8.0,3.0,0.0
RTS,2023-10-19,included,,"[""2023-09-21"", ""2023-09-22"", ""2023-09-25"", ""2023-09-26"", ""2023-09-27"", ""2023-09-28"", ""2023-09-29"", ""2023-10-02"", ""2023-10-03"", ""2023-10-04"", ""2023-10-05"", ""2023-10-06"", ""2023-10-09"", ""2023-10-10"", ""2023-10-11"", ""2023-10-12"", ""2023-10-13"", ""2023-10-16"", ""2023-10-17"", ""2023-10-18""]",32400000000000,85793000000000,1,8.0,0.0,3.0
RTS,2023-10-20,included,,"[""2023-09-22"", ""2023-09-25"", ""2023-09-26"", ""2023-09-27"", ""2023-09-28"", ""2023-09-29"", ""2023-10-02"", ""2023-10-03"", ""2023-10-04"", ""2023-10-05"", ""2023-10-06"", ""2023-10-09"", ""2023-10-10"", ""2023-10-11"", ""2023-10-12"", ""2023-10-13"", ""2023-10-16"", ""2023-10-17"", ""2023-10-18"", ""2023-10-19""]",32400000000000,85793005000000,1,5.0,0.0,1.0
RTS,2023-10-23,included,,"[""2023-09-25"", ""2023-09-26"", ""2023-09-27"", ""2023-09-28"", ""2023-09-29"", ""2023-10-02"", ""2023-10-03"", ""2023-10-04"", ""2023-10-05"", ""2023-10-06"", ""2023-10-09"", ""2023-10-10"", ""2023-10-11"", ""2023-10-12"", ""2023-10-13"", ""2023-10-16"", ""2023-10-17"", ""2023-10-18"", ""2023-10-19"", ""2023-10-20""]",32401000000000,85791000000000,1,6.0,1.0,2.0
RTS,2023-10-24,included,,"[""2023-09-26"", ""2023-09-27"", ""2023-09-28"", ""2023-09-29"", ""2023-10-02"", ""2023-10-03"", ""2023-10-04"", ""2023-10-05"", ""2023-10-06"", ""2023-10-09"", ""2023-10-10"", ""2023-10-11"", ""2023-10-12"", ""2023-10-13"", ""2023-10-16"", ""2023-10-17"", ""2023-10-18"", ""2023-10-19"", ""2023-10-20"", ""2023-10-23""]",32400000000000,85794000000000,1,4.0,1.0,0.0
RTS,2023-10-25,included,,"[""2023-09-27"", ""2023-09-28"", ""2023-09-29"", ""2023-10-02"", ""2023-10-03"", ""2023-10-04"", ""2023-10-05"", ""2023-10-06"", ""2023-10-09"", ""2023-10-10"", ""2023-10-11"", ""2023-10-12"", ""2023-10-13"", ""2023-10-16"", ""2023-10-17"", ""2023-10-18"", ""2023-10-19"", ""2023-10-20"", ""2023-10-23"", ""2023-10-24""]",32400000000000,85799001000000,1,5.0,1.0,8.0
RTS,2023-10-26,included,,"[""2023-09-28"", ""2023-09-29"", ""2023-10-02"", ""2023-10-03"", ""2023-10-04"", ""2023-10-05"", ""2023-10-06"", ""2023-10-09"", ""2023-10-10"", ""2023-10-11"", ""2023-10-12"", ""2023-10-13"", ""2023-10-16"", ""2023-10-17"", ""2023-10-18"", ""2023-10-19"", ""2023-10-20"", ""2023-10-23"", ""2023-10-24"", ""2023-10-25""]",32400000000000,85795000000000,1,6.0,2.0,0.0
RTS,2023-10-27,included,,"[""2023-09-29"", ""2023-10-02"", ""2023-10-03"", ""2023-10-04"", ""2023-10-05"", ""2023-10-06"", ""2023-10-09"", ""2023-10-10"", ""2023-10-11"", ""2023-10-12"", ""2023-10-13"", ""2023-10-16"", ""2023-10-17"", ""2023-10-18"", ""2023-10-19"", ""2023-10-20"", ""2023-10-23"", ""2023-10-24"", ""2023-10-25"", ""2023-10-26""]",32400000000000,85793002000000,1,2.0,2.0,32.0
RTS,2023-10-30,included,,"[""2023-10-02"", ""2023-10-03"", ""2023-10-04"", ""2023-10-05"", ""2023-10-06"", ""2023-10-09"", ""2023-10-10"", ""2023-10-11"", ""2023-10-12"", ""2023-10-13"", ""2023-10-16"", ""2023-10-17"", ""2023-10-18"", ""2023-10-19"", ""2023-10-20"", ""2023-10-23"", ""2023-10-24"", ""2023-10-25"", ""2023-10-26"", ""2023-10-27""]",32386000000000,85790000000000,1,7.0,7.0,0.0
RTS,2023-10-31,included,,"[""2023-10-03"", ""2023-10-04"", ""2023-10-05"", ""2023-10-06"", ""2023-10-09"", ""2023-10-10"", ""2023-10-11"", ""2023-10-12"", ""2023-10-13"", ""2023-10-16"", ""2023-10-17"", ""2023-10-18"", ""2023-10-19"", ""2023-10-20"", ""2023-10-23"", ""2023-10-24"", ""2023-10-25"", ""2023-10-26"", ""2023-10-27"", ""2023-10-30""]",32386000000000,85796002000000,1,2.0,1.0,0.0
RTS,2023-11-01,included,,"[""2023-10-04"", ""2023-10-05"", ""2023-10-06"", ""2023-10-09"", ""2023-10-10"", ""2023-10-11"", ""2023-10-12"", ""2023-10-13"", ""2023-10-16"", ""2023-10-17"", ""2023-10-18"", ""2023-10-19"", ""2023-10-20"", ""2023-10-23"", ""2023-10-24"", ""2023-10-25"", ""2023-10-26"", ""2023-10-27"", ""2023-10-30"", ""2023-10-31""]",32359000000000,85799001000000,1,4.0,0.0,12.0
RTS,2023-11-02,included,,"[""2023-10-05"", ""2023-10-06"", ""2023-10-09"", ""2023-10-10"", ""2023-10-11"", ""2023-10-12"", ""2023-10-13"", ""2023-10-16"", ""2023-10-17"", ""2023-10-18"", ""2023-10-19"", ""2023-10-20"", ""2023-10-23"", ""2023-10-24"", ""2023-10-25"", ""2023-10-26"", ""2023-10-27"", ""2023-10-30"", ""2023-10-31"", ""2023-11-01""]",32377000000000,85792000000000,1,8.0,0.0,0.0
RTS,2023-11-03,included,,"[""2023-10-06"", ""2023-10-09"", ""2023-10-10"", ""2023-10-11"", ""2023-10-12"", ""2023-10-13"", ""2023-10-16"", ""2023-10-17"", ""2023-10-18"", ""2023-10-19"", ""2023-10-20"", ""2023-10-23"", ""2023-10-24"", ""2023-10-25"", ""2023-10-26"", ""2023-10-27"", ""2023-10-30"", ""2023-10-31"", ""2023-11-01"", ""2023-11-02""]",32359000000000,85799000000000,1,4.0,0.0,0.0
RTS,2023-11-06,included,,"[""2023-10-09"", ""2023-10-10"", ""2023-10-11"", ""2023-10-12"", ""2023-10-13"", ""2023-10-16"", ""2023-10-17"", ""2023-10-18"", ""2023-10-19"", ""2023-10-20"", ""2023-10-23"", ""2023-10-24"", ""2023-10-25"", ""2023-10-26"", ""2023-10-27"", ""2023-10-30"", ""2023-10-31"", ""2023-11-01"", ""2023-11-02"", ""2023-11-03""]",32387000000000,85791000000000,1,5.0,0.0,0.0
RTS,2023-11-07,included,,"[""2023-10-10"", ""2023-10-11"", ""2023-10-12"", ""2023-10-13"", ""2023-10-16"", ""2023-10-17"", ""2023-10-18"", ""2023-10-19"", ""2023-10-20"", ""2023-10-23"", ""2023-10-24"", ""2023-10-25"", ""2023-10-26"", ""2023-10-27"", ""2023-10-30"", ""2023-10-31"", ""2023-11-01"", ""2023-11-02"", ""2023-11-03"", ""2023-11-06""]",32354000000000,85796000000000,1,5.0,0.0,9.0
RTS,2023-11-08,included,,"[""2023-10-11"", ""2023-10-12"", ""2023-10-13"", ""2023-10-16"", ""2023-10-17"", ""2023-10-18"", ""2023-10-19"", ""2023-10-20"", ""2023-10-23"", ""2023-10-24"", ""2023-10-25"", ""2023-10-26"", ""2023-10-27"", ""2023-10-30"", ""2023-10-31"", ""2023-11-01"", ""2023-11-02"", ""2023-11-03"", ""2023-11-06"", ""2023-11-07""]",32382000000000,85794000000000,1,5.0,2.0,14.0
RTS,2023-11-09,included,,"[""2023-10-12"", ""2023-10-13"", ""2023-10-16"", ""2023-10-17"", ""2023-10-18"", ""2023-10-19"", ""2023-10-20"", ""2023-10-23"", ""2023-10-24"", ""2023-10-25"", ""2023-10-26"", ""2023-10-27"", ""2023-10-30"", ""2023-10-31"", ""2023-11-01"", ""2023-11-02"", ""2023-11-03"", ""2023-11-06"", ""2023-11-07"", ""2023-11-08""]",32357000000000,85794000000000,1,3.0,3.0,10.0
RTS,2023-11-10,included,,"[""2023-10-13"", ""2023-10-16"", ""2023-10-17"", ""2023-10-18"", ""2023-10-19"", ""2023-10-20"", ""2023-10-23"", ""2023-10-24"", ""2023-10-25"", ""2023-10-26"", ""2023-10-27"", ""2023-10-30"", ""2023-10-31"", ""2023-11-01"", ""2023-11-02"", ""2023-11-03"", ""2023-11-06"", ""2023-11-07"", ""2023-11-08"", ""2023-11-09""]",32351000000000,85798000000000,1,5.0,0.0,1.0
RTS,2023-11-13,included,,"[""2023-10-16"", ""2023-10-17"", ""2023-10-18"", ""2023-10-19"", ""2023-10-20"", ""2023-10-23"", ""2023-10-24"", ""2023-10-25"", ""2023-10-26"", ""2023-10-27"", ""2023-10-30"", ""2023-10-31"", ""2023-11-01"", ""2023-11-02"", ""2023-11-03"", ""2023-11-06"", ""2023-11-07"", ""2023-11-08"", ""2023-11-09"", ""2023-11-10""]",32374000000000,85794001000000,1,1.0,1.0,0.0
RTS,2023-11-14,included,,"[""2023-10-17"", ""2023-10-18"", ""2023-10-19"", ""2023-10-20"", ""2023-10-23"", ""2023-10-24"", ""2023-10-25"", ""2023-10-26"", ""2023-10-27"", ""2023-10-30"", ""2023-10-31"", ""2023-11-01"", ""2023-11-02"", ""2023-11-03"", ""2023-11-06"", ""2023-11-07"", ""2023-11-08"", ""2023-11-09"", ""2023-11-10"", ""2023-11-13""]",32386000000000,85794000000000,1,3.0,2.0,2.0
RTS,2023-11-15,included,,"[""2023-10-18"", ""2023-10-19"", ""2023-10-20"", ""2023-10-23"", ""2023-10-24"", ""2023-10-25"", ""2023-10-26"", ""2023-10-27"", ""2023-10-30"", ""2023-10-31"", ""2023-11-01"", ""2023-11-02"", ""2023-11-03"", ""2023-11-06"", ""2023-11-07"", ""2023-11-08"", ""2023-11-09"", ""2023-11-10"", ""2023-11-13"", ""2023-11-14""]",32358000000000,85787003000000,1,3.0,2.0,0.0
RTS,2023-11-16,included,,"[""2023-10-19"", ""2023-10-20"", ""2023-10-23"", ""2023-10-24"", ""2023-10-25"", ""2023-10-26"", ""2023-10-27"", ""2023-10-30"", ""2023-10-31"", ""2023-11-01"", ""2023-11-02"", ""2023-11-03"", ""2023-11-06"", ""2023-11-07"", ""2023-11-08"", ""2023-11-09"", ""2023-11-10"", ""2023-11-13"", ""2023-11-14"", ""2023-11-15""]",32389000000000,85799002000000,1,6.0,0.0,0.0
RTS,2023-11-17,included,,"[""2023-10-20"", ""2023-10-23"", ""2023-10-24"", ""2023-10-25"", ""2023-10-26"", ""2023-10-27"", ""2023-10-30"", ""2023-10-31"", ""2023-11-01"", ""2023-11-02"", ""2023-11-03"", ""2023-11-06"", ""2023-11-07"", ""2023-11-08"", ""2023-11-09"", ""2023-11-10"", ""2023-11-13"", ""2023-11-14"", ""2023-11-15"", ""2023-11-16""]",32366000000000,85796000000000,1,8.0,4.0,0.0
RTS,2023-11-20,included,,"[""2023-10-23"", ""2023-10-24"", ""2023-10-25"", ""2023-10-26"", ""2023-10-27"", ""2023-10-30"", ""2023-10-31"", ""2023-11-01"", ""2023-11-02"", ""2023-11-03"", ""2023-11-06"", ""2023-11-07"", ""2023-11-08"", ""2023-11-09"", ""2023-11-10"", ""2023-11-13"", ""2023-11-14"", ""2023-11-15"", ""2023-11-16"", ""2023-11-17""]",32371000000000,85798000000000,1,7.0,7.0,1.0
RTS,2023-11-21,included,,"[""2023-10-24"", ""2023-10-25"", ""2023-10-26"", ""2023-10-27"", ""2023-10-30"", ""2023-10-31"", ""2023-11-01"", ""2023-11-02"", ""2023-11-03"", ""2023-11-06"", ""2023-11-07"", ""2023-11-08"", ""2023-11-09"", ""2023-11-10"", ""2023-11-13"", ""2023-11-14"", ""2023-11-15"", ""2023-11-16"", ""2023-11-17"", ""2023-11-20""]",32369000000000,85765000000000,1,11.0,0.0,0.0
RTS,2023-11-22,included,,"[""2023-10-25"", ""2023-10-26"", ""2023-10-27"", ""2023-10-30"", ""2023-10-31"", ""2023-11-01"", ""2023-11-02"", ""2023-11-03"", ""2023-11-06"", ""2023-11-07"", ""2023-11-08"", ""2023-11-09"", ""2023-11-10"", ""2023-11-13"", ""2023-11-14"", ""2023-11-15"", ""2023-11-16"", ""2023-11-17"", ""2023-11-20"", ""2023-11-21""]",32384000000000,85798004000000,1,4.0,0.0,0.0
RTS,2023-11-23,included,,"[""2023-10-26"", ""2023-10-27"", ""2023-10-30"", ""2023-10-31"", ""2023-11-01"", ""2023-11-02"", ""2023-11-03"", ""2023-11-06"", ""2023-11-07"", ""2023-11-08"", ""2023-11-09"", ""2023-11-10"", ""2023-11-13"", ""2023-11-14"", ""2023-11-15"", ""2023-11-16"", ""2023-11-17"", ""2023-11-20"", ""2023-11-21"", ""2023-11-22""]",32381000000000,85794003000000,1,11.0,3.0,2.0
RTS,2023-11-24,included,,"[""2023-10-27"", ""2023-10-30"", ""2023-10-31"", ""2023-11-01"", ""2023-11-02"", ""2023-11-03"", ""2023-11-06"", ""2023-11-07"", ""2023-11-08"", ""2023-11-09"", ""2023-11-10"", ""2023-11-13"", ""2023-11-14"", ""2023-11-15"", ""2023-11-16"", ""2023-11-17"", ""2023-11-20"", ""2023-11-21"", ""2023-11-22"", ""2023-11-23""]",32345000000000,85799001000000,1,5.0,5.0,0.0
RTS,2023-11-27,included,,"[""2023-10-30"", ""2023-10-31"", ""2023-11-01"", ""2023-11-02"", ""2023-11-03"", ""2023-11-06"", ""2023-11-07"", ""2023-11-08"", ""2023-11-09"", ""2023-11-10"", ""2023-11-13"", ""2023-11-14"", ""2023-11-15"", ""2023-11-16"", ""2023-11-17"", ""2023-11-20"", ""2023-11-21"", ""2023-11-22"", ""2023-11-23"", ""2023-11-24""]",32375000000000,85790017000000,1,4.0,0.0,2.0
RTS,2023-11-28,included,,"[""2023-10-31"", ""2023-11-01"", ""2023-11-02"", ""2023-11-03"", ""2023-11-06"", ""2023-11-07"", ""2023-11-08"", ""2023-11-09"", ""2023-11-10"", ""2023-11-13"", ""2023-11-14"", ""2023-11-15"", ""2023-11-16"", ""2023-11-17"", ""2023-11-20"", ""2023-11-21"", ""2023-11-22"", ""2023-11-23"", ""2023-11-24"", ""2023-11-27""]",32389000000000,85799000000000,1,5.0,0.0,14.0
RTS,2023-11-29,included,,"[""2023-11-01"", ""2023-11-02"", ""2023-11-03"", ""2023-11-06"", ""2023-11-07"", ""2023-11-08"", ""2023-11-09"", ""2023-11-10"", ""2023-11-13"", ""2023-11-14"", ""2023-11-15"", ""2023-11-16"", ""2023-11-17"", ""2023-11-20"", ""2023-11-21"", ""2023-11-22"", ""2023-11-23"", ""2023-11-24"", ""2023-11-27"", ""2023-11-28""]",32371000000000,85798001000000,1,5.0,5.0,1.0
RTS,2023-11-30,included,,"[""2023-11-02"", ""2023-11-03"", ""2023-11-06"", ""2023-11-07"", ""2023-11-08"", ""2023-11-09"", ""2023-11-10"", ""2023-11-13"", ""2023-11-14"", ""2023-11-15"", ""2023-11-16"", ""2023-11-17"", ""2023-11-20"", ""2023-11-21"", ""2023-11-22"", ""2023-11-23"", ""2023-11-24"", ""2023-11-27"", ""2023-11-28"", ""2023-11-29""]",32363000000000,85789000000000,1,6.0,6.0,0.0
RTS,2023-12-01,included,,"[""2023-11-03"", ""2023-11-06"", ""2023-11-07"", ""2023-11-08"", ""2023-11-09"", ""2023-11-10"", ""2023-11-13"", ""2023-11-14"", ""2023-11-15"", ""2023-11-16"", ""2023-11-17"", ""2023-11-20"", ""2023-11-21"", ""2023-11-22"", ""2023-11-23"", ""2023-11-24"", ""2023-11-27"", ""2023-11-28"", ""2023-11-29"", ""2023-11-30""]",32373000000000,85795001000000,1,2.0,2.0,0.0
RTS,2023-12-04,included,,"[""2023-11-06"", ""2023-11-07"", ""2023-11-08"", ""2023-11-09"", ""2023-11-10"", ""2023-11-13"", ""2023-11-14"", ""2023-11-15"", ""2023-11-16"", ""2023-11-17"", ""2023-11-20"", ""2023-11-21"", ""2023-11-22"", ""2023-11-23"", ""2023-11-24"", ""2023-11-27"", ""2023-11-28"", ""2023-11-29"", ""2023-11-30"", ""2023-12-01""]",32357000000000,85793000000000,1,6.0,6.0,13.0
RTS,2023-12-05,included,,"[""2023-11-07"", ""2023-11-08"", ""2023-11-09"", ""2023-11-10"", ""2023-11-13"", ""2023-11-14"", ""2023-11-15"", ""2023-11-16"", ""2023-11-17"", ""2023-11-20"", ""2023-11-21"", ""2023-11-22"", ""2023-11-23"", ""2023-11-24"", ""2023-11-27"", ""2023-11-28"", ""2023-11-29"", ""2023-11-30"", ""2023-12-01"", ""2023-12-04""]",32363000000000,85788000000000,1,9.0,9.0,1.0
RTS,2023-12-06,included,,"[""2023-11-08"", ""2023-11-09"", ""2023-11-10"", ""2023-11-13"", ""2023-11-14"", ""2023-11-15"", ""2023-11-16"", ""2023-11-17"", ""2023-11-20"", ""2023-11-21"", ""2023-11-22"", ""2023-11-23"", ""2023-11-24"", ""2023-11-27"", ""2023-11-28"", ""2023-11-29"", ""2023-11-30"", ""2023-12-01"", ""2023-12-04"", ""2023-12-05""]",32380000000000,85799001000000,1,1.0,1.0,1.0
RTS,2023-12-07,included,,"[""2023-11-09"", ""2023-11-10"", ""2023-11-13"", ""2023-11-14"", ""2023-11-15"", ""2023-11-16"", ""2023-11-17"", ""2023-11-20"", ""2023-11-21"", ""2023-11-22"", ""2023-11-23"", ""2023-11-24"", ""2023-11-27"", ""2023-11-28"", ""2023-11-29"", ""2023-11-30"", ""2023-12-01"", ""2023-12-04"", ""2023-12-05"", ""2023-12-06""]",32355000000000,85798000000000,1,6.0,6.0,0.0
RTS,2023-12-08,included,,"[""2023-11-10"", ""2023-11-13"", ""2023-11-14"", ""2023-11-15"", ""2023-11-16"", ""2023-11-17"", ""2023-11-20"", ""2023-11-21"", ""2023-11-22"", ""2023-11-23"", ""2023-11-24"", ""2023-11-27"", ""2023-11-28"", ""2023-11-29"", ""2023-11-30"", ""2023-12-01"", ""2023-12-04"", ""2023-12-05"", ""2023-12-06"", ""2023-12-07""]",32389000000000,85793000000000,1,3.0,3.0,4.0
RTS,2023-12-11,included,,"[""2023-11-13"", ""2023-11-14"", ""2023-11-15"", ""2023-11-16"", ""2023-11-17"", ""2023-11-20"", ""2023-11-21"", ""2023-11-22"", ""2023-11-23"", ""2023-11-24"", ""2023-11-27"", ""2023-11-28"", ""2023-11-29"", ""2023-11-30"", ""2023-12-01"", ""2023-12-04"", ""2023-12-05"", ""2023-12-06"", ""2023-12-07"", ""2023-12-08""]",32350000000000,85795000000000,1,10.0,10.0,0.0
RTS,2023-12-12,included,,"[""2023-11-14"", ""2023-11-15"", ""2023-11-16"", ""2023-11-17"", ""2023-11-20"", ""2023-11-21"", ""2023-11-22"", ""2023-11-23"", ""2023-11-24"", ""2023-11-27"", ""2023-11-28"", ""2023-11-29"", ""2023-11-30"", ""2023-12-01"", ""2023-12-04"", ""2023-12-05"", ""2023-12-06"", ""2023-12-07"", ""2023-12-08"", ""2023-12-11""]",32343000000000,85794000000000,1,3.0,3.0,3.0
RTS,2023-12-13,included,,"[""2023-11-15"", ""2023-11-16"", ""2023-11-17"", ""2023-11-20"", ""2023-11-21"", ""2023-11-22"", ""2023-11-23"", ""2023-11-24"", ""2023-11-27"", ""2023-11-28"", ""2023-11-29"", ""2023-11-30"", ""2023-12-01"", ""2023-12-04"", ""2023-12-05"", ""2023-12-06"", ""2023-12-07"", ""2023-12-08"", ""2023-12-11"", ""2023-12-12""]",32373000000000,85790004000000,1,6.0,1.0,8.0
RTS,2023-12-14,included,,"[""2023-11-16"", ""2023-11-17"", ""2023-11-20"", ""2023-11-21"", ""2023-11-22"", ""2023-11-23"", ""2023-11-24"", ""2023-11-27"", ""2023-11-28"", ""2023-11-29"", ""2023-11-30"", ""2023-12-01"", ""2023-12-04"", ""2023-12-05"", ""2023-12-06"", ""2023-12-07"", ""2023-12-08"", ""2023-12-11"", ""2023-12-12"", ""2023-12-13""]",32342000000000,85796000000000,1,3.0,0.0,4.0
RTS,2023-12-15,included,,"[""2023-11-17"", ""2023-11-20"", ""2023-11-21"", ""2023-11-22"", ""2023-11-23"", ""2023-11-24"", ""2023-11-27"", ""2023-11-28"", ""2023-11-29"", ""2023-11-30"", ""2023-12-01"", ""2023-12-04"", ""2023-12-05"", ""2023-12-06"", ""2023-12-07"", ""2023-12-08"", ""2023-12-11"", ""2023-12-12"", ""2023-12-13"", ""2023-12-14""]",32374000000000,85799002000000,1,6.0,6.0,1.0
RTS,2023-12-18,included,,"[""2023-11-20"", ""2023-11-21"", ""2023-11-22"", ""2023-11-23"", ""2023-11-24"", ""2023-11-27"", ""2023-11-28"", ""2023-11-29"", ""2023-11-30"", ""2023-12-01"", ""2023-12-04"", ""2023-12-05"", ""2023-12-06"", ""2023-12-07"", ""2023-12-08"", ""2023-12-11"", ""2023-12-12"", ""2023-12-13"", ""2023-12-14"", ""2023-12-15""]",32343000000000,85797003000000,1,4.0,0.0,1.0
RTS,2023-12-19,included,,"[""2023-11-21"", ""2023-11-22"", ""2023-11-23"", ""2023-11-24"", ""2023-11-27"", ""2023-11-28"", ""2023-11-29"", ""2023-11-30"", ""2023-12-01"", ""2023-12-04"", ""2023-12-05"", ""2023-12-06"", ""2023-12-07"", ""2023-12-08"", ""2023-12-11"", ""2023-12-12"", ""2023-12-13"", ""2023-12-14"", ""2023-12-15"", ""2023-12-18""]",32344000000000,85798000000000,1,7.0,2.0,1.0
RTS,2023-12-20,included,,"[""2023-11-22"", ""2023-11-23"", ""2023-11-24"", ""2023-11-27"", ""2023-11-28"", ""2023-11-29"", ""2023-11-30"", ""2023-12-01"", ""2023-12-04"", ""2023-12-05"", ""2023-12-06"", ""2023-12-07"", ""2023-12-08"", ""2023-12-11"", ""2023-12-12"", ""2023-12-13"", ""2023-12-14"", ""2023-12-15"", ""2023-12-18"", ""2023-12-19""]",32410000000000,85783000000000,1,10.0,0.0,2.0
RTS,2023-12-21,included,,"[""2023-11-23"", ""2023-11-24"", ""2023-11-27"", ""2023-11-28"", ""2023-11-29"", ""2023-11-30"", ""2023-12-01"", ""2023-12-04"", ""2023-12-05"", ""2023-12-06"", ""2023-12-07"", ""2023-12-08"", ""2023-12-11"", ""2023-12-12"", ""2023-12-13"", ""2023-12-14"", ""2023-12-15"", ""2023-12-18"", ""2023-12-19"", ""2023-12-20""]",32359000000000,85799000000000,1,7.0,0.0,4.0
RTS,2023-12-22,included,,"[""2023-11-24"", ""2023-11-27"", ""2023-11-28"", ""2023-11-29"", ""2023-11-30"", ""2023-12-01"", ""2023-12-04"", ""2023-12-05"", ""2023-12-06"", ""2023-12-07"", ""2023-12-08"", ""2023-12-11"", ""2023-12-12"", ""2023-12-13"", ""2023-12-14"", ""2023-12-15"", ""2023-12-18"", ""2023-12-19"", ""2023-12-20"", ""2023-12-21""]",32345000000000,85798001000000,1,6.0,0.0,1.0
RTS,2023-12-25,included,,"[""2023-11-27"", ""2023-11-28"", ""2023-11-29"", ""2023-11-30"", ""2023-12-01"", ""2023-12-04"", ""2023-12-05"", ""2023-12-06"", ""2023-12-07"", ""2023-12-08"", ""2023-12-11"", ""2023-12-12"", ""2023-12-13"", ""2023-12-14"", ""2023-12-15"", ""2023-12-18"", ""2023-12-19"", ""2023-12-20"", ""2023-12-21"", ""2023-12-22""]",32379000000000,85799001000000,1,6.0,0.0,1.0
RTS,2023-12-26,included,,"[""2023-11-28"", ""2023-11-29"", ""2023-11-30"", ""2023-12-01"", ""2023-12-04"", ""2023-12-05"", ""2023-12-06"", ""2023-12-07"", ""2023-12-08"", ""2023-12-11"", ""2023-12-12"", ""2023-12-13"", ""2023-12-14"", ""2023-12-15"", ""2023-12-18"", ""2023-12-19"", ""2023-12-20"", ""2023-12-21"", ""2023-12-22"", ""2023-12-25""]",32384000000000,85795002000000,1,5.0,0.0,9.0
RTS,2023-12-27,included,,"[""2023-11-29"", ""2023-11-30"", ""2023-12-01"", ""2023-12-04"", ""2023-12-05"", ""2023-12-06"", ""2023-12-07"", ""2023-12-08"", ""2023-12-11"", ""2023-12-12"", ""2023-12-13"", ""2023-12-14"", ""2023-12-15"", ""2023-12-18"", ""2023-12-19"", ""2023-12-20"", ""2023-12-21"", ""2023-12-22"", ""2023-12-25"", ""2023-12-26""]",32347000000000,85795001000000,1,9.0,0.0,1.0
RTS,2023-12-28,included,,"[""2023-11-30"", ""2023-12-01"", ""2023-12-04"", ""2023-12-05"", ""2023-12-06"", ""2023-12-07"", ""2023-12-08"", ""2023-12-11"", ""2023-12-12"", ""2023-12-13"", ""2023-12-14"", ""2023-12-15"", ""2023-12-18"", ""2023-12-19"", ""2023-12-20"", ""2023-12-21"", ""2023-12-22"", ""2023-12-25"", ""2023-12-26"", ""2023-12-27""]",32376000000000,85786000000000,1,5.0,4.0,0.0
RTS,2023-12-29,included,,"[""2023-12-01"", ""2023-12-04"", ""2023-12-05"", ""2023-12-06"", ""2023-12-07"", ""2023-12-08"", ""2023-12-11"", ""2023-12-12"", ""2023-12-13"", ""2023-12-14"", ""2023-12-15"", ""2023-12-18"", ""2023-12-19"", ""2023-12-20"", ""2023-12-21"", ""2023-12-22"", ""2023-12-25"", ""2023-12-26"", ""2023-12-27"", ""2023-12-28""]",32382000000000,85799000000000,1,3.0,0.0,0.0
RTS,2024-01-03,included,,"[""2023-12-04"", ""2023-12-05"", ""2023-12-06"", ""2023-12-07"", ""2023-12-08"", ""2023-12-11"", ""2023-12-12"", ""2023-12-13"", ""2023-12-14"", ""2023-12-15"", ""2023-12-18"", ""2023-12-19"", ""2023-12-20"", ""2023-12-21"", ""2023-12-22"", ""2023-12-25"", ""2023-12-26"", ""2023-12-27"", ""2023-12-28"", ""2023-12-29""]",32353000000000,85799007000000,1,3.0,0.0,2.0
RTS,2024-01-04,included,,"[""2023-12-05"", ""2023-12-06"", ""2023-12-07"", ""2023-12-08"", ""2023-12-11"", ""2023-12-12"", ""2023-12-13"", ""2023-12-14"", ""2023-12-15"", ""2023-12-18"", ""2023-12-19"", ""2023-12-20"", ""2023-12-21"", ""2023-12-22"", ""2023-12-25"", ""2023-12-26"", ""2023-12-27"", ""2023-12-28"", ""2023-12-29"", ""2024-01-03""]",32341000000000,85799000000000,1,5.0,0.0,0.0
RTS,2024-01-05,included,,"[""2023-12-06"", ""2023-12-07"", ""2023-12-08"", ""2023-12-11"", ""2023-12-12"", ""2023-12-13"", ""2023-12-14"", ""2023-12-15"", ""2023-12-18"", ""2023-12-19"", ""2023-12-20"", ""2023-12-21"", ""2023-12-22"", ""2023-12-25"", ""2023-12-26"", ""2023-12-27"", ""2023-12-28"", ""2023-12-29"", ""2024-01-03"", ""2024-01-04""]",32347000000000,85793000000000,1,7.0,0.0,0.0
RTS,2024-01-08,included,,"[""2023-12-07"", ""2023-12-08"", ""2023-12-11"", ""2023-12-12"", ""2023-12-13"", ""2023-12-14"", ""2023-12-15"", ""2023-12-18"", ""2023-12-19"", ""2023-12-20"", ""2023-12-21"", ""2023-12-22"", ""2023-12-25"", ""2023-12-26"", ""2023-12-27"", ""2023-12-28"", ""2023-12-29"", ""2024-01-03"", ""2024-01-04"", ""2024-01-05""]",32380000000000,85790002000000,1,4.0,0.0,9.0
RTS,2024-01-09,included,,"[""2023-12-08"", ""2023-12-11"", ""2023-12-12"", ""2023-12-13"", ""2023-12-14"", ""2023-12-15"", ""2023-12-18"", ""2023-12-19"", ""2023-12-20"", ""2023-12-21"", ""2023-12-22"", ""2023-12-25"", ""2023-12-26"", ""2023-12-27"", ""2023-12-28"", ""2023-12-29"", ""2024-01-03"", ""2024-01-04"", ""2024-01-05"", ""2024-01-08""]",32357000000000,85799000000000,1,0.0,0.0,1.0
RTS,2024-01-10,included,,"[""2023-12-11"", ""2023-12-12"", ""2023-12-13"", ""2023-12-14"", ""2023-12-15"", ""2023-12-18"", ""2023-12-19"", ""2023-12-20"", ""2023-12-21"", ""2023-12-22"", ""2023-12-25"", ""2023-12-26"", ""2023-12-27"", ""2023-12-28"", ""2023-12-29"", ""2024-01-03"", ""2024-01-04"", ""2024-01-05"", ""2024-01-08"", ""2024-01-09""]",32372000000000,85795000000000,1,3.0,0.0,33.0
RTS,2024-01-11,included,,"[""2023-12-12"", ""2023-12-13"", ""2023-12-14"", ""2023-12-15"", ""2023-12-18"", ""2023-12-19"", ""2023-12-20"", ""2023-12-21"", ""2023-12-22"", ""2023-12-25"", ""2023-12-26"", ""2023-12-27"", ""2023-12-28"", ""2023-12-29"", ""2024-01-03"", ""2024-01-04"", ""2024-01-05"", ""2024-01-08"", ""2024-01-09"", ""2024-01-10""]",32373000000000,85797001000000,1,4.0,0.0,6.0
RTS,2024-01-12,included,,"[""2023-12-13"", ""2023-12-14"", ""2023-12-15"", ""2023-12-18"", ""2023-12-19"", ""2023-12-20"", ""2023-12-21"", ""2023-12-22"", ""2023-12-25"", ""2023-12-26"", ""2023-12-27"", ""2023-12-28"", ""2023-12-29"", ""2024-01-03"", ""2024-01-04"", ""2024-01-05"", ""2024-01-08"", ""2024-01-09"", ""2024-01-10"", ""2024-01-11""]",32357000000000,85797000000000,1,8.0,0.0,21.0
RTS,2024-01-15,included,,"[""2023-12-14"", ""2023-12-15"", ""2023-12-18"", ""2023-12-19"", ""2023-12-20"", ""2023-12-21"", ""2023-12-22"", ""2023-12-25"", ""2023-12-26"", ""2023-12-27"", ""2023-12-28"", ""2023-12-29"", ""2024-01-03"", ""2024-01-04"", ""2024-01-05"", ""2024-01-08"", ""2024-01-09"", ""2024-01-10"", ""2024-01-11"", ""2024-01-12""]",32351000000000,85792000000000,1,7.0,4.0,10.0
RTS,2024-01-16,included,,"[""2023-12-15"", ""2023-12-18"", ""2023-12-19"", ""2023-12-20"", ""2023-12-21"", ""2023-12-22"", ""2023-12-25"", ""2023-12-26"", ""2023-12-27"", ""2023-12-28"", ""2023-12-29"", ""2024-01-03"", ""2024-01-04"", ""2024-01-05"", ""2024-01-08"", ""2024-01-09"", ""2024-01-10"", ""2024-01-11"", ""2024-01-12"", ""2024-01-15""]",32366000000000,85796002000000,1,5.0,5.0,4.0
RTS,2024-01-17,included,,"[""2023-12-18"", ""2023-12-19"", ""2023-12-20"", ""2023-12-21"", ""2023-12-22"", ""2023-12-25"", ""2023-12-26"", ""2023-12-27"", ""2023-12-28"", ""2023-12-29"", ""2024-01-03"", ""2024-01-04"", ""2024-01-05"", ""2024-01-08"", ""2024-01-09"", ""2024-01-10"", ""2024-01-11"", ""2024-01-12"", ""2024-01-15"", ""2024-01-16""]",32388000000000,85799002000000,1,4.0,4.0,0.0
RTS,2024-01-18,included,,"[""2023-12-19"", ""2023-12-20"", ""2023-12-21"", ""2023-12-22"", ""2023-12-25"", ""2023-12-26"", ""2023-12-27"", ""2023-12-28"", ""2023-12-29"", ""2024-01-03"", ""2024-01-04"", ""2024-01-05"", ""2024-01-08"", ""2024-01-09"", ""2024-01-10"", ""2024-01-11"", ""2024-01-12"", ""2024-01-15"", ""2024-01-16"", ""2024-01-17""]",32385000000000,85798001000000,1,6.0,5.0,0.0
RTS,2024-01-19,included,,"[""2023-12-20"", ""2023-12-21"", ""2023-12-22"", ""2023-12-25"", ""2023-12-26"", ""2023-12-27"", ""2023-12-28"", ""2023-12-29"", ""2024-01-03"", ""2024-01-04"", ""2024-01-05"", ""2024-01-08"", ""2024-01-09"", ""2024-01-10"", ""2024-01-11"", ""2024-01-12"", ""2024-01-15"", ""2024-01-16"", ""2024-01-17"", ""2024-01-18""]",32371000000000,85797004000000,1,5.0,4.0,0.0
RTS,2024-01-22,included,,"[""2023-12-21"", ""2023-12-22"", ""2023-12-25"", ""2023-12-26"", ""2023-12-27"", ""2023-12-28"", ""2023-12-29"", ""2024-01-03"", ""2024-01-04"", ""2024-01-05"", ""2024-01-08"", ""2024-01-09"", ""2024-01-10"", ""2024-01-11"", ""2024-01-12"", ""2024-01-15"", ""2024-01-16"", ""2024-01-17"", ""2024-01-18"", ""2024-01-19""]",32384000000000,85795002000000,1,8.0,1.0,57.0
RTS,2024-01-23,included,,"[""2023-12-22"", ""2023-12-25"", ""2023-12-26"", ""2023-12-27"", ""2023-12-28"", ""2023-12-29"", ""2024-01-03"", ""2024-01-04"", ""2024-01-05"", ""2024-01-08"", ""2024-01-09"", ""2024-01-10"", ""2024-01-11"", ""2024-01-12"", ""2024-01-15"", ""2024-01-16"", ""2024-01-17"", ""2024-01-18"", ""2024-01-19"", ""2024-01-22""]",32366000000000,85799001000000,1,7.0,5.0,0.0
RTS,2024-01-24,included,,"[""2023-12-25"", ""2023-12-26"", ""2023-12-27"", ""2023-12-28"", ""2023-12-29"", ""2024-01-03"", ""2024-01-04"", ""2024-01-05"", ""2024-01-08"", ""2024-01-09"", ""2024-01-10"", ""2024-01-11"", ""2024-01-12"", ""2024-01-15"", ""2024-01-16"", ""2024-01-17"", ""2024-01-18"", ""2024-01-19"", ""2024-01-22"", ""2024-01-23""]",32365000000000,85799001000000,1,7.0,7.0,0.0
RTS,2024-01-25,included,,"[""2023-12-26"", ""2023-12-27"", ""2023-12-28"", ""2023-12-29"", ""2024-01-03"", ""2024-01-04"", ""2024-01-05"", ""2024-01-08"", ""2024-01-09"", ""2024-01-10"", ""2024-01-11"", ""2024-01-12"", ""2024-01-15"", ""2024-01-16"", ""2024-01-17"", ""2024-01-18"", ""2024-01-19"", ""2024-01-22"", ""2024-01-23"", ""2024-01-24""]",32377000000000,85794000000000,1,4.0,4.0,0.0
RTS,2024-01-26,included,,"[""2023-12-27"", ""2023-12-28"", ""2023-12-29"", ""2024-01-03"", ""2024-01-04"", ""2024-01-05"", ""2024-01-08"", ""2024-01-09"", ""2024-01-10"", ""2024-01-11"", ""2024-01-12"", ""2024-01-15"", ""2024-01-16"", ""2024-01-17"", ""2024-01-18"", ""2024-01-19"", ""2024-01-22"", ""2024-01-23"", ""2024-01-24"", ""2024-01-25""]",32382000000000,85799000000000,1,7.0,4.0,5.0
RTS,2024-01-29,included,,"[""2023-12-28"", ""2023-12-29"", ""2024-01-03"", ""2024-01-04"", ""2024-01-05"", ""2024-01-08"", ""2024-01-09"", ""2024-01-10"", ""2024-01-11"", ""2024-01-12"", ""2024-01-15"", ""2024-01-16"", ""2024-01-17"", ""2024-01-18"", ""2024-01-19"", ""2024-01-22"", ""2024-01-23"", ""2024-01-24"", ""2024-01-25"", ""2024-01-26""]",32348000000000,85798002000000,1,2.0,0.0,20.0
RTS,2024-01-30,included,,"[""2023-12-29"", ""2024-01-03"", ""2024-01-04"", ""2024-01-05"", ""2024-01-08"", ""2024-01-09"", ""2024-01-10"", ""2024-01-11"", ""2024-01-12"", ""2024-01-15"", ""2024-01-16"", ""2024-01-17"", ""2024-01-18"", ""2024-01-19"", ""2024-01-22"", ""2024-01-23"", ""2024-01-24"", ""2024-01-25"", ""2024-01-26"", ""2024-01-29""]",32369000000000,85795001000000,1,3.0,1.0,46.0
RTS,2024-01-31,included,,"[""2024-01-03"", ""2024-01-04"", ""2024-01-05"", ""2024-01-08"", ""2024-01-09"", ""2024-01-10"", ""2024-01-11"", ""2024-01-12"", ""2024-01-15"", ""2024-01-16"", ""2024-01-17"", ""2024-01-18"", ""2024-01-19"", ""2024-01-22"", ""2024-01-23"", ""2024-01-24"", ""2024-01-25"", ""2024-01-26"", ""2024-01-29"", ""2024-01-30""]",32360000000000,85799001000000,1,4.0,3.0,2.0
RTS,2024-02-01,included,,"[""2024-01-04"", ""2024-01-05"", ""2024-01-08"", ""2024-01-09"", ""2024-01-10"", ""2024-01-11"", ""2024-01-12"", ""2024-01-15"", ""2024-01-16"", ""2024-01-17"", ""2024-01-18"", ""2024-01-19"", ""2024-01-22"", ""2024-01-23"", ""2024-01-24"", ""2024-01-25"", ""2024-01-26"", ""2024-01-29"", ""2024-01-30"", ""2024-01-31""]",32343000000000,85793005000000,1,8.0,2.0,47.0
RTS,2024-02-02,included,,"[""2024-01-05"", ""2024-01-08"", ""2024-01-09"", ""2024-01-10"", ""2024-01-11"", ""2024-01-12"", ""2024-01-15"", ""2024-01-16"", ""2024-01-17"", ""2024-01-18"", ""2024-01-19"", ""2024-01-22"", ""2024-01-23"", ""2024-01-24"", ""2024-01-25"", ""2024-01-26"", ""2024-01-29"", ""2024-01-30"", ""2024-01-31"", ""2024-02-01""]",32373000000000,85798000000000,1,3.0,1.0,2.0
RTS,2024-02-05,included,,"[""2024-01-08"", ""2024-01-09"", ""2024-01-10"", ""2024-01-11"", ""2024-01-12"", ""2024-01-15"", ""2024-01-16"", ""2024-01-17"", ""2024-01-18"", ""2024-01-19"", ""2024-01-22"", ""2024-01-23"", ""2024-01-24"", ""2024-01-25"", ""2024-01-26"", ""2024-01-29"", ""2024-01-30"", ""2024-01-31"", ""2024-02-01"", ""2024-02-02""]",32384000000000,85797006000000,1,1.0,1.0,4.0
RTS,2024-02-06,included,,"[""2024-01-09"", ""2024-01-10"", ""2024-01-11"", ""2024-01-12"", ""2024-01-15"", ""2024-01-16"", ""2024-01-17"", ""2024-01-18"", ""2024-01-19"", ""2024-01-22"", ""2024-01-23"", ""2024-01-24"", ""2024-01-25"", ""2024-01-26"", ""2024-01-29"", ""2024-01-30"", ""2024-01-31"", ""2024-02-01"", ""2024-02-02"", ""2024-02-05""]",32390000000000,85787000000000,1,8.0,0.0,0.0
RTS,2024-02-07,included,,"[""2024-01-10"", ""2024-01-11"", ""2024-01-12"", ""2024-01-15"", ""2024-01-16"", ""2024-01-17"", ""2024-01-18"", ""2024-01-19"", ""2024-01-22"", ""2024-01-23"", ""2024-01-24"", ""2024-01-25"", ""2024-01-26"", ""2024-01-29"", ""2024-01-30"", ""2024-01-31"", ""2024-02-01"", ""2024-02-02"", ""2024-02-05"", ""2024-02-06""]",32400000000000,85796000000000,1,3.0,2.0,3.0
RTS,2024-02-08,included,,"[""2024-01-11"", ""2024-01-12"", ""2024-01-15"", ""2024-01-16"", ""2024-01-17"", ""2024-01-18"", ""2024-01-19"", ""2024-01-22"", ""2024-01-23"", ""2024-01-24"", ""2024-01-25"", ""2024-01-26"", ""2024-01-29"", ""2024-01-30"", ""2024-01-31"", ""2024-02-01"", ""2024-02-02"", ""2024-02-05"", ""2024-02-06"", ""2024-02-07""]",32371000000000,85799001000000,1,5.0,5.0,0.0
RTS,2024-02-09,included,,"[""2024-01-12"", ""2024-01-15"", ""2024-01-16"", ""2024-01-17"", ""2024-01-18"", ""2024-01-19"", ""2024-01-22"", ""2024-01-23"", ""2024-01-24"", ""2024-01-25"", ""2024-01-26"", ""2024-01-29"", ""2024-01-30"", ""2024-01-31"", ""2024-02-01"", ""2024-02-02"", ""2024-02-05"", ""2024-02-06"", ""2024-02-07"", ""2024-02-08""]",32372000000000,85797000000000,1,12.0,10.0,14.0
RTS,2024-02-12,included,,"[""2024-01-15"", ""2024-01-16"", ""2024-01-17"", ""2024-01-18"", ""2024-01-19"", ""2024-01-22"", ""2024-01-23"", ""2024-01-24"", ""2024-01-25"", ""2024-01-26"", ""2024-01-29"", ""2024-01-30"", ""2024-01-31"", ""2024-02-01"", ""2024-02-02"", ""2024-02-05"", ""2024-02-06"", ""2024-02-07"", ""2024-02-08"", ""2024-02-09""]",32342000000000,85799001000000,1,11.0,3.0,4.0
RTS,2024-02-13,included,,"[""2024-01-16"", ""2024-01-17"", ""2024-01-18"", ""2024-01-19"", ""2024-01-22"", ""2024-01-23"", ""2024-01-24"", ""2024-01-25"", ""2024-01-26"", ""2024-01-29"", ""2024-01-30"", ""2024-01-31"", ""2024-02-01"", ""2024-02-02"", ""2024-02-05"", ""2024-02-06"", ""2024-02-07"", ""2024-02-08"", ""2024-02-09"", ""2024-02-12""]",32359000000000,85799003000000,1,6.0,5.0,9.0
RTS,2024-02-14,included,,"[""2024-01-17"", ""2024-01-18"", ""2024-01-19"", ""2024-01-22"", ""2024-01-23"", ""2024-01-24"", ""2024-01-25"", ""2024-01-26"", ""2024-01-29"", ""2024-01-30"", ""2024-01-31"", ""2024-02-01"", ""2024-02-02"", ""2024-02-05"", ""2024-02-06"", ""2024-02-07"", ""2024-02-08"", ""2024-02-09"", ""2024-02-12"", ""2024-02-13""]",32370000000000,85795001000000,1,7.0,7.0,0.0
RTS,2024-02-15,included,,"[""2024-01-18"", ""2024-01-19"", ""2024-01-22"", ""2024-01-23"", ""2024-01-24"", ""2024-01-25"", ""2024-01-26"", ""2024-01-29"", ""2024-01-30"", ""2024-01-31"", ""2024-02-01"", ""2024-02-02"", ""2024-02-05"", ""2024-02-06"", ""2024-02-07"", ""2024-02-08"", ""2024-02-09"", ""2024-02-12"", ""2024-02-13"", ""2024-02-14""]",32413000000000,85799001000000,1,7.0,7.0,3.0
RTS,2024-02-16,included,,"[""2024-01-19"", ""2024-01-22"", ""2024-01-23"", ""2024-01-24"", ""2024-01-25"", ""2024-01-26"", ""2024-01-29"", ""2024-01-30"", ""2024-01-31"", ""2024-02-01"", ""2024-02-02"", ""2024-02-05"", ""2024-02-06"", ""2024-02-07"", ""2024-02-08"", ""2024-02-09"", ""2024-02-12"", ""2024-02-13"", ""2024-02-14"", ""2024-02-15""]",32386000000000,85798000000000,1,4.0,3.0,48.0
RTS,2024-02-19,included,,"[""2024-01-22"", ""2024-01-23"", ""2024-01-24"", ""2024-01-25"", ""2024-01-26"", ""2024-01-29"", ""2024-01-30"", ""2024-01-31"", ""2024-02-01"", ""2024-02-02"", ""2024-02-05"", ""2024-02-06"", ""2024-02-07"", ""2024-02-08"", ""2024-02-09"", ""2024-02-12"", ""2024-02-13"", ""2024-02-14"", ""2024-02-15"", ""2024-02-16""]",32346000000000,85794000000000,1,8.0,6.0,0.0
RTS,2024-02-20,included,,"[""2024-01-23"", ""2024-01-24"", ""2024-01-25"", ""2024-01-26"", ""2024-01-29"", ""2024-01-30"", ""2024-01-31"", ""2024-02-01"", ""2024-02-02"", ""2024-02-05"", ""2024-02-06"", ""2024-02-07"", ""2024-02-08"", ""2024-02-09"", ""2024-02-12"", ""2024-02-13"", ""2024-02-14"", ""2024-02-15"", ""2024-02-16"", ""2024-02-19""]",32400000000000,85799000000000,1,5.0,5.0,0.0
RTS,2024-02-21,included,,"[""2024-01-24"", ""2024-01-25"", ""2024-01-26"", ""2024-01-29"", ""2024-01-30"", ""2024-01-31"", ""2024-02-01"", ""2024-02-02"", ""2024-02-05"", ""2024-02-06"", ""2024-02-07"", ""2024-02-08"", ""2024-02-09"", ""2024-02-12"", ""2024-02-13"", ""2024-02-14"", ""2024-02-15"", ""2024-02-16"", ""2024-02-19"", ""2024-02-20""]",32372000000000,85798000000000,1,7.0,7.0,1.0
RTS,2024-02-22,included,,"[""2024-01-25"", ""2024-01-26"", ""2024-01-29"", ""2024-01-30"", ""2024-01-31"", ""2024-02-01"", ""2024-02-02"", ""2024-02-05"", ""2024-02-06"", ""2024-02-07"", ""2024-02-08"", ""2024-02-09"", ""2024-02-12"", ""2024-02-13"", ""2024-02-14"", ""2024-02-15"", ""2024-02-16"", ""2024-02-19"", ""2024-02-20"", ""2024-02-21""]",32377000000000,85795000000000,1,3.0,3.0,6.0
RTS,2024-02-26,included,,"[""2024-01-26"", ""2024-01-29"", ""2024-01-30"", ""2024-01-31"", ""2024-02-01"", ""2024-02-02"", ""2024-02-05"", ""2024-02-06"", ""2024-02-07"", ""2024-02-08"", ""2024-02-09"", ""2024-02-12"", ""2024-02-13"", ""2024-02-14"", ""2024-02-15"", ""2024-02-16"", ""2024-02-19"", ""2024-02-20"", ""2024-02-21"", ""2024-02-22""]",32370000000000,85793000000000,1,5.0,5.0,3.0
RTS,2024-02-27,included,,"[""2024-01-29"", ""2024-01-30"", ""2024-01-31"", ""2024-02-01"", ""2024-02-02"", ""2024-02-05"", ""2024-02-06"", ""2024-02-07"", ""2024-02-08"", ""2024-02-09"", ""2024-02-12"", ""2024-02-13"", ""2024-02-14"", ""2024-02-15"", ""2024-02-16"", ""2024-02-19"", ""2024-02-20"", ""2024-02-21"", ""2024-02-22"", ""2024-02-26""]",32390000000000,85788005000000,1,9.0,1.0,14.0
RTS,2024-02-28,included,,"[""2024-01-30"", ""2024-01-31"", ""2024-02-01"", ""2024-02-02"", ""2024-02-05"", ""2024-02-06"", ""2024-02-07"", ""2024-02-08"", ""2024-02-09"", ""2024-02-12"", ""2024-02-13"", ""2024-02-14"", ""2024-02-15"", ""2024-02-16"", ""2024-02-19"", ""2024-02-20"", ""2024-02-21"", ""2024-02-22"", ""2024-02-26"", ""2024-02-27""]",32383000000000,85799001000000,1,4.0,4.0,0.0
RTS,2024-02-29,included,,"[""2024-01-31"", ""2024-02-01"", ""2024-02-02"", ""2024-02-05"", ""2024-02-06"", ""2024-02-07"", ""2024-02-08"", ""2024-02-09"", ""2024-02-12"", ""2024-02-13"", ""2024-02-14"", ""2024-02-15"", ""2024-02-16"", ""2024-02-19"", ""2024-02-20"", ""2024-02-21"", ""2024-02-22"", ""2024-02-26"", ""2024-02-27"", ""2024-02-28""]",32376000000000,85793031000000,1,4.0,3.0,4.0
RTS,2024-03-01,included,,"[""2024-02-01"", ""2024-02-02"", ""2024-02-05"", ""2024-02-06"", ""2024-02-07"", ""2024-02-08"", ""2024-02-09"", ""2024-02-12"", ""2024-02-13"", ""2024-02-14"", ""2024-02-15"", ""2024-02-16"", ""2024-02-19"", ""2024-02-20"", ""2024-02-21"", ""2024-02-22"", ""2024-02-26"", ""2024-02-27"", ""2024-02-28"", ""2024-02-29""]",32367000000000,85798001000000,1,4.0,0.0,3.0
RTS,2024-03-04,included,,"[""2024-02-02"", ""2024-02-05"", ""2024-02-06"", ""2024-02-07"", ""2024-02-08"", ""2024-02-09"", ""2024-02-12"", ""2024-02-13"", ""2024-02-14"", ""2024-02-15"", ""2024-02-16"", ""2024-02-19"", ""2024-02-20"", ""2024-02-21"", ""2024-02-22"", ""2024-02-26"", ""2024-02-27"", ""2024-02-28"", ""2024-02-29"", ""2024-03-01""]",32357000000000,85797001000000,1,8.0,0.0,1.0
RTS,2024-03-05,included,,"[""2024-02-05"", ""2024-02-06"", ""2024-02-07"", ""2024-02-08"", ""2024-02-09"", ""2024-02-12"", ""2024-02-13"", ""2024-02-14"", ""2024-02-15"", ""2024-02-16"", ""2024-02-19"", ""2024-02-20"", ""2024-02-21"", ""2024-02-22"", ""2024-02-26"", ""2024-02-27"", ""2024-02-28"", ""2024-02-29"", ""2024-03-01"", ""2024-03-04""]",32348000000000,85795001000000,1,5.0,0.0,2.0
RTS,2024-03-06,included,,"[""2024-02-06"", ""2024-02-07"", ""2024-02-08"", ""2024-02-09"", ""2024-02-12"", ""2024-02-13"", ""2024-02-14"", ""2024-02-15"", ""2024-02-16"", ""2024-02-19"", ""2024-02-20"", ""2024-02-21"", ""2024-02-22"", ""2024-02-26"", ""2024-02-27"", ""2024-02-28"", ""2024-02-29"", ""2024-03-01"", ""2024-03-04"", ""2024-03-05""]",32355000000000,85799000000000,1,7.0,3.0,4.0
RTS,2024-03-07,included,,"[""2024-02-07"", ""2024-02-08"", ""2024-02-09"", ""2024-02-12"", ""2024-02-13"", ""2024-02-14"", ""2024-02-15"", ""2024-02-16"", ""2024-02-19"", ""2024-02-20"", ""2024-02-21"", ""2024-02-22"", ""2024-02-26"", ""2024-02-27"", ""2024-02-28"", ""2024-02-29"", ""2024-03-01"", ""2024-03-04"", ""2024-03-05"", ""2024-03-06""]",32382000000000,85793013000000,1,7.0,0.0,31.0
RTS,2024-03-11,included,,"[""2024-02-08"", ""2024-02-09"", ""2024-02-12"", ""2024-02-13"", ""2024-02-14"", ""2024-02-15"", ""2024-02-16"", ""2024-02-19"", ""2024-02-20"", ""2024-02-21"", ""2024-02-22"", ""2024-02-26"", ""2024-02-27"", ""2024-02-28"", ""2024-02-29"", ""2024-03-01"", ""2024-03-04"", ""2024-03-05"", ""2024-03-06"", ""2024-03-07""]",32358000000000,85799000000000,1,3.0,3.0,1.0
RTS,2024-03-12,included,,"[""2024-02-09"", ""2024-02-12"", ""2024-02-13"", ""2024-02-14"", ""2024-02-15"", ""2024-02-16"", ""2024-02-19"", ""2024-02-20"", ""2024-02-21"", ""2024-02-22"", ""2024-02-26"", ""2024-02-27"", ""2024-02-28"", ""2024-02-29"", ""2024-03-01"", ""2024-03-04"", ""2024-03-05"", ""2024-03-06"", ""2024-03-07"", ""2024-03-11""]",32348000000000,85799001000000,1,11.0,11.0,13.0
RTS,2024-03-13,included,,"[""2024-02-12"", ""2024-02-13"", ""2024-02-14"", ""2024-02-15"", ""2024-02-16"", ""2024-02-19"", ""2024-02-20"", ""2024-02-21"", ""2024-02-22"", ""2024-02-26"", ""2024-02-27"", ""2024-02-28"", ""2024-02-29"", ""2024-03-01"", ""2024-03-04"", ""2024-03-05"", ""2024-03-06"", ""2024-03-07"", ""2024-03-11"", ""2024-03-12""]",32389000000000,85794003000000,1,5.0,5.0,0.0
RTS,2024-03-14,included,,"[""2024-02-13"", ""2024-02-14"", ""2024-02-15"", ""2024-02-16"", ""2024-02-19"", ""2024-02-20"", ""2024-02-21"", ""2024-02-22"", ""2024-02-26"", ""2024-02-27"", ""2024-02-28"", ""2024-02-29"", ""2024-03-01"", ""2024-03-04"", ""2024-03-05"", ""2024-03-06"", ""2024-03-07"", ""2024-03-11"", ""2024-03-12"", ""2024-03-13""]",32352000000000,85794000000000,1,6.0,6.0,2.0
RTS,2024-03-15,included,,"[""2024-02-14"", ""2024-02-15"", ""2024-02-16"", ""2024-02-19"", ""2024-02-20"", ""2024-02-21"", ""2024-02-22"", ""2024-02-26"", ""2024-02-27"", ""2024-02-28"", ""2024-02-29"", ""2024-03-01"", ""2024-03-04"", ""2024-03-05"", ""2024-03-06"", ""2024-03-07"", ""2024-03-11"", ""2024-03-12"", ""2024-03-13"", ""2024-03-14""]",32362000000000,85794000000000,1,7.0,4.0,3.0
RTS,2024-03-18,included,,"[""2024-02-15"", ""2024-02-16"", ""2024-02-19"", ""2024-02-20"", ""2024-02-21"", ""2024-02-22"", ""2024-02-26"", ""2024-02-27"", ""2024-02-28"", ""2024-02-29"", ""2024-03-01"", ""2024-03-04"", ""2024-03-05"", ""2024-03-06"", ""2024-03-07"", ""2024-03-11"", ""2024-03-12"", ""2024-03-13"", ""2024-03-14"", ""2024-03-15""]",32374000000000,85799000000000,1,11.0,0.0,6.0
RTS,2024-03-19,included,,"[""2024-02-16"", ""2024-02-19"", ""2024-02-20"", ""2024-02-21"", ""2024-02-22"", ""2024-02-26"", ""2024-02-27"", ""2024-02-28"", ""2024-02-29"", ""2024-03-01"", ""2024-03-04"", ""2024-03-05"", ""2024-03-06"", ""2024-03-07"", ""2024-03-11"", ""2024-03-12"", ""2024-03-13"", ""2024-03-14"", ""2024-03-15"", ""2024-03-18""]",32388000000000,85796001000000,1,2.0,0.0,9.0
RTS,2024-03-20,included,,"[""2024-02-19"", ""2024-02-20"", ""2024-02-21"", ""2024-02-22"", ""2024-02-26"", ""2024-02-27"", ""2024-02-28"", ""2024-02-29"", ""2024-03-01"", ""2024-03-04"", ""2024-03-05"", ""2024-03-06"", ""2024-03-07"", ""2024-03-11"", ""2024-03-12"", ""2024-03-13"", ""2024-03-14"", ""2024-03-15"", ""2024-03-18"", ""2024-03-19""]",32406000000000,85793027000000,1,3.0,0.0,0.0
RTS,2024-03-21,included,,"[""2024-02-20"", ""2024-02-21"", ""2024-02-22"", ""2024-02-26"", ""2024-02-27"", ""2024-02-28"", ""2024-02-29"", ""2024-03-01"", ""2024-03-04"", ""2024-03-05"", ""2024-03-06"", ""2024-03-07"", ""2024-03-11"", ""2024-03-12"", ""2024-03-13"", ""2024-03-14"", ""2024-03-15"", ""2024-03-18"", ""2024-03-19"", ""2024-03-20""]",32367000000000,85792001000000,1,4.0,1.0,1.0
RTS,2024-03-22,included,,"[""2024-02-21"", ""2024-02-22"", ""2024-02-26"", ""2024-02-27"", ""2024-02-28"", ""2024-02-29"", ""2024-03-01"", ""2024-03-04"", ""2024-03-05"", ""2024-03-06"", ""2024-03-07"", ""2024-03-11"", ""2024-03-12"", ""2024-03-13"", ""2024-03-14"", ""2024-03-15"", ""2024-03-18"", ""2024-03-19"", ""2024-03-20"", ""2024-03-21""]",32376000000000,85799003000000,1,1.0,0.0,2.0
RTS,2024-03-25,included,,"[""2024-02-22"", ""2024-02-26"", ""2024-02-27"", ""2024-02-28"", ""2024-02-29"", ""2024-03-01"", ""2024-03-04"", ""2024-03-05"", ""2024-03-06"", ""2024-03-07"", ""2024-03-11"", ""2024-03-12"", ""2024-03-13"", ""2024-03-14"", ""2024-03-15"", ""2024-03-18"", ""2024-03-19"", ""2024-03-20"", ""2024-03-21"", ""2024-03-22""]",32385000000000,85799005000000,1,2.0,2.0,12.0
RTS,2024-03-26,included,,"[""2024-02-26"", ""2024-02-27"", ""2024-02-28"", ""2024-02-29"", ""2024-03-01"", ""2024-03-04"", ""2024-03-05"", ""2024-03-06"", ""2024-03-07"", ""2024-03-11"", ""2024-03-12"", ""2024-03-13"", ""2024-03-14"", ""2024-03-15"", ""2024-03-18"", ""2024-03-19"", ""2024-03-20"", ""2024-03-21"", ""2024-03-22"", ""2024-03-25""]",32373000000000,85796000000000,1,5.0,0.0,0.0
RTS,2024-03-27,included,,"[""2024-02-27"", ""2024-02-28"", ""2024-02-29"", ""2024-03-01"", ""2024-03-04"", ""2024-03-05"", ""2024-03-06"", ""2024-03-07"", ""2024-03-11"", ""2024-03-12"", ""2024-03-13"", ""2024-03-14"", ""2024-03-15"", ""2024-03-18"", ""2024-03-19"", ""2024-03-20"", ""2024-03-21"", ""2024-03-22"", ""2024-03-25"", ""2024-03-26""]",32342000000000,85796000000000,1,2.0,0.0,0.0
RTS,2024-03-28,included,,"[""2024-02-28"", ""2024-02-29"", ""2024-03-01"", ""2024-03-04"", ""2024-03-05"", ""2024-03-06"", ""2024-03-07"", ""2024-03-11"", ""2024-03-12"", ""2024-03-13"", ""2024-03-14"", ""2024-03-15"", ""2024-03-18"", ""2024-03-19"", ""2024-03-20"", ""2024-03-21"", ""2024-03-22"", ""2024-03-25"", ""2024-03-26"", ""2024-03-27""]",32380000000000,85787001000000,1,7.0,3.0,0.0
RTS,2024-03-29,included,,"[""2024-02-29"", ""2024-03-01"", ""2024-03-04"", ""2024-03-05"", ""2024-03-06"", ""2024-03-07"", ""2024-03-11"", ""2024-03-12"", ""2024-03-13"", ""2024-03-14"", ""2024-03-15"", ""2024-03-18"", ""2024-03-19"", ""2024-03-20"", ""2024-03-21"", ""2024-03-22"", ""2024-03-25"", ""2024-03-26"", ""2024-03-27"", ""2024-03-28""]",32400000000000,85799000000000,1,6.0,1.0,0.0
RTS,2024-04-01,included,,"[""2024-03-01"", ""2024-03-04"", ""2024-03-05"", ""2024-03-06"", ""2024-03-07"", ""2024-03-11"", ""2024-03-12"", ""2024-03-13"", ""2024-03-14"", ""2024-03-15"", ""2024-03-18"", ""2024-03-19"", ""2024-03-20"", ""2024-03-21"", ""2024-03-22"", ""2024-03-25"", ""2024-03-26"", ""2024-03-27"", ""2024-03-28"", ""2024-03-29""]",32372000000000,85789000000000,1,6.0,3.0,2.0
RTS,2024-04-02,included,,"[""2024-03-04"", ""2024-03-05"", ""2024-03-06"", ""2024-03-07"", ""2024-03-11"", ""2024-03-12"", ""2024-03-13"", ""2024-03-14"", ""2024-03-15"", ""2024-03-18"", ""2024-03-19"", ""2024-03-20"", ""2024-03-21"", ""2024-03-22"", ""2024-03-25"", ""2024-03-26"", ""2024-03-27"", ""2024-03-28"", ""2024-03-29"", ""2024-04-01""]",32343000000000,85795000000000,1,6.0,1.0,0.0
RTS,2024-04-03,included,,"[""2024-03-05"", ""2024-03-06"", ""2024-03-07"", ""2024-03-11"", ""2024-03-12"", ""2024-03-13"", ""2024-03-14"", ""2024-03-15"", ""2024-03-18"", ""2024-03-19"", ""2024-03-20"", ""2024-03-21"", ""2024-03-22"", ""2024-03-25"", ""2024-03-26"", ""2024-03-27"", ""2024-03-28"", ""2024-03-29"", ""2024-04-01"", ""2024-04-02""]",32390000000000,85796000000000,1,5.0,0.0,0.0
RTS,2024-04-04,included,,"[""2024-03-06"", ""2024-03-07"", ""2024-03-11"", ""2024-03-12"", ""2024-03-13"", ""2024-03-14"", ""2024-03-15"", ""2024-03-18"", ""2024-03-19"", ""2024-03-20"", ""2024-03-21"", ""2024-03-22"", ""2024-03-25"", ""2024-03-26"", ""2024-03-27"", ""2024-03-28"", ""2024-03-29"", ""2024-04-01"", ""2024-04-02"", ""2024-04-03""]",32374000000000,85798002000000,1,14.0,5.0,1.0
RTS,2024-04-05,included,,"[""2024-03-07"", ""2024-03-11"", ""2024-03-12"", ""2024-03-13"", ""2024-03-14"", ""2024-03-15"", ""2024-03-18"", ""2024-03-19"", ""2024-03-20"", ""2024-03-21"", ""2024-03-22"", ""2024-03-25"", ""2024-03-26"", ""2024-03-27"", ""2024-03-28"", ""2024-03-29"", ""2024-04-01"", ""2024-04-02"", ""2024-04-03"", ""2024-04-04""]",32354000000000,85781002000000,1,5.0,0.0,0.0
RTS,2024-04-08,included,,"[""2024-03-11"", ""2024-03-12"", ""2024-03-13"", ""2024-03-14"", ""2024-03-15"", ""2024-03-18"", ""2024-03-19"", ""2024-03-20"", ""2024-03-21"", ""2024-03-22"", ""2024-03-25"", ""2024-03-26"", ""2024-03-27"", ""2024-03-28"", ""2024-03-29"", ""2024-04-01"", ""2024-04-02"", ""2024-04-03"", ""2024-04-04"", ""2024-04-05""]",32373000000000,85799000000000,1,4.0,0.0,0.0
RTS,2024-04-09,included,,"[""2024-03-12"", ""2024-03-13"", ""2024-03-14"", ""2024-03-15"", ""2024-03-18"", ""2024-03-19"", ""2024-03-20"", ""2024-03-21"", ""2024-03-22"", ""2024-03-25"", ""2024-03-26"", ""2024-03-27"", ""2024-03-28"", ""2024-03-29"", ""2024-04-01"", ""2024-04-02"", ""2024-04-03"", ""2024-04-04"", ""2024-04-05"", ""2024-04-08""]",32367000000000,85798002000000,1,5.0,2.0,0.0
RTS,2024-04-10,included,,"[""2024-03-13"", ""2024-03-14"", ""2024-03-15"", ""2024-03-18"", ""2024-03-19"", ""2024-03-20"", ""2024-03-21"", ""2024-03-22"", ""2024-03-25"", ""2024-03-26"", ""2024-03-27"", ""2024-03-28"", ""2024-03-29"", ""2024-04-01"", ""2024-04-02"", ""2024-04-03"", ""2024-04-04"", ""2024-04-05"", ""2024-04-08"", ""2024-04-09""]",32376000000000,85790000000000,1,8.0,8.0,0.0
RTS,2024-04-11,included,,"[""2024-03-14"", ""2024-03-15"", ""2024-03-18"", ""2024-03-19"", ""2024-03-20"", ""2024-03-21"", ""2024-03-22"", ""2024-03-25"", ""2024-03-26"", ""2024-03-27"", ""2024-03-28"", ""2024-03-29"", ""2024-04-01"", ""2024-04-02"", ""2024-04-03"", ""2024-04-04"", ""2024-04-05"", ""2024-04-08"", ""2024-04-09"", ""2024-04-10""]",32346000000000,85798000000000,1,11.0,4.0,0.0
RTS,2024-04-12,included,,"[""2024-03-15"", ""2024-03-18"", ""2024-03-19"", ""2024-03-20"", ""2024-03-21"", ""2024-03-22"", ""2024-03-25"", ""2024-03-26"", ""2024-03-27"", ""2024-03-28"", ""2024-03-29"", ""2024-04-01"", ""2024-04-02"", ""2024-04-03"", ""2024-04-04"", ""2024-04-05"", ""2024-04-08"", ""2024-04-09"", ""2024-04-10"", ""2024-04-11""]",32352000000000,85796000000000,1,8.0,1.0,8.0
RTS,2024-04-15,included,,"[""2024-03-18"", ""2024-03-19"", ""2024-03-20"", ""2024-03-21"", ""2024-03-22"", ""2024-03-25"", ""2024-03-26"", ""2024-03-27"", ""2024-03-28"", ""2024-03-29"", ""2024-04-01"", ""2024-04-02"", ""2024-04-03"", ""2024-04-04"", ""2024-04-05"", ""2024-04-08"", ""2024-04-09"", ""2024-04-10"", ""2024-04-11"", ""2024-04-12""]",32387000000000,85798000000000,1,5.0,4.0,1.0
RTS,2024-04-16,included,,"[""2024-03-19"", ""2024-03-20"", ""2024-03-21"", ""2024-03-22"", ""2024-03-25"", ""2024-03-26"", ""2024-03-27"", ""2024-03-28"", ""2024-03-29"", ""2024-04-01"", ""2024-04-02"", ""2024-04-03"", ""2024-04-04"", ""2024-04-05"", ""2024-04-08"", ""2024-04-09"", ""2024-04-10"", ""2024-04-11"", ""2024-04-12"", ""2024-04-15""]",32353000000000,85798000000000,1,2.0,2.0,3.0
RTS,2024-04-17,included,,"[""2024-03-20"", ""2024-03-21"", ""2024-03-22"", ""2024-03-25"", ""2024-03-26"", ""2024-03-27"", ""2024-03-28"", ""2024-03-29"", ""2024-04-01"", ""2024-04-02"", ""2024-04-03"", ""2024-04-04"", ""2024-04-05"", ""2024-04-08"", ""2024-04-09"", ""2024-04-10"", ""2024-04-11"", ""2024-04-12"", ""2024-04-15"", ""2024-04-16""]",32342000000000,85790000000000,1,8.0,5.0,3.0
RTS,2024-04-18,included,,"[""2024-03-21"", ""2024-03-22"", ""2024-03-25"", ""2024-03-26"", ""2024-03-27"", ""2024-03-28"", ""2024-03-29"", ""2024-04-01"", ""2024-04-02"", ""2024-04-03"", ""2024-04-04"", ""2024-04-05"", ""2024-04-08"", ""2024-04-09"", ""2024-04-10"", ""2024-04-11"", ""2024-04-12"", ""2024-04-15"", ""2024-04-16"", ""2024-04-17""]",32385000000000,85797002000000,1,3.0,3.0,11.0
RTS,2024-04-19,included,,"[""2024-03-22"", ""2024-03-25"", ""2024-03-26"", ""2024-03-27"", ""2024-03-28"", ""2024-03-29"", ""2024-04-01"", ""2024-04-02"", ""2024-04-03"", ""2024-04-04"", ""2024-04-05"", ""2024-04-08"", ""2024-04-09"", ""2024-04-10"", ""2024-04-11"", ""2024-04-12"", ""2024-04-15"", ""2024-04-16"", ""2024-04-17"", ""2024-04-18""]",32356000000000,85792001000000,1,7.0,5.0,9.0
RTS,2024-04-22,included,,"[""2024-03-25"", ""2024-03-26"", ""2024-03-27"", ""2024-03-28"", ""2024-03-29"", ""2024-04-01"", ""2024-04-02"", ""2024-04-03"", ""2024-04-04"", ""2024-04-05"", ""2024-04-08"", ""2024-04-09"", ""2024-04-10"", ""2024-04-11"", ""2024-04-12"", ""2024-04-15"", ""2024-04-16"", ""2024-04-17"", ""2024-04-18"", ""2024-04-19""]",32347000000000,85791020000000,1,4.0,2.0,11.0
RTS,2024-04-23,included,,"[""2024-03-26"", ""2024-03-27"", ""2024-03-28"", ""2024-03-29"", ""2024-04-01"", ""2024-04-02"", ""2024-04-03"", ""2024-04-04"", ""2024-04-05"", ""2024-04-08"", ""2024-04-09"", ""2024-04-10"", ""2024-04-11"", ""2024-04-12"", ""2024-04-15"", ""2024-04-16"", ""2024-04-17"", ""2024-04-18"", ""2024-04-19"", ""2024-04-22""]",32362000000000,85799001000000,1,5.0,4.0,2.0
RTS,2024-04-24,included,,"[""2024-03-27"", ""2024-03-28"", ""2024-03-29"", ""2024-04-01"", ""2024-04-02"", ""2024-04-03"", ""2024-04-04"", ""2024-04-05"", ""2024-04-08"", ""2024-04-09"", ""2024-04-10"", ""2024-04-11"", ""2024-04-12"", ""2024-04-15"", ""2024-04-16"", ""2024-04-17"", ""2024-04-18"", ""2024-04-19"", ""2024-04-22"", ""2024-04-23""]",32366000000000,85786004000000,1,10.0,9.0,11.0
RTS,2024-04-25,included,,"[""2024-03-28"", ""2024-03-29"", ""2024-04-01"", ""2024-04-02"", ""2024-04-03"", ""2024-04-04"", ""2024-04-05"", ""2024-04-08"", ""2024-04-09"", ""2024-04-10"", ""2024-04-11"", ""2024-04-12"", ""2024-04-15"", ""2024-04-16"", ""2024-04-17"", ""2024-04-18"", ""2024-04-19"", ""2024-04-22"", ""2024-04-23"", ""2024-04-24""]",32345000000000,85799001000000,1,4.0,1.0,4.0
RTS,2024-04-26,included,,"[""2024-03-29"", ""2024-04-01"", ""2024-04-02"", ""2024-04-03"", ""2024-04-04"", ""2024-04-05"", ""2024-04-08"", ""2024-04-09"", ""2024-04-10"", ""2024-04-11"", ""2024-04-12"", ""2024-04-15"", ""2024-04-16"", ""2024-04-17"", ""2024-04-18"", ""2024-04-19"", ""2024-04-22"", ""2024-04-23"", ""2024-04-24"", ""2024-04-25""]",32381000000000,85799002000000,1,15.0,7.0,0.0
RTS,2024-04-29,included,,"[""2024-04-01"", ""2024-04-02"", ""2024-04-03"", ""2024-04-04"", ""2024-04-05"", ""2024-04-08"", ""2024-04-09"", ""2024-04-10"", ""2024-04-11"", ""2024-04-12"", ""2024-04-15"", ""2024-04-16"", ""2024-04-17"", ""2024-04-18"", ""2024-04-19"", ""2024-04-22"", ""2024-04-23"", ""2024-04-24"", ""2024-04-25"", ""2024-04-26""]",32376000000000,85794000000000,1,5.0,0.0,3.0
RTS,2024-04-30,included,,"[""2024-04-02"", ""2024-04-03"", ""2024-04-04"", ""2024-04-05"", ""2024-04-08"", ""2024-04-09"", ""2024-04-10"", ""2024-04-11"", ""2024-04-12"", ""2024-04-15"", ""2024-04-16"", ""2024-04-17"", ""2024-04-18"", ""2024-04-19"", ""2024-04-22"", ""2024-04-23"", ""2024-04-24"", ""2024-04-25"", ""2024-04-26"", ""2024-04-29""]",32374000000000,85797000000000,1,3.0,0.0,0.0
RTS,2024-05-02,included,,"[""2024-04-03"", ""2024-04-04"", ""2024-04-05"", ""2024-04-08"", ""2024-04-09"", ""2024-04-10"", ""2024-04-11"", ""2024-04-12"", ""2024-04-15"", ""2024-04-16"", ""2024-04-17"", ""2024-04-18"", ""2024-04-19"", ""2024-04-22"", ""2024-04-23"", ""2024-04-24"", ""2024-04-25"", ""2024-04-26"", ""2024-04-29"", ""2024-04-30""]",32341000000000,85799022000000,1,5.0,2.0,43.0
RTS,2024-05-03,included,,"[""2024-04-04"", ""2024-04-05"", ""2024-04-08"", ""2024-04-09"", ""2024-04-10"", ""2024-04-11"", ""2024-04-12"", ""2024-04-15"", ""2024-04-16"", ""2024-04-17"", ""2024-04-18"", ""2024-04-19"", ""2024-04-22"", ""2024-04-23"", ""2024-04-24"", ""2024-04-25"", ""2024-04-26"", ""2024-04-29"", ""2024-04-30"", ""2024-05-02""]",32354000000000,85796013000000,1,1.0,0.0,1.0
RTS,2024-05-06,included,,"[""2024-04-05"", ""2024-04-08"", ""2024-04-09"", ""2024-04-10"", ""2024-04-11"", ""2024-04-12"", ""2024-04-15"", ""2024-04-16"", ""2024-04-17"", ""2024-04-18"", ""2024-04-19"", ""2024-04-22"", ""2024-04-23"", ""2024-04-24"", ""2024-04-25"", ""2024-04-26"", ""2024-04-29"", ""2024-04-30"", ""2024-05-02"", ""2024-05-03""]",32357000000000,85796000000000,1,7.0,4.0,1.0
RTS,2024-05-07,included,,"[""2024-04-08"", ""2024-04-09"", ""2024-04-10"", ""2024-04-11"", ""2024-04-12"", ""2024-04-15"", ""2024-04-16"", ""2024-04-17"", ""2024-04-18"", ""2024-04-19"", ""2024-04-22"", ""2024-04-23"", ""2024-04-24"", ""2024-04-25"", ""2024-04-26"", ""2024-04-29"", ""2024-04-30"", ""2024-05-02"", ""2024-05-03"", ""2024-05-06""]",32389000000000,85797000000000,1,2.0,1.0,1.0
RTS,2024-05-08,included,,"[""2024-04-09"", ""2024-04-10"", ""2024-04-11"", ""2024-04-12"", ""2024-04-15"", ""2024-04-16"", ""2024-04-17"", ""2024-04-18"", ""2024-04-19"", ""2024-04-22"", ""2024-04-23"", ""2024-04-24"", ""2024-04-25"", ""2024-04-26"", ""2024-04-29"", ""2024-04-30"", ""2024-05-02"", ""2024-05-03"", ""2024-05-06"", ""2024-05-07""]",32342000000000,85795000000000,1,7.0,0.0,12.0
RTS,2024-05-10,included,,"[""2024-04-10"", ""2024-04-11"", ""2024-04-12"", ""2024-04-15"", ""2024-04-16"", ""2024-04-17"", ""2024-04-18"", ""2024-04-19"", ""2024-04-22"", ""2024-04-23"", ""2024-04-24"", ""2024-04-25"", ""2024-04-26"", ""2024-04-29"", ""2024-04-30"", ""2024-05-02"", ""2024-05-03"", ""2024-05-06"", ""2024-05-07"", ""2024-05-08""]",32359000000000,85799001000000,1,4.0,0.0,0.0
RTS,2024-05-13,included,,"[""2024-04-11"", ""2024-04-12"", ""2024-04-15"", ""2024-04-16"", ""2024-04-17"", ""2024-04-18"", ""2024-04-19"", ""2024-04-22"", ""2024-04-23"", ""2024-04-24"", ""2024-04-25"", ""2024-04-26"", ""2024-04-29"", ""2024-04-30"", ""2024-05-02"", ""2024-05-03"", ""2024-05-06"", ""2024-05-07"", ""2024-05-08"", ""2024-05-10""]",32377000000000,85798000000000,1,4.0,1.0,1.0
RTS,2024-05-14,included,,"[""2024-04-12"", ""2024-04-15"", ""2024-04-16"", ""2024-04-17"", ""2024-04-18"", ""2024-04-19"", ""2024-04-22"", ""2024-04-23"", ""2024-04-24"", ""2024-04-25"", ""2024-04-26"", ""2024-04-29"", ""2024-04-30"", ""2024-05-02"", ""2024-05-03"", ""2024-05-06"", ""2024-05-07"", ""2024-05-08"", ""2024-05-10"", ""2024-05-13""]",32387000000000,85797000000000,1,9.0,0.0,20.0
RTS,2024-05-15,included,,"[""2024-04-15"", ""2024-04-16"", ""2024-04-17"", ""2024-04-18"", ""2024-04-19"", ""2024-04-22"", ""2024-04-23"", ""2024-04-24"", ""2024-04-25"", ""2024-04-26"", ""2024-04-29"", ""2024-04-30"", ""2024-05-02"", ""2024-05-03"", ""2024-05-06"", ""2024-05-07"", ""2024-05-08"", ""2024-05-10"", ""2024-05-13"", ""2024-05-14""]",32342000000000,85795001000000,1,4.0,0.0,16.0
RTS,2024-05-16,included,,"[""2024-04-16"", ""2024-04-17"", ""2024-04-18"", ""2024-04-19"", ""2024-04-22"", ""2024-04-23"", ""2024-04-24"", ""2024-04-25"", ""2024-04-26"", ""2024-04-29"", ""2024-04-30"", ""2024-05-02"", ""2024-05-03"", ""2024-05-06"", ""2024-05-07"", ""2024-05-08"", ""2024-05-10"", ""2024-05-13"", ""2024-05-14"", ""2024-05-15""]",32364000000000,85796000000000,1,3.0,0.0,1.0
RTS,2024-05-17,included,,"[""2024-04-17"", ""2024-04-18"", ""2024-04-19"", ""2024-04-22"", ""2024-04-23"", ""2024-04-24"", ""2024-04-25"", ""2024-04-26"", ""2024-04-29"", ""2024-04-30"", ""2024-05-02"", ""2024-05-03"", ""2024-05-06"", ""2024-05-07"", ""2024-05-08"", ""2024-05-10"", ""2024-05-13"", ""2024-05-14"", ""2024-05-15"", ""2024-05-16""]",32379000000000,85799001000000,1,1.0,0.0,11.0
RTS,2024-05-20,included,,"[""2024-04-18"", ""2024-04-19"", ""2024-04-22"", ""2024-04-23"", ""2024-04-24"", ""2024-04-25"", ""2024-04-26"", ""2024-04-29"", ""2024-04-30"", ""2024-05-02"", ""2024-05-03"", ""2024-05-06"", ""2024-05-07"", ""2024-05-08"", ""2024-05-10"", ""2024-05-13"", ""2024-05-14"", ""2024-05-15"", ""2024-05-16"", ""2024-05-17""]",32380000000000,85799000000000,1,3.0,3.0,0.0
RTS,2024-05-21,included,,"[""2024-04-19"", ""2024-04-22"", ""2024-04-23"", ""2024-04-24"", ""2024-04-25"", ""2024-04-26"", ""2024-04-29"", ""2024-04-30"", ""2024-05-02"", ""2024-05-03"", ""2024-05-06"", ""2024-05-07"", ""2024-05-08"", ""2024-05-10"", ""2024-05-13"", ""2024-05-14"", ""2024-05-15"", ""2024-05-16"", ""2024-05-17"", ""2024-05-20""]",32363000000000,85799000000000,1,4.0,4.0,1.0
RTS,2024-05-22,included,,"[""2024-04-22"", ""2024-04-23"", ""2024-04-24"", ""2024-04-25"", ""2024-04-26"", ""2024-04-29"", ""2024-04-30"", ""2024-05-02"", ""2024-05-03"", ""2024-05-06"", ""2024-05-07"", ""2024-05-08"", ""2024-05-10"", ""2024-05-13"", ""2024-05-14"", ""2024-05-15"", ""2024-05-16"", ""2024-05-17"", ""2024-05-20"", ""2024-05-21""]",32365000000000,85797005000000,1,10.0,3.0,5.0
RTS,2024-05-23,included,,"[""2024-04-23"", ""2024-04-24"", ""2024-04-25"", ""2024-04-26"", ""2024-04-29"", ""2024-04-30"", ""2024-05-02"", ""2024-05-03"", ""2024-05-06"", ""2024-05-07"", ""2024-05-08"", ""2024-05-10"", ""2024-05-13"", ""2024-05-14"", ""2024-05-15"", ""2024-05-16"", ""2024-05-17"", ""2024-05-20"", ""2024-05-21"", ""2024-05-22""]",32353000000000,85797001000000,1,1.0,1.0,0.0
RTS,2024-05-24,included,,"[""2024-04-24"", ""2024-04-25"", ""2024-04-26"", ""2024-04-29"", ""2024-04-30"", ""2024-05-02"", ""2024-05-03"", ""2024-05-06"", ""2024-05-07"", ""2024-05-08"", ""2024-05-10"", ""2024-05-13"", ""2024-05-14"", ""2024-05-15"", ""2024-05-16"", ""2024-05-17"", ""2024-05-20"", ""2024-05-21"", ""2024-05-22"", ""2024-05-23""]",32351000000000,85794000000000,1,6.0,6.0,24.0
RTS,2024-05-27,included,,"[""2024-04-25"", ""2024-04-26"", ""2024-04-29"", ""2024-04-30"", ""2024-05-02"", ""2024-05-03"", ""2024-05-06"", ""2024-05-07"", ""2024-05-08"", ""2024-05-10"", ""2024-05-13"", ""2024-05-14"", ""2024-05-15"", ""2024-05-16"", ""2024-05-17"", ""2024-05-20"", ""2024-05-21"", ""2024-05-22"", ""2024-05-23"", ""2024-05-24""]",32351000000000,85796000000000,1,11.0,11.0,0.0
RTS,2024-05-28,included,,"[""2024-04-26"", ""2024-04-29"", ""2024-04-30"", ""2024-05-02"", ""2024-05-03"", ""2024-05-06"", ""2024-05-07"", ""2024-05-08"", ""2024-05-10"", ""2024-05-13"", ""2024-05-14"", ""2024-05-15"", ""2024-05-16"", ""2024-05-17"", ""2024-05-20"", ""2024-05-21"", ""2024-05-22"", ""2024-05-23"", ""2024-05-24"", ""2024-05-27""]",32345000000000,85796000000000,1,5.0,5.0,19.0
RTS,2024-05-29,included,,"[""2024-04-29"", ""2024-04-30"", ""2024-05-02"", ""2024-05-03"", ""2024-05-06"", ""2024-05-07"", ""2024-05-08"", ""2024-05-10"", ""2024-05-13"", ""2024-05-14"", ""2024-05-15"", ""2024-05-16"", ""2024-05-17"", ""2024-05-20"", ""2024-05-21"", ""2024-05-22"", ""2024-05-23"", ""2024-05-24"", ""2024-05-27"", ""2024-05-28""]",32350000000000,85798000000000,1,3.0,3.0,13.0
RTS,2024-05-30,included,,"[""2024-04-30"", ""2024-05-02"", ""2024-05-03"", ""2024-05-06"", ""2024-05-07"", ""2024-05-08"", ""2024-05-10"", ""2024-05-13"", ""2024-05-14"", ""2024-05-15"", ""2024-05-16"", ""2024-05-17"", ""2024-05-20"", ""2024-05-21"", ""2024-05-22"", ""2024-05-23"", ""2024-05-24"", ""2024-05-27"", ""2024-05-28"", ""2024-05-29""]",32352000000000,85797002000000,1,7.0,7.0,0.0
RTS,2024-05-31,included,,"[""2024-05-02"", ""2024-05-03"", ""2024-05-06"", ""2024-05-07"", ""2024-05-08"", ""2024-05-10"", ""2024-05-13"", ""2024-05-14"", ""2024-05-15"", ""2024-05-16"", ""2024-05-17"", ""2024-05-20"", ""2024-05-21"", ""2024-05-22"", ""2024-05-23"", ""2024-05-24"", ""2024-05-27"", ""2024-05-28"", ""2024-05-29"", ""2024-05-30""]",32375000000000,85798008000000,1,7.0,7.0,0.0
RTS,2024-06-03,included,,"[""2024-05-03"", ""2024-05-06"", ""2024-05-07"", ""2024-05-08"", ""2024-05-10"", ""2024-05-13"", ""2024-05-14"", ""2024-05-15"", ""2024-05-16"", ""2024-05-17"", ""2024-05-20"", ""2024-05-21"", ""2024-05-22"", ""2024-05-23"", ""2024-05-24"", ""2024-05-27"", ""2024-05-28"", ""2024-05-29"", ""2024-05-30"", ""2024-05-31""]",32348000000000,85793015000000,1,4.0,4.0,2.0
RTS,2024-06-04,included,,"[""2024-05-06"", ""2024-05-07"", ""2024-05-08"", ""2024-05-10"", ""2024-05-13"", ""2024-05-14"", ""2024-05-15"", ""2024-05-16"", ""2024-05-17"", ""2024-05-20"", ""2024-05-21"", ""2024-05-22"", ""2024-05-23"", ""2024-05-24"", ""2024-05-27"", ""2024-05-28"", ""2024-05-29"", ""2024-05-30"", ""2024-05-31"", ""2024-06-03""]",32346000000000,85799000000000,1,9.0,8.0,2.0
RTS,2024-06-05,included,,"[""2024-05-07"", ""2024-05-08"", ""2024-05-10"", ""2024-05-13"", ""2024-05-14"", ""2024-05-15"", ""2024-05-16"", ""2024-05-17"", ""2024-05-20"", ""2024-05-21"", ""2024-05-22"", ""2024-05-23"", ""2024-05-24"", ""2024-05-27"", ""2024-05-28"", ""2024-05-29"", ""2024-05-30"", ""2024-05-31"", ""2024-06-03"", ""2024-06-04""]",32356000000000,85799003000000,1,3.0,3.0,10.0
RTS,2024-06-06,included,,"[""2024-05-08"", ""2024-05-10"", ""2024-05-13"", ""2024-05-14"", ""2024-05-15"", ""2024-05-16"", ""2024-05-17"", ""2024-05-20"", ""2024-05-21"", ""2024-05-22"", ""2024-05-23"", ""2024-05-24"", ""2024-05-27"", ""2024-05-28"", ""2024-05-29"", ""2024-05-30"", ""2024-05-31"", ""2024-06-03"", ""2024-06-04"", ""2024-06-05""]",32357000000000,85798000000000,1,5.0,5.0,11.0
RTS,2024-06-07,included,,"[""2024-05-10"", ""2024-05-13"", ""2024-05-14"", ""2024-05-15"", ""2024-05-16"", ""2024-05-17"", ""2024-05-20"", ""2024-05-21"", ""2024-05-22"", ""2024-05-23"", ""2024-05-24"", ""2024-05-27"", ""2024-05-28"", ""2024-05-29"", ""2024-05-30"", ""2024-05-31"", ""2024-06-03"", ""2024-06-04"", ""2024-06-05"", ""2024-06-06""]",32389000000000,85797000000000,1,4.0,2.0,1.0
RTS,2024-06-10,included,,"[""2024-05-13"", ""2024-05-14"", ""2024-05-15"", ""2024-05-16"", ""2024-05-17"", ""2024-05-20"", ""2024-05-21"", ""2024-05-22"", ""2024-05-23"", ""2024-05-24"", ""2024-05-27"", ""2024-05-28"", ""2024-05-29"", ""2024-05-30"", ""2024-05-31"", ""2024-06-03"", ""2024-06-04"", ""2024-06-05"", ""2024-06-06"", ""2024-06-07""]",32387000000000,85799000000000,1,5.0,0.0,0.0
RTS,2024-06-11,included,,"[""2024-05-14"", ""2024-05-15"", ""2024-05-16"", ""2024-05-17"", ""2024-05-20"", ""2024-05-21"", ""2024-05-22"", ""2024-05-23"", ""2024-05-24"", ""2024-05-27"", ""2024-05-28"", ""2024-05-29"", ""2024-05-30"", ""2024-05-31"", ""2024-06-03"", ""2024-06-04"", ""2024-06-05"", ""2024-06-06"", ""2024-06-07"", ""2024-06-10""]",32400000000000,85781002000000,1,10.0,10.0,2.0
RTS,2024-06-13,included,,"[""2024-05-15"", ""2024-05-16"", ""2024-05-17"", ""2024-05-20"", ""2024-05-21"", ""2024-05-22"", ""2024-05-23"", ""2024-05-24"", ""2024-05-27"", ""2024-05-28"", ""2024-05-29"", ""2024-05-30"", ""2024-05-31"", ""2024-06-03"", ""2024-06-04"", ""2024-06-05"", ""2024-06-06"", ""2024-06-07"", ""2024-06-10"", ""2024-06-11""]",35977000000000,85799000000000,1,4.0,3.0,54.0
RTS,2024-06-14,included,,"[""2024-05-16"", ""2024-05-17"", ""2024-05-20"", ""2024-05-21"", ""2024-05-22"", ""2024-05-23"", ""2024-05-24"", ""2024-05-27"", ""2024-05-28"", ""2024-05-29"", ""2024-05-30"", ""2024-05-31"", ""2024-06-03"", ""2024-06-04"", ""2024-06-05"", ""2024-06-06"", ""2024-06-07"", ""2024-06-10"", ""2024-06-11"", ""2024-06-13""]",35968000000000,85796003000000,1,2.0,0.0,0.0
RTS,2024-06-17,included,,"[""2024-05-17"", ""2024-05-20"", ""2024-05-21"", ""2024-05-22"", ""2024-05-23"", ""2024-05-24"", ""2024-05-27"", ""2024-05-28"", ""2024-05-29"", ""2024-05-30"", ""2024-05-31"", ""2024-06-03"", ""2024-06-04"", ""2024-06-05"", ""2024-06-06"", ""2024-06-07"", ""2024-06-10"", ""2024-06-11"", ""2024-06-13"", ""2024-06-14""]",35948000000000,85752001000000,1,10.0,0.0,1.0
RTS,2024-06-18,included,,"[""2024-05-20"", ""2024-05-21"", ""2024-05-22"", ""2024-05-23"", ""2024-05-24"", ""2024-05-27"", ""2024-05-28"", ""2024-05-29"", ""2024-05-30"", ""2024-05-31"", ""2024-06-03"", ""2024-06-04"", ""2024-06-05"", ""2024-06-06"", ""2024-06-07"", ""2024-06-10"", ""2024-06-11"", ""2024-06-13"", ""2024-06-14"", ""2024-06-17""]",35949000000000,85797000000000,1,4.0,0.0,0.0
RTS,2024-06-19,included,,"[""2024-05-21"", ""2024-05-22"", ""2024-05-23"", ""2024-05-24"", ""2024-05-27"", ""2024-05-28"", ""2024-05-29"", ""2024-05-30"", ""2024-05-31"", ""2024-06-03"", ""2024-06-04"", ""2024-06-05"", ""2024-06-06"", ""2024-06-07"", ""2024-06-10"", ""2024-06-11"", ""2024-06-13"", ""2024-06-14"", ""2024-06-17"", ""2024-06-18""]",35977000000000,85793000000000,1,5.0,0.0,31.0
RTS,2024-06-20,included,,"[""2024-05-22"", ""2024-05-23"", ""2024-05-24"", ""2024-05-27"", ""2024-05-28"", ""2024-05-29"", ""2024-05-30"", ""2024-05-31"", ""2024-06-03"", ""2024-06-04"", ""2024-06-05"", ""2024-06-06"", ""2024-06-07"", ""2024-06-10"", ""2024-06-11"", ""2024-06-13"", ""2024-06-14"", ""2024-06-17"", ""2024-06-18"", ""2024-06-19""]",35963000000000,85795000000000,1,10.0,5.0,3.0
RTS,2024-06-21,included,,"[""2024-05-23"", ""2024-05-24"", ""2024-05-27"", ""2024-05-28"", ""2024-05-29"", ""2024-05-30"", ""2024-05-31"", ""2024-06-03"", ""2024-06-04"", ""2024-06-05"", ""2024-06-06"", ""2024-06-07"", ""2024-06-10"", ""2024-06-11"", ""2024-06-13"", ""2024-06-14"", ""2024-06-17"", ""2024-06-18"", ""2024-06-19"", ""2024-06-20""]",35954000000000,85788029000000,1,6.0,4.0,11.0
RTS,2024-06-24,included,,"[""2024-05-24"", ""2024-05-27"", ""2024-05-28"", ""2024-05-29"", ""2024-05-30"", ""2024-05-31"", ""2024-06-03"", ""2024-06-04"", ""2024-06-05"", ""2024-06-06"", ""2024-06-07"", ""2024-06-10"", ""2024-06-11"", ""2024-06-13"", ""2024-06-14"", ""2024-06-17"", ""2024-06-18"", ""2024-06-19"", ""2024-06-20"", ""2024-06-21""]",35978000000000,85796000000000,1,5.0,0.0,8.0
RTS,2024-06-25,included,,"[""2024-05-27"", ""2024-05-28"", ""2024-05-29"", ""2024-05-30"", ""2024-05-31"", ""2024-06-03"", ""2024-06-04"", ""2024-06-05"", ""2024-06-06"", ""2024-06-07"", ""2024-06-10"", ""2024-06-11"", ""2024-06-13"", ""2024-06-14"", ""2024-06-17"", ""2024-06-18"", ""2024-06-19"", ""2024-06-20"", ""2024-06-21"", ""2024-06-24""]",35963000000000,85799000000000,1,8.0,0.0,1.0
RTS,2024-06-26,included,,"[""2024-05-28"", ""2024-05-29"", ""2024-05-30"", ""2024-05-31"", ""2024-06-03"", ""2024-06-04"", ""2024-06-05"", ""2024-06-06"", ""2024-06-07"", ""2024-06-10"", ""2024-06-11"", ""2024-06-13"", ""2024-06-14"", ""2024-06-17"", ""2024-06-18"", ""2024-06-19"", ""2024-06-20"", ""2024-06-21"", ""2024-06-24"", ""2024-06-25""]",35962000000000,85798000000000,1,4.0,2.0,18.0
RTS,2024-06-27,included,,"[""2024-05-29"", ""2024-05-30"", ""2024-05-31"", ""2024-06-03"", ""2024-06-04"", ""2024-06-05"", ""2024-06-06"", ""2024-06-07"", ""2024-06-10"", ""2024-06-11"", ""2024-06-13"", ""2024-06-14"", ""2024-06-17"", ""2024-06-18"", ""2024-06-19"", ""2024-06-20"", ""2024-06-21"", ""2024-06-24"", ""2024-06-25"", ""2024-06-26""]",35950000000000,85790000000000,1,5.0,1.0,5.0
RTS,2024-06-28,included,,"[""2024-05-30"", ""2024-05-31"", ""2024-06-03"", ""2024-06-04"", ""2024-06-05"", ""2024-06-06"", ""2024-06-07"", ""2024-06-10"", ""2024-06-11"", ""2024-06-13"", ""2024-06-14"", ""2024-06-17"", ""2024-06-18"", ""2024-06-19"", ""2024-06-20"", ""2024-06-21"", ""2024-06-24"", ""2024-06-25"", ""2024-06-26"", ""2024-06-27""]",35948000000000,85790013000000,1,2.0,0.0,5.0
RTS,2024-07-01,included,,"[""2024-05-31"", ""2024-06-03"", ""2024-06-04"", ""2024-06-05"", ""2024-06-06"", ""2024-06-07"", ""2024-06-10"", ""2024-06-11"", ""2024-06-13"", ""2024-06-14"", ""2024-06-17"", ""2024-06-18"", ""2024-06-19"", ""2024-06-20"", ""2024-06-21"", ""2024-06-24"", ""2024-06-25"", ""2024-06-26"", ""2024-06-27"", ""2024-06-28""]",36000000000000,85799000000000,1,3.0,0.0,0.0
RTS,2024-07-02,included,,"[""2024-06-03"", ""2024-06-04"", ""2024-06-05"", ""2024-06-06"", ""2024-06-07"", ""2024-06-10"", ""2024-06-11"", ""2024-06-13"", ""2024-06-14"", ""2024-06-17"", ""2024-06-18"", ""2024-06-19"", ""2024-06-20"", ""2024-06-21"", ""2024-06-24"", ""2024-06-25"", ""2024-06-26"", ""2024-06-27"", ""2024-06-28"", ""2024-07-01""]",35954000000000,85792006000000,1,12.0,0.0,1.0
RTS,2024-07-03,included,,"[""2024-06-04"", ""2024-06-05"", ""2024-06-06"", ""2024-06-07"", ""2024-06-10"", ""2024-06-11"", ""2024-06-13"", ""2024-06-14"", ""2024-06-17"", ""2024-06-18"", ""2024-06-19"", ""2024-06-20"", ""2024-06-21"", ""2024-06-24"", ""2024-06-25"", ""2024-06-26"", ""2024-06-27"", ""2024-06-28"", ""2024-07-01"", ""2024-07-02""]",35941000000000,85795000000000,1,3.0,1.0,0.0
RTS,2024-07-04,included,,"[""2024-06-05"", ""2024-06-06"", ""2024-06-07"", ""2024-06-10"", ""2024-06-11"", ""2024-06-13"", ""2024-06-14"", ""2024-06-17"", ""2024-06-18"", ""2024-06-19"", ""2024-06-20"", ""2024-06-21"", ""2024-06-24"", ""2024-06-25"", ""2024-06-26"", ""2024-06-27"", ""2024-06-28"", ""2024-07-01"", ""2024-07-02"", ""2024-07-03""]",35968000000000,85795000000000,1,2.0,2.0,1.0
RTS,2024-07-05,included,,"[""2024-06-06"", ""2024-06-07"", ""2024-06-10"", ""2024-06-11"", ""2024-06-13"", ""2024-06-14"", ""2024-06-17"", ""2024-06-18"", ""2024-06-19"", ""2024-06-20"", ""2024-06-21"", ""2024-06-24"", ""2024-06-25"", ""2024-06-26"", ""2024-06-27"", ""2024-06-28"", ""2024-07-01"", ""2024-07-02"", ""2024-07-03"", ""2024-07-04""]",35952000000000,85792004000000,1,7.0,7.0,4.0
RTS,2024-07-08,included,,"[""2024-06-07"", ""2024-06-10"", ""2024-06-11"", ""2024-06-13"", ""2024-06-14"", ""2024-06-17"", ""2024-06-18"", ""2024-06-19"", ""2024-06-20"", ""2024-06-21"", ""2024-06-24"", ""2024-06-25"", ""2024-06-26"", ""2024-06-27"", ""2024-06-28"", ""2024-07-01"", ""2024-07-02"", ""2024-07-03"", ""2024-07-04"", ""2024-07-05""]",35961000000000,85793004000000,1,15.0,12.0,7.0
RTS,2024-07-09,included,,"[""2024-06-10"", ""2024-06-11"", ""2024-06-13"", ""2024-06-14"", ""2024-06-17"", ""2024-06-18"", ""2024-06-19"", ""2024-06-20"", ""2024-06-21"", ""2024-06-24"", ""2024-06-25"", ""2024-06-26"", ""2024-06-27"", ""2024-06-28"", ""2024-07-01"", ""2024-07-02"", ""2024-07-03"", ""2024-07-04"", ""2024-07-05"", ""2024-07-08""]",35956000000000,85796000000000,1,3.0,0.0,20.0
RTS,2024-07-10,included,,"[""2024-06-11"", ""2024-06-13"", ""2024-06-14"", ""2024-06-17"", ""2024-06-18"", ""2024-06-19"", ""2024-06-20"", ""2024-06-21"", ""2024-06-24"", ""2024-06-25"", ""2024-06-26"", ""2024-06-27"", ""2024-06-28"", ""2024-07-01"", ""2024-07-02"", ""2024-07-03"", ""2024-07-04"", ""2024-07-05"", ""2024-07-08"", ""2024-07-09""]",35945000000000,85799001000000,1,2.0,2.0,1.0
RTS,2024-07-11,included,,"[""2024-06-13"", ""2024-06-14"", ""2024-06-17"", ""2024-06-18"", ""2024-06-19"", ""2024-06-20"", ""2024-06-21"", ""2024-06-24"", ""2024-06-25"", ""2024-06-26"", ""2024-06-27"", ""2024-06-28"", ""2024-07-01"", ""2024-07-02"", ""2024-07-03"", ""2024-07-04"", ""2024-07-05"", ""2024-07-08"", ""2024-07-09"", ""2024-07-10""]",35951000000000,85798000000000,1,3.0,3.0,0.0
RTS,2024-07-12,included,,"[""2024-06-14"", ""2024-06-17"", ""2024-06-18"", ""2024-06-19"", ""2024-06-20"", ""2024-06-21"", ""2024-06-24"", ""2024-06-25"", ""2024-06-26"", ""2024-06-27"", ""2024-06-28"", ""2024-07-01"", ""2024-07-02"", ""2024-07-03"", ""2024-07-04"", ""2024-07-05"", ""2024-07-08"", ""2024-07-09"", ""2024-07-10"", ""2024-07-11""]",35953000000000,85797001000000,1,6.0,6.0,3.0
RTS,2024-07-15,included,,"[""2024-06-17"", ""2024-06-18"", ""2024-06-19"", ""2024-06-20"", ""2024-06-21"", ""2024-06-24"", ""2024-06-25"", ""2024-06-26"", ""2024-06-27"", ""2024-06-28"", ""2024-07-01"", ""2024-07-02"", ""2024-07-03"", ""2024-07-04"", ""2024-07-05"", ""2024-07-08"", ""2024-07-09"", ""2024-07-10"", ""2024-07-11"", ""2024-07-12""]",35953000000000,85795005000000,1,5.0,4.0,0.0
RTS,2024-07-16,included,,"[""2024-06-18"", ""2024-06-19"", ""2024-06-20"", ""2024-06-21"", ""2024-06-24"", ""2024-06-25"", ""2024-06-26"", ""2024-06-27"", ""2024-06-28"", ""2024-07-01"", ""2024-07-02"", ""2024-07-03"", ""2024-07-04"", ""2024-07-05"", ""2024-07-08"", ""2024-07-09"", ""2024-07-10"", ""2024-07-11"", ""2024-07-12"", ""2024-07-15""]",35972000000000,85797008000000,1,7.0,7.0,53.0
RTS,2024-07-17,included,,"[""2024-06-19"", ""2024-06-20"", ""2024-06-21"", ""2024-06-24"", ""2024-06-25"", ""2024-06-26"", ""2024-06-27"", ""2024-06-28"", ""2024-07-01"", ""2024-07-02"", ""2024-07-03"", ""2024-07-04"", ""2024-07-05"", ""2024-07-08"", ""2024-07-09"", ""2024-07-10"", ""2024-07-11"", ""2024-07-12"", ""2024-07-15"", ""2024-07-16""]",35976000000000,85797000000000,1,9.0,9.0,5.0
RTS,2024-07-18,included,,"[""2024-06-20"", ""2024-06-21"", ""2024-06-24"", ""2024-06-25"", ""2024-06-26"", ""2024-06-27"", ""2024-06-28"", ""2024-07-01"", ""2024-07-02"", ""2024-07-03"", ""2024-07-04"", ""2024-07-05"", ""2024-07-08"", ""2024-07-09"", ""2024-07-10"", ""2024-07-11"", ""2024-07-12"", ""2024-07-15"", ""2024-07-16"", ""2024-07-17""]",35967000000000,85797000000000,1,8.0,0.0,11.0
RTS,2024-07-19,included,,"[""2024-06-21"", ""2024-06-24"", ""2024-06-25"", ""2024-06-26"", ""2024-06-27"", ""2024-06-28"", ""2024-07-01"", ""2024-07-02"", ""2024-07-03"", ""2024-07-04"", ""2024-07-05"", ""2024-07-08"", ""2024-07-09"", ""2024-07-10"", ""2024-07-11"", ""2024-07-12"", ""2024-07-15"", ""2024-07-16"", ""2024-07-17"", ""2024-07-18""]",35945000000000,85795000000000,1,6.0,6.0,2.0
RTS,2024-07-22,included,,"[""2024-06-24"", ""2024-06-25"", ""2024-06-26"", ""2024-06-27"", ""2024-06-28"", ""2024-07-01"", ""2024-07-02"", ""2024-07-03"", ""2024-07-04"", ""2024-07-05"", ""2024-07-08"", ""2024-07-09"", ""2024-07-10"", ""2024-07-11"", ""2024-07-12"", ""2024-07-15"", ""2024-07-16"", ""2024-07-17"", ""2024-07-18"", ""2024-07-19""]",35960000000000,85793004000000,1,6.0,1.0,9.0
RTS,2024-07-23,included,,"[""2024-06-25"", ""2024-06-26"", ""2024-06-27"", ""2024-06-28"", ""2024-07-01"", ""2024-07-02"", ""2024-07-03"", ""2024-07-04"", ""2024-07-05"", ""2024-07-08"", ""2024-07-09"", ""2024-07-10"", ""2024-07-11"", ""2024-07-12"", ""2024-07-15"", ""2024-07-16"", ""2024-07-17"", ""2024-07-18"", ""2024-07-19"", ""2024-07-22""]",35946000000000,85797000000000,1,10.0,0.0,0.0
RTS,2024-07-24,included,,"[""2024-06-26"", ""2024-06-27"", ""2024-06-28"", ""2024-07-01"", ""2024-07-02"", ""2024-07-03"", ""2024-07-04"", ""2024-07-05"", ""2024-07-08"", ""2024-07-09"", ""2024-07-10"", ""2024-07-11"", ""2024-07-12"", ""2024-07-15"", ""2024-07-16"", ""2024-07-17"", ""2024-07-18"", ""2024-07-19"", ""2024-07-22"", ""2024-07-23""]",35944000000000,85797000000000,1,1.0,0.0,0.0
RTS,2024-07-25,included,,"[""2024-06-27"", ""2024-06-28"", ""2024-07-01"", ""2024-07-02"", ""2024-07-03"", ""2024-07-04"", ""2024-07-05"", ""2024-07-08"", ""2024-07-09"", ""2024-07-10"", ""2024-07-11"", ""2024-07-12"", ""2024-07-15"", ""2024-07-16"", ""2024-07-17"", ""2024-07-18"", ""2024-07-19"", ""2024-07-22"", ""2024-07-23"", ""2024-07-24""]",35947000000000,85798001000000,1,6.0,6.0,2.0
RTS,2024-07-26,included,,"[""2024-06-28"", ""2024-07-01"", ""2024-07-02"", ""2024-07-03"", ""2024-07-04"", ""2024-07-05"", ""2024-07-08"", ""2024-07-09"", ""2024-07-10"", ""2024-07-11"", ""2024-07-12"", ""2024-07-15"", ""2024-07-16"", ""2024-07-17"", ""2024-07-18"", ""2024-07-19"", ""2024-07-22"", ""2024-07-23"", ""2024-07-24"", ""2024-07-25""]",35968000000000,85795000000000,1,10.0,4.0,0.0
RTS,2024-07-29,included,,"[""2024-07-01"", ""2024-07-02"", ""2024-07-03"", ""2024-07-04"", ""2024-07-05"", ""2024-07-08"", ""2024-07-09"", ""2024-07-10"", ""2024-07-11"", ""2024-07-12"", ""2024-07-15"", ""2024-07-16"", ""2024-07-17"", ""2024-07-18"", ""2024-07-19"", ""2024-07-22"", ""2024-07-23"", ""2024-07-24"", ""2024-07-25"", ""2024-07-26""]",35970000000000,85797000000000,1,5.0,5.0,4.0
RTS,2024-07-30,included,,"[""2024-07-02"", ""2024-07-03"", ""2024-07-04"", ""2024-07-05"", ""2024-07-08"", ""2024-07-09"", ""2024-07-10"", ""2024-07-11"", ""2024-07-12"", ""2024-07-15"", ""2024-07-16"", ""2024-07-17"", ""2024-07-18"", ""2024-07-19"", ""2024-07-22"", ""2024-07-23"", ""2024-07-24"", ""2024-07-25"", ""2024-07-26"", ""2024-07-29""]",35973000000000,85794001000000,1,5.0,2.0,0.0
RTS,2024-07-31,included,,"[""2024-07-03"", ""2024-07-04"", ""2024-07-05"", ""2024-07-08"", ""2024-07-09"", ""2024-07-10"", ""2024-07-11"", ""2024-07-12"", ""2024-07-15"", ""2024-07-16"", ""2024-07-17"", ""2024-07-18"", ""2024-07-19"", ""2024-07-22"", ""2024-07-23"", ""2024-07-24"", ""2024-07-25"", ""2024-07-26"", ""2024-07-29"", ""2024-07-30""]",35965000000000,85796000000000,1,3.0,1.0,28.0
RTS,2024-08-01,included,,"[""2024-07-04"", ""2024-07-05"", ""2024-07-08"", ""2024-07-09"", ""2024-07-10"", ""2024-07-11"", ""2024-07-12"", ""2024-07-15"", ""2024-07-16"", ""2024-07-17"", ""2024-07-18"", ""2024-07-19"", ""2024-07-22"", ""2024-07-23"", ""2024-07-24"", ""2024-07-25"", ""2024-07-26"", ""2024-07-29"", ""2024-07-30"", ""2024-07-31""]",35954000000000,85795000000000,1,13.0,2.0,1.0
RTS,2024-08-02,included,,"[""2024-07-05"", ""2024-07-08"", ""2024-07-09"", ""2024-07-10"", ""2024-07-11"", ""2024-07-12"", ""2024-07-15"", ""2024-07-16"", ""2024-07-17"", ""2024-07-18"", ""2024-07-19"", ""2024-07-22"", ""2024-07-23"", ""2024-07-24"", ""2024-07-25"", ""2024-07-26"", ""2024-07-29"", ""2024-07-30"", ""2024-07-31"", ""2024-08-01""]",35967000000000,85797003000000,1,2.0,1.0,2.0
RTS,2024-08-05,included,,"[""2024-07-08"", ""2024-07-09"", ""2024-07-10"", ""2024-07-11"", ""2024-07-12"", ""2024-07-15"", ""2024-07-16"", ""2024-07-17"", ""2024-07-18"", ""2024-07-19"", ""2024-07-22"", ""2024-07-23"", ""2024-07-24"", ""2024-07-25"", ""2024-07-26"", ""2024-07-29"", ""2024-07-30"", ""2024-07-31"", ""2024-08-01"", ""2024-08-02""]",35983000000000,85791001000000,1,3.0,3.0,0.0
RTS,2024-08-06,included,,"[""2024-07-09"", ""2024-07-10"", ""2024-07-11"", ""2024-07-12"", ""2024-07-15"", ""2024-07-16"", ""2024-07-17"", ""2024-07-18"", ""2024-07-19"", ""2024-07-22"", ""2024-07-23"", ""2024-07-24"", ""2024-07-25"", ""2024-07-26"", ""2024-07-29"", ""2024-07-30"", ""2024-07-31"", ""2024-08-01"", ""2024-08-02"", ""2024-08-05""]",35975000000000,85798001000000,1,5.0,2.0,0.0
RTS,2024-08-07,included,,"[""2024-07-10"", ""2024-07-11"", ""2024-07-12"", ""2024-07-15"", ""2024-07-16"", ""2024-07-17"", ""2024-07-18"", ""2024-07-19"", ""2024-07-22"", ""2024-07-23"", ""2024-07-24"", ""2024-07-25"", ""2024-07-26"", ""2024-07-29"", ""2024-07-30"", ""2024-07-31"", ""2024-08-01"", ""2024-08-02"", ""2024-08-05"", ""2024-08-06""]",35957000000000,85796000000000,1,8.0,4.0,1.0
RTS,2024-08-08,included,,"[""2024-07-11"", ""2024-07-12"", ""2024-07-15"", ""2024-07-16"", ""2024-07-17"", ""2024-07-18"", ""2024-07-19"", ""2024-07-22"", ""2024-07-23"", ""2024-07-24"", ""2024-07-25"", ""2024-07-26"", ""2024-07-29"", ""2024-07-30"", ""2024-07-31"", ""2024-08-01"", ""2024-08-02"", ""2024-08-05"", ""2024-08-06"", ""2024-08-07""]",35974000000000,85775000000000,1,5.0,0.0,12.0
RTS,2024-08-09,included,,"[""2024-07-12"", ""2024-07-15"", ""2024-07-16"", ""2024-07-17"", ""2024-07-18"", ""2024-07-19"", ""2024-07-22"", ""2024-07-23"", ""2024-07-24"", ""2024-07-25"", ""2024-07-26"", ""2024-07-29"", ""2024-07-30"", ""2024-07-31"", ""2024-08-01"", ""2024-08-02"", ""2024-08-05"", ""2024-08-06"", ""2024-08-07"", ""2024-08-08""]",35988000000000,85798003000000,1,5.0,0.0,1.0
RTS,2024-08-12,included,,"[""2024-07-15"", ""2024-07-16"", ""2024-07-17"", ""2024-07-18"", ""2024-07-19"", ""2024-07-22"", ""2024-07-23"", ""2024-07-24"", ""2024-07-25"", ""2024-07-26"", ""2024-07-29"", ""2024-07-30"", ""2024-07-31"", ""2024-08-01"", ""2024-08-02"", ""2024-08-05"", ""2024-08-06"", ""2024-08-07"", ""2024-08-08"", ""2024-08-09""]",35981000000000,85797001000000,1,5.0,2.0,2.0
RTS,2024-08-13,included,,"[""2024-07-16"", ""2024-07-17"", ""2024-07-18"", ""2024-07-19"", ""2024-07-22"", ""2024-07-23"", ""2024-07-24"", ""2024-07-25"", ""2024-07-26"", ""2024-07-29"", ""2024-07-30"", ""2024-07-31"", ""2024-08-01"", ""2024-08-02"", ""2024-08-05"", ""2024-08-06"", ""2024-08-07"", ""2024-08-08"", ""2024-08-09"", ""2024-08-12""]",35947000000000,85789000000000,1,7.0,0.0,9.0
RTS,2024-08-14,included,,"[""2024-07-17"", ""2024-07-18"", ""2024-07-19"", ""2024-07-22"", ""2024-07-23"", ""2024-07-24"", ""2024-07-25"", ""2024-07-26"", ""2024-07-29"", ""2024-07-30"", ""2024-07-31"", ""2024-08-01"", ""2024-08-02"", ""2024-08-05"", ""2024-08-06"", ""2024-08-07"", ""2024-08-08"", ""2024-08-09"", ""2024-08-12"", ""2024-08-13""]",35948000000000,85799006000000,1,11.0,7.0,7.0
RTS,2024-08-15,included,,"[""2024-07-18"", ""2024-07-19"", ""2024-07-22"", ""2024-07-23"", ""2024-07-24"", ""2024-07-25"", ""2024-07-26"", ""2024-07-29"", ""2024-07-30"", ""2024-07-31"", ""2024-08-01"", ""2024-08-02"", ""2024-08-05"", ""2024-08-06"", ""2024-08-07"", ""2024-08-08"", ""2024-08-09"", ""2024-08-12"", ""2024-08-13"", ""2024-08-14""]",35954000000000,85796001000000,1,10.0,10.0,13.0
RTS,2024-08-16,included,,"[""2024-07-19"", ""2024-07-22"", ""2024-07-23"", ""2024-07-24"", ""2024-07-25"", ""2024-07-26"", ""2024-07-29"", ""2024-07-30"", ""2024-07-31"", ""2024-08-01"", ""2024-08-02"", ""2024-08-05"", ""2024-08-06"", ""2024-08-07"", ""2024-08-08"", ""2024-08-09"", ""2024-08-12"", ""2024-08-13"", ""2024-08-14"", ""2024-08-15""]",35958000000000,85793000000000,1,6.0,0.0,1.0
RTS,2024-08-19,included,,"[""2024-07-22"", ""2024-07-23"", ""2024-07-24"", ""2024-07-25"", ""2024-07-26"", ""2024-07-29"", ""2024-07-30"", ""2024-07-31"", ""2024-08-01"", ""2024-08-02"", ""2024-08-05"", ""2024-08-06"", ""2024-08-07"", ""2024-08-08"", ""2024-08-09"", ""2024-08-12"", ""2024-08-13"", ""2024-08-14"", ""2024-08-15"", ""2024-08-16""]",35980000000000,85791000000000,1,6.0,4.0,2.0
RTS,2024-08-20,included,,"[""2024-07-23"", ""2024-07-24"", ""2024-07-25"", ""2024-07-26"", ""2024-07-29"", ""2024-07-30"", ""2024-07-31"", ""2024-08-01"", ""2024-08-02"", ""2024-08-05"", ""2024-08-06"", ""2024-08-07"", ""2024-08-08"", ""2024-08-09"", ""2024-08-12"", ""2024-08-13"", ""2024-08-14"", ""2024-08-15"", ""2024-08-16"", ""2024-08-19""]",35953000000000,85777000000000,1,8.0,6.0,3.0
RTS,2024-08-21,included,,"[""2024-07-24"", ""2024-07-25"", ""2024-07-26"", ""2024-07-29"", ""2024-07-30"", ""2024-07-31"", ""2024-08-01"", ""2024-08-02"", ""2024-08-05"", ""2024-08-06"", ""2024-08-07"", ""2024-08-08"", ""2024-08-09"", ""2024-08-12"", ""2024-08-13"", ""2024-08-14"", ""2024-08-15"", ""2024-08-16"", ""2024-08-19"", ""2024-08-20""]",35977000000000,85799000000000,1,6.0,2.0,1.0
RTS,2024-08-22,included,,"[""2024-07-25"", ""2024-07-26"", ""2024-07-29"", ""2024-07-30"", ""2024-07-31"", ""2024-08-01"", ""2024-08-02"", ""2024-08-05"", ""2024-08-06"", ""2024-08-07"", ""2024-08-08"", ""2024-08-09"", ""2024-08-12"", ""2024-08-13"", ""2024-08-14"", ""2024-08-15"", ""2024-08-16"", ""2024-08-19"", ""2024-08-20"", ""2024-08-21""]",35977000000000,85797001000000,1,6.0,2.0,8.0
RTS,2024-08-23,included,,"[""2024-07-26"", ""2024-07-29"", ""2024-07-30"", ""2024-07-31"", ""2024-08-01"", ""2024-08-02"", ""2024-08-05"", ""2024-08-06"", ""2024-08-07"", ""2024-08-08"", ""2024-08-09"", ""2024-08-12"", ""2024-08-13"", ""2024-08-14"", ""2024-08-15"", ""2024-08-16"", ""2024-08-19"", ""2024-08-20"", ""2024-08-21"", ""2024-08-22""]",35959000000000,85792000000000,1,5.0,5.0,2.0
RTS,2024-08-26,included,,"[""2024-07-29"", ""2024-07-30"", ""2024-07-31"", ""2024-08-01"", ""2024-08-02"", ""2024-08-05"", ""2024-08-06"", ""2024-08-07"", ""2024-08-08"", ""2024-08-09"", ""2024-08-12"", ""2024-08-13"", ""2024-08-14"", ""2024-08-15"", ""2024-08-16"", ""2024-08-19"", ""2024-08-20"", ""2024-08-21"", ""2024-08-22"", ""2024-08-23""]",35962000000000,85799000000000,1,5.0,5.0,0.0
RTS,2024-08-27,included,,"[""2024-07-30"", ""2024-07-31"", ""2024-08-01"", ""2024-08-02"", ""2024-08-05"", ""2024-08-06"", ""2024-08-07"", ""2024-08-08"", ""2024-08-09"", ""2024-08-12"", ""2024-08-13"", ""2024-08-14"", ""2024-08-15"", ""2024-08-16"", ""2024-08-19"", ""2024-08-20"", ""2024-08-21"", ""2024-08-22"", ""2024-08-23"", ""2024-08-26""]",35985000000000,85794001000000,1,5.0,5.0,0.0
RTS,2024-08-28,included,,"[""2024-07-31"", ""2024-08-01"", ""2024-08-02"", ""2024-08-05"", ""2024-08-06"", ""2024-08-07"", ""2024-08-08"", ""2024-08-09"", ""2024-08-12"", ""2024-08-13"", ""2024-08-14"", ""2024-08-15"", ""2024-08-16"", ""2024-08-19"", ""2024-08-20"", ""2024-08-21"", ""2024-08-22"", ""2024-08-23"", ""2024-08-26"", ""2024-08-27""]",35964000000000,85798001000000,1,6.0,5.0,0.0
RTS,2024-08-29,included,,"[""2024-08-01"", ""2024-08-02"", ""2024-08-05"", ""2024-08-06"", ""2024-08-07"", ""2024-08-08"", ""2024-08-09"", ""2024-08-12"", ""2024-08-13"", ""2024-08-14"", ""2024-08-15"", ""2024-08-16"", ""2024-08-19"", ""2024-08-20"", ""2024-08-21"", ""2024-08-22"", ""2024-08-23"", ""2024-08-26"", ""2024-08-27"", ""2024-08-28""]",35976000000000,85799001000000,1,7.0,7.0,0.0
RTS,2024-08-30,included,,"[""2024-08-02"", ""2024-08-05"", ""2024-08-06"", ""2024-08-07"", ""2024-08-08"", ""2024-08-09"", ""2024-08-12"", ""2024-08-13"", ""2024-08-14"", ""2024-08-15"", ""2024-08-16"", ""2024-08-19"", ""2024-08-20"", ""2024-08-21"", ""2024-08-22"", ""2024-08-23"", ""2024-08-26"", ""2024-08-27"", ""2024-08-28"", ""2024-08-29""]",35989000000000,85795004000000,1,6.0,6.0,0.0
RTS,2024-09-02,included,,"[""2024-08-05"", ""2024-08-06"", ""2024-08-07"", ""2024-08-08"", ""2024-08-09"", ""2024-08-12"", ""2024-08-13"", ""2024-08-14"", ""2024-08-15"", ""2024-08-16"", ""2024-08-19"", ""2024-08-20"", ""2024-08-21"", ""2024-08-22"", ""2024-08-23"", ""2024-08-26"", ""2024-08-27"", ""2024-08-28"", ""2024-08-29"", ""2024-08-30""]",35951000000000,85792000000000,1,6.0,6.0,0.0
RTS,2024-09-03,included,,"[""2024-08-06"", ""2024-08-07"", ""2024-08-08"", ""2024-08-09"", ""2024-08-12"", ""2024-08-13"", ""2024-08-14"", ""2024-08-15"", ""2024-08-16"", ""2024-08-19"", ""2024-08-20"", ""2024-08-21"", ""2024-08-22"", ""2024-08-23"", ""2024-08-26"", ""2024-08-27"", ""2024-08-28"", ""2024-08-29"", ""2024-08-30"", ""2024-09-02""]",35948000000000,85799001000000,1,5.0,5.0,0.0
RTS,2024-09-04,included,,"[""2024-08-07"", ""2024-08-08"", ""2024-08-09"", ""2024-08-12"", ""2024-08-13"", ""2024-08-14"", ""2024-08-15"", ""2024-08-16"", ""2024-08-19"", ""2024-08-20"", ""2024-08-21"", ""2024-08-22"", ""2024-08-23"", ""2024-08-26"", ""2024-08-27"", ""2024-08-28"", ""2024-08-29"", ""2024-08-30"", ""2024-09-02"", ""2024-09-03""]",35967000000000,85795002000000,1,10.0,10.0,0.0
RTS,2024-09-05,included,,"[""2024-08-08"", ""2024-08-09"", ""2024-08-12"", ""2024-08-13"", ""2024-08-14"", ""2024-08-15"", ""2024-08-16"", ""2024-08-19"", ""2024-08-20"", ""2024-08-21"", ""2024-08-22"", ""2024-08-23"", ""2024-08-26"", ""2024-08-27"", ""2024-08-28"", ""2024-08-29"", ""2024-08-30"", ""2024-09-02"", ""2024-09-03"", ""2024-09-04""]",35948000000000,85799001000000,1,7.0,5.0,0.0
RTS,2024-09-06,included,,"[""2024-08-09"", ""2024-08-12"", ""2024-08-13"", ""2024-08-14"", ""2024-08-15"", ""2024-08-16"", ""2024-08-19"", ""2024-08-20"", ""2024-08-21"", ""2024-08-22"", ""2024-08-23"", ""2024-08-26"", ""2024-08-27"", ""2024-08-28"", ""2024-08-29"", ""2024-08-30"", ""2024-09-02"", ""2024-09-03"", ""2024-09-04"", ""2024-09-05""]",35966000000000,85797000000000,1,7.0,1.0,33.0
RTS,2024-09-09,included,,"[""2024-08-12"", ""2024-08-13"", ""2024-08-14"", ""2024-08-15"", ""2024-08-16"", ""2024-08-19"", ""2024-08-20"", ""2024-08-21"", ""2024-08-22"", ""2024-08-23"", ""2024-08-26"", ""2024-08-27"", ""2024-08-28"", ""2024-08-29"", ""2024-08-30"", ""2024-09-02"", ""2024-09-03"", ""2024-09-04"", ""2024-09-05"", ""2024-09-06""]",35950000000000,85791004000000,1,8.0,0.0,0.0
RTS,2024-09-10,included,,"[""2024-08-13"", ""2024-08-14"", ""2024-08-15"", ""2024-08-16"", ""2024-08-19"", ""2024-08-20"", ""2024-08-21"", ""2024-08-22"", ""2024-08-23"", ""2024-08-26"", ""2024-08-27"", ""2024-08-28"", ""2024-08-29"", ""2024-08-30"", ""2024-09-02"", ""2024-09-03"", ""2024-09-04"", ""2024-09-05"", ""2024-09-06"", ""2024-09-09""]",35970000000000,85796000000000,1,9.0,1.0,2.0
RTS,2024-09-11,included,,"[""2024-08-14"", ""2024-08-15"", ""2024-08-16"", ""2024-08-19"", ""2024-08-20"", ""2024-08-21"", ""2024-08-22"", ""2024-08-23"", ""2024-08-26"", ""2024-08-27"", ""2024-08-28"", ""2024-08-29"", ""2024-08-30"", ""2024-09-02"", ""2024-09-03"", ""2024-09-04"", ""2024-09-05"", ""2024-09-06"", ""2024-09-09"", ""2024-09-10""]",35947000000000,85797002000000,1,5.0,0.0,0.0
RTS,2024-09-12,included,,"[""2024-08-15"", ""2024-08-16"", ""2024-08-19"", ""2024-08-20"", ""2024-08-21"", ""2024-08-22"", ""2024-08-23"", ""2024-08-26"", ""2024-08-27"", ""2024-08-28"", ""2024-08-29"", ""2024-08-30"", ""2024-09-02"", ""2024-09-03"", ""2024-09-04"", ""2024-09-05"", ""2024-09-06"", ""2024-09-09"", ""2024-09-10"", ""2024-09-11""]",35980000000000,85780001000000,1,4.0,0.0,1.0
RTS,2024-09-13,included,,"[""2024-08-16"", ""2024-08-19"", ""2024-08-20"", ""2024-08-21"", ""2024-08-22"", ""2024-08-23"", ""2024-08-26"", ""2024-08-27"", ""2024-08-28"", ""2024-08-29"", ""2024-08-30"", ""2024-09-02"", ""2024-09-03"", ""2024-09-04"", ""2024-09-05"", ""2024-09-06"", ""2024-09-09"", ""2024-09-10"", ""2024-09-11"", ""2024-09-12""]",35961000000000,85797002000000,1,4.0,1.0,0.0
RTS,2024-09-16,included,,"[""2024-08-19"", ""2024-08-20"", ""2024-08-21"", ""2024-08-22"", ""2024-08-23"", ""2024-08-26"", ""2024-08-27"", ""2024-08-28"", ""2024-08-29"", ""2024-08-30"", ""2024-09-02"", ""2024-09-03"", ""2024-09-04"", ""2024-09-05"", ""2024-09-06"", ""2024-09-09"", ""2024-09-10"", ""2024-09-11"", ""2024-09-12"", ""2024-09-13""]",35961000000000,85798001000000,1,6.0,2.0,2.0
RTS,2024-09-17,included,,"[""2024-08-20"", ""2024-08-21"", ""2024-08-22"", ""2024-08-23"", ""2024-08-26"", ""2024-08-27"", ""2024-08-28"", ""2024-08-29"", ""2024-08-30"", ""2024-09-02"", ""2024-09-03"", ""2024-09-04"", ""2024-09-05"", ""2024-09-06"", ""2024-09-09"", ""2024-09-10"", ""2024-09-11"", ""2024-09-12"", ""2024-09-13"", ""2024-09-16""]",35948000000000,85798007000000,1,8.0,0.0,0.0
RTS,2024-09-18,included,,"[""2024-08-21"", ""2024-08-22"", ""2024-08-23"", ""2024-08-26"", ""2024-08-27"", ""2024-08-28"", ""2024-08-29"", ""2024-08-30"", ""2024-09-02"", ""2024-09-03"", ""2024-09-04"", ""2024-09-05"", ""2024-09-06"", ""2024-09-09"", ""2024-09-10"", ""2024-09-11"", ""2024-09-12"", ""2024-09-13"", ""2024-09-16"", ""2024-09-17""]",35958000000000,85798000000000,1,5.0,0.0,14.0
RTS,2024-09-19,included,,"[""2024-08-22"", ""2024-08-23"", ""2024-08-26"", ""2024-08-27"", ""2024-08-28"", ""2024-08-29"", ""2024-08-30"", ""2024-09-02"", ""2024-09-03"", ""2024-09-04"", ""2024-09-05"", ""2024-09-06"", ""2024-09-09"", ""2024-09-10"", ""2024-09-11"", ""2024-09-12"", ""2024-09-13"", ""2024-09-16"", ""2024-09-17"", ""2024-09-18""]",35957000000000,85799000000000,1,5.0,0.0,0.0
RTS,2024-09-20,included,,"[""2024-08-23"", ""2024-08-26"", ""2024-08-27"", ""2024-08-28"", ""2024-08-29"", ""2024-08-30"", ""2024-09-02"", ""2024-09-03"", ""2024-09-04"", ""2024-09-05"", ""2024-09-06"", ""2024-09-09"", ""2024-09-10"", ""2024-09-11"", ""2024-09-12"", ""2024-09-13"", ""2024-09-16"", ""2024-09-17"", ""2024-09-18"", ""2024-09-19""]",35977000000000,85796002000000,1,4.0,0.0,1.0
RTS,2024-09-23,included,,"[""2024-08-26"", ""2024-08-27"", ""2024-08-28"", ""2024-08-29"", ""2024-08-30"", ""2024-09-02"", ""2024-09-03"", ""2024-09-04"", ""2024-09-05"", ""2024-09-06"", ""2024-09-09"", ""2024-09-10"", ""2024-09-11"", ""2024-09-12"", ""2024-09-13"", ""2024-09-16"", ""2024-09-17"", ""2024-09-18"", ""2024-09-19"", ""2024-09-20""]",35952000000000,85797000000000,1,3.0,0.0,1.0
RTS,2024-09-24,included,,"[""2024-08-27"", ""2024-08-28"", ""2024-08-29"", ""2024-08-30"", ""2024-09-02"", ""2024-09-03"", ""2024-09-04"", ""2024-09-05"", ""2024-09-06"", ""2024-09-09"", ""2024-09-10"", ""2024-09-11"", ""2024-09-12"", ""2024-09-13"", ""2024-09-16"", ""2024-09-17"", ""2024-09-18"", ""2024-09-19"", ""2024-09-20"", ""2024-09-23""]",35978000000000,85799006000000,1,6.0,0.0,2.0
RTS,2024-09-25,included,,"[""2024-08-28"", ""2024-08-29"", ""2024-08-30"", ""2024-09-02"", ""2024-09-03"", ""2024-09-04"", ""2024-09-05"", ""2024-09-06"", ""2024-09-09"", ""2024-09-10"", ""2024-09-11"", ""2024-09-12"", ""2024-09-13"", ""2024-09-16"", ""2024-09-17"", ""2024-09-18"", ""2024-09-19"", ""2024-09-20"", ""2024-09-23"", ""2024-09-24""]",35968000000000,85792000000000,1,3.0,0.0,5.0
RTS,2024-09-26,included,,"[""2024-08-29"", ""2024-08-30"", ""2024-09-02"", ""2024-09-03"", ""2024-09-04"", ""2024-09-05"", ""2024-09-06"", ""2024-09-09"", ""2024-09-10"", ""2024-09-11"", ""2024-09-12"", ""2024-09-13"", ""2024-09-16"", ""2024-09-17"", ""2024-09-18"", ""2024-09-19"", ""2024-09-20"", ""2024-09-23"", ""2024-09-24"", ""2024-09-25""]",35974000000000,85794004000000,1,5.0,1.0,3.0
RTS,2024-09-27,included,,"[""2024-08-30"", ""2024-09-02"", ""2024-09-03"", ""2024-09-04"", ""2024-09-05"", ""2024-09-06"", ""2024-09-09"", ""2024-09-10"", ""2024-09-11"", ""2024-09-12"", ""2024-09-13"", ""2024-09-16"", ""2024-09-17"", ""2024-09-18"", ""2024-09-19"", ""2024-09-20"", ""2024-09-23"", ""2024-09-24"", ""2024-09-25"", ""2024-09-26""]",35946000000000,85793000000000,1,12.0,0.0,20.0
RTS,2024-09-30,included,,"[""2024-09-02"", ""2024-09-03"", ""2024-09-04"", ""2024-09-05"", ""2024-09-06"", ""2024-09-09"", ""2024-09-10"", ""2024-09-11"", ""2024-09-12"", ""2024-09-13"", ""2024-09-16"", ""2024-09-17"", ""2024-09-18"", ""2024-09-19"", ""2024-09-20"", ""2024-09-23"", ""2024-09-24"", ""2024-09-25"", ""2024-09-26"", ""2024-09-27""]",35971000000000,85793001000000,1,3.0,0.0,6.0
RTS,2024-10-01,included,,"[""2024-09-03"", ""2024-09-04"", ""2024-09-05"", ""2024-09-06"", ""2024-09-09"", ""2024-09-10"", ""2024-09-11"", ""2024-09-12"", ""2024-09-13"", ""2024-09-16"", ""2024-09-17"", ""2024-09-18"", ""2024-09-19"", ""2024-09-20"", ""2024-09-23"", ""2024-09-24"", ""2024-09-25"", ""2024-09-26"", ""2024-09-27"", ""2024-09-30""]",35989000000000,85794000000000,1,8.0,1.0,2.0
RTS,2024-10-02,included,,"[""2024-09-04"", ""2024-09-05"", ""2024-09-06"", ""2024-09-09"", ""2024-09-10"", ""2024-09-11"", ""2024-09-12"", ""2024-09-13"", ""2024-09-16"", ""2024-09-17"", ""2024-09-18"", ""2024-09-19"", ""2024-09-20"", ""2024-09-23"", ""2024-09-24"", ""2024-09-25"", ""2024-09-26"", ""2024-09-27"", ""2024-09-30"", ""2024-10-01""]",35969000000000,85798001000000,1,5.0,0.0,2.0
RTS,2024-10-03,included,,"[""2024-09-05"", ""2024-09-06"", ""2024-09-09"", ""2024-09-10"", ""2024-09-11"", ""2024-09-12"", ""2024-09-13"", ""2024-09-16"", ""2024-09-17"", ""2024-09-18"", ""2024-09-19"", ""2024-09-20"", ""2024-09-23"", ""2024-09-24"", ""2024-09-25"", ""2024-09-26"", ""2024-09-27"", ""2024-09-30"", ""2024-10-01"", ""2024-10-02""]",35977000000000,85798000000000,1,8.0,7.0,1.0
RTS,2024-10-04,included,,"[""2024-09-06"", ""2024-09-09"", ""2024-09-10"", ""2024-09-11"", ""2024-09-12"", ""2024-09-13"", ""2024-09-16"", ""2024-09-17"", ""2024-09-18"", ""2024-09-19"", ""2024-09-20"", ""2024-09-23"", ""2024-09-24"", ""2024-09-25"", ""2024-09-26"", ""2024-09-27"", ""2024-09-30"", ""2024-10-01"", ""2024-10-02"", ""2024-10-03""]",35975000000000,85798000000000,1,8.0,2.0,0.0
RTS,2024-10-07,included,,"[""2024-09-09"", ""2024-09-10"", ""2024-09-11"", ""2024-09-12"", ""2024-09-13"", ""2024-09-16"", ""2024-09-17"", ""2024-09-18"", ""2024-09-19"", ""2024-09-20"", ""2024-09-23"", ""2024-09-24"", ""2024-09-25"", ""2024-09-26"", ""2024-09-27"", ""2024-09-30"", ""2024-10-01"", ""2024-10-02"", ""2024-10-03"", ""2024-10-04""]",35944000000000,85798000000000,1,8.0,0.0,1.0
RTS,2024-10-08,included,,"[""2024-09-10"", ""2024-09-11"", ""2024-09-12"", ""2024-09-13"", ""2024-09-16"", ""2024-09-17"", ""2024-09-18"", ""2024-09-19"", ""2024-09-20"", ""2024-09-23"", ""2024-09-24"", ""2024-09-25"", ""2024-09-26"", ""2024-09-27"", ""2024-09-30"", ""2024-10-01"", ""2024-10-02"", ""2024-10-03"", ""2024-10-04"", ""2024-10-07""]",35979000000000,85793014000000,1,6.0,5.0,4.0
RTS,2024-10-09,included,,"[""2024-09-11"", ""2024-09-12"", ""2024-09-13"", ""2024-09-16"", ""2024-09-17"", ""2024-09-18"", ""2024-09-19"", ""2024-09-20"", ""2024-09-23"", ""2024-09-24"", ""2024-09-25"", ""2024-09-26"", ""2024-09-27"", ""2024-09-30"", ""2024-10-01"", ""2024-10-02"", ""2024-10-03"", ""2024-10-04"", ""2024-10-07"", ""2024-10-08""]",35983000000000,85791003000000,1,5.0,5.0,1.0
RTS,2024-10-10,included,,"[""2024-09-12"", ""2024-09-13"", ""2024-09-16"", ""2024-09-17"", ""2024-09-18"", ""2024-09-19"", ""2024-09-20"", ""2024-09-23"", ""2024-09-24"", ""2024-09-25"", ""2024-09-26"", ""2024-09-27"", ""2024-09-30"", ""2024-10-01"", ""2024-10-02"", ""2024-10-03"", ""2024-10-04"", ""2024-10-07"", ""2024-10-08"", ""2024-10-09""]",35949000000000,85796002000000,1,6.0,5.0,2.0
RTS,2024-10-11,included,,"[""2024-09-13"", ""2024-09-16"", ""2024-09-17"", ""2024-09-18"", ""2024-09-19"", ""2024-09-20"", ""2024-09-23"", ""2024-09-24"", ""2024-09-25"", ""2024-09-26"", ""2024-09-27"", ""2024-09-30"", ""2024-10-01"", ""2024-10-02"", ""2024-10-03"", ""2024-10-04"", ""2024-10-07"", ""2024-10-08"", ""2024-10-09"", ""2024-10-10""]",35986000000000,85799005000000,1,3.0,0.0,3.0
RTS,2024-10-14,included,,"[""2024-09-16"", ""2024-09-17"", ""2024-09-18"", ""2024-09-19"", ""2024-09-20"", ""2024-09-23"", ""2024-09-24"", ""2024-09-25"", ""2024-09-26"", ""2024-09-27"", ""2024-09-30"", ""2024-10-01"", ""2024-10-02"", ""2024-10-03"", ""2024-10-04"", ""2024-10-07"", ""2024-10-08"", ""2024-10-09"", ""2024-10-10"", ""2024-10-11""]",35948000000000,85799068000000,1,4.0,3.0,5.0
RTS,2024-10-15,included,,"[""2024-09-17"", ""2024-09-18"", ""2024-09-19"", ""2024-09-20"", ""2024-09-23"", ""2024-09-24"", ""2024-09-25"", ""2024-09-26"", ""2024-09-27"", ""2024-09-30"", ""2024-10-01"", ""2024-10-02"", ""2024-10-03"", ""2024-10-04"", ""2024-10-07"", ""2024-10-08"", ""2024-10-09"", ""2024-10-10"", ""2024-10-11"", ""2024-10-14""]",35975000000000,85799001000000,1,6.0,4.0,0.0
RTS,2024-10-16,included,,"[""2024-09-18"", ""2024-09-19"", ""2024-09-20"", ""2024-09-23"", ""2024-09-24"", ""2024-09-25"", ""2024-09-26"", ""2024-09-27"", ""2024-09-30"", ""2024-10-01"", ""2024-10-02"", ""2024-10-03"", ""2024-10-04"", ""2024-10-07"", ""2024-10-08"", ""2024-10-09"", ""2024-10-10"", ""2024-10-11"", ""2024-10-14"", ""2024-10-15""]",35945000000000,85799001000000,1,3.0,0.0,51.0
RTS,2024-10-17,included,,"[""2024-09-19"", ""2024-09-20"", ""2024-09-23"", ""2024-09-24"", ""2024-09-25"", ""2024-09-26"", ""2024-09-27"", ""2024-09-30"", ""2024-10-01"", ""2024-10-02"", ""2024-10-03"", ""2024-10-04"", ""2024-10-07"", ""2024-10-08"", ""2024-10-09"", ""2024-10-10"", ""2024-10-11"", ""2024-10-14"", ""2024-10-15"", ""2024-10-16""]",35957000000000,85799001000000,1,7.0,0.0,1.0
RTS,2024-10-18,included,,"[""2024-09-20"", ""2024-09-23"", ""2024-09-24"", ""2024-09-25"", ""2024-09-26"", ""2024-09-27"", ""2024-09-30"", ""2024-10-01"", ""2024-10-02"", ""2024-10-03"", ""2024-10-04"", ""2024-10-07"", ""2024-10-08"", ""2024-10-09"", ""2024-10-10"", ""2024-10-11"", ""2024-10-14"", ""2024-10-15"", ""2024-10-16"", ""2024-10-17""]",35967000000000,85797001000000,1,4.0,0.0,1.0
RTS,2024-10-21,included,,"[""2024-09-23"", ""2024-09-24"", ""2024-09-25"", ""2024-09-26"", ""2024-09-27"", ""2024-09-30"", ""2024-10-01"", ""2024-10-02"", ""2024-10-03"", ""2024-10-04"", ""2024-10-07"", ""2024-10-08"", ""2024-10-09"", ""2024-10-10"", ""2024-10-11"", ""2024-10-14"", ""2024-10-15"", ""2024-10-16"", ""2024-10-17"", ""2024-10-18""]",35944000000000,85798000000000,1,11.0,1.0,1.0
RTS,2024-10-22,included,,"[""2024-09-24"", ""2024-09-25"", ""2024-09-26"", ""2024-09-27"", ""2024-09-30"", ""2024-10-01"", ""2024-10-02"", ""2024-10-03"", ""2024-10-04"", ""2024-10-07"", ""2024-10-08"", ""2024-10-09"", ""2024-10-10"", ""2024-10-11"", ""2024-10-14"", ""2024-10-15"", ""2024-10-16"", ""2024-10-17"", ""2024-10-18"", ""2024-10-21""]",35973000000000,85798000000000,1,4.0,1.0,1.0
RTS,2024-10-23,included,,"[""2024-09-25"", ""2024-09-26"", ""2024-09-27"", ""2024-09-30"", ""2024-10-01"", ""2024-10-02"", ""2024-10-03"", ""2024-10-04"", ""2024-10-07"", ""2024-10-08"", ""2024-10-09"", ""2024-10-10"", ""2024-10-11"", ""2024-10-14"", ""2024-10-15"", ""2024-10-16"", ""2024-10-17"", ""2024-10-18"", ""2024-10-21"", ""2024-10-22""]",35954000000000,85794001000000,1,9.0,0.0,1.0
RTS,2024-10-24,included,,"[""2024-09-26"", ""2024-09-27"", ""2024-09-30"", ""2024-10-01"", ""2024-10-02"", ""2024-10-03"", ""2024-10-04"", ""2024-10-07"", ""2024-10-08"", ""2024-10-09"", ""2024-10-10"", ""2024-10-11"", ""2024-10-14"", ""2024-10-15"", ""2024-10-16"", ""2024-10-17"", ""2024-10-18"", ""2024-10-21"", ""2024-10-22"", ""2024-10-23""]",35968000000000,85796001000000,1,5.0,0.0,12.0
RTS,2024-10-25,included,,"[""2024-09-27"", ""2024-09-30"", ""2024-10-01"", ""2024-10-02"", ""2024-10-03"", ""2024-10-04"", ""2024-10-07"", ""2024-10-08"", ""2024-10-09"", ""2024-10-10"", ""2024-10-11"", ""2024-10-14"", ""2024-10-15"", ""2024-10-16"", ""2024-10-17"", ""2024-10-18"", ""2024-10-21"", ""2024-10-22"", ""2024-10-23"", ""2024-10-24""]",35967000000000,85799002000000,1,5.0,2.0,2.0
RTS,2024-10-28,included,,"[""2024-09-30"", ""2024-10-01"", ""2024-10-02"", ""2024-10-03"", ""2024-10-04"", ""2024-10-07"", ""2024-10-08"", ""2024-10-09"", ""2024-10-10"", ""2024-10-11"", ""2024-10-14"", ""2024-10-15"", ""2024-10-16"", ""2024-10-17"", ""2024-10-18"", ""2024-10-21"", ""2024-10-22"", ""2024-10-23"", ""2024-10-24"", ""2024-10-25""]",35962000000000,85797000000000,1,2.0,2.0,0.0
RTS,2024-10-29,included,,"[""2024-10-01"", ""2024-10-02"", ""2024-10-03"", ""2024-10-04"", ""2024-10-07"", ""2024-10-08"", ""2024-10-09"", ""2024-10-10"", ""2024-10-11"", ""2024-10-14"", ""2024-10-15"", ""2024-10-16"", ""2024-10-17"", ""2024-10-18"", ""2024-10-21"", ""2024-10-22"", ""2024-10-23"", ""2024-10-24"", ""2024-10-25"", ""2024-10-28""]",35958000000000,85796003000000,1,6.0,6.0,1.0
RTS,2024-10-30,included,,"[""2024-10-02"", ""2024-10-03"", ""2024-10-04"", ""2024-10-07"", ""2024-10-08"", ""2024-10-09"", ""2024-10-10"", ""2024-10-11"", ""2024-10-14"", ""2024-10-15"", ""2024-10-16"", ""2024-10-17"", ""2024-10-18"", ""2024-10-21"", ""2024-10-22"", ""2024-10-23"", ""2024-10-24"", ""2024-10-25"", ""2024-10-28"", ""2024-10-29""]",35946000000000,85796001000000,1,9.0,9.0,2.0
RTS,2024-10-31,included,,"[""2024-10-03"", ""2024-10-04"", ""2024-10-07"", ""2024-10-08"", ""2024-10-09"", ""2024-10-10"", ""2024-10-11"", ""2024-10-14"", ""2024-10-15"", ""2024-10-16"", ""2024-10-17"", ""2024-10-18"", ""2024-10-21"", ""2024-10-22"", ""2024-10-23"", ""2024-10-24"", ""2024-10-25"", ""2024-10-28"", ""2024-10-29"", ""2024-10-30""]",35978000000000,85799000000000,1,7.0,7.0,4.0
RTS,2024-11-01,included,,"[""2024-10-04"", ""2024-10-07"", ""2024-10-08"", ""2024-10-09"", ""2024-10-10"", ""2024-10-11"", ""2024-10-14"", ""2024-10-15"", ""2024-10-16"", ""2024-10-17"", ""2024-10-18"", ""2024-10-21"", ""2024-10-22"", ""2024-10-23"", ""2024-10-24"", ""2024-10-25"", ""2024-10-28"", ""2024-10-29"", ""2024-10-30"", ""2024-10-31""]",35949000000000,85799000000000,1,2.0,2.0,0.0
RTS,2024-11-05,included,,"[""2024-10-07"", ""2024-10-08"", ""2024-10-09"", ""2024-10-10"", ""2024-10-11"", ""2024-10-14"", ""2024-10-15"", ""2024-10-16"", ""2024-10-17"", ""2024-10-18"", ""2024-10-21"", ""2024-10-22"", ""2024-10-23"", ""2024-10-24"", ""2024-10-25"", ""2024-10-28"", ""2024-10-29"", ""2024-10-30"", ""2024-10-31"", ""2024-11-01""]",35949000000000,85795000000000,1,8.0,2.0,2.0
RTS,2024-11-06,included,,"[""2024-10-08"", ""2024-10-09"", ""2024-10-10"", ""2024-10-11"", ""2024-10-14"", ""2024-10-15"", ""2024-10-16"", ""2024-10-17"", ""2024-10-18"", ""2024-10-21"", ""2024-10-22"", ""2024-10-23"", ""2024-10-24"", ""2024-10-25"", ""2024-10-28"", ""2024-10-29"", ""2024-10-30"", ""2024-10-31"", ""2024-11-01"", ""2024-11-05""]",35942000000000,85799000000000,1,2.0,2.0,2.0
RTS,2024-11-07,included,,"[""2024-10-09"", ""2024-10-10"", ""2024-10-11"", ""2024-10-14"", ""2024-10-15"", ""2024-10-16"", ""2024-10-17"", ""2024-10-18"", ""2024-10-21"", ""2024-10-22"", ""2024-10-23"", ""2024-10-24"", ""2024-10-25"", ""2024-10-28"", ""2024-10-29"", ""2024-10-30"", ""2024-10-31"", ""2024-11-01"", ""2024-11-05"", ""2024-11-06""]",35942000000000,85796001000000,1,1.0,0.0,0.0
RTS,2024-11-08,included,,"[""2024-10-10"", ""2024-10-11"", ""2024-10-14"", ""2024-10-15"", ""2024-10-16"", ""2024-10-17"", ""2024-10-18"", ""2024-10-21"", ""2024-10-22"", ""2024-10-23"", ""2024-10-24"", ""2024-10-25"", ""2024-10-28"", ""2024-10-29"", ""2024-10-30"", ""2024-10-31"", ""2024-11-01"", ""2024-11-05"", ""2024-11-06"", ""2024-11-07""]",35977000000000,85795000000000,1,8.0,8.0,1.0
RTS,2024-11-11,included,,"[""2024-10-11"", ""2024-10-14"", ""2024-10-15"", ""2024-10-16"", ""2024-10-17"", ""2024-10-18"", ""2024-10-21"", ""2024-10-22"", ""2024-10-23"", ""2024-10-24"", ""2024-10-25"", ""2024-10-28"", ""2024-10-29"", ""2024-10-30"", ""2024-10-31"", ""2024-11-01"", ""2024-11-05"", ""2024-11-06"", ""2024-11-07"", ""2024-11-08""]",35958000000000,85794000000000,1,6.0,6.0,1.0
RTS,2024-11-12,included,,"[""2024-10-14"", ""2024-10-15"", ""2024-10-16"", ""2024-10-17"", ""2024-10-18"", ""2024-10-21"", ""2024-10-22"", ""2024-10-23"", ""2024-10-24"", ""2024-10-25"", ""2024-10-28"", ""2024-10-29"", ""2024-10-30"", ""2024-10-31"", ""2024-11-01"", ""2024-11-05"", ""2024-11-06"", ""2024-11-07"", ""2024-11-08"", ""2024-11-11""]",35962000000000,85799000000000,1,10.0,7.0,0.0
RTS,2024-11-13,included,,"[""2024-10-15"", ""2024-10-16"", ""2024-10-17"", ""2024-10-18"", ""2024-10-21"", ""2024-10-22"", ""2024-10-23"", ""2024-10-24"", ""2024-10-25"", ""2024-10-28"", ""2024-10-29"", ""2024-10-30"", ""2024-10-31"", ""2024-11-01"", ""2024-11-05"", ""2024-11-06"", ""2024-11-07"", ""2024-11-08"", ""2024-11-11"", ""2024-11-12""]",35968000000000,85795000000000,1,6.0,0.0,2.0
RTS,2024-11-14,included,,"[""2024-10-16"", ""2024-10-17"", ""2024-10-18"", ""2024-10-21"", ""2024-10-22"", ""2024-10-23"", ""2024-10-24"", ""2024-10-25"", ""2024-10-28"", ""2024-10-29"", ""2024-10-30"", ""2024-10-31"", ""2024-11-01"", ""2024-11-05"", ""2024-11-06"", ""2024-11-07"", ""2024-11-08"", ""2024-11-11"", ""2024-11-12"", ""2024-11-13""]",35957000000000,85797000000000,1,4.0,2.0,0.0
RTS,2024-11-15,included,,"[""2024-10-17"", ""2024-10-18"", ""2024-10-21"", ""2024-10-22"", ""2024-10-23"", ""2024-10-24"", ""2024-10-25"", ""2024-10-28"", ""2024-10-29"", ""2024-10-30"", ""2024-10-31"", ""2024-11-01"", ""2024-11-05"", ""2024-11-06"", ""2024-11-07"", ""2024-11-08"", ""2024-11-11"", ""2024-11-12"", ""2024-11-13"", ""2024-11-14""]",35949000000000,85796002000000,1,4.0,0.0,0.0
RTS,2024-11-18,included,,"[""2024-10-18"", ""2024-10-21"", ""2024-10-22"", ""2024-10-23"", ""2024-10-24"", ""2024-10-25"", ""2024-10-28"", ""2024-10-29"", ""2024-10-30"", ""2024-10-31"", ""2024-11-01"", ""2024-11-05"", ""2024-11-06"", ""2024-11-07"", ""2024-11-08"", ""2024-11-11"", ""2024-11-12"", ""2024-11-13"", ""2024-11-14"", ""2024-11-15""]",35978000000000,85799000000000,1,5.0,5.0,0.0
RTS,2024-11-19,included,,"[""2024-10-21"", ""2024-10-22"", ""2024-10-23"", ""2024-10-24"", ""2024-10-25"", ""2024-10-28"", ""2024-10-29"", ""2024-10-30"", ""2024-10-31"", ""2024-11-01"", ""2024-11-05"", ""2024-11-06"", ""2024-11-07"", ""2024-11-08"", ""2024-11-11"", ""2024-11-12"", ""2024-11-13"", ""2024-11-14"", ""2024-11-15"", ""2024-11-18""]",35944000000000,85798005000000,1,6.0,4.0,0.0
RTS,2024-11-20,included,,"[""2024-10-22"", ""2024-10-23"", ""2024-10-24"", ""2024-10-25"", ""2024-10-28"", ""2024-10-29"", ""2024-10-30"", ""2024-10-31"", ""2024-11-01"", ""2024-11-05"", ""2024-11-06"", ""2024-11-07"", ""2024-11-08"", ""2024-11-11"", ""2024-11-12"", ""2024-11-13"", ""2024-11-14"", ""2024-11-15"", ""2024-11-18"", ""2024-11-19""]",35978000000000,85799000000000,1,9.0,9.0,1.0
RTS,2024-11-21,included,,"[""2024-10-23"", ""2024-10-24"", ""2024-10-25"", ""2024-10-28"", ""2024-10-29"", ""2024-10-30"", ""2024-10-31"", ""2024-11-01"", ""2024-11-05"", ""2024-11-06"", ""2024-11-07"", ""2024-11-08"", ""2024-11-11"", ""2024-11-12"", ""2024-11-13"", ""2024-11-14"", ""2024-11-15"", ""2024-11-18"", ""2024-11-19"", ""2024-11-20""]",35942000000000,85798002000000,1,7.0,7.0,2.0
RTS,2024-11-22,included,,"[""2024-10-24"", ""2024-10-25"", ""2024-10-28"", ""2024-10-29"", ""2024-10-30"", ""2024-10-31"", ""2024-11-01"", ""2024-11-05"", ""2024-11-06"", ""2024-11-07"", ""2024-11-08"", ""2024-11-11"", ""2024-11-12"", ""2024-11-13"", ""2024-11-14"", ""2024-11-15"", ""2024-11-18"", ""2024-11-19"", ""2024-11-20"", ""2024-11-21""]",35980000000000,85793005000000,1,3.0,3.0,0.0
RTS,2024-11-25,included,,"[""2024-10-25"", ""2024-10-28"", ""2024-10-29"", ""2024-10-30"", ""2024-10-31"", ""2024-11-01"", ""2024-11-05"", ""2024-11-06"", ""2024-11-07"", ""2024-11-08"", ""2024-11-11"", ""2024-11-12"", ""2024-11-13"", ""2024-11-14"", ""2024-11-15"", ""2024-11-18"", ""2024-11-19"", ""2024-11-20"", ""2024-11-21"", ""2024-11-22""]",35958000000000,85798002000000,1,2.0,2.0,0.0
RTS,2024-11-26,included,,"[""2024-10-28"", ""2024-10-29"", ""2024-10-30"", ""2024-10-31"", ""2024-11-01"", ""2024-11-05"", ""2024-11-06"", ""2024-11-07"", ""2024-11-08"", ""2024-11-11"", ""2024-11-12"", ""2024-11-13"", ""2024-11-14"", ""2024-11-15"", ""2024-11-18"", ""2024-11-19"", ""2024-11-20"", ""2024-11-21"", ""2024-11-22"", ""2024-11-25""]",35969000000000,85798001000000,1,5.0,5.0,1.0
RTS,2024-11-27,included,,"[""2024-10-29"", ""2024-10-30"", ""2024-10-31"", ""2024-11-01"", ""2024-11-05"", ""2024-11-06"", ""2024-11-07"", ""2024-11-08"", ""2024-11-11"", ""2024-11-12"", ""2024-11-13"", ""2024-11-14"", ""2024-11-15"", ""2024-11-18"", ""2024-11-19"", ""2024-11-20"", ""2024-11-21"", ""2024-11-22"", ""2024-11-25"", ""2024-11-26""]",35967000000000,85798000000000,1,6.0,6.0,0.0
RTS,2024-11-28,included,,"[""2024-10-30"", ""2024-10-31"", ""2024-11-01"", ""2024-11-05"", ""2024-11-06"", ""2024-11-07"", ""2024-11-08"", ""2024-11-11"", ""2024-11-12"", ""2024-11-13"", ""2024-11-14"", ""2024-11-15"", ""2024-11-18"", ""2024-11-19"", ""2024-11-20"", ""2024-11-21"", ""2024-11-22"", ""2024-11-25"", ""2024-11-26"", ""2024-11-27""]",35984000000000,85796000000000,1,14.0,14.0,0.0
RTS,2024-11-29,included,,"[""2024-10-31"", ""2024-11-01"", ""2024-11-05"", ""2024-11-06"", ""2024-11-07"", ""2024-11-08"", ""2024-11-11"", ""2024-11-12"", ""2024-11-13"", ""2024-11-14"", ""2024-11-15"", ""2024-11-18"", ""2024-11-19"", ""2024-11-20"", ""2024-11-21"", ""2024-11-22"", ""2024-11-25"", ""2024-11-26"", ""2024-11-27"", ""2024-11-28""]",35957000000000,85794003000000,1,3.0,3.0,0.0
RTS,2024-12-02,included,,"[""2024-11-01"", ""2024-11-05"", ""2024-11-06"", ""2024-11-07"", ""2024-11-08"", ""2024-11-11"", ""2024-11-12"", ""2024-11-13"", ""2024-11-14"", ""2024-11-15"", ""2024-11-18"", ""2024-11-19"", ""2024-11-20"", ""2024-11-21"", ""2024-11-22"", ""2024-11-25"", ""2024-11-26"", ""2024-11-27"", ""2024-11-28"", ""2024-11-29""]",35958000000000,85799008000000,1,8.0,7.0,1.0
RTS,2024-12-03,included,,"[""2024-11-05"", ""2024-11-06"", ""2024-11-07"", ""2024-11-08"", ""2024-11-11"", ""2024-11-12"", ""2024-11-13"", ""2024-11-14"", ""2024-11-15"", ""2024-11-18"", ""2024-11-19"", ""2024-11-20"", ""2024-11-21"", ""2024-11-22"", ""2024-11-25"", ""2024-11-26"", ""2024-11-27"", ""2024-11-28"", ""2024-11-29"", ""2024-12-02""]",35978000000000,85797005000000,1,7.0,0.0,1.0
RTS,2024-12-04,included,,"[""2024-11-06"", ""2024-11-07"", ""2024-11-08"", ""2024-11-11"", ""2024-11-12"", ""2024-11-13"", ""2024-11-14"", ""2024-11-15"", ""2024-11-18"", ""2024-11-19"", ""2024-11-20"", ""2024-11-21"", ""2024-11-22"", ""2024-11-25"", ""2024-11-26"", ""2024-11-27"", ""2024-11-28"", ""2024-11-29"", ""2024-12-02"", ""2024-12-03""]",35951000000000,85797000000000,1,1.0,1.0,1.0
RTS,2024-12-05,included,,"[""2024-11-07"", ""2024-11-08"", ""2024-11-11"", ""2024-11-12"", ""2024-11-13"", ""2024-11-14"", ""2024-11-15"", ""2024-11-18"", ""2024-11-19"", ""2024-11-20"", ""2024-11-21"", ""2024-11-22"", ""2024-11-25"", ""2024-11-26"", ""2024-11-27"", ""2024-11-28"", ""2024-11-29"", ""2024-12-02"", ""2024-12-03"", ""2024-12-04""]",35983000000000,85785000000000,1,7.0,7.0,0.0
RTS,2024-12-06,included,,"[""2024-11-08"", ""2024-11-11"", ""2024-11-12"", ""2024-11-13"", ""2024-11-14"", ""2024-11-15"", ""2024-11-18"", ""2024-11-19"", ""2024-11-20"", ""2024-11-21"", ""2024-11-22"", ""2024-11-25"", ""2024-11-26"", ""2024-11-27"", ""2024-11-28"", ""2024-11-29"", ""2024-12-02"", ""2024-12-03"", ""2024-12-04"", ""2024-12-05""]",35980000000000,85799000000000,1,8.0,6.0,1.0
RTS,2024-12-09,included,,"[""2024-11-11"", ""2024-11-12"", ""2024-11-13"", ""2024-11-14"", ""2024-11-15"", ""2024-11-18"", ""2024-11-19"", ""2024-11-20"", ""2024-11-21"", ""2024-11-22"", ""2024-11-25"", ""2024-11-26"", ""2024-11-27"", ""2024-11-28"", ""2024-11-29"", ""2024-12-02"", ""2024-12-03"", ""2024-12-04"", ""2024-12-05"", ""2024-12-06""]",35986000000000,85796000000000,1,9.0,1.0,0.0
RTS,2024-12-10,included,,"[""2024-11-12"", ""2024-11-13"", ""2024-11-14"", ""2024-11-15"", ""2024-11-18"", ""2024-11-19"", ""2024-11-20"", ""2024-11-21"", ""2024-11-22"", ""2024-11-25"", ""2024-11-26"", ""2024-11-27"", ""2024-11-28"", ""2024-11-29"", ""2024-12-02"", ""2024-12-03"", ""2024-12-04"", ""2024-12-05"", ""2024-12-06"", ""2024-12-09""]",35948000000000,85799004000000,1,6.0,4.0,2.0
RTS,2024-12-11,included,,"[""2024-11-13"", ""2024-11-14"", ""2024-11-15"", ""2024-11-18"", ""2024-11-19"", ""2024-11-20"", ""2024-11-21"", ""2024-11-22"", ""2024-11-25"", ""2024-11-26"", ""2024-11-27"", ""2024-11-28"", ""2024-11-29"", ""2024-12-02"", ""2024-12-03"", ""2024-12-04"", ""2024-12-05"", ""2024-12-06"", ""2024-12-09"", ""2024-12-10""]",35953000000000,85799000000000,1,4.0,4.0,2.0
RTS,2024-12-12,included,,"[""2024-11-14"", ""2024-11-15"", ""2024-11-18"", ""2024-11-19"", ""2024-11-20"", ""2024-11-21"", ""2024-11-22"", ""2024-11-25"", ""2024-11-26"", ""2024-11-27"", ""2024-11-28"", ""2024-11-29"", ""2024-12-02"", ""2024-12-03"", ""2024-12-04"", ""2024-12-05"", ""2024-12-06"", ""2024-12-09"", ""2024-12-10"", ""2024-12-11""]",35949000000000,85793002000000,1,5.0,4.0,2.0
RTS,2024-12-13,included,,"[""2024-11-15"", ""2024-11-18"", ""2024-11-19"", ""2024-11-20"", ""2024-11-21"", ""2024-11-22"", ""2024-11-25"", ""2024-11-26"", ""2024-11-27"", ""2024-11-28"", ""2024-11-29"", ""2024-12-02"", ""2024-12-03"", ""2024-12-04"", ""2024-12-05"", ""2024-12-06"", ""2024-12-09"", ""2024-12-10"", ""2024-12-11"", ""2024-12-12""]",35954000000000,85799002000000,1,5.0,0.0,1.0
RTS,2024-12-16,included,,"[""2024-11-18"", ""2024-11-19"", ""2024-11-20"", ""2024-11-21"", ""2024-11-22"", ""2024-11-25"", ""2024-11-26"", ""2024-11-27"", ""2024-11-28"", ""2024-11-29"", ""2024-12-02"", ""2024-12-03"", ""2024-12-04"", ""2024-12-05"", ""2024-12-06"", ""2024-12-09"", ""2024-12-10"", ""2024-12-11"", ""2024-12-12"", ""2024-12-13""]",35958000000000,85796000000000,1,4.0,0.0,3.0
RTS,2024-12-17,included,,"[""2024-11-19"", ""2024-11-20"", ""2024-11-21"", ""2024-11-22"", ""2024-11-25"", ""2024-11-26"", ""2024-11-27"", ""2024-11-28"", ""2024-11-29"", ""2024-12-02"", ""2024-12-03"", ""2024-12-04"", ""2024-12-05"", ""2024-12-06"", ""2024-12-09"", ""2024-12-10"", ""2024-12-11"", ""2024-12-12"", ""2024-12-13"", ""2024-12-16""]",35977000000000,85796000000000,1,6.0,0.0,3.0
RTS,2024-12-18,included,,"[""2024-11-20"", ""2024-11-21"", ""2024-11-22"", ""2024-11-25"", ""2024-11-26"", ""2024-11-27"", ""2024-11-28"", ""2024-11-29"", ""2024-12-02"", ""2024-12-03"", ""2024-12-04"", ""2024-12-05"", ""2024-12-06"", ""2024-12-09"", ""2024-12-10"", ""2024-12-11"", ""2024-12-12"", ""2024-12-13"", ""2024-12-16"", ""2024-12-17""]",35967000000000,85799007000000,1,6.0,0.0,1.0
RTS,2024-12-19,included,,"[""2024-11-21"", ""2024-11-22"", ""2024-11-25"", ""2024-11-26"", ""2024-11-27"", ""2024-11-28"", ""2024-11-29"", ""2024-12-02"", ""2024-12-03"", ""2024-12-04"", ""2024-12-05"", ""2024-12-06"", ""2024-12-09"", ""2024-12-10"", ""2024-12-11"", ""2024-12-12"", ""2024-12-13"", ""2024-12-16"", ""2024-12-17"", ""2024-12-18""]",35971000000000,67780000000000,1,5.0,0.0,21.0
RTS,2024-12-20,excluded,Текущая сессия не охватывает 10:00–18:45,"[""2024-11-22"", ""2024-11-25"", ""2024-11-26"", ""2024-11-27"", ""2024-11-28"", ""2024-11-29"", ""2024-12-02"", ""2024-12-03"", ""2024-12-04"", ""2024-12-05"", ""2024-12-06"", ""2024-12-09"", ""2024-12-10"", ""2024-12-11"", ""2024-12-12"", ""2024-12-13"", ""2024-12-16"", ""2024-12-17"", ""2024-12-18"", ""2024-12-19""]",68700000000000,85797000000000,1,,,
RTS,2024-12-23,excluded,Не все 20 прошлых сессий охватывают 10:00–18:45,"[""2024-11-25"", ""2024-11-26"", ""2024-11-27"", ""2024-11-28"", ""2024-11-29"", ""2024-12-02"", ""2024-12-03"", ""2024-12-04"", ""2024-12-05"", ""2024-12-06"", ""2024-12-09"", ""2024-12-10"", ""2024-12-11"", ""2024-12-12"", ""2024-12-13"", ""2024-12-16"", ""2024-12-17"", ""2024-12-18"", ""2024-12-19"", ""2024-12-20""]",35984000000000,85799016000000,1,,,
RTS,2024-12-24,excluded,Не все 20 прошлых сессий охватывают 10:00–18:45,"[""2024-11-26"", ""2024-11-27"", ""2024-11-28"", ""2024-11-29"", ""2024-12-02"", ""2024-12-03"", ""2024-12-04"", ""2024-12-05"", ""2024-12-06"", ""2024-12-09"", ""2024-12-10"", ""2024-12-11"", ""2024-12-12"", ""2024-12-13"", ""2024-12-16"", ""2024-12-17"", ""2024-12-18"", ""2024-12-19"", ""2024-12-20"", ""2024-12-23""]",35945000000000,85798000000000,1,,,
RTS,2024-12-25,excluded,Не все 20 прошлых сессий охватывают 10:00–18:45,"[""2024-11-27"", ""2024-11-28"", ""2024-11-29"", ""2024-12-02"", ""2024-12-03"", ""2024-12-04"", ""2024-12-05"", ""2024-12-06"", ""2024-12-09"", ""2024-12-10"", ""2024-12-11"", ""2024-12-12"", ""2024-12-13"", ""2024-12-16"", ""2024-12-17"", ""2024-12-18"", ""2024-12-19"", ""2024-12-20"", ""2024-12-23"", ""2024-12-24""]",35969000000000,85799003000000,1,,,
RTS,2024-12-26,excluded,Не все 20 прошлых сессий охватывают 10:00–18:45,"[""2024-11-28"", ""2024-11-29"", ""2024-12-02"", ""2024-12-03"", ""2024-12-04"", ""2024-12-05"", ""2024-12-06"", ""2024-12-09"", ""2024-12-10"", ""2024-12-11"", ""2024-12-12"", ""2024-12-13"", ""2024-12-16"", ""2024-12-17"", ""2024-12-18"", ""2024-12-19"", ""2024-12-20"", ""2024-12-23"", ""2024-12-24"", ""2024-12-25""]",35950000000000,85799001000000,1,,,
RTS,2024-12-27,excluded,Не все 20 прошлых сессий охватывают 10:00–18:45,"[""2024-11-29"", ""2024-12-02"", ""2024-12-03"", ""2024-12-04"", ""2024-12-05"", ""2024-12-06"", ""2024-12-09"", ""2024-12-10"", ""2024-12-11"", ""2024-12-12"", ""2024-12-13"", ""2024-12-16"", ""2024-12-17"", ""2024-12-18"", ""2024-12-19"", ""2024-12-20"", ""2024-12-23"", ""2024-12-24"", ""2024-12-25"", ""2024-12-26""]",35981000000000,85797000000000,1,,,
RTS,2024-12-30,excluded,Не все 20 прошлых сессий охватывают 10:00–18:45,"[""2024-12-02"", ""2024-12-03"", ""2024-12-04"", ""2024-12-05"", ""2024-12-06"", ""2024-12-09"", ""2024-12-10"", ""2024-12-11"", ""2024-12-12"", ""2024-12-13"", ""2024-12-16"", ""2024-12-17"", ""2024-12-18"", ""2024-12-19"", ""2024-12-20"", ""2024-12-23"", ""2024-12-24"", ""2024-12-25"", ""2024-12-26"", ""2024-12-27""]",35969000000000,85798000000000,1,,,
RTS,2025-01-03,excluded,Не все 20 прошлых сессий охватывают 10:00–18:45,"[""2024-12-03"", ""2024-12-04"", ""2024-12-05"", ""2024-12-06"", ""2024-12-09"", ""2024-12-10"", ""2024-12-11"", ""2024-12-12"", ""2024-12-13"", ""2024-12-16"", ""2024-12-17"", ""2024-12-18"", ""2024-12-19"", ""2024-12-20"", ""2024-12-23"", ""2024-12-24"", ""2024-12-25"", ""2024-12-26"", ""2024-12-27"", ""2024-12-30""]",35978000000000,85796008000000,1,,,
RTS,2025-01-06,excluded,Не все 20 прошлых сессий охватывают 10:00–18:45,"[""2024-12-04"", ""2024-12-05"", ""2024-12-06"", ""2024-12-09"", ""2024-12-10"", ""2024-12-11"", ""2024-12-12"", ""2024-12-13"", ""2024-12-16"", ""2024-12-17"", ""2024-12-18"", ""2024-12-19"", ""2024-12-20"", ""2024-12-23"", ""2024-12-24"", ""2024-12-25"", ""2024-12-26"", ""2024-12-27"", ""2024-12-30"", ""2025-01-03""]",35961000000000,85792002000000,1,,,
RTS,2025-01-08,excluded,Не все 20 прошлых сессий охватывают 10:00–18:45,"[""2024-12-05"", ""2024-12-06"", ""2024-12-09"", ""2024-12-10"", ""2024-12-11"", ""2024-12-12"", ""2024-12-13"", ""2024-12-16"", ""2024-12-17"", ""2024-12-18"", ""2024-12-19"", ""2024-12-20"", ""2024-12-23"", ""2024-12-24"", ""2024-12-25"", ""2024-12-26"", ""2024-12-27"", ""2024-12-30"", ""2025-01-03"", ""2025-01-06""]",35987000000000,85795000000000,1,,,
RTS,2025-01-09,excluded,Не все 20 прошлых сессий охватывают 10:00–18:45,"[""2024-12-06"", ""2024-12-09"", ""2024-12-10"", ""2024-12-11"", ""2024-12-12"", ""2024-12-13"", ""2024-12-16"", ""2024-12-17"", ""2024-12-18"", ""2024-12-19"", ""2024-12-20"", ""2024-12-23"", ""2024-12-24"", ""2024-12-25"", ""2024-12-26"", ""2024-12-27"", ""2024-12-30"", ""2025-01-03"", ""2025-01-06"", ""2025-01-08""]",35971000000000,85797000000000,1,,,
RTS,2025-01-10,excluded,Не все 20 прошлых сессий охватывают 10:00–18:45,"[""2024-12-09"", ""2024-12-10"", ""2024-12-11"", ""2024-12-12"", ""2024-12-13"", ""2024-12-16"", ""2024-12-17"", ""2024-12-18"", ""2024-12-19"", ""2024-12-20"", ""2024-12-23"", ""2024-12-24"", ""2024-12-25"", ""2024-12-26"", ""2024-12-27"", ""2024-12-30"", ""2025-01-03"", ""2025-01-06"", ""2025-01-08"", ""2025-01-09""]",35964000000000,85799000000000,1,,,
RTS,2025-01-13,excluded,Не все 20 прошлых сессий охватывают 10:00–18:45,"[""2024-12-10"", ""2024-12-11"", ""2024-12-12"", ""2024-12-13"", ""2024-12-16"", ""2024-12-17"", ""2024-12-18"", ""2024-12-19"", ""2024-12-20"", ""2024-12-23"", ""2024-12-24"", ""2024-12-25"", ""2024-12-26"", ""2024-12-27"", ""2024-12-30"", ""2025-01-03"", ""2025-01-06"", ""2025-01-08"", ""2025-01-09"", ""2025-01-10""]",35968000000000,85796001000000,1,,,
RTS,2025-01-14,excluded,Не все 20 прошлых сессий охватывают 10:00–18:45,"[""2024-12-11"", ""2024-12-12"", ""2024-12-13"", ""2024-12-16"", ""2024-12-17"", ""2024-12-18"", ""2024-12-19"", ""2024-12-20"", ""2024-12-23"", ""2024-12-24"", ""2024-12-25"", ""2024-12-26"", ""2024-12-27"", ""2024-12-30"", ""2025-01-03"", ""2025-01-06"", ""2025-01-08"", ""2025-01-09"", ""2025-01-10"", ""2025-01-13""]",35948000000000,85797000000000,1,,,
RTS,2025-01-15,excluded,Не все 20 прошлых сессий охватывают 10:00–18:45,"[""2024-12-12"", ""2024-12-13"", ""2024-12-16"", ""2024-12-17"", ""2024-12-18"", ""2024-12-19"", ""2024-12-20"", ""2024-12-23"", ""2024-12-24"", ""2024-12-25"", ""2024-12-26"", ""2024-12-27"", ""2024-12-30"", ""2025-01-03"", ""2025-01-06"", ""2025-01-08"", ""2025-01-09"", ""2025-01-10"", ""2025-01-13"", ""2025-01-14""]",35971000000000,85799001000000,1,,,
RTS,2025-01-16,excluded,Не все 20 прошлых сессий охватывают 10:00–18:45,"[""2024-12-13"", ""2024-12-16"", ""2024-12-17"", ""2024-12-18"", ""2024-12-19"", ""2024-12-20"", ""2024-12-23"", ""2024-12-24"", ""2024-12-25"", ""2024-12-26"", ""2024-12-27"", ""2024-12-30"", ""2025-01-03"", ""2025-01-06"", ""2025-01-08"", ""2025-01-09"", ""2025-01-10"", ""2025-01-13"", ""2025-01-14"", ""2025-01-15""]",35975000000000,85798000000000,1,,,
RTS,2025-01-17,excluded,Не все 20 прошлых сессий охватывают 10:00–18:45,"[""2024-12-16"", ""2024-12-17"", ""2024-12-18"", ""2024-12-19"", ""2024-12-20"", ""2024-12-23"", ""2024-12-24"", ""2024-12-25"", ""2024-12-26"", ""2024-12-27"", ""2024-12-30"", ""2025-01-03"", ""2025-01-06"", ""2025-01-08"", ""2025-01-09"", ""2025-01-10"", ""2025-01-13"", ""2025-01-14"", ""2025-01-15"", ""2025-01-16""]",35965000000000,85799001000000,1,,,
RTS,2025-01-20,excluded,Не все 20 прошлых сессий охватывают 10:00–18:45,"[""2024-12-17"", ""2024-12-18"", ""2024-12-19"", ""2024-12-20"", ""2024-12-23"", ""2024-12-24"", ""2024-12-25"", ""2024-12-26"", ""2024-12-27"", ""2024-12-30"", ""2025-01-03"", ""2025-01-06"", ""2025-01-08"", ""2025-01-09"", ""2025-01-10"", ""2025-01-13"", ""2025-01-14"", ""2025-01-15"", ""2025-01-16"", ""2025-01-17""]",35969000000000,85799000000000,1,,,
RTS,2025-01-21,excluded,Не все 20 прошлых сессий охватывают 10:00–18:45,"[""2024-12-18"", ""2024-12-19"", ""2024-12-20"", ""2024-12-23"", ""2024-12-24"", ""2024-12-25"", ""2024-12-26"", ""2024-12-27"", ""2024-12-30"", ""2025-01-03"", ""2025-01-06"", ""2025-01-08"", ""2025-01-09"", ""2025-01-10"", ""2025-01-13"", ""2025-01-14"", ""2025-01-15"", ""2025-01-16"", ""2025-01-17"", ""2025-01-20""]",35964000000000,85796000000000,1,,,
RTS,2025-01-22,excluded,Не все 20 прошлых сессий охватывают 10:00–18:45,"[""2024-12-19"", ""2024-12-20"", ""2024-12-23"", ""2024-12-24"", ""2024-12-25"", ""2024-12-26"", ""2024-12-27"", ""2024-12-30"", ""2025-01-03"", ""2025-01-06"", ""2025-01-08"", ""2025-01-09"", ""2025-01-10"", ""2025-01-13"", ""2025-01-14"", ""2025-01-15"", ""2025-01-16"", ""2025-01-17"", ""2025-01-20"", ""2025-01-21""]",35971000000000,85797002000000,1,,,
RTS,2025-01-23,excluded,Не все 20 прошлых сессий охватывают 10:00–18:45,"[""2024-12-20"", ""2024-12-23"", ""2024-12-24"", ""2024-12-25"", ""2024-12-26"", ""2024-12-27"", ""2024-12-30"", ""2025-01-03"", ""2025-01-06"", ""2025-01-08"", ""2025-01-09"", ""2025-01-10"", ""2025-01-13"", ""2025-01-14"", ""2025-01-15"", ""2025-01-16"", ""2025-01-17"", ""2025-01-20"", ""2025-01-21"", ""2025-01-22""]",35975000000000,85795001000000,1,,,
RTS,2025-01-24,included,,"[""2024-12-23"", ""2024-12-24"", ""2024-12-25"", ""2024-12-26"", ""2024-12-27"", ""2024-12-30"", ""2025-01-03"", ""2025-01-06"", ""2025-01-08"", ""2025-01-09"", ""2025-01-10"", ""2025-01-13"", ""2025-01-14"", ""2025-01-15"", ""2025-01-16"", ""2025-01-17"", ""2025-01-20"", ""2025-01-21"", ""2025-01-22"", ""2025-01-23""]",35986000000000,85799002000000,1,6.0,1.0,4.0
RTS,2025-01-27,included,,"[""2024-12-24"", ""2024-12-25"", ""2024-12-26"", ""2024-12-27"", ""2024-12-30"", ""2025-01-03"", ""2025-01-06"", ""2025-01-08"", ""2025-01-09"", ""2025-01-10"", ""2025-01-13"", ""2025-01-14"", ""2025-01-15"", ""2025-01-16"", ""2025-01-17"", ""2025-01-20"", ""2025-01-21"", ""2025-01-22"", ""2025-01-23"", ""2025-01-24""]",32400000000000,85799000000000,1,12.0,0.0,0.0
RTS,2025-01-28,included,,"[""2024-12-25"", ""2024-12-26"", ""2024-12-27"", ""2024-12-30"", ""2025-01-03"", ""2025-01-06"", ""2025-01-08"", ""2025-01-09"", ""2025-01-10"", ""2025-01-13"", ""2025-01-14"", ""2025-01-15"", ""2025-01-16"", ""2025-01-17"", ""2025-01-20"", ""2025-01-21"", ""2025-01-22"", ""2025-01-23"", ""2025-01-24"", ""2025-01-27""]",32381000000000,85799004000000,1,5.0,2.0,1.0
RTS,2025-01-29,included,,"[""2024-12-26"", ""2024-12-27"", ""2024-12-30"", ""2025-01-03"", ""2025-01-06"", ""2025-01-08"", ""2025-01-09"", ""2025-01-10"", ""2025-01-13"", ""2025-01-14"", ""2025-01-15"", ""2025-01-16"", ""2025-01-17"", ""2025-01-20"", ""2025-01-21"", ""2025-01-22"", ""2025-01-23"", ""2025-01-24"", ""2025-01-27"", ""2025-01-28""]",32368000000000,85799000000000,1,6.0,0.0,0.0
RTS,2025-01-30,included,,"[""2024-12-27"", ""2024-12-30"", ""2025-01-03"", ""2025-01-06"", ""2025-01-08"", ""2025-01-09"", ""2025-01-10"", ""2025-01-13"", ""2025-01-14"", ""2025-01-15"", ""2025-01-16"", ""2025-01-17"", ""2025-01-20"", ""2025-01-21"", ""2025-01-22"", ""2025-01-23"", ""2025-01-24"", ""2025-01-27"", ""2025-01-28"", ""2025-01-29""]",32372000000000,85796000000000,1,4.0,0.0,4.0
RTS,2025-01-31,included,,"[""2024-12-30"", ""2025-01-03"", ""2025-01-06"", ""2025-01-08"", ""2025-01-09"", ""2025-01-10"", ""2025-01-13"", ""2025-01-14"", ""2025-01-15"", ""2025-01-16"", ""2025-01-17"", ""2025-01-20"", ""2025-01-21"", ""2025-01-22"", ""2025-01-23"", ""2025-01-24"", ""2025-01-27"", ""2025-01-28"", ""2025-01-29"", ""2025-01-30""]",32373000000000,85799000000000,1,7.0,0.0,0.0
RTS,2025-02-03,included,,"[""2025-01-03"", ""2025-01-06"", ""2025-01-08"", ""2025-01-09"", ""2025-01-10"", ""2025-01-13"", ""2025-01-14"", ""2025-01-15"", ""2025-01-16"", ""2025-01-17"", ""2025-01-20"", ""2025-01-21"", ""2025-01-22"", ""2025-01-23"", ""2025-01-24"", ""2025-01-27"", ""2025-01-28"", ""2025-01-29"", ""2025-01-30"", ""2025-01-31""]",32374000000000,85799004000000,1,7.0,4.0,0.0
RTS,2025-02-04,included,,"[""2025-01-06"", ""2025-01-08"", ""2025-01-09"", ""2025-01-10"", ""2025-01-13"", ""2025-01-14"", ""2025-01-15"", ""2025-01-16"", ""2025-01-17"", ""2025-01-20"", ""2025-01-21"", ""2025-01-22"", ""2025-01-23"", ""2025-01-24"", ""2025-01-27"", ""2025-01-28"", ""2025-01-29"", ""2025-01-30"", ""2025-01-31"", ""2025-02-03""]",32349000000000,85799002000000,1,10.0,0.0,0.0
RTS,2025-02-05,included,,"[""2025-01-08"", ""2025-01-09"", ""2025-01-10"", ""2025-01-13"", ""2025-01-14"", ""2025-01-15"", ""2025-01-16"", ""2025-01-17"", ""2025-01-20"", ""2025-01-21"", ""2025-01-22"", ""2025-01-23"", ""2025-01-24"", ""2025-01-27"", ""2025-01-28"", ""2025-01-29"", ""2025-01-30"", ""2025-01-31"", ""2025-02-03"", ""2025-02-04""]",32385000000000,85797001000000,1,7.0,6.0,0.0
RTS,2025-02-06,included,,"[""2025-01-09"", ""2025-01-10"", ""2025-01-13"", ""2025-01-14"", ""2025-01-15"", ""2025-01-16"", ""2025-01-17"", ""2025-01-20"", ""2025-01-21"", ""2025-01-22"", ""2025-01-23"", ""2025-01-24"", ""2025-01-27"", ""2025-01-28"", ""2025-01-29"", ""2025-01-30"", ""2025-01-31"", ""2025-02-03"", ""2025-02-04"", ""2025-02-05""]",32363000000000,85799000000000,1,7.0,2.0,0.0
RTS,2025-02-07,included,,"[""2025-01-10"", ""2025-01-13"", ""2025-01-14"", ""2025-01-15"", ""2025-01-16"", ""2025-01-17"", ""2025-01-20"", ""2025-01-21"", ""2025-01-22"", ""2025-01-23"", ""2025-01-24"", ""2025-01-27"", ""2025-01-28"", ""2025-01-29"", ""2025-01-30"", ""2025-01-31"", ""2025-02-03"", ""2025-02-04"", ""2025-02-05"", ""2025-02-06""]",32389000000000,85799003000000,1,5.0,0.0,6.0
RTS,2025-02-10,included,,"[""2025-01-13"", ""2025-01-14"", ""2025-01-15"", ""2025-01-16"", ""2025-01-17"", ""2025-01-20"", ""2025-01-21"", ""2025-01-22"", ""2025-01-23"", ""2025-01-24"", ""2025-01-27"", ""2025-01-28"", ""2025-01-29"", ""2025-01-30"", ""2025-01-31"", ""2025-02-03"", ""2025-02-04"", ""2025-02-05"", ""2025-02-06"", ""2025-02-07""]",32387000000000,85798001000000,1,2.0,0.0,4.0
RTS,2025-02-11,included,,"[""2025-01-14"", ""2025-01-15"", ""2025-01-16"", ""2025-01-17"", ""2025-01-20"", ""2025-01-21"", ""2025-01-22"", ""2025-01-23"", ""2025-01-24"", ""2025-01-27"", ""2025-01-28"", ""2025-01-29"", ""2025-01-30"", ""2025-01-31"", ""2025-02-03"", ""2025-02-04"", ""2025-02-05"", ""2025-02-06"", ""2025-02-07"", ""2025-02-10""]",32343000000000,85797000000000,1,4.0,3.0,3.0
RTS,2025-02-12,included,,"[""2025-01-15"", ""2025-01-16"", ""2025-01-17"", ""2025-01-20"", ""2025-01-21"", ""2025-01-22"", ""2025-01-23"", ""2025-01-24"", ""2025-01-27"", ""2025-01-28"", ""2025-01-29"", ""2025-01-30"", ""2025-01-31"", ""2025-02-03"", ""2025-02-04"", ""2025-02-05"", ""2025-02-06"", ""2025-02-07"", ""2025-02-10"", ""2025-02-11""]",32349000000000,85796000000000,1,2.0,2.0,1.0
RTS,2025-02-13,included,,"[""2025-01-16"", ""2025-01-17"", ""2025-01-20"", ""2025-01-21"", ""2025-01-22"", ""2025-01-23"", ""2025-01-24"", ""2025-01-27"", ""2025-01-28"", ""2025-01-29"", ""2025-01-30"", ""2025-01-31"", ""2025-02-03"", ""2025-02-04"", ""2025-02-05"", ""2025-02-06"", ""2025-02-07"", ""2025-02-10"", ""2025-02-11"", ""2025-02-12""]",32350000000000,85797000000000,1,8.0,8.0,4.0
RTS,2025-02-14,included,,"[""2025-01-17"", ""2025-01-20"", ""2025-01-21"", ""2025-01-22"", ""2025-01-23"", ""2025-01-24"", ""2025-01-27"", ""2025-01-28"", ""2025-01-29"", ""2025-01-30"", ""2025-01-31"", ""2025-02-03"", ""2025-02-04"", ""2025-02-05"", ""2025-02-06"", ""2025-02-07"", ""2025-02-10"", ""2025-02-11"", ""2025-02-12"", ""2025-02-13""]",32379000000000,85795000000000,1,6.0,6.0,1.0
RTS,2025-02-17,included,,"[""2025-01-20"", ""2025-01-21"", ""2025-01-22"", ""2025-01-23"", ""2025-01-24"", ""2025-01-27"", ""2025-01-28"", ""2025-01-29"", ""2025-01-30"", ""2025-01-31"", ""2025-02-03"", ""2025-02-04"", ""2025-02-05"", ""2025-02-06"", ""2025-02-07"", ""2025-02-10"", ""2025-02-11"", ""2025-02-12"", ""2025-02-13"", ""2025-02-14""]",32366000000000,85799000000000,1,4.0,4.0,1.0
RTS,2025-02-18,included,,"[""2025-01-21"", ""2025-01-22"", ""2025-01-23"", ""2025-01-24"", ""2025-01-27"", ""2025-01-28"", ""2025-01-29"", ""2025-01-30"", ""2025-01-31"", ""2025-02-03"", ""2025-02-04"", ""2025-02-05"", ""2025-02-06"", ""2025-02-07"", ""2025-02-10"", ""2025-02-11"", ""2025-02-12"", ""2025-02-13"", ""2025-02-14"", ""2025-02-17""]",32377000000000,85799005000000,1,6.0,6.0,4.0
RTS,2025-02-19,included,,"[""2025-01-22"", ""2025-01-23"", ""2025-01-24"", ""2025-01-27"", ""2025-01-28"", ""2025-01-29"", ""2025-01-30"", ""2025-01-31"", ""2025-02-03"", ""2025-02-04"", ""2025-02-05"", ""2025-02-06"", ""2025-02-07"", ""2025-02-10"", ""2025-02-11"", ""2025-02-12"", ""2025-02-13"", ""2025-02-14"", ""2025-02-17"", ""2025-02-18""]",32367000000000,85798000000000,1,7.0,6.0,4.0
RTS,2025-02-20,included,,"[""2025-01-23"", ""2025-01-24"", ""2025-01-27"", ""2025-01-28"", ""2025-01-29"", ""2025-01-30"", ""2025-01-31"", ""2025-02-03"", ""2025-02-04"", ""2025-02-05"", ""2025-02-06"", ""2025-02-07"", ""2025-02-10"", ""2025-02-11"", ""2025-02-12"", ""2025-02-13"", ""2025-02-14"", ""2025-02-17"", ""2025-02-18"", ""2025-02-19""]",32382000000000,85797000000000,1,6.0,6.0,5.0
RTS,2025-02-21,included,,"[""2025-01-24"", ""2025-01-27"", ""2025-01-28"", ""2025-01-29"", ""2025-01-30"", ""2025-01-31"", ""2025-02-03"", ""2025-02-04"", ""2025-02-05"", ""2025-02-06"", ""2025-02-07"", ""2025-02-10"", ""2025-02-11"", ""2025-02-12"", ""2025-02-13"", ""2025-02-14"", ""2025-02-17"", ""2025-02-18"", ""2025-02-19"", ""2025-02-20""]",32347000000000,85798001000000,1,6.0,5.0,4.0
RTS,2025-02-24,included,,"[""2025-01-27"", ""2025-01-28"", ""2025-01-29"", ""2025-01-30"", ""2025-01-31"", ""2025-02-03"", ""2025-02-04"", ""2025-02-05"", ""2025-02-06"", ""2025-02-07"", ""2025-02-10"", ""2025-02-11"", ""2025-02-12"", ""2025-02-13"", ""2025-02-14"", ""2025-02-17"", ""2025-02-18"", ""2025-02-19"", ""2025-02-20"", ""2025-02-21""]",32368000000000,85798007000000,1,14.0,7.0,0.0
RTS,2025-02-25,included,,"[""2025-01-28"", ""2025-01-29"", ""2025-01-30"", ""2025-01-31"", ""2025-02-03"", ""2025-02-04"", ""2025-02-05"", ""2025-02-06"", ""2025-02-07"", ""2025-02-10"", ""2025-02-11"", ""2025-02-12"", ""2025-02-13"", ""2025-02-14"", ""2025-02-17"", ""2025-02-18"", ""2025-02-19"", ""2025-02-20"", ""2025-02-21"", ""2025-02-24""]",32351000000000,85798000000000,1,7.0,7.0,0.0
RTS,2025-02-26,included,,"[""2025-01-29"", ""2025-01-30"", ""2025-01-31"", ""2025-02-03"", ""2025-02-04"", ""2025-02-05"", ""2025-02-06"", ""2025-02-07"", ""2025-02-10"", ""2025-02-11"", ""2025-02-12"", ""2025-02-13"", ""2025-02-14"", ""2025-02-17"", ""2025-02-18"", ""2025-02-19"", ""2025-02-20"", ""2025-02-21"", ""2025-02-24"", ""2025-02-25""]",32368000000000,85798000000000,1,2.0,2.0,0.0
RTS,2025-02-27,included,,"[""2025-01-30"", ""2025-01-31"", ""2025-02-03"", ""2025-02-04"", ""2025-02-05"", ""2025-02-06"", ""2025-02-07"", ""2025-02-10"", ""2025-02-11"", ""2025-02-12"", ""2025-02-13"", ""2025-02-14"", ""2025-02-17"", ""2025-02-18"", ""2025-02-19"", ""2025-02-20"", ""2025-02-21"", ""2025-02-24"", ""2025-02-25"", ""2025-02-26""]",32359000000000,85799003000000,1,7.0,7.0,8.0
RTS,2025-02-28,included,,"[""2025-01-31"", ""2025-02-03"", ""2025-02-04"", ""2025-02-05"", ""2025-02-06"", ""2025-02-07"", ""2025-02-10"", ""2025-02-11"", ""2025-02-12"", ""2025-02-13"", ""2025-02-14"", ""2025-02-17"", ""2025-02-18"", ""2025-02-19"", ""2025-02-20"", ""2025-02-21"", ""2025-02-24"", ""2025-02-25"", ""2025-02-26"", ""2025-02-27""]",32375000000000,85798002000000,1,6.0,3.0,0.0
RTS,2025-03-03,included,,"[""2025-02-03"", ""2025-02-04"", ""2025-02-05"", ""2025-02-06"", ""2025-02-07"", ""2025-02-10"", ""2025-02-11"", ""2025-02-12"", ""2025-02-13"", ""2025-02-14"", ""2025-02-17"", ""2025-02-18"", ""2025-02-19"", ""2025-02-20"", ""2025-02-21"", ""2025-02-24"", ""2025-02-25"", ""2025-02-26"", ""2025-02-27"", ""2025-02-28""]",32373000000000,85799000000000,1,1.0,1.0,9.0
RTS,2025-03-04,included,,"[""2025-02-04"", ""2025-02-05"", ""2025-02-06"", ""2025-02-07"", ""2025-02-10"", ""2025-02-11"", ""2025-02-12"", ""2025-02-13"", ""2025-02-14"", ""2025-02-17"", ""2025-02-18"", ""2025-02-19"", ""2025-02-20"", ""2025-02-21"", ""2025-02-24"", ""2025-02-25"", ""2025-02-26"", ""2025-02-27"", ""2025-02-28"", ""2025-03-03""]",32381000000000,85799000000000,1,10.0,2.0,0.0
RTS,2025-03-05,included,,"[""2025-02-05"", ""2025-02-06"", ""2025-02-07"", ""2025-02-10"", ""2025-02-11"", ""2025-02-12"", ""2025-02-13"", ""2025-02-14"", ""2025-02-17"", ""2025-02-18"", ""2025-02-19"", ""2025-02-20"", ""2025-02-21"", ""2025-02-24"", ""2025-02-25"", ""2025-02-26"", ""2025-02-27"", ""2025-02-28"", ""2025-03-03"", ""2025-03-04""]",32375000000000,85798001000000,1,3.0,0.0,0.0
RTS,2025-03-06,included,,"[""2025-02-06"", ""2025-02-07"", ""2025-02-10"", ""2025-02-11"", ""2025-02-12"", ""2025-02-13"", ""2025-02-14"", ""2025-02-17"", ""2025-02-18"", ""2025-02-19"", ""2025-02-20"", ""2025-02-21"", ""2025-02-24"", ""2025-02-25"", ""2025-02-26"", ""2025-02-27"", ""2025-02-28"", ""2025-03-03"", ""2025-03-04"", ""2025-03-05""]",32341000000000,85799000000000,1,12.0,1.0,1.0
RTS,2025-03-07,included,,"[""2025-02-07"", ""2025-02-10"", ""2025-02-11"", ""2025-02-12"", ""2025-02-13"", ""2025-02-14"", ""2025-02-17"", ""2025-02-18"", ""2025-02-19"", ""2025-02-20"", ""2025-02-21"", ""2025-02-24"", ""2025-02-25"", ""2025-02-26"", ""2025-02-27"", ""2025-02-28"", ""2025-03-03"", ""2025-03-04"", ""2025-03-05"", ""2025-03-06""]",32365000000000,85798001000000,1,3.0,0.0,0.0
RTS,2025-03-10,included,,"[""2025-02-10"", ""2025-02-11"", ""2025-02-12"", ""2025-02-13"", ""2025-02-14"", ""2025-02-17"", ""2025-02-18"", ""2025-02-19"", ""2025-02-20"", ""2025-02-21"", ""2025-02-24"", ""2025-02-25"", ""2025-02-26"", ""2025-02-27"", ""2025-02-28"", ""2025-03-03"", ""2025-03-04"", ""2025-03-05"", ""2025-03-06"", ""2025-03-07""]",32359000000000,85799000000000,1,6.0,0.0,0.0
RTS,2025-03-11,included,,"[""2025-02-11"", ""2025-02-12"", ""2025-02-13"", ""2025-02-14"", ""2025-02-17"", ""2025-02-18"", ""2025-02-19"", ""2025-02-20"", ""2025-02-21"", ""2025-02-24"", ""2025-02-25"", ""2025-02-26"", ""2025-02-27"", ""2025-02-28"", ""2025-03-03"", ""2025-03-04"", ""2025-03-05"", ""2025-03-06"", ""2025-03-07"", ""2025-03-10""]",32374000000000,85799000000000,1,6.0,0.0,1.0
RTS,2025-03-12,included,,"[""2025-02-12"", ""2025-02-13"", ""2025-02-14"", ""2025-02-17"", ""2025-02-18"", ""2025-02-19"", ""2025-02-20"", ""2025-02-21"", ""2025-02-24"", ""2025-02-25"", ""2025-02-26"", ""2025-02-27"", ""2025-02-28"", ""2025-03-03"", ""2025-03-04"", ""2025-03-05"", ""2025-03-06"", ""2025-03-07"", ""2025-03-10"", ""2025-03-11""]",32379000000000,85799000000000,1,8.0,0.0,0.0
RTS,2025-03-13,included,,"[""2025-02-13"", ""2025-02-14"", ""2025-02-17"", ""2025-02-18"", ""2025-02-19"", ""2025-02-20"", ""2025-02-21"", ""2025-02-24"", ""2025-02-25"", ""2025-02-26"", ""2025-02-27"", ""2025-02-28"", ""2025-03-03"", ""2025-03-04"", ""2025-03-05"", ""2025-03-06"", ""2025-03-07"", ""2025-03-10"", ""2025-03-11"", ""2025-03-12""]",32367000000000,85799000000000,1,9.0,4.0,0.0
RTS,2025-03-14,included,,"[""2025-02-14"", ""2025-02-17"", ""2025-02-18"", ""2025-02-19"", ""2025-02-20"", ""2025-02-21"", ""2025-02-24"", ""2025-02-25"", ""2025-02-26"", ""2025-02-27"", ""2025-02-28"", ""2025-03-03"", ""2025-03-04"", ""2025-03-05"", ""2025-03-06"", ""2025-03-07"", ""2025-03-10"", ""2025-03-11"", ""2025-03-12"", ""2025-03-13""]",32354000000000,85797002000000,1,3.0,0.0,0.0
RTS,2025-03-17,included,,"[""2025-02-17"", ""2025-02-18"", ""2025-02-19"", ""2025-02-20"", ""2025-02-21"", ""2025-02-24"", ""2025-02-25"", ""2025-02-26"", ""2025-02-27"", ""2025-02-28"", ""2025-03-03"", ""2025-03-04"", ""2025-03-05"", ""2025-03-06"", ""2025-03-07"", ""2025-03-10"", ""2025-03-11"", ""2025-03-12"", ""2025-03-13"", ""2025-03-14""]",32382000000000,85797002000000,1,2.0,0.0,0.0
RTS,2025-03-18,included,,"[""2025-02-18"", ""2025-02-19"", ""2025-02-20"", ""2025-02-21"", ""2025-02-24"", ""2025-02-25"", ""2025-02-26"", ""2025-02-27"", ""2025-02-28"", ""2025-03-03"", ""2025-03-04"", ""2025-03-05"", ""2025-03-06"", ""2025-03-07"", ""2025-03-10"", ""2025-03-11"", ""2025-03-12"", ""2025-03-13"", ""2025-03-14"", ""2025-03-17""]",32372000000000,85798000000000,1,4.0,0.0,0.0
RTS,2025-03-19,included,,"[""2025-02-19"", ""2025-02-20"", ""2025-02-21"", ""2025-02-24"", ""2025-02-25"", ""2025-02-26"", ""2025-02-27"", ""2025-02-28"", ""2025-03-03"", ""2025-03-04"", ""2025-03-05"", ""2025-03-06"", ""2025-03-07"", ""2025-03-10"", ""2025-03-11"", ""2025-03-12"", ""2025-03-13"", ""2025-03-14"", ""2025-03-17"", ""2025-03-18""]",32354000000000,85796001000000,1,4.0,0.0,2.0
RTS,2025-03-20,included,,"[""2025-02-20"", ""2025-02-21"", ""2025-02-24"", ""2025-02-25"", ""2025-02-26"", ""2025-02-27"", ""2025-02-28"", ""2025-03-03"", ""2025-03-04"", ""2025-03-05"", ""2025-03-06"", ""2025-03-07"", ""2025-03-10"", ""2025-03-11"", ""2025-03-12"", ""2025-03-13"", ""2025-03-14"", ""2025-03-17"", ""2025-03-18"", ""2025-03-19""]",32359000000000,85799000000000,1,3.0,0.0,2.0
RTS,2025-03-21,included,,"[""2025-02-21"", ""2025-02-24"", ""2025-02-25"", ""2025-02-26"", ""2025-02-27"", ""2025-02-28"", ""2025-03-03"", ""2025-03-04"", ""2025-03-05"", ""2025-03-06"", ""2025-03-07"", ""2025-03-10"", ""2025-03-11"", ""2025-03-12"", ""2025-03-13"", ""2025-03-14"", ""2025-03-17"", ""2025-03-18"", ""2025-03-19"", ""2025-03-20""]",32348000000000,85798000000000,1,6.0,0.0,4.0
RTS,2025-03-24,included,,"[""2025-02-24"", ""2025-02-25"", ""2025-02-26"", ""2025-02-27"", ""2025-02-28"", ""2025-03-03"", ""2025-03-04"", ""2025-03-05"", ""2025-03-06"", ""2025-03-07"", ""2025-03-10"", ""2025-03-11"", ""2025-03-12"", ""2025-03-13"", ""2025-03-14"", ""2025-03-17"", ""2025-03-18"", ""2025-03-19"", ""2025-03-20"", ""2025-03-21""]",32366000000000,85797000000000,1,7.0,0.0,0.0
RTS,2025-03-25,included,,"[""2025-02-25"", ""2025-02-26"", ""2025-02-27"", ""2025-02-28"", ""2025-03-03"", ""2025-03-04"", ""2025-03-05"", ""2025-03-06"", ""2025-03-07"", ""2025-03-10"", ""2025-03-11"", ""2025-03-12"", ""2025-03-13"", ""2025-03-14"", ""2025-03-17"", ""2025-03-18"", ""2025-03-19"", ""2025-03-20"", ""2025-03-21"", ""2025-03-24""]",32359000000000,85797000000000,1,4.0,0.0,0.0
RTS,2025-03-26,included,,"[""2025-02-26"", ""2025-02-27"", ""2025-02-28"", ""2025-03-03"", ""2025-03-04"", ""2025-03-05"", ""2025-03-06"", ""2025-03-07"", ""2025-03-10"", ""2025-03-11"", ""2025-03-12"", ""2025-03-13"", ""2025-03-14"", ""2025-03-17"", ""2025-03-18"", ""2025-03-19"", ""2025-03-20"", ""2025-03-21"", ""2025-03-24"", ""2025-03-25""]",32383000000000,85797000000000,1,5.0,0.0,13.0
RTS,2025-03-27,included,,"[""2025-02-27"", ""2025-02-28"", ""2025-03-03"", ""2025-03-04"", ""2025-03-05"", ""2025-03-06"", ""2025-03-07"", ""2025-03-10"", ""2025-03-11"", ""2025-03-12"", ""2025-03-13"", ""2025-03-14"", ""2025-03-17"", ""2025-03-18"", ""2025-03-19"", ""2025-03-20"", ""2025-03-21"", ""2025-03-24"", ""2025-03-25"", ""2025-03-26""]",32388000000000,85799004000000,1,3.0,0.0,0.0
RTS,2025-03-28,included,,"[""2025-02-28"", ""2025-03-03"", ""2025-03-04"", ""2025-03-05"", ""2025-03-06"", ""2025-03-07"", ""2025-03-10"", ""2025-03-11"", ""2025-03-12"", ""2025-03-13"", ""2025-03-14"", ""2025-03-17"", ""2025-03-18"", ""2025-03-19"", ""2025-03-20"", ""2025-03-21"", ""2025-03-24"", ""2025-03-25"", ""2025-03-26"", ""2025-03-27""]",32357000000000,85799000000000,1,3.0,1.0,3.0
RTS,2025-03-31,included,,"[""2025-03-03"", ""2025-03-04"", ""2025-03-05"", ""2025-03-06"", ""2025-03-07"", ""2025-03-10"", ""2025-03-11"", ""2025-03-12"", ""2025-03-13"", ""2025-03-14"", ""2025-03-17"", ""2025-03-18"", ""2025-03-19"", ""2025-03-20"", ""2025-03-21"", ""2025-03-24"", ""2025-03-25"", ""2025-03-26"", ""2025-03-27"", ""2025-03-28""]",32365000000000,85798009000000,1,9.0,9.0,7.0
RTS,2025-04-01,included,,"[""2025-03-04"", ""2025-03-05"", ""2025-03-06"", ""2025-03-07"", ""2025-03-10"", ""2025-03-11"", ""2025-03-12"", ""2025-03-13"", ""2025-03-14"", ""2025-03-17"", ""2025-03-18"", ""2025-03-19"", ""2025-03-20"", ""2025-03-21"", ""2025-03-24"", ""2025-03-25"", ""2025-03-26"", ""2025-03-27"", ""2025-03-28"", ""2025-03-31""]",32345000000000,85798002000000,1,2.0,1.0,0.0
RTS,2025-04-02,included,,"[""2025-03-05"", ""2025-03-06"", ""2025-03-07"", ""2025-03-10"", ""2025-03-11"", ""2025-03-12"", ""2025-03-13"", ""2025-03-14"", ""2025-03-17"", ""2025-03-18"", ""2025-03-19"", ""2025-03-20"", ""2025-03-21"", ""2025-03-24"", ""2025-03-25"", ""2025-03-26"", ""2025-03-27"", ""2025-03-28"", ""2025-03-31"", ""2025-04-01""]",32354000000000,85791000000000,1,14.0,1.0,0.0
RTS,2025-04-03,included,,"[""2025-03-06"", ""2025-03-07"", ""2025-03-10"", ""2025-03-11"", ""2025-03-12"", ""2025-03-13"", ""2025-03-14"", ""2025-03-17"", ""2025-03-18"", ""2025-03-19"", ""2025-03-20"", ""2025-03-21"", ""2025-03-24"", ""2025-03-25"", ""2025-03-26"", ""2025-03-27"", ""2025-03-28"", ""2025-03-31"", ""2025-04-01"", ""2025-04-02""]",32379000000000,85799000000000,1,2.0,2.0,0.0
RTS,2025-04-04,included,,"[""2025-03-07"", ""2025-03-10"", ""2025-03-11"", ""2025-03-12"", ""2025-03-13"", ""2025-03-14"", ""2025-03-17"", ""2025-03-18"", ""2025-03-19"", ""2025-03-20"", ""2025-03-21"", ""2025-03-24"", ""2025-03-25"", ""2025-03-26"", ""2025-03-27"", ""2025-03-28"", ""2025-03-31"", ""2025-04-01"", ""2025-04-02"", ""2025-04-03""]",32352000000000,85794001000000,1,1.0,1.0,3.0
RTS,2025-04-07,included,,"[""2025-03-10"", ""2025-03-11"", ""2025-03-12"", ""2025-03-13"", ""2025-03-14"", ""2025-03-17"", ""2025-03-18"", ""2025-03-19"", ""2025-03-20"", ""2025-03-21"", ""2025-03-24"", ""2025-03-25"", ""2025-03-26"", ""2025-03-27"", ""2025-03-28"", ""2025-03-31"", ""2025-04-01"", ""2025-04-02"", ""2025-04-03"", ""2025-04-04""]",32351000000000,85799000000000,1,8.0,8.0,0.0
RTS,2025-04-08,included,,"[""2025-03-11"", ""2025-03-12"", ""2025-03-13"", ""2025-03-14"", ""2025-03-17"", ""2025-03-18"", ""2025-03-19"", ""2025-03-20"", ""2025-03-21"", ""2025-03-24"", ""2025-03-25"", ""2025-03-26"", ""2025-03-27"", ""2025-03-28"", ""2025-03-31"", ""2025-04-01"", ""2025-04-02"", ""2025-04-03"", ""2025-04-04"", ""2025-04-07""]",32345000000000,85799003000000,1,3.0,1.0,2.0
RTS,2025-04-09,included,,"[""2025-03-12"", ""2025-03-13"", ""2025-03-14"", ""2025-03-17"", ""2025-03-18"", ""2025-03-19"", ""2025-03-20"", ""2025-03-21"", ""2025-03-24"", ""2025-03-25"", ""2025-03-26"", ""2025-03-27"", ""2025-03-28"", ""2025-03-31"", ""2025-04-01"", ""2025-04-02"", ""2025-04-03"", ""2025-04-04"", ""2025-04-07"", ""2025-04-08""]",32361000000000,85798011000000,1,4.0,4.0,1.0
RTS,2025-04-10,included,,"[""2025-03-13"", ""2025-03-14"", ""2025-03-17"", ""2025-03-18"", ""2025-03-19"", ""2025-03-20"", ""2025-03-21"", ""2025-03-24"", ""2025-03-25"", ""2025-03-26"", ""2025-03-27"", ""2025-03-28"", ""2025-03-31"", ""2025-04-01"", ""2025-04-02"", ""2025-04-03"", ""2025-04-04"", ""2025-04-07"", ""2025-04-08"", ""2025-04-09""]",32361000000000,85797008000000,1,10.0,10.0,1.0
RTS,2025-04-11,included,,"[""2025-03-14"", ""2025-03-17"", ""2025-03-18"", ""2025-03-19"", ""2025-03-20"", ""2025-03-21"", ""2025-03-24"", ""2025-03-25"", ""2025-03-26"", ""2025-03-27"", ""2025-03-28"", ""2025-03-31"", ""2025-04-01"", ""2025-04-02"", ""2025-04-03"", ""2025-04-04"", ""2025-04-07"", ""2025-04-08"", ""2025-04-09"", ""2025-04-10""]",32345000000000,85799002000000,1,10.0,7.0,0.0
RTS,2025-04-14,included,,"[""2025-03-17"", ""2025-03-18"", ""2025-03-19"", ""2025-03-20"", ""2025-03-21"", ""2025-03-24"", ""2025-03-25"", ""2025-03-26"", ""2025-03-27"", ""2025-03-28"", ""2025-03-31"", ""2025-04-01"", ""2025-04-02"", ""2025-04-03"", ""2025-04-04"", ""2025-04-07"", ""2025-04-08"", ""2025-04-09"", ""2025-04-10"", ""2025-04-11""]",32375000000000,85799000000000,1,5.0,1.0,4.0
RTS,2025-04-15,included,,"[""2025-03-18"", ""2025-03-19"", ""2025-03-20"", ""2025-03-21"", ""2025-03-24"", ""2025-03-25"", ""2025-03-26"", ""2025-03-27"", ""2025-03-28"", ""2025-03-31"", ""2025-04-01"", ""2025-04-02"", ""2025-04-03"", ""2025-04-04"", ""2025-04-07"", ""2025-04-08"", ""2025-04-09"", ""2025-04-10"", ""2025-04-11"", ""2025-04-14""]",32377000000000,85799001000000,1,7.0,0.0,2.0
RTS,2025-04-16,included,,"[""2025-03-19"", ""2025-03-20"", ""2025-03-21"", ""2025-03-24"", ""2025-03-25"", ""2025-03-26"", ""2025-03-27"", ""2025-03-28"", ""2025-03-31"", ""2025-04-01"", ""2025-04-02"", ""2025-04-03"", ""2025-04-04"", ""2025-04-07"", ""2025-04-08"", ""2025-04-09"", ""2025-04-10"", ""2025-04-11"", ""2025-04-14"", ""2025-04-15""]",32341000000000,85797001000000,1,13.0,8.0,1.0
RTS,2025-04-17,included,,"[""2025-03-20"", ""2025-03-21"", ""2025-03-24"", ""2025-03-25"", ""2025-03-26"", ""2025-03-27"", ""2025-03-28"", ""2025-03-31"", ""2025-04-01"", ""2025-04-02"", ""2025-04-03"", ""2025-04-04"", ""2025-04-07"", ""2025-04-08"", ""2025-04-09"", ""2025-04-10"", ""2025-04-11"", ""2025-04-14"", ""2025-04-15"", ""2025-04-16""]",32348000000000,85797002000000,1,3.0,3.0,0.0
RTS,2025-04-18,included,,"[""2025-03-21"", ""2025-03-24"", ""2025-03-25"", ""2025-03-26"", ""2025-03-27"", ""2025-03-28"", ""2025-03-31"", ""2025-04-01"", ""2025-04-02"", ""2025-04-03"", ""2025-04-04"", ""2025-04-07"", ""2025-04-08"", ""2025-04-09"", ""2025-04-10"", ""2025-04-11"", ""2025-04-14"", ""2025-04-15"", ""2025-04-16"", ""2025-04-17""]",32345000000000,85798013000000,1,5.0,4.0,0.0
RTS,2025-04-21,included,,"[""2025-03-24"", ""2025-03-25"", ""2025-03-26"", ""2025-03-27"", ""2025-03-28"", ""2025-03-31"", ""2025-04-01"", ""2025-04-02"", ""2025-04-03"", ""2025-04-04"", ""2025-04-07"", ""2025-04-08"", ""2025-04-09"", ""2025-04-10"", ""2025-04-11"", ""2025-04-14"", ""2025-04-15"", ""2025-04-16"", ""2025-04-17"", ""2025-04-18""]",32380000000000,85797001000000,1,9.0,0.0,5.0
RTS,2025-04-22,included,,"[""2025-03-25"", ""2025-03-26"", ""2025-03-27"", ""2025-03-28"", ""2025-03-31"", ""2025-04-01"", ""2025-04-02"", ""2025-04-03"", ""2025-04-04"", ""2025-04-07"", ""2025-04-08"", ""2025-04-09"", ""2025-04-10"", ""2025-04-11"", ""2025-04-14"", ""2025-04-15"", ""2025-04-16"", ""2025-04-17"", ""2025-04-18"", ""2025-04-21""]",32364000000000,85799000000000,1,7.0,2.0,1.0
RTS,2025-04-23,included,,"[""2025-03-26"", ""2025-03-27"", ""2025-03-28"", ""2025-03-31"", ""2025-04-01"", ""2025-04-02"", ""2025-04-03"", ""2025-04-04"", ""2025-04-07"", ""2025-04-08"", ""2025-04-09"", ""2025-04-10"", ""2025-04-11"", ""2025-04-14"", ""2025-04-15"", ""2025-04-16"", ""2025-04-17"", ""2025-04-18"", ""2025-04-21"", ""2025-04-22""]",32352000000000,85798000000000,1,11.0,11.0,4.0
RTS,2025-04-24,included,,"[""2025-03-27"", ""2025-03-28"", ""2025-03-31"", ""2025-04-01"", ""2025-04-02"", ""2025-04-03"", ""2025-04-04"", ""2025-04-07"", ""2025-04-08"", ""2025-04-09"", ""2025-04-10"", ""2025-04-11"", ""2025-04-14"", ""2025-04-15"", ""2025-04-16"", ""2025-04-17"", ""2025-04-18"", ""2025-04-21"", ""2025-04-22"", ""2025-04-23""]",32348000000000,85798000000000,1,5.0,0.0,1.0
RTS,2025-04-25,included,,"[""2025-03-28"", ""2025-03-31"", ""2025-04-01"", ""2025-04-02"", ""2025-04-03"", ""2025-04-04"", ""2025-04-07"", ""2025-04-08"", ""2025-04-09"", ""2025-04-10"", ""2025-04-11"", ""2025-04-14"", ""2025-04-15"", ""2025-04-16"", ""2025-04-17"", ""2025-04-18"", ""2025-04-21"", ""2025-04-22"", ""2025-04-23"", ""2025-04-24""]",32362000000000,85797002000000,1,10.0,0.0,6.0
RTS,2025-04-28,included,,"[""2025-03-31"", ""2025-04-01"", ""2025-04-02"", ""2025-04-03"", ""2025-04-04"", ""2025-04-07"", ""2025-04-08"", ""2025-04-09"", ""2025-04-10"", ""2025-04-11"", ""2025-04-14"", ""2025-04-15"", ""2025-04-16"", ""2025-04-17"", ""2025-04-18"", ""2025-04-21"", ""2025-04-22"", ""2025-04-23"", ""2025-04-24"", ""2025-04-25""]",32383000000000,85796001000000,1,7.0,4.0,7.0
RTS,2025-04-29,included,,"[""2025-04-01"", ""2025-04-02"", ""2025-04-03"", ""2025-04-04"", ""2025-04-07"", ""2025-04-08"", ""2025-04-09"", ""2025-04-10"", ""2025-04-11"", ""2025-04-14"", ""2025-04-15"", ""2025-04-16"", ""2025-04-17"", ""2025-04-18"", ""2025-04-21"", ""2025-04-22"", ""2025-04-23"", ""2025-04-24"", ""2025-04-25"", ""2025-04-28""]",32378000000000,85799001000000,1,12.0,0.0,5.0
RTS,2025-04-30,included,,"[""2025-04-02"", ""2025-04-03"", ""2025-04-04"", ""2025-04-07"", ""2025-04-08"", ""2025-04-09"", ""2025-04-10"", ""2025-04-11"", ""2025-04-14"", ""2025-04-15"", ""2025-04-16"", ""2025-04-17"", ""2025-04-18"", ""2025-04-21"", ""2025-04-22"", ""2025-04-23"", ""2025-04-24"", ""2025-04-25"", ""2025-04-28"", ""2025-04-29""]",32388000000000,85798004000000,1,11.0,3.0,3.0
RTS,2025-05-02,included,,"[""2025-04-03"", ""2025-04-04"", ""2025-04-07"", ""2025-04-08"", ""2025-04-09"", ""2025-04-10"", ""2025-04-11"", ""2025-04-14"", ""2025-04-15"", ""2025-04-16"", ""2025-04-17"", ""2025-04-18"", ""2025-04-21"", ""2025-04-22"", ""2025-04-23"", ""2025-04-24"", ""2025-04-25"", ""2025-04-28"", ""2025-04-29"", ""2025-04-30""]",32378000000000,85798000000000,1,9.0,0.0,0.0
RTS,2025-05-05,included,,"[""2025-04-04"", ""2025-04-07"", ""2025-04-08"", ""2025-04-09"", ""2025-04-10"", ""2025-04-11"", ""2025-04-14"", ""2025-04-15"", ""2025-04-16"", ""2025-04-17"", ""2025-04-18"", ""2025-04-21"", ""2025-04-22"", ""2025-04-23"", ""2025-04-24"", ""2025-04-25"", ""2025-04-28"", ""2025-04-29"", ""2025-04-30"", ""2025-05-02""]",32353000000000,85797000000000,1,9.0,5.0,0.0
RTS,2025-05-06,included,,"[""2025-04-07"", ""2025-04-08"", ""2025-04-09"", ""2025-04-10"", ""2025-04-11"", ""2025-04-14"", ""2025-04-15"", ""2025-04-16"", ""2025-04-17"", ""2025-04-18"", ""2025-04-21"", ""2025-04-22"", ""2025-04-23"", ""2025-04-24"", ""2025-04-25"", ""2025-04-28"", ""2025-04-29"", ""2025-04-30"", ""2025-05-02"", ""2025-05-05""]",32349000000000,85798000000000,1,3.0,1.0,0.0
RTS,2025-05-07,included,,"[""2025-04-08"", ""2025-04-09"", ""2025-04-10"", ""2025-04-11"", ""2025-04-14"", ""2025-04-15"", ""2025-04-16"", ""2025-04-17"", ""2025-04-18"", ""2025-04-21"", ""2025-04-22"", ""2025-04-23"", ""2025-04-24"", ""2025-04-25"", ""2025-04-28"", ""2025-04-29"", ""2025-04-30"", ""2025-05-02"", ""2025-05-05"", ""2025-05-06""]",32346000000000,85796000000000,1,3.0,0.0,0.0
RTS,2025-05-08,included,,"[""2025-04-09"", ""2025-04-10"", ""2025-04-11"", ""2025-04-14"", ""2025-04-15"", ""2025-04-16"", ""2025-04-17"", ""2025-04-18"", ""2025-04-21"", ""2025-04-22"", ""2025-04-23"", ""2025-04-24"", ""2025-04-25"", ""2025-04-28"", ""2025-04-29"", ""2025-04-30"", ""2025-05-02"", ""2025-05-05"", ""2025-05-06"", ""2025-05-07""]",32347000000000,85799001000000,1,5.0,0.0,0.0
RTS,2025-05-12,included,,"[""2025-04-10"", ""2025-04-11"", ""2025-04-14"", ""2025-04-15"", ""2025-04-16"", ""2025-04-17"", ""2025-04-18"", ""2025-04-21"", ""2025-04-22"", ""2025-04-23"", ""2025-04-24"", ""2025-04-25"", ""2025-04-28"", ""2025-04-29"", ""2025-04-30"", ""2025-05-02"", ""2025-05-05"", ""2025-05-06"", ""2025-05-07"", ""2025-05-08""]",32368000000000,85797007000000,1,6.0,0.0,0.0
RTS,2025-05-13,included,,"[""2025-04-11"", ""2025-04-14"", ""2025-04-15"", ""2025-04-16"", ""2025-04-17"", ""2025-04-18"", ""2025-04-21"", ""2025-04-22"", ""2025-04-23"", ""2025-04-24"", ""2025-04-25"", ""2025-04-28"", ""2025-04-29"", ""2025-04-30"", ""2025-05-02"", ""2025-05-05"", ""2025-05-06"", ""2025-05-07"", ""2025-05-08"", ""2025-05-12""]",32358000000000,85797001000000,1,8.0,0.0,0.0
RTS,2025-05-14,included,,"[""2025-04-14"", ""2025-04-15"", ""2025-04-16"", ""2025-04-17"", ""2025-04-18"", ""2025-04-21"", ""2025-04-22"", ""2025-04-23"", ""2025-04-24"", ""2025-04-25"", ""2025-04-28"", ""2025-04-29"", ""2025-04-30"", ""2025-05-02"", ""2025-05-05"", ""2025-05-06"", ""2025-05-07"", ""2025-05-08"", ""2025-05-12"", ""2025-05-13""]",32345000000000,85799001000000,1,6.0,0.0,0.0
RTS,2025-05-15,included,,"[""2025-04-15"", ""2025-04-16"", ""2025-04-17"", ""2025-04-18"", ""2025-04-21"", ""2025-04-22"", ""2025-04-23"", ""2025-04-24"", ""2025-04-25"", ""2025-04-28"", ""2025-04-29"", ""2025-04-30"", ""2025-05-02"", ""2025-05-05"", ""2025-05-06"", ""2025-05-07"", ""2025-05-08"", ""2025-05-12"", ""2025-05-13"", ""2025-05-14""]",32369000000000,85799000000000,1,6.0,6.0,0.0
RTS,2025-05-16,included,,"[""2025-04-16"", ""2025-04-17"", ""2025-04-18"", ""2025-04-21"", ""2025-04-22"", ""2025-04-23"", ""2025-04-24"", ""2025-04-25"", ""2025-04-28"", ""2025-04-29"", ""2025-04-30"", ""2025-05-02"", ""2025-05-05"", ""2025-05-06"", ""2025-05-07"", ""2025-05-08"", ""2025-05-12"", ""2025-05-13"", ""2025-05-14"", ""2025-05-15""]",32372000000000,85795004000000,1,3.0,1.0,0.0
RTS,2025-05-19,included,,"[""2025-04-17"", ""2025-04-18"", ""2025-04-21"", ""2025-04-22"", ""2025-04-23"", ""2025-04-24"", ""2025-04-25"", ""2025-04-28"", ""2025-04-29"", ""2025-04-30"", ""2025-05-02"", ""2025-05-05"", ""2025-05-06"", ""2025-05-07"", ""2025-05-08"", ""2025-05-12"", ""2025-05-13"", ""2025-05-14"", ""2025-05-15"", ""2025-05-16""]",32373000000000,85799000000000,1,2.0,0.0,0.0
RTS,2025-05-20,included,,"[""2025-04-18"", ""2025-04-21"", ""2025-04-22"", ""2025-04-23"", ""2025-04-24"", ""2025-04-25"", ""2025-04-28"", ""2025-04-29"", ""2025-04-30"", ""2025-05-02"", ""2025-05-05"", ""2025-05-06"", ""2025-05-07"", ""2025-05-08"", ""2025-05-12"", ""2025-05-13"", ""2025-05-14"", ""2025-05-15"", ""2025-05-16"", ""2025-05-19""]",32361000000000,85799000000000,1,11.0,0.0,0.0
RTS,2025-05-21,included,,"[""2025-04-21"", ""2025-04-22"", ""2025-04-23"", ""2025-04-24"", ""2025-04-25"", ""2025-04-28"", ""2025-04-29"", ""2025-04-30"", ""2025-05-02"", ""2025-05-05"", ""2025-05-06"", ""2025-05-07"", ""2025-05-08"", ""2025-05-12"", ""2025-05-13"", ""2025-05-14"", ""2025-05-15"", ""2025-05-16"", ""2025-05-19"", ""2025-05-20""]",32384000000000,85799000000000,1,5.0,1.0,0.0
RTS,2025-05-22,included,,"[""2025-04-22"", ""2025-04-23"", ""2025-04-24"", ""2025-04-25"", ""2025-04-28"", ""2025-04-29"", ""2025-04-30"", ""2025-05-02"", ""2025-05-05"", ""2025-05-06"", ""2025-05-07"", ""2025-05-08"", ""2025-05-12"", ""2025-05-13"", ""2025-05-14"", ""2025-05-15"", ""2025-05-16"", ""2025-05-19"", ""2025-05-20"", ""2025-05-21""]",32358000000000,85796000000000,1,5.0,2.0,0.0
RTS,2025-05-23,included,,"[""2025-04-23"", ""2025-04-24"", ""2025-04-25"", ""2025-04-28"", ""2025-04-29"", ""2025-04-30"", ""2025-05-02"", ""2025-05-05"", ""2025-05-06"", ""2025-05-07"", ""2025-05-08"", ""2025-05-12"", ""2025-05-13"", ""2025-05-14"", ""2025-05-15"", ""2025-05-16"", ""2025-05-19"", ""2025-05-20"", ""2025-05-21"", ""2025-05-22""]",32369000000000,85798001000000,1,10.0,1.0,0.0
RTS,2025-05-26,included,,"[""2025-04-24"", ""2025-04-25"", ""2025-04-28"", ""2025-04-29"", ""2025-04-30"", ""2025-05-02"", ""2025-05-05"", ""2025-05-06"", ""2025-05-07"", ""2025-05-08"", ""2025-05-12"", ""2025-05-13"", ""2025-05-14"", ""2025-05-15"", ""2025-05-16"", ""2025-05-19"", ""2025-05-20"", ""2025-05-21"", ""2025-05-22"", ""2025-05-23""]",32352000000000,85797000000000,1,2.0,0.0,0.0
RTS,2025-05-27,included,,"[""2025-04-25"", ""2025-04-28"", ""2025-04-29"", ""2025-04-30"", ""2025-05-02"", ""2025-05-05"", ""2025-05-06"", ""2025-05-07"", ""2025-05-08"", ""2025-05-12"", ""2025-05-13"", ""2025-05-14"", ""2025-05-15"", ""2025-05-16"", ""2025-05-19"", ""2025-05-20"", ""2025-05-21"", ""2025-05-22"", ""2025-05-23"", ""2025-05-26""]",32346000000000,85798005000000,1,8.0,0.0,0.0
RTS,2025-05-28,included,,"[""2025-04-28"", ""2025-04-29"", ""2025-04-30"", ""2025-05-02"", ""2025-05-05"", ""2025-05-06"", ""2025-05-07"", ""2025-05-08"", ""2025-05-12"", ""2025-05-13"", ""2025-05-14"", ""2025-05-15"", ""2025-05-16"", ""2025-05-19"", ""2025-05-20"", ""2025-05-21"", ""2025-05-22"", ""2025-05-23"", ""2025-05-26"", ""2025-05-27""]",32351000000000,85798001000000,1,3.0,3.0,0.0
RTS,2025-05-29,included,,"[""2025-04-29"", ""2025-04-30"", ""2025-05-02"", ""2025-05-05"", ""2025-05-06"", ""2025-05-07"", ""2025-05-08"", ""2025-05-12"", ""2025-05-13"", ""2025-05-14"", ""2025-05-15"", ""2025-05-16"", ""2025-05-19"", ""2025-05-20"", ""2025-05-21"", ""2025-05-22"", ""2025-05-23"", ""2025-05-26"", ""2025-05-27"", ""2025-05-28""]",32379000000000,85799000000000,1,5.0,5.0,0.0
RTS,2025-05-30,included,,"[""2025-04-30"", ""2025-05-02"", ""2025-05-05"", ""2025-05-06"", ""2025-05-07"", ""2025-05-08"", ""2025-05-12"", ""2025-05-13"", ""2025-05-14"", ""2025-05-15"", ""2025-05-16"", ""2025-05-19"", ""2025-05-20"", ""2025-05-21"", ""2025-05-22"", ""2025-05-23"", ""2025-05-26"", ""2025-05-27"", ""2025-05-28"", ""2025-05-29""]",32359000000000,85794000000000,1,3.0,1.0,0.0
RTS,2025-06-02,included,,"[""2025-05-02"", ""2025-05-05"", ""2025-05-06"", ""2025-05-07"", ""2025-05-08"", ""2025-05-12"", ""2025-05-13"", ""2025-05-14"", ""2025-05-15"", ""2025-05-16"", ""2025-05-19"", ""2025-05-20"", ""2025-05-21"", ""2025-05-22"", ""2025-05-23"", ""2025-05-26"", ""2025-05-27"", ""2025-05-28"", ""2025-05-29"", ""2025-05-30""]",32373000000000,85799006000000,1,5.0,1.0,0.0
RTS,2025-06-03,included,,"[""2025-05-05"", ""2025-05-06"", ""2025-05-07"", ""2025-05-08"", ""2025-05-12"", ""2025-05-13"", ""2025-05-14"", ""2025-05-15"", ""2025-05-16"", ""2025-05-19"", ""2025-05-20"", ""2025-05-21"", ""2025-05-22"", ""2025-05-23"", ""2025-05-26"", ""2025-05-27"", ""2025-05-28"", ""2025-05-29"", ""2025-05-30"", ""2025-06-02""]",32385000000000,85798000000000,1,6.0,0.0,0.0
RTS,2025-06-04,included,,"[""2025-05-06"", ""2025-05-07"", ""2025-05-08"", ""2025-05-12"", ""2025-05-13"", ""2025-05-14"", ""2025-05-15"", ""2025-05-16"", ""2025-05-19"", ""2025-05-20"", ""2025-05-21"", ""2025-05-22"", ""2025-05-23"", ""2025-05-26"", ""2025-05-27"", ""2025-05-28"", ""2025-05-29"", ""2025-05-30"", ""2025-06-02"", ""2025-06-03""]",32344000000000,85799000000000,1,5.0,0.0,0.0
RTS,2025-06-05,included,,"[""2025-05-07"", ""2025-05-08"", ""2025-05-12"", ""2025-05-13"", ""2025-05-14"", ""2025-05-15"", ""2025-05-16"", ""2025-05-19"", ""2025-05-20"", ""2025-05-21"", ""2025-05-22"", ""2025-05-23"", ""2025-05-26"", ""2025-05-27"", ""2025-05-28"", ""2025-05-29"", ""2025-05-30"", ""2025-06-02"", ""2025-06-03"", ""2025-06-04""]",32373000000000,85798000000000,1,8.0,0.0,0.0
RTS,2025-06-06,included,,"[""2025-05-08"", ""2025-05-12"", ""2025-05-13"", ""2025-05-14"", ""2025-05-15"", ""2025-05-16"", ""2025-05-19"", ""2025-05-20"", ""2025-05-21"", ""2025-05-22"", ""2025-05-23"", ""2025-05-26"", ""2025-05-27"", ""2025-05-28"", ""2025-05-29"", ""2025-05-30"", ""2025-06-02"", ""2025-06-03"", ""2025-06-04"", ""2025-06-05""]",32387000000000,85799001000000,1,7.0,7.0,0.0
RTS,2025-06-09,included,,"[""2025-05-12"", ""2025-05-13"", ""2025-05-14"", ""2025-05-15"", ""2025-05-16"", ""2025-05-19"", ""2025-05-20"", ""2025-05-21"", ""2025-05-22"", ""2025-05-23"", ""2025-05-26"", ""2025-05-27"", ""2025-05-28"", ""2025-05-29"", ""2025-05-30"", ""2025-06-02"", ""2025-06-03"", ""2025-06-04"", ""2025-06-05"", ""2025-06-06""]",32374000000000,85799001000000,1,5.0,5.0,0.0
RTS,2025-06-10,included,,"[""2025-05-13"", ""2025-05-14"", ""2025-05-15"", ""2025-05-16"", ""2025-05-19"", ""2025-05-20"", ""2025-05-21"", ""2025-05-22"", ""2025-05-23"", ""2025-05-26"", ""2025-05-27"", ""2025-05-28"", ""2025-05-29"", ""2025-05-30"", ""2025-06-02"", ""2025-06-03"", ""2025-06-04"", ""2025-06-05"", ""2025-06-06"", ""2025-06-09""]",32352000000000,85799000000000,1,4.0,0.0,0.0
RTS,2025-06-11,included,,"[""2025-05-14"", ""2025-05-15"", ""2025-05-16"", ""2025-05-19"", ""2025-05-20"", ""2025-05-21"", ""2025-05-22"", ""2025-05-23"", ""2025-05-26"", ""2025-05-27"", ""2025-05-28"", ""2025-05-29"", ""2025-05-30"", ""2025-06-02"", ""2025-06-03"", ""2025-06-04"", ""2025-06-05"", ""2025-06-06"", ""2025-06-09"", ""2025-06-10""]",32364000000000,85799000000000,1,8.0,1.0,0.0
RTS,2025-06-13,included,,"[""2025-05-15"", ""2025-05-16"", ""2025-05-19"", ""2025-05-20"", ""2025-05-21"", ""2025-05-22"", ""2025-05-23"", ""2025-05-26"", ""2025-05-27"", ""2025-05-28"", ""2025-05-29"", ""2025-05-30"", ""2025-06-02"", ""2025-06-03"", ""2025-06-04"", ""2025-06-05"", ""2025-06-06"", ""2025-06-09"", ""2025-06-10"", ""2025-06-11""]",32383000000000,85798000000000,1,3.0,2.0,0.0
RTS,2025-06-16,included,,"[""2025-05-16"", ""2025-05-19"", ""2025-05-20"", ""2025-05-21"", ""2025-05-22"", ""2025-05-23"", ""2025-05-26"", ""2025-05-27"", ""2025-05-28"", ""2025-05-29"", ""2025-05-30"", ""2025-06-02"", ""2025-06-03"", ""2025-06-04"", ""2025-06-05"", ""2025-06-06"", ""2025-06-09"", ""2025-06-10"", ""2025-06-11"", ""2025-06-13""]",32359000000000,85798003000000,1,9.0,1.0,0.0
RTS,2025-06-17,included,,"[""2025-05-19"", ""2025-05-20"", ""2025-05-21"", ""2025-05-22"", ""2025-05-23"", ""2025-05-26"", ""2025-05-27"", ""2025-05-28"", ""2025-05-29"", ""2025-05-30"", ""2025-06-02"", ""2025-06-03"", ""2025-06-04"", ""2025-06-05"", ""2025-06-06"", ""2025-06-09"", ""2025-06-10"", ""2025-06-11"", ""2025-06-13"", ""2025-06-16""]",32382000000000,85792000000000,1,1.0,1.0,0.0
RTS,2025-06-18,included,,"[""2025-05-20"", ""2025-05-21"", ""2025-05-22"", ""2025-05-23"", ""2025-05-26"", ""2025-05-27"", ""2025-05-28"", ""2025-05-29"", ""2025-05-30"", ""2025-06-02"", ""2025-06-03"", ""2025-06-04"", ""2025-06-05"", ""2025-06-06"", ""2025-06-09"", ""2025-06-10"", ""2025-06-11"", ""2025-06-13"", ""2025-06-16"", ""2025-06-17""]",32346000000000,85798003000000,1,6.0,0.0,5.0
RTS,2025-06-19,included,,"[""2025-05-21"", ""2025-05-22"", ""2025-05-23"", ""2025-05-26"", ""2025-05-27"", ""2025-05-28"", ""2025-05-29"", ""2025-05-30"", ""2025-06-02"", ""2025-06-03"", ""2025-06-04"", ""2025-06-05"", ""2025-06-06"", ""2025-06-09"", ""2025-06-10"", ""2025-06-11"", ""2025-06-13"", ""2025-06-16"", ""2025-06-17"", ""2025-06-18""]",32381000000000,85796001000000,1,2.0,0.0,4.0
RTS,2025-06-20,included,,"[""2025-05-22"", ""2025-05-23"", ""2025-05-26"", ""2025-05-27"", ""2025-05-28"", ""2025-05-29"", ""2025-05-30"", ""2025-06-02"", ""2025-06-03"", ""2025-06-04"", ""2025-06-05"", ""2025-06-06"", ""2025-06-09"", ""2025-06-10"", ""2025-06-11"", ""2025-06-13"", ""2025-06-16"", ""2025-06-17"", ""2025-06-18"", ""2025-06-19""]",32380000000000,85799000000000,1,4.0,0.0,1.0
RTS,2025-06-23,included,,"[""2025-05-23"", ""2025-05-26"", ""2025-05-27"", ""2025-05-28"", ""2025-05-29"", ""2025-05-30"", ""2025-06-02"", ""2025-06-03"", ""2025-06-04"", ""2025-06-05"", ""2025-06-06"", ""2025-06-09"", ""2025-06-10"", ""2025-06-11"", ""2025-06-13"", ""2025-06-16"", ""2025-06-17"", ""2025-06-18"", ""2025-06-19"", ""2025-06-20""]",32371000000000,85799001000000,1,7.0,0.0,0.0
RTS,2025-06-24,included,,"[""2025-05-26"", ""2025-05-27"", ""2025-05-28"", ""2025-05-29"", ""2025-05-30"", ""2025-06-02"", ""2025-06-03"", ""2025-06-04"", ""2025-06-05"", ""2025-06-06"", ""2025-06-09"", ""2025-06-10"", ""2025-06-11"", ""2025-06-13"", ""2025-06-16"", ""2025-06-17"", ""2025-06-18"", ""2025-06-19"", ""2025-06-20"", ""2025-06-23""]",32375000000000,85794001000000,1,3.0,3.0,38.0
RTS,2025-06-25,included,,"[""2025-05-27"", ""2025-05-28"", ""2025-05-29"", ""2025-05-30"", ""2025-06-02"", ""2025-06-03"", ""2025-06-04"", ""2025-06-05"", ""2025-06-06"", ""2025-06-09"", ""2025-06-10"", ""2025-06-11"", ""2025-06-13"", ""2025-06-16"", ""2025-06-17"", ""2025-06-18"", ""2025-06-19"", ""2025-06-20"", ""2025-06-23"", ""2025-06-24""]",32349000000000,85792000000000,1,6.0,0.0,1.0
RTS,2025-06-26,included,,"[""2025-05-28"", ""2025-05-29"", ""2025-05-30"", ""2025-06-02"", ""2025-06-03"", ""2025-06-04"", ""2025-06-05"", ""2025-06-06"", ""2025-06-09"", ""2025-06-10"", ""2025-06-11"", ""2025-06-13"", ""2025-06-16"", ""2025-06-17"", ""2025-06-18"", ""2025-06-19"", ""2025-06-20"", ""2025-06-23"", ""2025-06-24"", ""2025-06-25""]",32363000000000,85792000000000,1,11.0,0.0,0.0
RTS,2025-06-27,included,,"[""2025-05-29"", ""2025-05-30"", ""2025-06-02"", ""2025-06-03"", ""2025-06-04"", ""2025-06-05"", ""2025-06-06"", ""2025-06-09"", ""2025-06-10"", ""2025-06-11"", ""2025-06-13"", ""2025-06-16"", ""2025-06-17"", ""2025-06-18"", ""2025-06-19"", ""2025-06-20"", ""2025-06-23"", ""2025-06-24"", ""2025-06-25"", ""2025-06-26""]",32348000000000,85799010000000,1,3.0,0.0,0.0
RTS,2025-06-30,included,,"[""2025-05-30"", ""2025-06-02"", ""2025-06-03"", ""2025-06-04"", ""2025-06-05"", ""2025-06-06"", ""2025-06-09"", ""2025-06-10"", ""2025-06-11"", ""2025-06-13"", ""2025-06-16"", ""2025-06-17"", ""2025-06-18"", ""2025-06-19"", ""2025-06-20"", ""2025-06-23"", ""2025-06-24"", ""2025-06-25"", ""2025-06-26"", ""2025-06-27""]",32358000000000,85797000000000,1,6.0,0.0,2.0
RTS,2025-07-01,included,,"[""2025-06-02"", ""2025-06-03"", ""2025-06-04"", ""2025-06-05"", ""2025-06-06"", ""2025-06-09"", ""2025-06-10"", ""2025-06-11"", ""2025-06-13"", ""2025-06-16"", ""2025-06-17"", ""2025-06-18"", ""2025-06-19"", ""2025-06-20"", ""2025-06-23"", ""2025-06-24"", ""2025-06-25"", ""2025-06-26"", ""2025-06-27"", ""2025-06-30""]",32361000000000,85794000000000,1,9.0,0.0,12.0
RTS,2025-07-02,included,,"[""2025-06-03"", ""2025-06-04"", ""2025-06-05"", ""2025-06-06"", ""2025-06-09"", ""2025-06-10"", ""2025-06-11"", ""2025-06-13"", ""2025-06-16"", ""2025-06-17"", ""2025-06-18"", ""2025-06-19"", ""2025-06-20"", ""2025-06-23"", ""2025-06-24"", ""2025-06-25"", ""2025-06-26"", ""2025-06-27"", ""2025-06-30"", ""2025-07-01""]",32369000000000,85799000000000,1,6.0,2.0,2.0
RTS,2025-07-03,included,,"[""2025-06-04"", ""2025-06-05"", ""2025-06-06"", ""2025-06-09"", ""2025-06-10"", ""2025-06-11"", ""2025-06-13"", ""2025-06-16"", ""2025-06-17"", ""2025-06-18"", ""2025-06-19"", ""2025-06-20"", ""2025-06-23"", ""2025-06-24"", ""2025-06-25"", ""2025-06-26"", ""2025-06-27"", ""2025-06-30"", ""2025-07-01"", ""2025-07-02""]",32349000000000,85799000000000,1,6.0,6.0,0.0
RTS,2025-07-04,included,,"[""2025-06-05"", ""2025-06-06"", ""2025-06-09"", ""2025-06-10"", ""2025-06-11"", ""2025-06-13"", ""2025-06-16"", ""2025-06-17"", ""2025-06-18"", ""2025-06-19"", ""2025-06-20"", ""2025-06-23"", ""2025-06-24"", ""2025-06-25"", ""2025-06-26"", ""2025-06-27"", ""2025-06-30"", ""2025-07-01"", ""2025-07-02"", ""2025-07-03""]",32379000000000,85781004000000,1,3.0,0.0,4.0
RTS,2025-07-07,included,,"[""2025-06-06"", ""2025-06-09"", ""2025-06-10"", ""2025-06-11"", ""2025-06-13"", ""2025-06-16"", ""2025-06-17"", ""2025-06-18"", ""2025-06-19"", ""2025-06-20"", ""2025-06-23"", ""2025-06-24"", ""2025-06-25"", ""2025-06-26"", ""2025-06-27"", ""2025-06-30"", ""2025-07-01"", ""2025-07-02"", ""2025-07-03"", ""2025-07-04""]",32359000000000,85798001000000,1,10.0,4.0,6.0
RTS,2025-07-08,included,,"[""2025-06-09"", ""2025-06-10"", ""2025-06-11"", ""2025-06-13"", ""2025-06-16"", ""2025-06-17"", ""2025-06-18"", ""2025-06-19"", ""2025-06-20"", ""2025-06-23"", ""2025-06-24"", ""2025-06-25"", ""2025-06-26"", ""2025-06-27"", ""2025-06-30"", ""2025-07-01"", ""2025-07-02"", ""2025-07-03"", ""2025-07-04"", ""2025-07-07""]",32363000000000,85795000000000,1,3.0,0.0,0.0
RTS,2025-07-09,included,,"[""2025-06-10"", ""2025-06-11"", ""2025-06-13"", ""2025-06-16"", ""2025-06-17"", ""2025-06-18"", ""2025-06-19"", ""2025-06-20"", ""2025-06-23"", ""2025-06-24"", ""2025-06-25"", ""2025-06-26"", ""2025-06-27"", ""2025-06-30"", ""2025-07-01"", ""2025-07-02"", ""2025-07-03"", ""2025-07-04"", ""2025-07-07"", ""2025-07-08""]",32378000000000,85797000000000,1,9.0,9.0,5.0
RTS,2025-07-10,included,,"[""2025-06-11"", ""2025-06-13"", ""2025-06-16"", ""2025-06-17"", ""2025-06-18"", ""2025-06-19"", ""2025-06-20"", ""2025-06-23"", ""2025-06-24"", ""2025-06-25"", ""2025-06-26"", ""2025-06-27"", ""2025-06-30"", ""2025-07-01"", ""2025-07-02"", ""2025-07-03"", ""2025-07-04"", ""2025-07-07"", ""2025-07-08"", ""2025-07-09""]",32363000000000,85794000000000,1,6.0,0.0,1.0
RTS,2025-07-11,included,,"[""2025-06-13"", ""2025-06-16"", ""2025-06-17"", ""2025-06-18"", ""2025-06-19"", ""2025-06-20"", ""2025-06-23"", ""2025-06-24"", ""2025-06-25"", ""2025-06-26"", ""2025-06-27"", ""2025-06-30"", ""2025-07-01"", ""2025-07-02"", ""2025-07-03"", ""2025-07-04"", ""2025-07-07"", ""2025-07-08"", ""2025-07-09"", ""2025-07-10""]",32364000000000,85798001000000,1,2.0,2.0,5.0
RTS,2025-07-14,included,,"[""2025-06-16"", ""2025-06-17"", ""2025-06-18"", ""2025-06-19"", ""2025-06-20"", ""2025-06-23"", ""2025-06-24"", ""2025-06-25"", ""2025-06-26"", ""2025-06-27"", ""2025-06-30"", ""2025-07-01"", ""2025-07-02"", ""2025-07-03"", ""2025-07-04"", ""2025-07-07"", ""2025-07-08"", ""2025-07-09"", ""2025-07-10"", ""2025-07-11""]",32381000000000,85797000000000,1,9.0,5.0,0.0
RTS,2025-07-15,included,,"[""2025-06-17"", ""2025-06-18"", ""2025-06-19"", ""2025-06-20"", ""2025-06-23"", ""2025-06-24"", ""2025-06-25"", ""2025-06-26"", ""2025-06-27"", ""2025-06-30"", ""2025-07-01"", ""2025-07-02"", ""2025-07-03"", ""2025-07-04"", ""2025-07-07"", ""2025-07-08"", ""2025-07-09"", ""2025-07-10"", ""2025-07-11"", ""2025-07-14""]",32358000000000,85798000000000,1,4.0,4.0,12.0
RTS,2025-07-16,included,,"[""2025-06-18"", ""2025-06-19"", ""2025-06-20"", ""2025-06-23"", ""2025-06-24"", ""2025-06-25"", ""2025-06-26"", ""2025-06-27"", ""2025-06-30"", ""2025-07-01"", ""2025-07-02"", ""2025-07-03"", ""2025-07-04"", ""2025-07-07"", ""2025-07-08"", ""2025-07-09"", ""2025-07-10"", ""2025-07-11"", ""2025-07-14"", ""2025-07-15""]",32376000000000,85788003000000,1,7.0,2.0,5.0
RTS,2025-07-17,included,,"[""2025-06-19"", ""2025-06-20"", ""2025-06-23"", ""2025-06-24"", ""2025-06-25"", ""2025-06-26"", ""2025-06-27"", ""2025-06-30"", ""2025-07-01"", ""2025-07-02"", ""2025-07-03"", ""2025-07-04"", ""2025-07-07"", ""2025-07-08"", ""2025-07-09"", ""2025-07-10"", ""2025-07-11"", ""2025-07-14"", ""2025-07-15"", ""2025-07-16""]",32363000000000,85796000000000,1,9.0,2.0,0.0
RTS,2025-07-18,included,,"[""2025-06-20"", ""2025-06-23"", ""2025-06-24"", ""2025-06-25"", ""2025-06-26"", ""2025-06-27"", ""2025-06-30"", ""2025-07-01"", ""2025-07-02"", ""2025-07-03"", ""2025-07-04"", ""2025-07-07"", ""2025-07-08"", ""2025-07-09"", ""2025-07-10"", ""2025-07-11"", ""2025-07-14"", ""2025-07-15"", ""2025-07-16"", ""2025-07-17""]",32379000000000,85796004000000,1,4.0,4.0,16.0
RTS,2025-07-21,included,,"[""2025-06-23"", ""2025-06-24"", ""2025-06-25"", ""2025-06-26"", ""2025-06-27"", ""2025-06-30"", ""2025-07-01"", ""2025-07-02"", ""2025-07-03"", ""2025-07-04"", ""2025-07-07"", ""2025-07-08"", ""2025-07-09"", ""2025-07-10"", ""2025-07-11"", ""2025-07-14"", ""2025-07-15"", ""2025-07-16"", ""2025-07-17"", ""2025-07-18""]",32374000000000,85797000000000,1,6.0,0.0,0.0
RTS,2025-07-22,included,,"[""2025-06-24"", ""2025-06-25"", ""2025-06-26"", ""2025-06-27"", ""2025-06-30"", ""2025-07-01"", ""2025-07-02"", ""2025-07-03"", ""2025-07-04"", ""2025-07-07"", ""2025-07-08"", ""2025-07-09"", ""2025-07-10"", ""2025-07-11"", ""2025-07-14"", ""2025-07-15"", ""2025-07-16"", ""2025-07-17"", ""2025-07-18"", ""2025-07-21""]",32363000000000,85799015000000,1,6.0,0.0,29.0
RTS,2025-07-23,included,,"[""2025-06-25"", ""2025-06-26"", ""2025-06-27"", ""2025-06-30"", ""2025-07-01"", ""2025-07-02"", ""2025-07-03"", ""2025-07-04"", ""2025-07-07"", ""2025-07-08"", ""2025-07-09"", ""2025-07-10"", ""2025-07-11"", ""2025-07-14"", ""2025-07-15"", ""2025-07-16"", ""2025-07-17"", ""2025-07-18"", ""2025-07-21"", ""2025-07-22""]",32377000000000,85798008000000,1,6.0,0.0,1.0
RTS,2025-07-24,included,,"[""2025-06-26"", ""2025-06-27"", ""2025-06-30"", ""2025-07-01"", ""2025-07-02"", ""2025-07-03"", ""2025-07-04"", ""2025-07-07"", ""2025-07-08"", ""2025-07-09"", ""2025-07-10"", ""2025-07-11"", ""2025-07-14"", ""2025-07-15"", ""2025-07-16"", ""2025-07-17"", ""2025-07-18"", ""2025-07-21"", ""2025-07-22"", ""2025-07-23""]",32362000000000,85799000000000,1,9.0,8.0,1.0
RTS,2025-07-25,included,,"[""2025-06-27"", ""2025-06-30"", ""2025-07-01"", ""2025-07-02"", ""2025-07-03"", ""2025-07-04"", ""2025-07-07"", ""2025-07-08"", ""2025-07-09"", ""2025-07-10"", ""2025-07-11"", ""2025-07-14"", ""2025-07-15"", ""2025-07-16"", ""2025-07-17"", ""2025-07-18"", ""2025-07-21"", ""2025-07-22"", ""2025-07-23"", ""2025-07-24""]",32370000000000,85792009000000,1,8.0,5.0,0.0
RTS,2025-07-28,included,,"[""2025-06-30"", ""2025-07-01"", ""2025-07-02"", ""2025-07-03"", ""2025-07-04"", ""2025-07-07"", ""2025-07-08"", ""2025-07-09"", ""2025-07-10"", ""2025-07-11"", ""2025-07-14"", ""2025-07-15"", ""2025-07-16"", ""2025-07-17"", ""2025-07-18"", ""2025-07-21"", ""2025-07-22"", ""2025-07-23"", ""2025-07-24"", ""2025-07-25""]",32369000000000,85795000000000,1,8.0,8.0,1.0
RTS,2025-07-29,included,,"[""2025-07-01"", ""2025-07-02"", ""2025-07-03"", ""2025-07-04"", ""2025-07-07"", ""2025-07-08"", ""2025-07-09"", ""2025-07-10"", ""2025-07-11"", ""2025-07-14"", ""2025-07-15"", ""2025-07-16"", ""2025-07-17"", ""2025-07-18"", ""2025-07-21"", ""2025-07-22"", ""2025-07-23"", ""2025-07-24"", ""2025-07-25"", ""2025-07-28""]",32364000000000,85798002000000,1,7.0,7.0,89.0
RTS,2025-07-30,included,,"[""2025-07-02"", ""2025-07-03"", ""2025-07-04"", ""2025-07-07"", ""2025-07-08"", ""2025-07-09"", ""2025-07-10"", ""2025-07-11"", ""2025-07-14"", ""2025-07-15"", ""2025-07-16"", ""2025-07-17"", ""2025-07-18"", ""2025-07-21"", ""2025-07-22"", ""2025-07-23"", ""2025-07-24"", ""2025-07-25"", ""2025-07-28"", ""2025-07-29""]",32382000000000,85798001000000,1,10.0,0.0,6.0
RTS,2025-07-31,included,,"[""2025-07-03"", ""2025-07-04"", ""2025-07-07"", ""2025-07-08"", ""2025-07-09"", ""2025-07-10"", ""2025-07-11"", ""2025-07-14"", ""2025-07-15"", ""2025-07-16"", ""2025-07-17"", ""2025-07-18"", ""2025-07-21"", ""2025-07-22"", ""2025-07-23"", ""2025-07-24"", ""2025-07-25"", ""2025-07-28"", ""2025-07-29"", ""2025-07-30""]",32366000000000,85798000000000,1,4.0,4.0,19.0
RTS,2025-08-01,included,,"[""2025-07-04"", ""2025-07-07"", ""2025-07-08"", ""2025-07-09"", ""2025-07-10"", ""2025-07-11"", ""2025-07-14"", ""2025-07-15"", ""2025-07-16"", ""2025-07-17"", ""2025-07-18"", ""2025-07-21"", ""2025-07-22"", ""2025-07-23"", ""2025-07-24"", ""2025-07-25"", ""2025-07-28"", ""2025-07-29"", ""2025-07-30"", ""2025-07-31""]",32366000000000,85797000000000,1,6.0,0.0,17.0
RTS,2025-08-04,included,,"[""2025-07-07"", ""2025-07-08"", ""2025-07-09"", ""2025-07-10"", ""2025-07-11"", ""2025-07-14"", ""2025-07-15"", ""2025-07-16"", ""2025-07-17"", ""2025-07-18"", ""2025-07-21"", ""2025-07-22"", ""2025-07-23"", ""2025-07-24"", ""2025-07-25"", ""2025-07-28"", ""2025-07-29"", ""2025-07-30"", ""2025-07-31"", ""2025-08-01""]",32360000000000,85798000000000,1,2.0,0.0,0.0
RTS,2025-08-05,included,,"[""2025-07-08"", ""2025-07-09"", ""2025-07-10"", ""2025-07-11"", ""2025-07-14"", ""2025-07-15"", ""2025-07-16"", ""2025-07-17"", ""2025-07-18"", ""2025-07-21"", ""2025-07-22"", ""2025-07-23"", ""2025-07-24"", ""2025-07-25"", ""2025-07-28"", ""2025-07-29"", ""2025-07-30"", ""2025-07-31"", ""2025-08-01"", ""2025-08-04""]",32382000000000,85794000000000,1,5.0,1.0,0.0
RTS,2025-08-06,included,,"[""2025-07-09"", ""2025-07-10"", ""2025-07-11"", ""2025-07-14"", ""2025-07-15"", ""2025-07-16"", ""2025-07-17"", ""2025-07-18"", ""2025-07-21"", ""2025-07-22"", ""2025-07-23"", ""2025-07-24"", ""2025-07-25"", ""2025-07-28"", ""2025-07-29"", ""2025-07-30"", ""2025-07-31"", ""2025-08-01"", ""2025-08-04"", ""2025-08-05""]",32375000000000,85799000000000,1,3.0,0.0,1.0
RTS,2025-08-07,included,,"[""2025-07-10"", ""2025-07-11"", ""2025-07-14"", ""2025-07-15"", ""2025-07-16"", ""2025-07-17"", ""2025-07-18"", ""2025-07-21"", ""2025-07-22"", ""2025-07-23"", ""2025-07-24"", ""2025-07-25"", ""2025-07-28"", ""2025-07-29"", ""2025-07-30"", ""2025-07-31"", ""2025-08-01"", ""2025-08-04"", ""2025-08-05"", ""2025-08-06""]",32388000000000,85798000000000,1,6.0,6.0,0.0
RTS,2025-08-08,included,,"[""2025-07-11"", ""2025-07-14"", ""2025-07-15"", ""2025-07-16"", ""2025-07-17"", ""2025-07-18"", ""2025-07-21"", ""2025-07-22"", ""2025-07-23"", ""2025-07-24"", ""2025-07-25"", ""2025-07-28"", ""2025-07-29"", ""2025-07-30"", ""2025-07-31"", ""2025-08-01"", ""2025-08-04"", ""2025-08-05"", ""2025-08-06"", ""2025-08-07""]",32348000000000,85796000000000,1,2.0,1.0,0.0
RTS,2025-08-11,included,,"[""2025-07-14"", ""2025-07-15"", ""2025-07-16"", ""2025-07-17"", ""2025-07-18"", ""2025-07-21"", ""2025-07-22"", ""2025-07-23"", ""2025-07-24"", ""2025-07-25"", ""2025-07-28"", ""2025-07-29"", ""2025-07-30"", ""2025-07-31"", ""2025-08-01"", ""2025-08-04"", ""2025-08-05"", ""2025-08-06"", ""2025-08-07"", ""2025-08-08""]",32371000000000,85798000000000,1,6.0,2.0,0.0
RTS,2025-08-12,included,,"[""2025-07-15"", ""2025-07-16"", ""2025-07-17"", ""2025-07-18"", ""2025-07-21"", ""2025-07-22"", ""2025-07-23"", ""2025-07-24"", ""2025-07-25"", ""2025-07-28"", ""2025-07-29"", ""2025-07-30"", ""2025-07-31"", ""2025-08-01"", ""2025-08-04"", ""2025-08-05"", ""2025-08-06"", ""2025-08-07"", ""2025-08-08"", ""2025-08-11""]",32360000000000,85798000000000,1,7.0,0.0,26.0
RTS,2025-08-13,included,,"[""2025-07-16"", ""2025-07-17"", ""2025-07-18"", ""2025-07-21"", ""2025-07-22"", ""2025-07-23"", ""2025-07-24"", ""2025-07-25"", ""2025-07-28"", ""2025-07-29"", ""2025-07-30"", ""2025-07-31"", ""2025-08-01"", ""2025-08-04"", ""2025-08-05"", ""2025-08-06"", ""2025-08-07"", ""2025-08-08"", ""2025-08-11"", ""2025-08-12""]",32378000000000,85798001000000,1,2.0,0.0,1.0
RTS,2025-08-14,included,,"[""2025-07-17"", ""2025-07-18"", ""2025-07-21"", ""2025-07-22"", ""2025-07-23"", ""2025-07-24"", ""2025-07-25"", ""2025-07-28"", ""2025-07-29"", ""2025-07-30"", ""2025-07-31"", ""2025-08-01"", ""2025-08-04"", ""2025-08-05"", ""2025-08-06"", ""2025-08-07"", ""2025-08-08"", ""2025-08-11"", ""2025-08-12"", ""2025-08-13""]",32361000000000,85789004000000,1,2.0,2.0,8.0
RTS,2025-08-15,included,,"[""2025-07-18"", ""2025-07-21"", ""2025-07-22"", ""2025-07-23"", ""2025-07-24"", ""2025-07-25"", ""2025-07-28"", ""2025-07-29"", ""2025-07-30"", ""2025-07-31"", ""2025-08-01"", ""2025-08-04"", ""2025-08-05"", ""2025-08-06"", ""2025-08-07"", ""2025-08-08"", ""2025-08-11"", ""2025-08-12"", ""2025-08-13"", ""2025-08-14""]",32350000000000,85799000000000,1,3.0,0.0,3.0
RTS,2025-08-18,included,,"[""2025-07-21"", ""2025-07-22"", ""2025-07-23"", ""2025-07-24"", ""2025-07-25"", ""2025-07-28"", ""2025-07-29"", ""2025-07-30"", ""2025-07-31"", ""2025-08-01"", ""2025-08-04"", ""2025-08-05"", ""2025-08-06"", ""2025-08-07"", ""2025-08-08"", ""2025-08-11"", ""2025-08-12"", ""2025-08-13"", ""2025-08-14"", ""2025-08-15""]",32386000000000,85798000000000,1,6.0,6.0,5.0
RTS,2025-08-19,included,,"[""2025-07-22"", ""2025-07-23"", ""2025-07-24"", ""2025-07-25"", ""2025-07-28"", ""2025-07-29"", ""2025-07-30"", ""2025-07-31"", ""2025-08-01"", ""2025-08-04"", ""2025-08-05"", ""2025-08-06"", ""2025-08-07"", ""2025-08-08"", ""2025-08-11"", ""2025-08-12"", ""2025-08-13"", ""2025-08-14"", ""2025-08-15"", ""2025-08-18""]",32341000000000,85789001000000,1,9.0,0.0,2.0
RTS,2025-08-20,included,,"[""2025-07-23"", ""2025-07-24"", ""2025-07-25"", ""2025-07-28"", ""2025-07-29"", ""2025-07-30"", ""2025-07-31"", ""2025-08-01"", ""2025-08-04"", ""2025-08-05"", ""2025-08-06"", ""2025-08-07"", ""2025-08-08"", ""2025-08-11"", ""2025-08-12"", ""2025-08-13"", ""2025-08-14"", ""2025-08-15"", ""2025-08-18"", ""2025-08-19""]",32346000000000,85798000000000,1,4.0,0.0,8.0
RTS,2025-08-21,included,,"[""2025-07-24"", ""2025-07-25"", ""2025-07-28"", ""2025-07-29"", ""2025-07-30"", ""2025-07-31"", ""2025-08-01"", ""2025-08-04"", ""2025-08-05"", ""2025-08-06"", ""2025-08-07"", ""2025-08-08"", ""2025-08-11"", ""2025-08-12"", ""2025-08-13"", ""2025-08-14"", ""2025-08-15"", ""2025-08-18"", ""2025-08-19"", ""2025-08-20""]",32356000000000,85799001000000,1,4.0,4.0,4.0
RTS,2025-08-22,included,,"[""2025-07-25"", ""2025-07-28"", ""2025-07-29"", ""2025-07-30"", ""2025-07-31"", ""2025-08-01"", ""2025-08-04"", ""2025-08-05"", ""2025-08-06"", ""2025-08-07"", ""2025-08-08"", ""2025-08-11"", ""2025-08-12"", ""2025-08-13"", ""2025-08-14"", ""2025-08-15"", ""2025-08-18"", ""2025-08-19"", ""2025-08-20"", ""2025-08-21""]",32352000000000,85799001000000,1,6.0,5.0,1.0
RTS,2025-08-25,included,,"[""2025-07-28"", ""2025-07-29"", ""2025-07-30"", ""2025-07-31"", ""2025-08-01"", ""2025-08-04"", ""2025-08-05"", ""2025-08-06"", ""2025-08-07"", ""2025-08-08"", ""2025-08-11"", ""2025-08-12"", ""2025-08-13"", ""2025-08-14"", ""2025-08-15"", ""2025-08-18"", ""2025-08-19"", ""2025-08-20"", ""2025-08-21"", ""2025-08-22""]",32362000000000,85790003000000,1,3.0,0.0,8.0
RTS,2025-08-26,included,,"[""2025-07-29"", ""2025-07-30"", ""2025-07-31"", ""2025-08-01"", ""2025-08-04"", ""2025-08-05"", ""2025-08-06"", ""2025-08-07"", ""2025-08-08"", ""2025-08-11"", ""2025-08-12"", ""2025-08-13"", ""2025-08-14"", ""2025-08-15"", ""2025-08-18"", ""2025-08-19"", ""2025-08-20"", ""2025-08-21"", ""2025-08-22"", ""2025-08-25""]",32352000000000,85794007000000,1,3.0,1.0,1.0
RTS,2025-08-27,included,,"[""2025-07-30"", ""2025-07-31"", ""2025-08-01"", ""2025-08-04"", ""2025-08-05"", ""2025-08-06"", ""2025-08-07"", ""2025-08-08"", ""2025-08-11"", ""2025-08-12"", ""2025-08-13"", ""2025-08-14"", ""2025-08-15"", ""2025-08-18"", ""2025-08-19"", ""2025-08-20"", ""2025-08-21"", ""2025-08-22"", ""2025-08-25"", ""2025-08-26""]",32388000000000,85796002000000,1,4.0,2.0,8.0
RTS,2025-08-28,included,,"[""2025-07-31"", ""2025-08-01"", ""2025-08-04"", ""2025-08-05"", ""2025-08-06"", ""2025-08-07"", ""2025-08-08"", ""2025-08-11"", ""2025-08-12"", ""2025-08-13"", ""2025-08-14"", ""2025-08-15"", ""2025-08-18"", ""2025-08-19"", ""2025-08-20"", ""2025-08-21"", ""2025-08-22"", ""2025-08-25"", ""2025-08-26"", ""2025-08-27""]",32389000000000,85798002000000,1,12.0,0.0,0.0
RTS,2025-08-29,included,,"[""2025-08-01"", ""2025-08-04"", ""2025-08-05"", ""2025-08-06"", ""2025-08-07"", ""2025-08-08"", ""2025-08-11"", ""2025-08-12"", ""2025-08-13"", ""2025-08-14"", ""2025-08-15"", ""2025-08-18"", ""2025-08-19"", ""2025-08-20"", ""2025-08-21"", ""2025-08-22"", ""2025-08-25"", ""2025-08-26"", ""2025-08-27"", ""2025-08-28""]",32371000000000,85798000000000,1,6.0,3.0,21.0
RTS,2025-09-01,included,,"[""2025-08-04"", ""2025-08-05"", ""2025-08-06"", ""2025-08-07"", ""2025-08-08"", ""2025-08-11"", ""2025-08-12"", ""2025-08-13"", ""2025-08-14"", ""2025-08-15"", ""2025-08-18"", ""2025-08-19"", ""2025-08-20"", ""2025-08-21"", ""2025-08-22"", ""2025-08-25"", ""2025-08-26"", ""2025-08-27"", ""2025-08-28"", ""2025-08-29""]",32347000000000,85796000000000,1,6.0,0.0,7.0
RTS,2025-09-02,included,,"[""2025-08-05"", ""2025-08-06"", ""2025-08-07"", ""2025-08-08"", ""2025-08-11"", ""2025-08-12"", ""2025-08-13"", ""2025-08-14"", ""2025-08-15"", ""2025-08-18"", ""2025-08-19"", ""2025-08-20"", ""2025-08-21"", ""2025-08-22"", ""2025-08-25"", ""2025-08-26"", ""2025-08-27"", ""2025-08-28"", ""2025-08-29"", ""2025-09-01""]",32370000000000,85799001000000,1,8.0,6.0,1.0
RTS,2025-09-03,included,,"[""2025-08-06"", ""2025-08-07"", ""2025-08-08"", ""2025-08-11"", ""2025-08-12"", ""2025-08-13"", ""2025-08-14"", ""2025-08-15"", ""2025-08-18"", ""2025-08-19"", ""2025-08-20"", ""2025-08-21"", ""2025-08-22"", ""2025-08-25"", ""2025-08-26"", ""2025-08-27"", ""2025-08-28"", ""2025-08-29"", ""2025-09-01"", ""2025-09-02""]",32383000000000,85799000000000,1,5.0,0.0,0.0
RTS,2025-09-04,included,,"[""2025-08-07"", ""2025-08-08"", ""2025-08-11"", ""2025-08-12"", ""2025-08-13"", ""2025-08-14"", ""2025-08-15"", ""2025-08-18"", ""2025-08-19"", ""2025-08-20"", ""2025-08-21"", ""2025-08-22"", ""2025-08-25"", ""2025-08-26"", ""2025-08-27"", ""2025-08-28"", ""2025-08-29"", ""2025-09-01"", ""2025-09-02"", ""2025-09-03""]",32349000000000,85798000000000,1,5.0,0.0,5.0
RTS,2025-09-05,included,,"[""2025-08-08"", ""2025-08-11"", ""2025-08-12"", ""2025-08-13"", ""2025-08-14"", ""2025-08-15"", ""2025-08-18"", ""2025-08-19"", ""2025-08-20"", ""2025-08-21"", ""2025-08-22"", ""2025-08-25"", ""2025-08-26"", ""2025-08-27"", ""2025-08-28"", ""2025-08-29"", ""2025-09-01"", ""2025-09-02"", ""2025-09-03"", ""2025-09-04""]",32359000000000,85796000000000,1,9.0,0.0,2.0
RTS,2025-09-08,included,,"[""2025-08-11"", ""2025-08-12"", ""2025-08-13"", ""2025-08-14"", ""2025-08-15"", ""2025-08-18"", ""2025-08-19"", ""2025-08-20"", ""2025-08-21"", ""2025-08-22"", ""2025-08-25"", ""2025-08-26"", ""2025-08-27"", ""2025-08-28"", ""2025-08-29"", ""2025-09-01"", ""2025-09-02"", ""2025-09-03"", ""2025-09-04"", ""2025-09-05""]",32361000000000,85797000000000,1,5.0,0.0,7.0
RTS,2025-09-09,included,,"[""2025-08-12"", ""2025-08-13"", ""2025-08-14"", ""2025-08-15"", ""2025-08-18"", ""2025-08-19"", ""2025-08-20"", ""2025-08-21"", ""2025-08-22"", ""2025-08-25"", ""2025-08-26"", ""2025-08-27"", ""2025-08-28"", ""2025-08-29"", ""2025-09-01"", ""2025-09-02"", ""2025-09-03"", ""2025-09-04"", ""2025-09-05"", ""2025-09-08""]",32352000000000,85797001000000,1,5.0,5.0,0.0
RTS,2025-09-10,included,,"[""2025-08-13"", ""2025-08-14"", ""2025-08-15"", ""2025-08-18"", ""2025-08-19"", ""2025-08-20"", ""2025-08-21"", ""2025-08-22"", ""2025-08-25"", ""2025-08-26"", ""2025-08-27"", ""2025-08-28"", ""2025-08-29"", ""2025-09-01"", ""2025-09-02"", ""2025-09-03"", ""2025-09-04"", ""2025-09-05"", ""2025-09-08"", ""2025-09-09""]",32359000000000,85799001000000,1,4.0,4.0,1.0
RTS,2025-09-11,included,,"[""2025-08-14"", ""2025-08-15"", ""2025-08-18"", ""2025-08-19"", ""2025-08-20"", ""2025-08-21"", ""2025-08-22"", ""2025-08-25"", ""2025-08-26"", ""2025-08-27"", ""2025-08-28"", ""2025-08-29"", ""2025-09-01"", ""2025-09-02"", ""2025-09-03"", ""2025-09-04"", ""2025-09-05"", ""2025-09-08"", ""2025-09-09"", ""2025-09-10""]",32360000000000,85799000000000,1,9.0,9.0,0.0
RTS,2025-09-12,included,,"[""2025-08-15"", ""2025-08-18"", ""2025-08-19"", ""2025-08-20"", ""2025-08-21"", ""2025-08-22"", ""2025-08-25"", ""2025-08-26"", ""2025-08-27"", ""2025-08-28"", ""2025-08-29"", ""2025-09-01"", ""2025-09-02"", ""2025-09-03"", ""2025-09-04"", ""2025-09-05"", ""2025-09-08"", ""2025-09-09"", ""2025-09-10"", ""2025-09-11""]",32366000000000,85797000000000,1,6.0,5.0,7.0
RTS,2025-09-15,included,,"[""2025-08-18"", ""2025-08-19"", ""2025-08-20"", ""2025-08-21"", ""2025-08-22"", ""2025-08-25"", ""2025-08-26"", ""2025-08-27"", ""2025-08-28"", ""2025-08-29"", ""2025-09-01"", ""2025-09-02"", ""2025-09-03"", ""2025-09-04"", ""2025-09-05"", ""2025-09-08"", ""2025-09-09"", ""2025-09-10"", ""2025-09-11"", ""2025-09-12""]",32357000000000,85798000000000,1,10.0,1.0,1.0
RTS,2025-09-16,included,,"[""2025-08-19"", ""2025-08-20"", ""2025-08-21"", ""2025-08-22"", ""2025-08-25"", ""2025-08-26"", ""2025-08-27"", ""2025-08-28"", ""2025-08-29"", ""2025-09-01"", ""2025-09-02"", ""2025-09-03"", ""2025-09-04"", ""2025-09-05"", ""2025-09-08"", ""2025-09-09"", ""2025-09-10"", ""2025-09-11"", ""2025-09-12"", ""2025-09-15""]",32342000000000,85799000000000,1,4.0,4.0,0.0
RTS,2025-09-17,included,,"[""2025-08-20"", ""2025-08-21"", ""2025-08-22"", ""2025-08-25"", ""2025-08-26"", ""2025-08-27"", ""2025-08-28"", ""2025-08-29"", ""2025-09-01"", ""2025-09-02"", ""2025-09-03"", ""2025-09-04"", ""2025-09-05"", ""2025-09-08"", ""2025-09-09"", ""2025-09-10"", ""2025-09-11"", ""2025-09-12"", ""2025-09-15"", ""2025-09-16""]",32375000000000,85787000000000,1,5.0,0.0,17.0
RTS,2025-09-18,included,,"[""2025-08-21"", ""2025-08-22"", ""2025-08-25"", ""2025-08-26"", ""2025-08-27"", ""2025-08-28"", ""2025-08-29"", ""2025-09-01"", ""2025-09-02"", ""2025-09-03"", ""2025-09-04"", ""2025-09-05"", ""2025-09-08"", ""2025-09-09"", ""2025-09-10"", ""2025-09-11"", ""2025-09-12"", ""2025-09-15"", ""2025-09-16"", ""2025-09-17""]",32356000000000,85797000000000,1,7.0,1.0,4.0
RTS,2025-09-19,included,,"[""2025-08-22"", ""2025-08-25"", ""2025-08-26"", ""2025-08-27"", ""2025-08-28"", ""2025-08-29"", ""2025-09-01"", ""2025-09-02"", ""2025-09-03"", ""2025-09-04"", ""2025-09-05"", ""2025-09-08"", ""2025-09-09"", ""2025-09-10"", ""2025-09-11"", ""2025-09-12"", ""2025-09-15"", ""2025-09-16"", ""2025-09-17"", ""2025-09-18""]",32363000000000,85797000000000,1,3.0,2.0,2.0
RTS,2025-09-22,included,,"[""2025-08-25"", ""2025-08-26"", ""2025-08-27"", ""2025-08-28"", ""2025-08-29"", ""2025-09-01"", ""2025-09-02"", ""2025-09-03"", ""2025-09-04"", ""2025-09-05"", ""2025-09-08"", ""2025-09-09"", ""2025-09-10"", ""2025-09-11"", ""2025-09-12"", ""2025-09-15"", ""2025-09-16"", ""2025-09-17"", ""2025-09-18"", ""2025-09-19""]",32386000000000,85799001000000,1,3.0,3.0,1.0
RTS,2025-09-23,included,,"[""2025-08-26"", ""2025-08-27"", ""2025-08-28"", ""2025-08-29"", ""2025-09-01"", ""2025-09-02"", ""2025-09-03"", ""2025-09-04"", ""2025-09-05"", ""2025-09-08"", ""2025-09-09"", ""2025-09-10"", ""2025-09-11"", ""2025-09-12"", ""2025-09-15"", ""2025-09-16"", ""2025-09-17"", ""2025-09-18"", ""2025-09-19"", ""2025-09-22""]",32374000000000,85799001000000,1,9.0,9.0,29.0
RTS,2025-09-24,included,,"[""2025-08-27"", ""2025-08-28"", ""2025-08-29"", ""2025-09-01"", ""2025-09-02"", ""2025-09-03"", ""2025-09-04"", ""2025-09-05"", ""2025-09-08"", ""2025-09-09"", ""2025-09-10"", ""2025-09-11"", ""2025-09-12"", ""2025-09-15"", ""2025-09-16"", ""2025-09-17"", ""2025-09-18"", ""2025-09-19"", ""2025-09-22"", ""2025-09-23""]",32385000000000,85798000000000,1,2.0,2.0,3.0
RTS,2025-09-25,included,,"[""2025-08-28"", ""2025-08-29"", ""2025-09-01"", ""2025-09-02"", ""2025-09-03"", ""2025-09-04"", ""2025-09-05"", ""2025-09-08"", ""2025-09-09"", ""2025-09-10"", ""2025-09-11"", ""2025-09-12"", ""2025-09-15"", ""2025-09-16"", ""2025-09-17"", ""2025-09-18"", ""2025-09-19"", ""2025-09-22"", ""2025-09-23"", ""2025-09-24""]",32375000000000,85798001000000,1,5.0,5.0,10.0
RTS,2025-09-26,included,,"[""2025-08-29"", ""2025-09-01"", ""2025-09-02"", ""2025-09-03"", ""2025-09-04"", ""2025-09-05"", ""2025-09-08"", ""2025-09-09"", ""2025-09-10"", ""2025-09-11"", ""2025-09-12"", ""2025-09-15"", ""2025-09-16"", ""2025-09-17"", ""2025-09-18"", ""2025-09-19"", ""2025-09-22"", ""2025-09-23"", ""2025-09-24"", ""2025-09-25""]",32348000000000,85799001000000,1,6.0,4.0,2.0
RTS,2025-09-29,included,,"[""2025-09-01"", ""2025-09-02"", ""2025-09-03"", ""2025-09-04"", ""2025-09-05"", ""2025-09-08"", ""2025-09-09"", ""2025-09-10"", ""2025-09-11"", ""2025-09-12"", ""2025-09-15"", ""2025-09-16"", ""2025-09-17"", ""2025-09-18"", ""2025-09-19"", ""2025-09-22"", ""2025-09-23"", ""2025-09-24"", ""2025-09-25"", ""2025-09-26""]",32347000000000,85797002000000,1,4.0,4.0,0.0
RTS,2025-09-30,included,,"[""2025-09-02"", ""2025-09-03"", ""2025-09-04"", ""2025-09-05"", ""2025-09-08"", ""2025-09-09"", ""2025-09-10"", ""2025-09-11"", ""2025-09-12"", ""2025-09-15"", ""2025-09-16"", ""2025-09-17"", ""2025-09-18"", ""2025-09-19"", ""2025-09-22"", ""2025-09-23"", ""2025-09-24"", ""2025-09-25"", ""2025-09-26"", ""2025-09-29""]",32347000000000,85799000000000,1,8.0,8.0,11.0
RTS,2025-10-01,included,,"[""2025-09-03"", ""2025-09-04"", ""2025-09-05"", ""2025-09-08"", ""2025-09-09"", ""2025-09-10"", ""2025-09-11"", ""2025-09-12"", ""2025-09-15"", ""2025-09-16"", ""2025-09-17"", ""2025-09-18"", ""2025-09-19"", ""2025-09-22"", ""2025-09-23"", ""2025-09-24"", ""2025-09-25"", ""2025-09-26"", ""2025-09-29"", ""2025-09-30""]",32364000000000,85798005000000,1,5.0,5.0,1.0
RTS,2025-10-02,included,,"[""2025-09-04"", ""2025-09-05"", ""2025-09-08"", ""2025-09-09"", ""2025-09-10"", ""2025-09-11"", ""2025-09-12"", ""2025-09-15"", ""2025-09-16"", ""2025-09-17"", ""2025-09-18"", ""2025-09-19"", ""2025-09-22"", ""2025-09-23"", ""2025-09-24"", ""2025-09-25"", ""2025-09-26"", ""2025-09-29"", ""2025-09-30"", ""2025-10-01""]",32385000000000,85798000000000,1,10.0,10.0,0.0
RTS,2025-10-03,included,,"[""2025-09-05"", ""2025-09-08"", ""2025-09-09"", ""2025-09-10"", ""2025-09-11"", ""2025-09-12"", ""2025-09-15"", ""2025-09-16"", ""2025-09-17"", ""2025-09-18"", ""2025-09-19"", ""2025-09-22"", ""2025-09-23"", ""2025-09-24"", ""2025-09-25"", ""2025-09-26"", ""2025-09-29"", ""2025-09-30"", ""2025-10-01"", ""2025-10-02""]",32360000000000,85797001000000,1,5.0,4.0,0.0
RTS,2025-10-06,included,,"[""2025-09-08"", ""2025-09-09"", ""2025-09-10"", ""2025-09-11"", ""2025-09-12"", ""2025-09-15"", ""2025-09-16"", ""2025-09-17"", ""2025-09-18"", ""2025-09-19"", ""2025-09-22"", ""2025-09-23"", ""2025-09-24"", ""2025-09-25"", ""2025-09-26"", ""2025-09-29"", ""2025-09-30"", ""2025-10-01"", ""2025-10-02"", ""2025-10-03""]",32381000000000,85799000000000,1,3.0,3.0,0.0
RTS,2025-10-07,included,,"[""2025-09-09"", ""2025-09-10"", ""2025-09-11"", ""2025-09-12"", ""2025-09-15"", ""2025-09-16"", ""2025-09-17"", ""2025-09-18"", ""2025-09-19"", ""2025-09-22"", ""2025-09-23"", ""2025-09-24"", ""2025-09-25"", ""2025-09-26"", ""2025-09-29"", ""2025-09-30"", ""2025-10-01"", ""2025-10-02"", ""2025-10-03"", ""2025-10-06""]",32342000000000,85799000000000,1,7.0,7.0,0.0
RTS,2025-10-08,included,,"[""2025-09-10"", ""2025-09-11"", ""2025-09-12"", ""2025-09-15"", ""2025-09-16"", ""2025-09-17"", ""2025-09-18"", ""2025-09-19"", ""2025-09-22"", ""2025-09-23"", ""2025-09-24"", ""2025-09-25"", ""2025-09-26"", ""2025-09-29"", ""2025-09-30"", ""2025-10-01"", ""2025-10-02"", ""2025-10-03"", ""2025-10-06"", ""2025-10-07""]",32373000000000,85796005000000,1,2.0,1.0,0.0
RTS,2025-10-09,included,,"[""2025-09-11"", ""2025-09-12"", ""2025-09-15"", ""2025-09-16"", ""2025-09-17"", ""2025-09-18"", ""2025-09-19"", ""2025-09-22"", ""2025-09-23"", ""2025-09-24"", ""2025-09-25"", ""2025-09-26"", ""2025-09-29"", ""2025-09-30"", ""2025-10-01"", ""2025-10-02"", ""2025-10-03"", ""2025-10-06"", ""2025-10-07"", ""2025-10-08""]",32362000000000,85798004000000,1,5.0,5.0,10.0
RTS,2025-10-10,included,,"[""2025-09-12"", ""2025-09-15"", ""2025-09-16"", ""2025-09-17"", ""2025-09-18"", ""2025-09-19"", ""2025-09-22"", ""2025-09-23"", ""2025-09-24"", ""2025-09-25"", ""2025-09-26"", ""2025-09-29"", ""2025-09-30"", ""2025-10-01"", ""2025-10-02"", ""2025-10-03"", ""2025-10-06"", ""2025-10-07"", ""2025-10-08"", ""2025-10-09""]",32342000000000,85799000000000,1,5.0,5.0,3.0
RTS,2025-10-13,included,,"[""2025-09-15"", ""2025-09-16"", ""2025-09-17"", ""2025-09-18"", ""2025-09-19"", ""2025-09-22"", ""2025-09-23"", ""2025-09-24"", ""2025-09-25"", ""2025-09-26"", ""2025-09-29"", ""2025-09-30"", ""2025-10-01"", ""2025-10-02"", ""2025-10-03"", ""2025-10-06"", ""2025-10-07"", ""2025-10-08"", ""2025-10-09"", ""2025-10-10""]",32354000000000,85794000000000,1,7.0,7.0,3.0
RTS,2025-10-14,included,,"[""2025-09-16"", ""2025-09-17"", ""2025-09-18"", ""2025-09-19"", ""2025-09-22"", ""2025-09-23"", ""2025-09-24"", ""2025-09-25"", ""2025-09-26"", ""2025-09-29"", ""2025-09-30"", ""2025-10-01"", ""2025-10-02"", ""2025-10-03"", ""2025-10-06"", ""2025-10-07"", ""2025-10-08"", ""2025-10-09"", ""2025-10-10"", ""2025-10-13""]",32382000000000,85799005000000,1,9.0,5.0,11.0
RTS,2025-10-15,included,,"[""2025-09-17"", ""2025-09-18"", ""2025-09-19"", ""2025-09-22"", ""2025-09-23"", ""2025-09-24"", ""2025-09-25"", ""2025-09-26"", ""2025-09-29"", ""2025-09-30"", ""2025-10-01"", ""2025-10-02"", ""2025-10-03"", ""2025-10-06"", ""2025-10-07"", ""2025-10-08"", ""2025-10-09"", ""2025-10-10"", ""2025-10-13"", ""2025-10-14""]",32362000000000,85797001000000,1,7.0,7.0,5.0
RTS,2025-10-16,included,,"[""2025-09-18"", ""2025-09-19"", ""2025-09-22"", ""2025-09-23"", ""2025-09-24"", ""2025-09-25"", ""2025-09-26"", ""2025-09-29"", ""2025-09-30"", ""2025-10-01"", ""2025-10-02"", ""2025-10-03"", ""2025-10-06"", ""2025-10-07"", ""2025-10-08"", ""2025-10-09"", ""2025-10-10"", ""2025-10-13"", ""2025-10-14"", ""2025-10-15""]",32345000000000,85798000000000,1,3.0,3.0,0.0
RTS,2025-10-17,included,,"[""2025-09-19"", ""2025-09-22"", ""2025-09-23"", ""2025-09-24"", ""2025-09-25"", ""2025-09-26"", ""2025-09-29"", ""2025-09-30"", ""2025-10-01"", ""2025-10-02"", ""2025-10-03"", ""2025-10-06"", ""2025-10-07"", ""2025-10-08"", ""2025-10-09"", ""2025-10-10"", ""2025-10-13"", ""2025-10-14"", ""2025-10-15"", ""2025-10-16""]",32371000000000,85799006000000,1,7.0,7.0,30.0
RTS,2025-10-20,included,,"[""2025-09-22"", ""2025-09-23"", ""2025-09-24"", ""2025-09-25"", ""2025-09-26"", ""2025-09-29"", ""2025-09-30"", ""2025-10-01"", ""2025-10-02"", ""2025-10-03"", ""2025-10-06"", ""2025-10-07"", ""2025-10-08"", ""2025-10-09"", ""2025-10-10"", ""2025-10-13"", ""2025-10-14"", ""2025-10-15"", ""2025-10-16"", ""2025-10-17""]",32353000000000,85798000000000,1,8.0,0.0,1.0
RTS,2025-10-21,included,,"[""2025-09-23"", ""2025-09-24"", ""2025-09-25"", ""2025-09-26"", ""2025-09-29"", ""2025-09-30"", ""2025-10-01"", ""2025-10-02"", ""2025-10-03"", ""2025-10-06"", ""2025-10-07"", ""2025-10-08"", ""2025-10-09"", ""2025-10-10"", ""2025-10-13"", ""2025-10-14"", ""2025-10-15"", ""2025-10-16"", ""2025-10-17"", ""2025-10-20""]",32375000000000,85799001000000,1,6.0,5.0,2.0
RTS,2025-10-22,included,,"[""2025-09-24"", ""2025-09-25"", ""2025-09-26"", ""2025-09-29"", ""2025-09-30"", ""2025-10-01"", ""2025-10-02"", ""2025-10-03"", ""2025-10-06"", ""2025-10-07"", ""2025-10-08"", ""2025-10-09"", ""2025-10-10"", ""2025-10-13"", ""2025-10-14"", ""2025-10-15"", ""2025-10-16"", ""2025-10-17"", ""2025-10-20"", ""2025-10-21""]",32347000000000,85799003000000,1,12.0,12.0,4.0
RTS,2025-10-23,included,,"[""2025-09-25"", ""2025-09-26"", ""2025-09-29"", ""2025-09-30"", ""2025-10-01"", ""2025-10-02"", ""2025-10-03"", ""2025-10-06"", ""2025-10-07"", ""2025-10-08"", ""2025-10-09"", ""2025-10-10"", ""2025-10-13"", ""2025-10-14"", ""2025-10-15"", ""2025-10-16"", ""2025-10-17"", ""2025-10-20"", ""2025-10-21"", ""2025-10-22""]",32375000000000,85798000000000,1,13.0,0.0,2.0
RTS,2025-10-24,included,,"[""2025-09-26"", ""2025-09-29"", ""2025-09-30"", ""2025-10-01"", ""2025-10-02"", ""2025-10-03"", ""2025-10-06"", ""2025-10-07"", ""2025-10-08"", ""2025-10-09"", ""2025-10-10"", ""2025-10-13"", ""2025-10-14"", ""2025-10-15"", ""2025-10-16"", ""2025-10-17"", ""2025-10-20"", ""2025-10-21"", ""2025-10-22"", ""2025-10-23""]",32378000000000,85795000000000,1,7.0,1.0,2.0
RTS,2025-10-27,included,,"[""2025-09-29"", ""2025-09-30"", ""2025-10-01"", ""2025-10-02"", ""2025-10-03"", ""2025-10-06"", ""2025-10-07"", ""2025-10-08"", ""2025-10-09"", ""2025-10-10"", ""2025-10-13"", ""2025-10-14"", ""2025-10-15"", ""2025-10-16"", ""2025-10-17"", ""2025-10-20"", ""2025-10-21"", ""2025-10-22"", ""2025-10-23"", ""2025-10-24""]",32366000000000,85795000000000,1,6.0,0.0,0.0
RTS,2025-10-28,included,,"[""2025-09-30"", ""2025-10-01"", ""2025-10-02"", ""2025-10-03"", ""2025-10-06"", ""2025-10-07"", ""2025-10-08"", ""2025-10-09"", ""2025-10-10"", ""2025-10-13"", ""2025-10-14"", ""2025-10-15"", ""2025-10-16"", ""2025-10-17"", ""2025-10-20"", ""2025-10-21"", ""2025-10-22"", ""2025-10-23"", ""2025-10-24"", ""2025-10-27""]",32379000000000,85797000000000,1,4.0,0.0,0.0
RTS,2025-10-29,included,,"[""2025-10-01"", ""2025-10-02"", ""2025-10-03"", ""2025-10-06"", ""2025-10-07"", ""2025-10-08"", ""2025-10-09"", ""2025-10-10"", ""2025-10-13"", ""2025-10-14"", ""2025-10-15"", ""2025-10-16"", ""2025-10-17"", ""2025-10-20"", ""2025-10-21"", ""2025-10-22"", ""2025-10-23"", ""2025-10-24"", ""2025-10-27"", ""2025-10-28""]",32364000000000,85798000000000,1,9.0,1.0,1.0
RTS,2025-10-30,included,,"[""2025-10-02"", ""2025-10-03"", ""2025-10-06"", ""2025-10-07"", ""2025-10-08"", ""2025-10-09"", ""2025-10-10"", ""2025-10-13"", ""2025-10-14"", ""2025-10-15"", ""2025-10-16"", ""2025-10-17"", ""2025-10-20"", ""2025-10-21"", ""2025-10-22"", ""2025-10-23"", ""2025-10-24"", ""2025-10-27"", ""2025-10-28"", ""2025-10-29""]",32344000000000,85794001000000,1,7.0,0.0,15.0
RTS,2025-10-31,included,,"[""2025-10-03"", ""2025-10-06"", ""2025-10-07"", ""2025-10-08"", ""2025-10-09"", ""2025-10-10"", ""2025-10-13"", ""2025-10-14"", ""2025-10-15"", ""2025-10-16"", ""2025-10-17"", ""2025-10-20"", ""2025-10-21"", ""2025-10-22"", ""2025-10-23"", ""2025-10-24"", ""2025-10-27"", ""2025-10-28"", ""2025-10-29"", ""2025-10-30""]",32355000000000,85799000000000,1,2.0,0.0,4.0
RTS,2025-11-03,included,,"[""2025-10-06"", ""2025-10-07"", ""2025-10-08"", ""2025-10-09"", ""2025-10-10"", ""2025-10-13"", ""2025-10-14"", ""2025-10-15"", ""2025-10-16"", ""2025-10-17"", ""2025-10-20"", ""2025-10-21"", ""2025-10-22"", ""2025-10-23"", ""2025-10-24"", ""2025-10-27"", ""2025-10-28"", ""2025-10-29"", ""2025-10-30"", ""2025-10-31""]",32357000000000,85797000000000,1,4.0,0.0,1.0
RTS,2025-11-05,included,,"[""2025-10-07"", ""2025-10-08"", ""2025-10-09"", ""2025-10-10"", ""2025-10-13"", ""2025-10-14"", ""2025-10-15"", ""2025-10-16"", ""2025-10-17"", ""2025-10-20"", ""2025-10-21"", ""2025-10-22"", ""2025-10-23"", ""2025-10-24"", ""2025-10-27"", ""2025-10-28"", ""2025-10-29"", ""2025-10-30"", ""2025-10-31"", ""2025-11-03""]",32378000000000,85798001000000,1,6.0,0.0,6.0
RTS,2025-11-06,included,,"[""2025-10-08"", ""2025-10-09"", ""2025-10-10"", ""2025-10-13"", ""2025-10-14"", ""2025-10-15"", ""2025-10-16"", ""2025-10-17"", ""2025-10-20"", ""2025-10-21"", ""2025-10-22"", ""2025-10-23"", ""2025-10-24"", ""2025-10-27"", ""2025-10-28"", ""2025-10-29"", ""2025-10-30"", ""2025-10-31"", ""2025-11-03"", ""2025-11-05""]",32385000000000,85799004000000,1,13.0,0.0,9.0
RTS,2025-11-07,included,,"[""2025-10-09"", ""2025-10-10"", ""2025-10-13"", ""2025-10-14"", ""2025-10-15"", ""2025-10-16"", ""2025-10-17"", ""2025-10-20"", ""2025-10-21"", ""2025-10-22"", ""2025-10-23"", ""2025-10-24"", ""2025-10-27"", ""2025-10-28"", ""2025-10-29"", ""2025-10-30"", ""2025-10-31"", ""2025-11-03"", ""2025-11-05"", ""2025-11-06""]",32362000000000,85797000000000,1,3.0,1.0,5.0
RTS,2025-11-10,included,,"[""2025-10-10"", ""2025-10-13"", ""2025-10-14"", ""2025-10-15"", ""2025-10-16"", ""2025-10-17"", ""2025-10-20"", ""2025-10-21"", ""2025-10-22"", ""2025-10-23"", ""2025-10-24"", ""2025-10-27"", ""2025-10-28"", ""2025-10-29"", ""2025-10-30"", ""2025-10-31"", ""2025-11-03"", ""2025-11-05"", ""2025-11-06"", ""2025-11-07""]",32382000000000,85799000000000,1,1.0,0.0,3.0
RTS,2025-11-11,included,,"[""2025-10-13"", ""2025-10-14"", ""2025-10-15"", ""2025-10-16"", ""2025-10-17"", ""2025-10-20"", ""2025-10-21"", ""2025-10-22"", ""2025-10-23"", ""2025-10-24"", ""2025-10-27"", ""2025-10-28"", ""2025-10-29"", ""2025-10-30"", ""2025-10-31"", ""2025-11-03"", ""2025-11-05"", ""2025-11-06"", ""2025-11-07"", ""2025-11-10""]",32364000000000,85795000000000,1,2.0,0.0,11.0
RTS,2025-11-12,included,,"[""2025-10-14"", ""2025-10-15"", ""2025-10-16"", ""2025-10-17"", ""2025-10-20"", ""2025-10-21"", ""2025-10-22"", ""2025-10-23"", ""2025-10-24"", ""2025-10-27"", ""2025-10-28"", ""2025-10-29"", ""2025-10-30"", ""2025-10-31"", ""2025-11-03"", ""2025-11-05"", ""2025-11-06"", ""2025-11-07"", ""2025-11-10"", ""2025-11-11""]",32388000000000,85799001000000,1,6.0,0.0,0.0
RTS,2025-11-13,included,,"[""2025-10-15"", ""2025-10-16"", ""2025-10-17"", ""2025-10-20"", ""2025-10-21"", ""2025-10-22"", ""2025-10-23"", ""2025-10-24"", ""2025-10-27"", ""2025-10-28"", ""2025-10-29"", ""2025-10-30"", ""2025-10-31"", ""2025-11-03"", ""2025-11-05"", ""2025-11-06"", ""2025-11-07"", ""2025-11-10"", ""2025-11-11"", ""2025-11-12""]",32380000000000,85797000000000,1,1.0,0.0,2.0
RTS,2025-11-14,included,,"[""2025-10-16"", ""2025-10-17"", ""2025-10-20"", ""2025-10-21"", ""2025-10-22"", ""2025-10-23"", ""2025-10-24"", ""2025-10-27"", ""2025-10-28"", ""2025-10-29"", ""2025-10-30"", ""2025-10-31"", ""2025-11-03"", ""2025-11-05"", ""2025-11-06"", ""2025-11-07"", ""2025-11-10"", ""2025-11-11"", ""2025-11-12"", ""2025-11-13""]",32371000000000,85799000000000,1,7.0,0.0,1.0
RTS,2025-11-17,included,,"[""2025-10-17"", ""2025-10-20"", ""2025-10-21"", ""2025-10-22"", ""2025-10-23"", ""2025-10-24"", ""2025-10-27"", ""2025-10-28"", ""2025-10-29"", ""2025-10-30"", ""2025-10-31"", ""2025-11-03"", ""2025-11-05"", ""2025-11-06"", ""2025-11-07"", ""2025-11-10"", ""2025-11-11"", ""2025-11-12"", ""2025-11-13"", ""2025-11-14""]",32343000000000,85795003000000,1,5.0,0.0,7.0
RTS,2025-11-18,included,,"[""2025-10-20"", ""2025-10-21"", ""2025-10-22"", ""2025-10-23"", ""2025-10-24"", ""2025-10-27"", ""2025-10-28"", ""2025-10-29"", ""2025-10-30"", ""2025-10-31"", ""2025-11-03"", ""2025-11-05"", ""2025-11-06"", ""2025-11-07"", ""2025-11-10"", ""2025-11-11"", ""2025-11-12"", ""2025-11-13"", ""2025-11-14"", ""2025-11-17""]",32387000000000,85797000000000,1,12.0,11.0,14.0
RTS,2025-11-19,included,,"[""2025-10-21"", ""2025-10-22"", ""2025-10-23"", ""2025-10-24"", ""2025-10-27"", ""2025-10-28"", ""2025-10-29"", ""2025-10-30"", ""2025-10-31"", ""2025-11-03"", ""2025-11-05"", ""2025-11-06"", ""2025-11-07"", ""2025-11-10"", ""2025-11-11"", ""2025-11-12"", ""2025-11-13"", ""2025-11-14"", ""2025-11-17"", ""2025-11-18""]",32386000000000,85799010000000,1,4.0,4.0,0.0
RTS,2025-11-20,included,,"[""2025-10-22"", ""2025-10-23"", ""2025-10-24"", ""2025-10-27"", ""2025-10-28"", ""2025-10-29"", ""2025-10-30"", ""2025-10-31"", ""2025-11-03"", ""2025-11-05"", ""2025-11-06"", ""2025-11-07"", ""2025-11-10"", ""2025-11-11"", ""2025-11-12"", ""2025-11-13"", ""2025-11-14"", ""2025-11-17"", ""2025-11-18"", ""2025-11-19""]",32359000000000,85796001000000,1,6.0,5.0,1.0
RTS,2025-11-21,included,,"[""2025-10-23"", ""2025-10-24"", ""2025-10-27"", ""2025-10-28"", ""2025-10-29"", ""2025-10-30"", ""2025-10-31"", ""2025-11-03"", ""2025-11-05"", ""2025-11-06"", ""2025-11-07"", ""2025-11-10"", ""2025-11-11"", ""2025-11-12"", ""2025-11-13"", ""2025-11-14"", ""2025-11-17"", ""2025-11-18"", ""2025-11-19"", ""2025-11-20""]",32366000000000,85799027000000,1,5.0,5.0,0.0
RTS,2025-11-24,included,,"[""2025-10-24"", ""2025-10-27"", ""2025-10-28"", ""2025-10-29"", ""2025-10-30"", ""2025-10-31"", ""2025-11-03"", ""2025-11-05"", ""2025-11-06"", ""2025-11-07"", ""2025-11-10"", ""2025-11-11"", ""2025-11-12"", ""2025-11-13"", ""2025-11-14"", ""2025-11-17"", ""2025-11-18"", ""2025-11-19"", ""2025-11-20"", ""2025-11-21""]",32380000000000,85799004000000,1,9.0,9.0,27.0
RTS,2025-11-25,included,,"[""2025-10-27"", ""2025-10-28"", ""2025-10-29"", ""2025-10-30"", ""2025-10-31"", ""2025-11-03"", ""2025-11-05"", ""2025-11-06"", ""2025-11-07"", ""2025-11-10"", ""2025-11-11"", ""2025-11-12"", ""2025-11-13"", ""2025-11-14"", ""2025-11-17"", ""2025-11-18"", ""2025-11-19"", ""2025-11-20"", ""2025-11-21"", ""2025-11-24""]",32361000000000,85794000000000,1,2.0,1.0,0.0
RTS,2025-11-26,included,,"[""2025-10-28"", ""2025-10-29"", ""2025-10-30"", ""2025-10-31"", ""2025-11-03"", ""2025-11-05"", ""2025-11-06"", ""2025-11-07"", ""2025-11-10"", ""2025-11-11"", ""2025-11-12"", ""2025-11-13"", ""2025-11-14"", ""2025-11-17"", ""2025-11-18"", ""2025-11-19"", ""2025-11-20"", ""2025-11-21"", ""2025-11-24"", ""2025-11-25""]",32370000000000,85799000000000,1,13.0,0.0,37.0
RTS,2025-11-27,included,,"[""2025-10-29"", ""2025-10-30"", ""2025-10-31"", ""2025-11-03"", ""2025-11-05"", ""2025-11-06"", ""2025-11-07"", ""2025-11-10"", ""2025-11-11"", ""2025-11-12"", ""2025-11-13"", ""2025-11-14"", ""2025-11-17"", ""2025-11-18"", ""2025-11-19"", ""2025-11-20"", ""2025-11-21"", ""2025-11-24"", ""2025-11-25"", ""2025-11-26""]",32388000000000,85797000000000,1,7.0,1.0,4.0
RTS,2025-11-28,included,,"[""2025-10-30"", ""2025-10-31"", ""2025-11-03"", ""2025-11-05"", ""2025-11-06"", ""2025-11-07"", ""2025-11-10"", ""2025-11-11"", ""2025-11-12"", ""2025-11-13"", ""2025-11-14"", ""2025-11-17"", ""2025-11-18"", ""2025-11-19"", ""2025-11-20"", ""2025-11-21"", ""2025-11-24"", ""2025-11-25"", ""2025-11-26"", ""2025-11-27""]",32387000000000,85798000000000,1,4.0,1.0,1.0
RTS,2025-12-01,included,,"[""2025-10-31"", ""2025-11-03"", ""2025-11-05"", ""2025-11-06"", ""2025-11-07"", ""2025-11-10"", ""2025-11-11"", ""2025-11-12"", ""2025-11-13"", ""2025-11-14"", ""2025-11-17"", ""2025-11-18"", ""2025-11-19"", ""2025-11-20"", ""2025-11-21"", ""2025-11-24"", ""2025-11-25"", ""2025-11-26"", ""2025-11-27"", ""2025-11-28""]",32387000000000,85797000000000,1,6.0,5.0,0.0
RTS,2025-12-02,included,,"[""2025-11-03"", ""2025-11-05"", ""2025-11-06"", ""2025-11-07"", ""2025-11-10"", ""2025-11-11"", ""2025-11-12"", ""2025-11-13"", ""2025-11-14"", ""2025-11-17"", ""2025-11-18"", ""2025-11-19"", ""2025-11-20"", ""2025-11-21"", ""2025-11-24"", ""2025-11-25"", ""2025-11-26"", ""2025-11-27"", ""2025-11-28"", ""2025-12-01""]",32400000000000,85797000000000,1,6.0,0.0,1.0
RTS,2025-12-03,included,,"[""2025-11-05"", ""2025-11-06"", ""2025-11-07"", ""2025-11-10"", ""2025-11-11"", ""2025-11-12"", ""2025-11-13"", ""2025-11-14"", ""2025-11-17"", ""2025-11-18"", ""2025-11-19"", ""2025-11-20"", ""2025-11-21"", ""2025-11-24"", ""2025-11-25"", ""2025-11-26"", ""2025-11-27"", ""2025-11-28"", ""2025-12-01"", ""2025-12-02""]",32382000000000,85792001000000,1,9.0,9.0,0.0
RTS,2025-12-04,included,,"[""2025-11-06"", ""2025-11-07"", ""2025-11-10"", ""2025-11-11"", ""2025-11-12"", ""2025-11-13"", ""2025-11-14"", ""2025-11-17"", ""2025-11-18"", ""2025-11-19"", ""2025-11-20"", ""2025-11-21"", ""2025-11-24"", ""2025-11-25"", ""2025-11-26"", ""2025-11-27"", ""2025-11-28"", ""2025-12-01"", ""2025-12-02"", ""2025-12-03""]",32388000000000,85799007000000,1,10.0,7.0,0.0
RTS,2025-12-05,included,,"[""2025-11-07"", ""2025-11-10"", ""2025-11-11"", ""2025-11-12"", ""2025-11-13"", ""2025-11-14"", ""2025-11-17"", ""2025-11-18"", ""2025-11-19"", ""2025-11-20"", ""2025-11-21"", ""2025-11-24"", ""2025-11-25"", ""2025-11-26"", ""2025-11-27"", ""2025-11-28"", ""2025-12-01"", ""2025-12-02"", ""2025-12-03"", ""2025-12-04""]",32356000000000,85795000000000,1,6.0,6.0,4.0
RTS,2025-12-08,included,,"[""2025-11-10"", ""2025-11-11"", ""2025-11-12"", ""2025-11-13"", ""2025-11-14"", ""2025-11-17"", ""2025-11-18"", ""2025-11-19"", ""2025-11-20"", ""2025-11-21"", ""2025-11-24"", ""2025-11-25"", ""2025-11-26"", ""2025-11-27"", ""2025-11-28"", ""2025-12-01"", ""2025-12-02"", ""2025-12-03"", ""2025-12-04"", ""2025-12-05""]",32367000000000,85793000000000,1,9.0,0.0,12.0
RTS,2025-12-09,included,,"[""2025-11-11"", ""2025-11-12"", ""2025-11-13"", ""2025-11-14"", ""2025-11-17"", ""2025-11-18"", ""2025-11-19"", ""2025-11-20"", ""2025-11-21"", ""2025-11-24"", ""2025-11-25"", ""2025-11-26"", ""2025-11-27"", ""2025-11-28"", ""2025-12-01"", ""2025-12-02"", ""2025-12-03"", ""2025-12-04"", ""2025-12-05"", ""2025-12-08""]",32368000000000,85798000000000,1,5.0,0.0,3.0
RTS,2025-12-10,included,,"[""2025-11-12"", ""2025-11-13"", ""2025-11-14"", ""2025-11-17"", ""2025-11-18"", ""2025-11-19"", ""2025-11-20"", ""2025-11-21"", ""2025-11-24"", ""2025-11-25"", ""2025-11-26"", ""2025-11-27"", ""2025-11-28"", ""2025-12-01"", ""2025-12-02"", ""2025-12-03"", ""2025-12-04"", ""2025-12-05"", ""2025-12-08"", ""2025-12-09""]",32374000000000,85795000000000,1,6.0,0.0,1.0
RTS,2025-12-11,included,,"[""2025-11-13"", ""2025-11-14"", ""2025-11-17"", ""2025-11-18"", ""2025-11-19"", ""2025-11-20"", ""2025-11-21"", ""2025-11-24"", ""2025-11-25"", ""2025-11-26"", ""2025-11-27"", ""2025-11-28"", ""2025-12-01"", ""2025-12-02"", ""2025-12-03"", ""2025-12-04"", ""2025-12-05"", ""2025-12-08"", ""2025-12-09"", ""2025-12-10""]",32351000000000,85797000000000,1,8.0,8.0,4.0
RTS,2025-12-12,included,,"[""2025-11-14"", ""2025-11-17"", ""2025-11-18"", ""2025-11-19"", ""2025-11-20"", ""2025-11-21"", ""2025-11-24"", ""2025-11-25"", ""2025-11-26"", ""2025-11-27"", ""2025-11-28"", ""2025-12-01"", ""2025-12-02"", ""2025-12-03"", ""2025-12-04"", ""2025-12-05"", ""2025-12-08"", ""2025-12-09"", ""2025-12-10"", ""2025-12-11""]",32367000000000,85795000000000,1,7.0,0.0,0.0
RTS,2025-12-15,included,,"[""2025-11-17"", ""2025-11-18"", ""2025-11-19"", ""2025-11-20"", ""2025-11-21"", ""2025-11-24"", ""2025-11-25"", ""2025-11-26"", ""2025-11-27"", ""2025-11-28"", ""2025-12-01"", ""2025-12-02"", ""2025-12-03"", ""2025-12-04"", ""2025-12-05"", ""2025-12-08"", ""2025-12-09"", ""2025-12-10"", ""2025-12-11"", ""2025-12-12""]",32359000000000,85796000000000,1,4.0,0.0,0.0
RTS,2025-12-16,included,,"[""2025-11-18"", ""2025-11-19"", ""2025-11-20"", ""2025-11-21"", ""2025-11-24"", ""2025-11-25"", ""2025-11-26"", ""2025-11-27"", ""2025-11-28"", ""2025-12-01"", ""2025-12-02"", ""2025-12-03"", ""2025-12-04"", ""2025-12-05"", ""2025-12-08"", ""2025-12-09"", ""2025-12-10"", ""2025-12-11"", ""2025-12-12"", ""2025-12-15""]",32387000000000,85797000000000,1,2.0,0.0,41.0
RTS,2025-12-17,included,,"[""2025-11-19"", ""2025-11-20"", ""2025-11-21"", ""2025-11-24"", ""2025-11-25"", ""2025-11-26"", ""2025-11-27"", ""2025-11-28"", ""2025-12-01"", ""2025-12-02"", ""2025-12-03"", ""2025-12-04"", ""2025-12-05"", ""2025-12-08"", ""2025-12-09"", ""2025-12-10"", ""2025-12-11"", ""2025-12-12"", ""2025-12-15"", ""2025-12-16""]",32362000000000,85781000000000,1,4.0,0.0,10.0
RTS,2025-12-18,included,,"[""2025-11-20"", ""2025-11-21"", ""2025-11-24"", ""2025-11-25"", ""2025-11-26"", ""2025-11-27"", ""2025-11-28"", ""2025-12-01"", ""2025-12-02"", ""2025-12-03"", ""2025-12-04"", ""2025-12-05"", ""2025-12-08"", ""2025-12-09"", ""2025-12-10"", ""2025-12-11"", ""2025-12-12"", ""2025-12-15"", ""2025-12-16"", ""2025-12-17""]",32357000000000,85795005000000,1,5.0,4.0,2.0
RTS,2025-12-19,included,,"[""2025-11-21"", ""2025-11-24"", ""2025-11-25"", ""2025-11-26"", ""2025-11-27"", ""2025-11-28"", ""2025-12-01"", ""2025-12-02"", ""2025-12-03"", ""2025-12-04"", ""2025-12-05"", ""2025-12-08"", ""2025-12-09"", ""2025-12-10"", ""2025-12-11"", ""2025-12-12"", ""2025-12-15"", ""2025-12-16"", ""2025-12-17"", ""2025-12-18""]",32365000000000,85792000000000,1,4.0,4.0,5.0
RTS,2025-12-22,included,,"[""2025-11-24"", ""2025-11-25"", ""2025-11-26"", ""2025-11-27"", ""2025-11-28"", ""2025-12-01"", ""2025-12-02"", ""2025-12-03"", ""2025-12-04"", ""2025-12-05"", ""2025-12-08"", ""2025-12-09"", ""2025-12-10"", ""2025-12-11"", ""2025-12-12"", ""2025-12-15"", ""2025-12-16"", ""2025-12-17"", ""2025-12-18"", ""2025-12-19""]",32370000000000,85795000000000,1,4.0,4.0,48.0
RTS,2025-12-23,included,,"[""2025-11-25"", ""2025-11-26"", ""2025-11-27"", ""2025-11-28"", ""2025-12-01"", ""2025-12-02"", ""2025-12-03"", ""2025-12-04"", ""2025-12-05"", ""2025-12-08"", ""2025-12-09"", ""2025-12-10"", ""2025-12-11"", ""2025-12-12"", ""2025-12-15"", ""2025-12-16"", ""2025-12-17"", ""2025-12-18"", ""2025-12-19"", ""2025-12-22""]",32387000000000,85798000000000,1,9.0,1.0,2.0
RTS,2025-12-24,included,,"[""2025-11-26"", ""2025-11-27"", ""2025-11-28"", ""2025-12-01"", ""2025-12-02"", ""2025-12-03"", ""2025-12-04"", ""2025-12-05"", ""2025-12-08"", ""2025-12-09"", ""2025-12-10"", ""2025-12-11"", ""2025-12-12"", ""2025-12-15"", ""2025-12-16"", ""2025-12-17"", ""2025-12-18"", ""2025-12-19"", ""2025-12-22"", ""2025-12-23""]",32380000000000,85799000000000,1,4.0,3.0,7.0
RTS,2025-12-25,included,,"[""2025-11-27"", ""2025-11-28"", ""2025-12-01"", ""2025-12-02"", ""2025-12-03"", ""2025-12-04"", ""2025-12-05"", ""2025-12-08"", ""2025-12-09"", ""2025-12-10"", ""2025-12-11"", ""2025-12-12"", ""2025-12-15"", ""2025-12-16"", ""2025-12-17"", ""2025-12-18"", ""2025-12-19"", ""2025-12-22"", ""2025-12-23"", ""2025-12-24""]",32369000000000,85798000000000,1,10.0,0.0,6.0
RTS,2025-12-26,included,,"[""2025-11-28"", ""2025-12-01"", ""2025-12-02"", ""2025-12-03"", ""2025-12-04"", ""2025-12-05"", ""2025-12-08"", ""2025-12-09"", ""2025-12-10"", ""2025-12-11"", ""2025-12-12"", ""2025-12-15"", ""2025-12-16"", ""2025-12-17"", ""2025-12-18"", ""2025-12-19"", ""2025-12-22"", ""2025-12-23"", ""2025-12-24"", ""2025-12-25""]",32380000000000,85798000000000,1,3.0,2.0,2.0
RTS,2025-12-29,included,,"[""2025-12-01"", ""2025-12-02"", ""2025-12-03"", ""2025-12-04"", ""2025-12-05"", ""2025-12-08"", ""2025-12-09"", ""2025-12-10"", ""2025-12-11"", ""2025-12-12"", ""2025-12-15"", ""2025-12-16"", ""2025-12-17"", ""2025-12-18"", ""2025-12-19"", ""2025-12-22"", ""2025-12-23"", ""2025-12-24"", ""2025-12-25"", ""2025-12-26""]",32388000000000,85795004000000,1,5.0,5.0,1.0
RTS,2025-12-30,included,,"[""2025-12-02"", ""2025-12-03"", ""2025-12-04"", ""2025-12-05"", ""2025-12-08"", ""2025-12-09"", ""2025-12-10"", ""2025-12-11"", ""2025-12-12"", ""2025-12-15"", ""2025-12-16"", ""2025-12-17"", ""2025-12-18"", ""2025-12-19"", ""2025-12-22"", ""2025-12-23"", ""2025-12-24"", ""2025-12-25"", ""2025-12-26"", ""2025-12-29""]",32375000000000,85794002000000,1,4.0,2.0,0.0
RTS,2026-01-05,included,,"[""2025-12-03"", ""2025-12-04"", ""2025-12-05"", ""2025-12-08"", ""2025-12-09"", ""2025-12-10"", ""2025-12-11"", ""2025-12-12"", ""2025-12-15"", ""2025-12-16"", ""2025-12-17"", ""2025-12-18"", ""2025-12-19"", ""2025-12-22"", ""2025-12-23"", ""2025-12-24"", ""2025-12-25"", ""2025-12-26"", ""2025-12-29"", ""2025-12-30""]",32370000000000,85796013000000,1,5.0,0.0,0.0
RTS,2026-01-06,included,,"[""2025-12-04"", ""2025-12-05"", ""2025-12-08"", ""2025-12-09"", ""2025-12-10"", ""2025-12-11"", ""2025-12-12"", ""2025-12-15"", ""2025-12-16"", ""2025-12-17"", ""2025-12-18"", ""2025-12-19"", ""2025-12-22"", ""2025-12-23"", ""2025-12-24"", ""2025-12-25"", ""2025-12-26"", ""2025-12-29"", ""2025-12-30"", ""2026-01-05""]",32400000000000,85798000000000,1,4.0,0.0,0.0
RTS,2026-01-08,included,,"[""2025-12-05"", ""2025-12-08"", ""2025-12-09"", ""2025-12-10"", ""2025-12-11"", ""2025-12-12"", ""2025-12-15"", ""2025-12-16"", ""2025-12-17"", ""2025-12-18"", ""2025-12-19"", ""2025-12-22"", ""2025-12-23"", ""2025-12-24"", ""2025-12-25"", ""2025-12-26"", ""2025-12-29"", ""2025-12-30"", ""2026-01-05"", ""2026-01-06""]",32382000000000,85795000000000,1,7.0,2.0,0.0
RTS,2026-01-09,included,,"[""2025-12-08"", ""2025-12-09"", ""2025-12-10"", ""2025-12-11"", ""2025-12-12"", ""2025-12-15"", ""2025-12-16"", ""2025-12-17"", ""2025-12-18"", ""2025-12-19"", ""2025-12-22"", ""2025-12-23"", ""2025-12-24"", ""2025-12-25"", ""2025-12-26"", ""2025-12-29"", ""2025-12-30"", ""2026-01-05"", ""2026-01-06"", ""2026-01-08""]",32387000000000,85795000000000,1,6.0,0.0,1.0
RTS,2026-01-12,included,,"[""2025-12-09"", ""2025-12-10"", ""2025-12-11"", ""2025-12-12"", ""2025-12-15"", ""2025-12-16"", ""2025-12-17"", ""2025-12-18"", ""2025-12-19"", ""2025-12-22"", ""2025-12-23"", ""2025-12-24"", ""2025-12-25"", ""2025-12-26"", ""2025-12-29"", ""2025-12-30"", ""2026-01-05"", ""2026-01-06"", ""2026-01-08"", ""2026-01-09""]",32358000000000,85799001000000,1,5.0,4.0,36.0
RTS,2026-01-13,included,,"[""2025-12-10"", ""2025-12-11"", ""2025-12-12"", ""2025-12-15"", ""2025-12-16"", ""2025-12-17"", ""2025-12-18"", ""2025-12-19"", ""2025-12-22"", ""2025-12-23"", ""2025-12-24"", ""2025-12-25"", ""2025-12-26"", ""2025-12-29"", ""2025-12-30"", ""2026-01-05"", ""2026-01-06"", ""2026-01-08"", ""2026-01-09"", ""2026-01-12""]",32369000000000,85782005000000,1,4.0,0.0,6.0
RTS,2026-01-14,included,,"[""2025-12-11"", ""2025-12-12"", ""2025-12-15"", ""2025-12-16"", ""2025-12-17"", ""2025-12-18"", ""2025-12-19"", ""2025-12-22"", ""2025-12-23"", ""2025-12-24"", ""2025-12-25"", ""2025-12-26"", ""2025-12-29"", ""2025-12-30"", ""2026-01-05"", ""2026-01-06"", ""2026-01-08"", ""2026-01-09"", ""2026-01-12"", ""2026-01-13""]",32390000000000,85797000000000,1,2.0,2.0,6.0
RTS,2026-01-15,included,,"[""2025-12-12"", ""2025-12-15"", ""2025-12-16"", ""2025-12-17"", ""2025-12-18"", ""2025-12-19"", ""2025-12-22"", ""2025-12-23"", ""2025-12-24"", ""2025-12-25"", ""2025-12-26"", ""2025-12-29"", ""2025-12-30"", ""2026-01-05"", ""2026-01-06"", ""2026-01-08"", ""2026-01-09"", ""2026-01-12"", ""2026-01-13"", ""2026-01-14""]",32348000000000,85796000000000,1,3.0,3.0,26.0
RTS,2026-01-16,included,,"[""2025-12-15"", ""2025-12-16"", ""2025-12-17"", ""2025-12-18"", ""2025-12-19"", ""2025-12-22"", ""2025-12-23"", ""2025-12-24"", ""2025-12-25"", ""2025-12-26"", ""2025-12-29"", ""2025-12-30"", ""2026-01-05"", ""2026-01-06"", ""2026-01-08"", ""2026-01-09"", ""2026-01-12"", ""2026-01-13"", ""2026-01-14"", ""2026-01-15""]",32374000000000,85796001000000,1,8.0,4.0,1.0
RTS,2026-01-19,included,,"[""2025-12-16"", ""2025-12-17"", ""2025-12-18"", ""2025-12-19"", ""2025-12-22"", ""2025-12-23"", ""2025-12-24"", ""2025-12-25"", ""2025-12-26"", ""2025-12-29"", ""2025-12-30"", ""2026-01-05"", ""2026-01-06"", ""2026-01-08"", ""2026-01-09"", ""2026-01-12"", ""2026-01-13"", ""2026-01-14"", ""2026-01-15"", ""2026-01-16""]",32370000000000,85796000000000,1,6.0,0.0,29.0
RTS,2026-01-20,included,,"[""2025-12-17"", ""2025-12-18"", ""2025-12-19"", ""2025-12-22"", ""2025-12-23"", ""2025-12-24"", ""2025-12-25"", ""2025-12-26"", ""2025-12-29"", ""2025-12-30"", ""2026-01-05"", ""2026-01-06"", ""2026-01-08"", ""2026-01-09"", ""2026-01-12"", ""2026-01-13"", ""2026-01-14"", ""2026-01-15"", ""2026-01-16"", ""2026-01-19""]",32369000000000,85799000000000,1,4.0,0.0,13.0
RTS,2026-01-21,included,,"[""2025-12-18"", ""2025-12-19"", ""2025-12-22"", ""2025-12-23"", ""2025-12-24"", ""2025-12-25"", ""2025-12-26"", ""2025-12-29"", ""2025-12-30"", ""2026-01-05"", ""2026-01-06"", ""2026-01-08"", ""2026-01-09"", ""2026-01-12"", ""2026-01-13"", ""2026-01-14"", ""2026-01-15"", ""2026-01-16"", ""2026-01-19"", ""2026-01-20""]",32364000000000,85798000000000,1,1.0,0.0,0.0
RTS,2026-01-22,included,,"[""2025-12-19"", ""2025-12-22"", ""2025-12-23"", ""2025-12-24"", ""2025-12-25"", ""2025-12-26"", ""2025-12-29"", ""2025-12-30"", ""2026-01-05"", ""2026-01-06"", ""2026-01-08"", ""2026-01-09"", ""2026-01-12"", ""2026-01-13"", ""2026-01-14"", ""2026-01-15"", ""2026-01-16"", ""2026-01-19"", ""2026-01-20"", ""2026-01-21""]",32384000000000,85799000000000,1,6.0,6.0,4.0
RTS,2026-01-23,included,,"[""2025-12-22"", ""2025-12-23"", ""2025-12-24"", ""2025-12-25"", ""2025-12-26"", ""2025-12-29"", ""2025-12-30"", ""2026-01-05"", ""2026-01-06"", ""2026-01-08"", ""2026-01-09"", ""2026-01-12"", ""2026-01-13"", ""2026-01-14"", ""2026-01-15"", ""2026-01-16"", ""2026-01-19"", ""2026-01-20"", ""2026-01-21"", ""2026-01-22""]",32344000000000,85799000000000,1,11.0,0.0,6.0
RTS,2026-01-26,included,,"[""2025-12-23"", ""2025-12-24"", ""2025-12-25"", ""2025-12-26"", ""2025-12-29"", ""2025-12-30"", ""2026-01-05"", ""2026-01-06"", ""2026-01-08"", ""2026-01-09"", ""2026-01-12"", ""2026-01-13"", ""2026-01-14"", ""2026-01-15"", ""2026-01-16"", ""2026-01-19"", ""2026-01-20"", ""2026-01-21"", ""2026-01-22"", ""2026-01-23""]",32375000000000,85795004000000,1,4.0,4.0,1.0
RTS,2026-01-27,included,,"[""2025-12-24"", ""2025-12-25"", ""2025-12-26"", ""2025-12-29"", ""2025-12-30"", ""2026-01-05"", ""2026-01-06"", ""2026-01-08"", ""2026-01-09"", ""2026-01-12"", ""2026-01-13"", ""2026-01-14"", ""2026-01-15"", ""2026-01-16"", ""2026-01-19"", ""2026-01-20"", ""2026-01-21"", ""2026-01-22"", ""2026-01-23"", ""2026-01-26""]",32354000000000,85791000000000,1,3.0,0.0,16.0
RTS,2026-01-28,included,,"[""2025-12-25"", ""2025-12-26"", ""2025-12-29"", ""2025-12-30"", ""2026-01-05"", ""2026-01-06"", ""2026-01-08"", ""2026-01-09"", ""2026-01-12"", ""2026-01-13"", ""2026-01-14"", ""2026-01-15"", ""2026-01-16"", ""2026-01-19"", ""2026-01-20"", ""2026-01-21"", ""2026-01-22"", ""2026-01-23"", ""2026-01-26"", ""2026-01-27""]",32344000000000,85795005000000,1,3.0,3.0,0.0
RTS,2026-01-29,included,,"[""2025-12-26"", ""2025-12-29"", ""2025-12-30"", ""2026-01-05"", ""2026-01-06"", ""2026-01-08"", ""2026-01-09"", ""2026-01-12"", ""2026-01-13"", ""2026-01-14"", ""2026-01-15"", ""2026-01-16"", ""2026-01-19"", ""2026-01-20"", ""2026-01-21"", ""2026-01-22"", ""2026-01-23"", ""2026-01-26"", ""2026-01-27"", ""2026-01-28""]",32351000000000,85795000000000,1,5.0,5.0,5.0
RTS,2026-01-30,included,,"[""2025-12-29"", ""2025-12-30"", ""2026-01-05"", ""2026-01-06"", ""2026-01-08"", ""2026-01-09"", ""2026-01-12"", ""2026-01-13"", ""2026-01-14"", ""2026-01-15"", ""2026-01-16"", ""2026-01-19"", ""2026-01-20"", ""2026-01-21"", ""2026-01-22"", ""2026-01-23"", ""2026-01-26"", ""2026-01-27"", ""2026-01-28"", ""2026-01-29""]",32352000000000,85796000000000,1,4.0,4.0,1.0
RTS,2026-02-02,included,,"[""2025-12-30"", ""2026-01-05"", ""2026-01-06"", ""2026-01-08"", ""2026-01-09"", ""2026-01-12"", ""2026-01-13"", ""2026-01-14"", ""2026-01-15"", ""2026-01-16"", ""2026-01-19"", ""2026-01-20"", ""2026-01-21"", ""2026-01-22"", ""2026-01-23"", ""2026-01-26"", ""2026-01-27"", ""2026-01-28"", ""2026-01-29"", ""2026-01-30""]",32378000000000,85789000000000,1,5.0,5.0,28.0
RTS,2026-02-03,included,,"[""2026-01-05"", ""2026-01-06"", ""2026-01-08"", ""2026-01-09"", ""2026-01-12"", ""2026-01-13"", ""2026-01-14"", ""2026-01-15"", ""2026-01-16"", ""2026-01-19"", ""2026-01-20"", ""2026-01-21"", ""2026-01-22"", ""2026-01-23"", ""2026-01-26"", ""2026-01-27"", ""2026-01-28"", ""2026-01-29"", ""2026-01-30"", ""2026-02-02""]",32352000000000,85794000000000,1,9.0,0.0,30.0
RTS,2026-02-04,included,,"[""2026-01-06"", ""2026-01-08"", ""2026-01-09"", ""2026-01-12"", ""2026-01-13"", ""2026-01-14"", ""2026-01-15"", ""2026-01-16"", ""2026-01-19"", ""2026-01-20"", ""2026-01-21"", ""2026-01-22"", ""2026-01-23"", ""2026-01-26"", ""2026-01-27"", ""2026-01-28"", ""2026-01-29"", ""2026-01-30"", ""2026-02-02"", ""2026-02-03""]",32369000000000,85796000000000,1,3.0,3.0,0.0
RTS,2026-02-05,included,,"[""2026-01-08"", ""2026-01-09"", ""2026-01-12"", ""2026-01-13"", ""2026-01-14"", ""2026-01-15"", ""2026-01-16"", ""2026-01-19"", ""2026-01-20"", ""2026-01-21"", ""2026-01-22"", ""2026-01-23"", ""2026-01-26"", ""2026-01-27"", ""2026-01-28"", ""2026-01-29"", ""2026-01-30"", ""2026-02-02"", ""2026-02-03"", ""2026-02-04""]",32364000000000,85796000000000,1,4.0,4.0,0.0
RTS,2026-02-06,included,,"[""2026-01-09"", ""2026-01-12"", ""2026-01-13"", ""2026-01-14"", ""2026-01-15"", ""2026-01-16"", ""2026-01-19"", ""2026-01-20"", ""2026-01-21"", ""2026-01-22"", ""2026-01-23"", ""2026-01-26"", ""2026-01-27"", ""2026-01-28"", ""2026-01-29"", ""2026-01-30"", ""2026-02-02"", ""2026-02-03"", ""2026-02-04"", ""2026-02-05""]",32368000000000,85799000000000,1,5.0,4.0,37.0
RTS,2026-02-09,included,,"[""2026-01-12"", ""2026-01-13"", ""2026-01-14"", ""2026-01-15"", ""2026-01-16"", ""2026-01-19"", ""2026-01-20"", ""2026-01-21"", ""2026-01-22"", ""2026-01-23"", ""2026-01-26"", ""2026-01-27"", ""2026-01-28"", ""2026-01-29"", ""2026-01-30"", ""2026-02-02"", ""2026-02-03"", ""2026-02-04"", ""2026-02-05"", ""2026-02-06""]",32379000000000,85795000000000,1,3.0,0.0,0.0
RTS,2026-02-10,included,,"[""2026-01-13"", ""2026-01-14"", ""2026-01-15"", ""2026-01-16"", ""2026-01-19"", ""2026-01-20"", ""2026-01-21"", ""2026-01-22"", ""2026-01-23"", ""2026-01-26"", ""2026-01-27"", ""2026-01-28"", ""2026-01-29"", ""2026-01-30"", ""2026-02-02"", ""2026-02-03"", ""2026-02-04"", ""2026-02-05"", ""2026-02-06"", ""2026-02-09""]",32367000000000,85798000000000,1,7.0,0.0,44.0
RTS,2026-02-11,included,,"[""2026-01-14"", ""2026-01-15"", ""2026-01-16"", ""2026-01-19"", ""2026-01-20"", ""2026-01-21"", ""2026-01-22"", ""2026-01-23"", ""2026-01-26"", ""2026-01-27"", ""2026-01-28"", ""2026-01-29"", ""2026-01-30"", ""2026-02-02"", ""2026-02-03"", ""2026-02-04"", ""2026-02-05"", ""2026-02-06"", ""2026-02-09"", ""2026-02-10""]",32346000000000,85799000000000,1,6.0,4.0,0.0
RTS,2026-02-12,included,,"[""2026-01-15"", ""2026-01-16"", ""2026-01-19"", ""2026-01-20"", ""2026-01-21"", ""2026-01-22"", ""2026-01-23"", ""2026-01-26"", ""2026-01-27"", ""2026-01-28"", ""2026-01-29"", ""2026-01-30"", ""2026-02-02"", ""2026-02-03"", ""2026-02-04"", ""2026-02-05"", ""2026-02-06"", ""2026-02-09"", ""2026-02-10"", ""2026-02-11""]",32386000000000,85796000000000,1,5.0,0.0,11.0
RTS,2026-02-13,included,,"[""2026-01-16"", ""2026-01-19"", ""2026-01-20"", ""2026-01-21"", ""2026-01-22"", ""2026-01-23"", ""2026-01-26"", ""2026-01-27"", ""2026-01-28"", ""2026-01-29"", ""2026-01-30"", ""2026-02-02"", ""2026-02-03"", ""2026-02-04"", ""2026-02-05"", ""2026-02-06"", ""2026-02-09"", ""2026-02-10"", ""2026-02-11"", ""2026-02-12""]",32372000000000,85787000000000,1,7.0,3.0,15.0
RTS,2026-02-16,included,,"[""2026-01-19"", ""2026-01-20"", ""2026-01-21"", ""2026-01-22"", ""2026-01-23"", ""2026-01-26"", ""2026-01-27"", ""2026-01-28"", ""2026-01-29"", ""2026-01-30"", ""2026-02-02"", ""2026-02-03"", ""2026-02-04"", ""2026-02-05"", ""2026-02-06"", ""2026-02-09"", ""2026-02-10"", ""2026-02-11"", ""2026-02-12"", ""2026-02-13""]",32371000000000,85795004000000,1,13.0,0.0,4.0
RTS,2026-02-17,included,,"[""2026-01-20"", ""2026-01-21"", ""2026-01-22"", ""2026-01-23"", ""2026-01-26"", ""2026-01-27"", ""2026-01-28"", ""2026-01-29"", ""2026-01-30"", ""2026-02-02"", ""2026-02-03"", ""2026-02-04"", ""2026-02-05"", ""2026-02-06"", ""2026-02-09"", ""2026-02-10"", ""2026-02-11"", ""2026-02-12"", ""2026-02-13"", ""2026-02-16""]",32347000000000,85796000000000,1,10.0,0.0,2.0
RTS,2026-02-18,included,,"[""2026-01-21"", ""2026-01-22"", ""2026-01-23"", ""2026-01-26"", ""2026-01-27"", ""2026-01-28"", ""2026-01-29"", ""2026-01-30"", ""2026-02-02"", ""2026-02-03"", ""2026-02-04"", ""2026-02-05"", ""2026-02-06"", ""2026-02-09"", ""2026-02-10"", ""2026-02-11"", ""2026-02-12"", ""2026-02-13"", ""2026-02-16"", ""2026-02-17""]",32372000000000,85798001000000,1,3.0,2.0,0.0
RTS,2026-02-19,included,,"[""2026-01-22"", ""2026-01-23"", ""2026-01-26"", ""2026-01-27"", ""2026-01-28"", ""2026-01-29"", ""2026-01-30"", ""2026-02-02"", ""2026-02-03"", ""2026-02-04"", ""2026-02-05"", ""2026-02-06"", ""2026-02-09"", ""2026-02-10"", ""2026-02-11"", ""2026-02-12"", ""2026-02-13"", ""2026-02-16"", ""2026-02-17"", ""2026-02-18""]",32363000000000,85796000000000,1,2.0,1.0,14.0
RTS,2026-02-20,included,,"[""2026-01-23"", ""2026-01-26"", ""2026-01-27"", ""2026-01-28"", ""2026-01-29"", ""2026-01-30"", ""2026-02-02"", ""2026-02-03"", ""2026-02-04"", ""2026-02-05"", ""2026-02-06"", ""2026-02-09"", ""2026-02-10"", ""2026-02-11"", ""2026-02-12"", ""2026-02-13"", ""2026-02-16"", ""2026-02-17"", ""2026-02-18"", ""2026-02-19""]",32367000000000,85797000000000,1,7.0,0.0,29.0
RTS,2026-02-23,included,,"[""2026-01-26"", ""2026-01-27"", ""2026-01-28"", ""2026-01-29"", ""2026-01-30"", ""2026-02-02"", ""2026-02-03"", ""2026-02-04"", ""2026-02-05"", ""2026-02-06"", ""2026-02-09"", ""2026-02-10"", ""2026-02-11"", ""2026-02-12"", ""2026-02-13"", ""2026-02-16"", ""2026-02-17"", ""2026-02-18"", ""2026-02-19"", ""2026-02-20""]",35962000000000,68324003000000,1,5.0,0.0,30.0
RTS,2026-02-24,included,,"[""2026-01-27"", ""2026-01-28"", ""2026-01-29"", ""2026-01-30"", ""2026-02-02"", ""2026-02-03"", ""2026-02-04"", ""2026-02-05"", ""2026-02-06"", ""2026-02-09"", ""2026-02-10"", ""2026-02-11"", ""2026-02-12"", ""2026-02-13"", ""2026-02-16"", ""2026-02-17"", ""2026-02-18"", ""2026-02-19"", ""2026-02-20"", ""2026-02-23""]",32347000000000,85798000000000,1,11.0,6.0,4.0
RTS,2026-02-25,included,,"[""2026-01-28"", ""2026-01-29"", ""2026-01-30"", ""2026-02-02"", ""2026-02-03"", ""2026-02-04"", ""2026-02-05"", ""2026-02-06"", ""2026-02-09"", ""2026-02-10"", ""2026-02-11"", ""2026-02-12"", ""2026-02-13"", ""2026-02-16"", ""2026-02-17"", ""2026-02-18"", ""2026-02-19"", ""2026-02-20"", ""2026-02-23"", ""2026-02-24""]",32380000000000,85798000000000,1,5.0,0.0,0.0
RTS,2026-02-26,included,,"[""2026-01-29"", ""2026-01-30"", ""2026-02-02"", ""2026-02-03"", ""2026-02-04"", ""2026-02-05"", ""2026-02-06"", ""2026-02-09"", ""2026-02-10"", ""2026-02-11"", ""2026-02-12"", ""2026-02-13"", ""2026-02-16"", ""2026-02-17"", ""2026-02-18"", ""2026-02-19"", ""2026-02-20"", ""2026-02-23"", ""2026-02-24"", ""2026-02-25""]",32365000000000,85799000000000,1,5.0,0.0,2.0
RTS,2026-02-27,included,,"[""2026-01-30"", ""2026-02-02"", ""2026-02-03"", ""2026-02-04"", ""2026-02-05"", ""2026-02-06"", ""2026-02-09"", ""2026-02-10"", ""2026-02-11"", ""2026-02-12"", ""2026-02-13"", ""2026-02-16"", ""2026-02-17"", ""2026-02-18"", ""2026-02-19"", ""2026-02-20"", ""2026-02-23"", ""2026-02-24"", ""2026-02-25"", ""2026-02-26""]",32360000000000,85787000000000,1,5.0,0.0,3.0
RTS,2026-03-02,included,,"[""2026-02-02"", ""2026-02-03"", ""2026-02-04"", ""2026-02-05"", ""2026-02-06"", ""2026-02-09"", ""2026-02-10"", ""2026-02-11"", ""2026-02-12"", ""2026-02-13"", ""2026-02-16"", ""2026-02-17"", ""2026-02-18"", ""2026-02-19"", ""2026-02-20"", ""2026-02-23"", ""2026-02-24"", ""2026-02-25"", ""2026-02-26"", ""2026-02-27""]",32379000000000,85799000000000,1,3.0,3.0,23.0
RTS,2026-03-03,included,,"[""2026-02-03"", ""2026-02-04"", ""2026-02-05"", ""2026-02-06"", ""2026-02-09"", ""2026-02-10"", ""2026-02-11"", ""2026-02-12"", ""2026-02-13"", ""2026-02-16"", ""2026-02-17"", ""2026-02-18"", ""2026-02-19"", ""2026-02-20"", ""2026-02-23"", ""2026-02-24"", ""2026-02-25"", ""2026-02-26"", ""2026-02-27"", ""2026-03-02""]",32350000000000,85798001000000,1,9.0,0.0,11.0
RTS,2026-03-04,included,,"[""2026-02-04"", ""2026-02-05"", ""2026-02-06"", ""2026-02-09"", ""2026-02-10"", ""2026-02-11"", ""2026-02-12"", ""2026-02-13"", ""2026-02-16"", ""2026-02-17"", ""2026-02-18"", ""2026-02-19"", ""2026-02-20"", ""2026-02-23"", ""2026-02-24"", ""2026-02-25"", ""2026-02-26"", ""2026-02-27"", ""2026-03-02"", ""2026-03-03""]",32384000000000,85797005000000,1,3.0,0.0,0.0
RTS,2026-03-05,included,,"[""2026-02-05"", ""2026-02-06"", ""2026-02-09"", ""2026-02-10"", ""2026-02-11"", ""2026-02-12"", ""2026-02-13"", ""2026-02-16"", ""2026-02-17"", ""2026-02-18"", ""2026-02-19"", ""2026-02-20"", ""2026-02-23"", ""2026-02-24"", ""2026-02-25"", ""2026-02-26"", ""2026-02-27"", ""2026-03-02"", ""2026-03-03"", ""2026-03-04""]",32353000000000,85796000000000,1,8.0,0.0,3.0
RTS,2026-03-06,included,,"[""2026-02-06"", ""2026-02-09"", ""2026-02-10"", ""2026-02-11"", ""2026-02-12"", ""2026-02-13"", ""2026-02-16"", ""2026-02-17"", ""2026-02-18"", ""2026-02-19"", ""2026-02-20"", ""2026-02-23"", ""2026-02-24"", ""2026-02-25"", ""2026-02-26"", ""2026-02-27"", ""2026-03-02"", ""2026-03-03"", ""2026-03-04"", ""2026-03-05""]",32378000000000,85798000000000,1,4.0,3.0,5.0
RTS,2026-03-09,included,,"[""2026-02-09"", ""2026-02-10"", ""2026-02-11"", ""2026-02-12"", ""2026-02-13"", ""2026-02-16"", ""2026-02-17"", ""2026-02-18"", ""2026-02-19"", ""2026-02-20"", ""2026-02-23"", ""2026-02-24"", ""2026-02-25"", ""2026-02-26"", ""2026-02-27"", ""2026-03-02"", ""2026-03-03"", ""2026-03-04"", ""2026-03-05"", ""2026-03-06""]",32356000000000,85795000000000,1,7.0,5.0,6.0
RTS,2026-03-10,included,,"[""2026-02-10"", ""2026-02-11"", ""2026-02-12"", ""2026-02-13"", ""2026-02-16"", ""2026-02-17"", ""2026-02-18"", ""2026-02-19"", ""2026-02-20"", ""2026-02-23"", ""2026-02-24"", ""2026-02-25"", ""2026-02-26"", ""2026-02-27"", ""2026-03-02"", ""2026-03-03"", ""2026-03-04"", ""2026-03-05"", ""2026-03-06"", ""2026-03-09""]",32373000000000,85796010000000,1,5.0,2.0,1.0
RTS,2026-03-11,included,,"[""2026-02-11"", ""2026-02-12"", ""2026-02-13"", ""2026-02-16"", ""2026-02-17"", ""2026-02-18"", ""2026-02-19"", ""2026-02-20"", ""2026-02-23"", ""2026-02-24"", ""2026-02-25"", ""2026-02-26"", ""2026-02-27"", ""2026-03-02"", ""2026-03-03"", ""2026-03-04"", ""2026-03-05"", ""2026-03-06"", ""2026-03-09"", ""2026-03-10""]",32364000000000,85796000000000,1,6.0,0.0,5.0
RTS,2026-03-12,included,,"[""2026-02-12"", ""2026-02-13"", ""2026-02-16"", ""2026-02-17"", ""2026-02-18"", ""2026-02-19"", ""2026-02-20"", ""2026-02-23"", ""2026-02-24"", ""2026-02-25"", ""2026-02-26"", ""2026-02-27"", ""2026-03-02"", ""2026-03-03"", ""2026-03-04"", ""2026-03-05"", ""2026-03-06"", ""2026-03-09"", ""2026-03-10"", ""2026-03-11""]",32359000000000,85784000000000,1,3.0,0.0,9.0
RTS,2026-03-13,included,,"[""2026-02-13"", ""2026-02-16"", ""2026-02-17"", ""2026-02-18"", ""2026-02-19"", ""2026-02-20"", ""2026-02-23"", ""2026-02-24"", ""2026-02-25"", ""2026-02-26"", ""2026-02-27"", ""2026-03-02"", ""2026-03-03"", ""2026-03-04"", ""2026-03-05"", ""2026-03-06"", ""2026-03-09"", ""2026-03-10"", ""2026-03-11"", ""2026-03-12""]",32382000000000,85788000000000,1,3.0,2.0,5.0
RTS,2026-03-16,included,,"[""2026-02-16"", ""2026-02-17"", ""2026-02-18"", ""2026-02-19"", ""2026-02-20"", ""2026-02-23"", ""2026-02-24"", ""2026-02-25"", ""2026-02-26"", ""2026-02-27"", ""2026-03-02"", ""2026-03-03"", ""2026-03-04"", ""2026-03-05"", ""2026-03-06"", ""2026-03-09"", ""2026-03-10"", ""2026-03-11"", ""2026-03-12"", ""2026-03-13""]",32368000000000,85797006000000,1,3.0,3.0,6.0
RTS,2026-03-17,included,,"[""2026-02-17"", ""2026-02-18"", ""2026-02-19"", ""2026-02-20"", ""2026-02-23"", ""2026-02-24"", ""2026-02-25"", ""2026-02-26"", ""2026-02-27"", ""2026-03-02"", ""2026-03-03"", ""2026-03-04"", ""2026-03-05"", ""2026-03-06"", ""2026-03-09"", ""2026-03-10"", ""2026-03-11"", ""2026-03-12"", ""2026-03-13"", ""2026-03-16""]",32352000000000,85779000000000,1,3.0,1.0,5.0
RTS,2026-03-18,included,,"[""2026-02-18"", ""2026-02-19"", ""2026-02-20"", ""2026-02-23"", ""2026-02-24"", ""2026-02-25"", ""2026-02-26"", ""2026-02-27"", ""2026-03-02"", ""2026-03-03"", ""2026-03-04"", ""2026-03-05"", ""2026-03-06"", ""2026-03-09"", ""2026-03-10"", ""2026-03-11"", ""2026-03-12"", ""2026-03-13"", ""2026-03-16"", ""2026-03-17""]",32375000000000,85742001000000,1,3.0,0.0,0.0
RTS,2026-03-19,included,,"[""2026-02-19"", ""2026-02-20"", ""2026-02-23"", ""2026-02-24"", ""2026-02-25"", ""2026-02-26"", ""2026-02-27"", ""2026-03-02"", ""2026-03-03"", ""2026-03-04"", ""2026-03-05"", ""2026-03-06"", ""2026-03-09"", ""2026-03-10"", ""2026-03-11"", ""2026-03-12"", ""2026-03-13"", ""2026-03-16"", ""2026-03-17"", ""2026-03-18""]",32400000000000,85797000000000,1,10.0,8.0,0.0
RTS,2026-03-20,included,,"[""2026-02-20"", ""2026-02-23"", ""2026-02-24"", ""2026-02-25"", ""2026-02-26"", ""2026-02-27"", ""2026-03-02"", ""2026-03-03"", ""2026-03-04"", ""2026-03-05"", ""2026-03-06"", ""2026-03-09"", ""2026-03-10"", ""2026-03-11"", ""2026-03-12"", ""2026-03-13"", ""2026-03-16"", ""2026-03-17"", ""2026-03-18"", ""2026-03-19""]",32375000000000,67798000000000,1,5.0,5.0,0.0
RTS,2026-03-23,included,,"[""2026-02-23"", ""2026-02-24"", ""2026-02-25"", ""2026-02-26"", ""2026-02-27"", ""2026-03-02"", ""2026-03-03"", ""2026-03-04"", ""2026-03-05"", ""2026-03-06"", ""2026-03-09"", ""2026-03-10"", ""2026-03-11"", ""2026-03-12"", ""2026-03-13"", ""2026-03-16"", ""2026-03-17"", ""2026-03-18"", ""2026-03-19"", ""2026-03-20""]",32386000000000,85799000000000,1,4.0,4.0,2.0
RTS,2026-03-24,included,,"[""2026-02-24"", ""2026-02-25"", ""2026-02-26"", ""2026-02-27"", ""2026-03-02"", ""2026-03-03"", ""2026-03-04"", ""2026-03-05"", ""2026-03-06"", ""2026-03-09"", ""2026-03-10"", ""2026-03-11"", ""2026-03-12"", ""2026-03-13"", ""2026-03-16"", ""2026-03-17"", ""2026-03-18"", ""2026-03-19"", ""2026-03-20"", ""2026-03-23""]",32354000000000,85798000000000,1,10.0,10.0,37.0
RTS,2026-03-25,included,,"[""2026-02-25"", ""2026-02-26"", ""2026-02-27"", ""2026-03-02"", ""2026-03-03"", ""2026-03-04"", ""2026-03-05"", ""2026-03-06"", ""2026-03-09"", ""2026-03-10"", ""2026-03-11"", ""2026-03-12"", ""2026-03-13"", ""2026-03-16"", ""2026-03-17"", ""2026-03-18"", ""2026-03-19"", ""2026-03-20"", ""2026-03-23"", ""2026-03-24""]",32367000000000,85795000000000,1,4.0,2.0,1.0
RTS,2026-03-26,included,,"[""2026-02-26"", ""2026-02-27"", ""2026-03-02"", ""2026-03-03"", ""2026-03-04"", ""2026-03-05"", ""2026-03-06"", ""2026-03-09"", ""2026-03-10"", ""2026-03-11"", ""2026-03-12"", ""2026-03-13"", ""2026-03-16"", ""2026-03-17"", ""2026-03-18"", ""2026-03-19"", ""2026-03-20"", ""2026-03-23"", ""2026-03-24"", ""2026-03-25""]",32341000000000,85798001000000,1,5.0,5.0,0.0
RTS,2026-03-27,included,,"[""2026-02-27"", ""2026-03-02"", ""2026-03-03"", ""2026-03-04"", ""2026-03-05"", ""2026-03-06"", ""2026-03-09"", ""2026-03-10"", ""2026-03-11"", ""2026-03-12"", ""2026-03-13"", ""2026-03-16"", ""2026-03-17"", ""2026-03-18"", ""2026-03-19"", ""2026-03-20"", ""2026-03-23"", ""2026-03-24"", ""2026-03-25"", ""2026-03-26""]",32400000000000,85797001000000,1,5.0,2.0,2.0
RTS,2026-03-30,included,,"[""2026-03-02"", ""2026-03-03"", ""2026-03-04"", ""2026-03-05"", ""2026-03-06"", ""2026-03-09"", ""2026-03-10"", ""2026-03-11"", ""2026-03-12"", ""2026-03-13"", ""2026-03-16"", ""2026-03-17"", ""2026-03-18"", ""2026-03-19"", ""2026-03-20"", ""2026-03-23"", ""2026-03-24"", ""2026-03-25"", ""2026-03-26"", ""2026-03-27""]",32400000000000,85798001000000,1,6.0,3.0,5.0
RTS,2026-03-31,included,,"[""2026-03-03"", ""2026-03-04"", ""2026-03-05"", ""2026-03-06"", ""2026-03-09"", ""2026-03-10"", ""2026-03-11"", ""2026-03-12"", ""2026-03-13"", ""2026-03-16"", ""2026-03-17"", ""2026-03-18"", ""2026-03-19"", ""2026-03-20"", ""2026-03-23"", ""2026-03-24"", ""2026-03-25"", ""2026-03-26"", ""2026-03-27"", ""2026-03-30""]",32378000000000,85798001000000,1,6.0,3.0,0.0
RTS,2026-04-01,included,,"[""2026-03-04"", ""2026-03-05"", ""2026-03-06"", ""2026-03-09"", ""2026-03-10"", ""2026-03-11"", ""2026-03-12"", ""2026-03-13"", ""2026-03-16"", ""2026-03-17"", ""2026-03-18"", ""2026-03-19"", ""2026-03-20"", ""2026-03-23"", ""2026-03-24"", ""2026-03-25"", ""2026-03-26"", ""2026-03-27"", ""2026-03-30"", ""2026-03-31""]",32363000000000,85796003000000,1,2.0,1.0,0.0
RTS,2026-04-02,included,,"[""2026-03-05"", ""2026-03-06"", ""2026-03-09"", ""2026-03-10"", ""2026-03-11"", ""2026-03-12"", ""2026-03-13"", ""2026-03-16"", ""2026-03-17"", ""2026-03-18"", ""2026-03-19"", ""2026-03-20"", ""2026-03-23"", ""2026-03-24"", ""2026-03-25"", ""2026-03-26"", ""2026-03-27"", ""2026-03-30"", ""2026-03-31"", ""2026-04-01""]",32369000000000,85793000000000,1,6.0,1.0,44.0
RTS,2026-04-03,included,,"[""2026-03-06"", ""2026-03-09"", ""2026-03-10"", ""2026-03-11"", ""2026-03-12"", ""2026-03-13"", ""2026-03-16"", ""2026-03-17"", ""2026-03-18"", ""2026-03-19"", ""2026-03-20"", ""2026-03-23"", ""2026-03-24"", ""2026-03-25"", ""2026-03-26"", ""2026-03-27"", ""2026-03-30"", ""2026-03-31"", ""2026-04-01"", ""2026-04-02""]",32376000000000,85790001000000,1,4.0,0.0,0.0
RTS,2026-04-06,included,,"[""2026-03-09"", ""2026-03-10"", ""2026-03-11"", ""2026-03-12"", ""2026-03-13"", ""2026-03-16"", ""2026-03-17"", ""2026-03-18"", ""2026-03-19"", ""2026-03-20"", ""2026-03-23"", ""2026-03-24"", ""2026-03-25"", ""2026-03-26"", ""2026-03-27"", ""2026-03-30"", ""2026-03-31"", ""2026-04-01"", ""2026-04-02"", ""2026-04-03""]",32377000000000,85794000000000,1,7.0,1.0,0.0
RTS,2026-04-07,included,,"[""2026-03-10"", ""2026-03-11"", ""2026-03-12"", ""2026-03-13"", ""2026-03-16"", ""2026-03-17"", ""2026-03-18"", ""2026-03-19"", ""2026-03-20"", ""2026-03-23"", ""2026-03-24"", ""2026-03-25"", ""2026-03-26"", ""2026-03-27"", ""2026-03-30"", ""2026-03-31"", ""2026-04-01"", ""2026-04-02"", ""2026-04-03"", ""2026-04-06""]",32350000000000,85796000000000,1,7.0,0.0,4.0
RTS,2026-04-08,included,,"[""2026-03-11"", ""2026-03-12"", ""2026-03-13"", ""2026-03-16"", ""2026-03-17"", ""2026-03-18"", ""2026-03-19"", ""2026-03-20"", ""2026-03-23"", ""2026-03-24"", ""2026-03-25"", ""2026-03-26"", ""2026-03-27"", ""2026-03-30"", ""2026-03-31"", ""2026-04-01"", ""2026-04-02"", ""2026-04-03"", ""2026-04-06"", ""2026-04-07""]",32369000000000,85797001000000,1,9.0,0.0,21.0
RTS,2026-04-09,included,,"[""2026-03-12"", ""2026-03-13"", ""2026-03-16"", ""2026-03-17"", ""2026-03-18"", ""2026-03-19"", ""2026-03-20"", ""2026-03-23"", ""2026-03-24"", ""2026-03-25"", ""2026-03-26"", ""2026-03-27"", ""2026-03-30"", ""2026-03-31"", ""2026-04-01"", ""2026-04-02"", ""2026-04-03"", ""2026-04-06"", ""2026-04-07"", ""2026-04-08""]",32380000000000,85786001000000,1,2.0,1.0,0.0
RTS,2026-04-10,included,,"[""2026-03-13"", ""2026-03-16"", ""2026-03-17"", ""2026-03-18"", ""2026-03-19"", ""2026-03-20"", ""2026-03-23"", ""2026-03-24"", ""2026-03-25"", ""2026-03-26"", ""2026-03-27"", ""2026-03-30"", ""2026-03-31"", ""2026-04-01"", ""2026-04-02"", ""2026-04-03"", ""2026-04-06"", ""2026-04-07"", ""2026-04-08"", ""2026-04-09""]",32388000000000,85798000000000,1,8.0,0.0,1.0
RTS,2026-04-13,included,,"[""2026-03-16"", ""2026-03-17"", ""2026-03-18"", ""2026-03-19"", ""2026-03-20"", ""2026-03-23"", ""2026-03-24"", ""2026-03-25"", ""2026-03-26"", ""2026-03-27"", ""2026-03-30"", ""2026-03-31"", ""2026-04-01"", ""2026-04-02"", ""2026-04-03"", ""2026-04-06"", ""2026-04-07"", ""2026-04-08"", ""2026-04-09"", ""2026-04-10""]",32358000000000,85795000000000,1,3.0,1.0,0.0
RTS,2026-04-14,included,,"[""2026-03-17"", ""2026-03-18"", ""2026-03-19"", ""2026-03-20"", ""2026-03-23"", ""2026-03-24"", ""2026-03-25"", ""2026-03-26"", ""2026-03-27"", ""2026-03-30"", ""2026-03-31"", ""2026-04-01"", ""2026-04-02"", ""2026-04-03"", ""2026-04-06"", ""2026-04-07"", ""2026-04-08"", ""2026-04-09"", ""2026-04-10"", ""2026-04-13""]",32360000000000,85798000000000,1,4.0,2.0,1.0
RTS,2026-04-15,included,,"[""2026-03-18"", ""2026-03-19"", ""2026-03-20"", ""2026-03-23"", ""2026-03-24"", ""2026-03-25"", ""2026-03-26"", ""2026-03-27"", ""2026-03-30"", ""2026-03-31"", ""2026-04-01"", ""2026-04-02"", ""2026-04-03"", ""2026-04-06"", ""2026-04-07"", ""2026-04-08"", ""2026-04-09"", ""2026-04-10"", ""2026-04-13"", ""2026-04-14""]",32400000000000,85798000000000,1,11.0,2.0,0.0
RTS,2026-04-16,included,,"[""2026-03-19"", ""2026-03-20"", ""2026-03-23"", ""2026-03-24"", ""2026-03-25"", ""2026-03-26"", ""2026-03-27"", ""2026-03-30"", ""2026-03-31"", ""2026-04-01"", ""2026-04-02"", ""2026-04-03"", ""2026-04-06"", ""2026-04-07"", ""2026-04-08"", ""2026-04-09"", ""2026-04-10"", ""2026-04-13"", ""2026-04-14"", ""2026-04-15""]",32400000000000,85791000000000,1,8.0,8.0,39.0
RTS,2026-04-17,included,,"[""2026-03-20"", ""2026-03-23"", ""2026-03-24"", ""2026-03-25"", ""2026-03-26"", ""2026-03-27"", ""2026-03-30"", ""2026-03-31"", ""2026-04-01"", ""2026-04-02"", ""2026-04-03"", ""2026-04-06"", ""2026-04-07"", ""2026-04-08"", ""2026-04-09"", ""2026-04-10"", ""2026-04-13"", ""2026-04-14"", ""2026-04-15"", ""2026-04-16""]",32400000000000,85793000000000,1,8.0,2.0,0.0
RTS,2026-04-20,included,,"[""2026-03-23"", ""2026-03-24"", ""2026-03-25"", ""2026-03-26"", ""2026-03-27"", ""2026-03-30"", ""2026-03-31"", ""2026-04-01"", ""2026-04-02"", ""2026-04-03"", ""2026-04-06"", ""2026-04-07"", ""2026-04-08"", ""2026-04-09"", ""2026-04-10"", ""2026-04-13"", ""2026-04-14"", ""2026-04-15"", ""2026-04-16"", ""2026-04-17""]",32372000000000,85798000000000,1,6.0,2.0,1.0
RTS,2026-04-21,included,,"[""2026-03-24"", ""2026-03-25"", ""2026-03-26"", ""2026-03-27"", ""2026-03-30"", ""2026-03-31"", ""2026-04-01"", ""2026-04-02"", ""2026-04-03"", ""2026-04-06"", ""2026-04-07"", ""2026-04-08"", ""2026-04-09"", ""2026-04-10"", ""2026-04-13"", ""2026-04-14"", ""2026-04-15"", ""2026-04-16"", ""2026-04-17"", ""2026-04-20""]",32367000000000,85797000000000,1,4.0,0.0,2.0
RTS,2026-04-22,included,,"[""2026-03-25"", ""2026-03-26"", ""2026-03-27"", ""2026-03-30"", ""2026-03-31"", ""2026-04-01"", ""2026-04-02"", ""2026-04-03"", ""2026-04-06"", ""2026-04-07"", ""2026-04-08"", ""2026-04-09"", ""2026-04-10"", ""2026-04-13"", ""2026-04-14"", ""2026-04-15"", ""2026-04-16"", ""2026-04-17"", ""2026-04-20"", ""2026-04-21""]",32400000000000,85798000000000,1,3.0,0.0,1.0
RTS,2026-04-23,included,,"[""2026-03-26"", ""2026-03-27"", ""2026-03-30"", ""2026-03-31"", ""2026-04-01"", ""2026-04-02"", ""2026-04-03"", ""2026-04-06"", ""2026-04-07"", ""2026-04-08"", ""2026-04-09"", ""2026-04-10"", ""2026-04-13"", ""2026-04-14"", ""2026-04-15"", ""2026-04-16"", ""2026-04-17"", ""2026-04-20"", ""2026-04-21"", ""2026-04-22""]",32387000000000,85796000000000,1,6.0,0.0,27.0
RTS,2026-04-24,included,,"[""2026-03-27"", ""2026-03-30"", ""2026-03-31"", ""2026-04-01"", ""2026-04-02"", ""2026-04-03"", ""2026-04-06"", ""2026-04-07"", ""2026-04-08"", ""2026-04-09"", ""2026-04-10"", ""2026-04-13"", ""2026-04-14"", ""2026-04-15"", ""2026-04-16"", ""2026-04-17"", ""2026-04-20"", ""2026-04-21"", ""2026-04-22"", ""2026-04-23""]",32378000000000,85798001000000,1,4.0,2.0,10.0
RTS,2026-04-27,included,,"[""2026-03-30"", ""2026-03-31"", ""2026-04-01"", ""2026-04-02"", ""2026-04-03"", ""2026-04-06"", ""2026-04-07"", ""2026-04-08"", ""2026-04-09"", ""2026-04-10"", ""2026-04-13"", ""2026-04-14"", ""2026-04-15"", ""2026-04-16"", ""2026-04-17"", ""2026-04-20"", ""2026-04-21"", ""2026-04-22"", ""2026-04-23"", ""2026-04-24""]",32366000000000,85798000000000,1,8.0,3.0,17.0
RTS,2026-04-28,included,,"[""2026-03-31"", ""2026-04-01"", ""2026-04-02"", ""2026-04-03"", ""2026-04-06"", ""2026-04-07"", ""2026-04-08"", ""2026-04-09"", ""2026-04-10"", ""2026-04-13"", ""2026-04-14"", ""2026-04-15"", ""2026-04-16"", ""2026-04-17"", ""2026-04-20"", ""2026-04-21"", ""2026-04-22"", ""2026-04-23"", ""2026-04-24"", ""2026-04-27""]",32400000000000,85797000000000,1,1.0,0.0,6.0
RTS,2026-04-29,included,,"[""2026-04-01"", ""2026-04-02"", ""2026-04-03"", ""2026-04-06"", ""2026-04-07"", ""2026-04-08"", ""2026-04-09"", ""2026-04-10"", ""2026-04-13"", ""2026-04-14"", ""2026-04-15"", ""2026-04-16"", ""2026-04-17"", ""2026-04-20"", ""2026-04-21"", ""2026-04-22"", ""2026-04-23"", ""2026-04-24"", ""2026-04-27"", ""2026-04-28""]",32400000000000,85796000000000,1,1.0,0.0,8.0
RTS,2026-04-30,included,,"[""2026-04-02"", ""2026-04-03"", ""2026-04-06"", ""2026-04-07"", ""2026-04-08"", ""2026-04-09"", ""2026-04-10"", ""2026-04-13"", ""2026-04-14"", ""2026-04-15"", ""2026-04-16"", ""2026-04-17"", ""2026-04-20"", ""2026-04-21"", ""2026-04-22"", ""2026-04-23"", ""2026-04-24"", ""2026-04-27"", ""2026-04-28"", ""2026-04-29""]",32400000000000,85795001000000,1,8.0,4.0,25.0
RTS,2026-05-01,included,,"[""2026-04-03"", ""2026-04-06"", ""2026-04-07"", ""2026-04-08"", ""2026-04-09"", ""2026-04-10"", ""2026-04-13"", ""2026-04-14"", ""2026-04-15"", ""2026-04-16"", ""2026-04-17"", ""2026-04-20"", ""2026-04-21"", ""2026-04-22"", ""2026-04-23"", ""2026-04-24"", ""2026-04-27"", ""2026-04-28"", ""2026-04-29"", ""2026-04-30""]",36000000000000,85720000000000,1,5.0,0.0,67.0
RTS,2026-05-04,included,,"[""2026-04-06"", ""2026-04-07"", ""2026-04-08"", ""2026-04-09"", ""2026-04-10"", ""2026-04-13"", ""2026-04-14"", ""2026-04-15"", ""2026-04-16"", ""2026-04-17"", ""2026-04-20"", ""2026-04-21"", ""2026-04-22"", ""2026-04-23"", ""2026-04-24"", ""2026-04-27"", ""2026-04-28"", ""2026-04-29"", ""2026-04-30"", ""2026-05-01""]",32376000000000,85795000000000,1,2.0,2.0,10.0
RTS,2026-05-05,included,,"[""2026-04-07"", ""2026-04-08"", ""2026-04-09"", ""2026-04-10"", ""2026-04-13"", ""2026-04-14"", ""2026-04-15"", ""2026-04-16"", ""2026-04-17"", ""2026-04-20"", ""2026-04-21"", ""2026-04-22"", ""2026-04-23"", ""2026-04-24"", ""2026-04-27"", ""2026-04-28"", ""2026-04-29"", ""2026-04-30"", ""2026-05-01"", ""2026-05-04""]",32400000000000,85799001000000,1,6.0,6.0,0.0
RTS,2026-05-06,included,,"[""2026-04-08"", ""2026-04-09"", ""2026-04-10"", ""2026-04-13"", ""2026-04-14"", ""2026-04-15"", ""2026-04-16"", ""2026-04-17"", ""2026-04-20"", ""2026-04-21"", ""2026-04-22"", ""2026-04-23"", ""2026-04-24"", ""2026-04-27"", ""2026-04-28"", ""2026-04-29"", ""2026-04-30"", ""2026-05-01"", ""2026-05-04"", ""2026-05-05""]",32400000000000,85796000000000,1,9.0,9.0,10.0
RTS,2026-05-07,included,,"[""2026-04-09"", ""2026-04-10"", ""2026-04-13"", ""2026-04-14"", ""2026-04-15"", ""2026-04-16"", ""2026-04-17"", ""2026-04-20"", ""2026-04-21"", ""2026-04-22"", ""2026-04-23"", ""2026-04-24"", ""2026-04-27"", ""2026-04-28"", ""2026-04-29"", ""2026-04-30"", ""2026-05-01"", ""2026-05-04"", ""2026-05-05"", ""2026-05-06""]",32360000000000,85798000000000,1,5.0,0.0,0.0
RTS,2026-05-08,included,,"[""2026-04-10"", ""2026-04-13"", ""2026-04-14"", ""2026-04-15"", ""2026-04-16"", ""2026-04-17"", ""2026-04-20"", ""2026-04-21"", ""2026-04-22"", ""2026-04-23"", ""2026-04-24"", ""2026-04-27"", ""2026-04-28"", ""2026-04-29"", ""2026-04-30"", ""2026-05-01"", ""2026-05-04"", ""2026-05-05"", ""2026-05-06"", ""2026-05-07""]",32348000000000,85797007000000,1,9.0,0.0,12.0
RTS,2026-05-11,included,,"[""2026-04-13"", ""2026-04-14"", ""2026-04-15"", ""2026-04-16"", ""2026-04-17"", ""2026-04-20"", ""2026-04-21"", ""2026-04-22"", ""2026-04-23"", ""2026-04-24"", ""2026-04-27"", ""2026-04-28"", ""2026-04-29"", ""2026-04-30"", ""2026-05-01"", ""2026-05-04"", ""2026-05-05"", ""2026-05-06"", ""2026-05-07"", ""2026-05-08""]",32354000000000,85797000000000,1,4.0,0.0,0.0
RTS,2026-05-12,included,,"[""2026-04-14"", ""2026-04-15"", ""2026-04-16"", ""2026-04-17"", ""2026-04-20"", ""2026-04-21"", ""2026-04-22"", ""2026-04-23"", ""2026-04-24"", ""2026-04-27"", ""2026-04-28"", ""2026-04-29"", ""2026-04-30"", ""2026-05-01"", ""2026-05-04"", ""2026-05-05"", ""2026-05-06"", ""2026-05-07"", ""2026-05-08"", ""2026-05-11""]",32352000000000,85790001000000,1,9.0,5.0,26.0
RTS,2026-05-13,included,,"[""2026-04-15"", ""2026-04-16"", ""2026-04-17"", ""2026-04-20"", ""2026-04-21"", ""2026-04-22"", ""2026-04-23"", ""2026-04-24"", ""2026-04-27"", ""2026-04-28"", ""2026-04-29"", ""2026-04-30"", ""2026-05-01"", ""2026-05-04"", ""2026-05-05"", ""2026-05-06"", ""2026-05-07"", ""2026-05-08"", ""2026-05-11"", ""2026-05-12""]",32400000000000,85794000000000,1,3.0,0.0,14.0
RTS,2026-05-14,included,,"[""2026-04-16"", ""2026-04-17"", ""2026-04-20"", ""2026-04-21"", ""2026-04-22"", ""2026-04-23"", ""2026-04-24"", ""2026-04-27"", ""2026-04-28"", ""2026-04-29"", ""2026-04-30"", ""2026-05-01"", ""2026-05-04"", ""2026-05-05"", ""2026-05-06"", ""2026-05-07"", ""2026-05-08"", ""2026-05-11"", ""2026-05-12"", ""2026-05-13""]",32354000000000,85797000000000,1,6.0,1.0,4.0
RTS,2026-05-15,included,,"[""2026-04-17"", ""2026-04-20"", ""2026-04-21"", ""2026-04-22"", ""2026-04-23"", ""2026-04-24"", ""2026-04-27"", ""2026-04-28"", ""2026-04-29"", ""2026-04-30"", ""2026-05-01"", ""2026-05-04"", ""2026-05-05"", ""2026-05-06"", ""2026-05-07"", ""2026-05-08"", ""2026-05-11"", ""2026-05-12"", ""2026-05-13"", ""2026-05-14""]",32353000000000,85797000000000,1,9.0,0.0,0.0
RTS,2026-05-18,included,,"[""2026-04-20"", ""2026-04-21"", ""2026-04-22"", ""2026-04-23"", ""2026-04-24"", ""2026-04-27"", ""2026-04-28"", ""2026-04-29"", ""2026-04-30"", ""2026-05-01"", ""2026-05-04"", ""2026-05-05"", ""2026-05-06"", ""2026-05-07"", ""2026-05-08"", ""2026-05-11"", ""2026-05-12"", ""2026-05-13"", ""2026-05-14"", ""2026-05-15""]",32400000000000,85795002000000,1,4.0,4.0,22.0
RTS,2026-05-19,included,,"[""2026-04-21"", ""2026-04-22"", ""2026-04-23"", ""2026-04-24"", ""2026-04-27"", ""2026-04-28"", ""2026-04-29"", ""2026-04-30"", ""2026-05-01"", ""2026-05-04"", ""2026-05-05"", ""2026-05-06"", ""2026-05-07"", ""2026-05-08"", ""2026-05-11"", ""2026-05-12"", ""2026-05-13"", ""2026-05-14"", ""2026-05-15"", ""2026-05-18""]",32373000000000,85799004000000,1,8.0,8.0,19.0
RTS,2026-05-20,included,,"[""2026-04-22"", ""2026-04-23"", ""2026-04-24"", ""2026-04-27"", ""2026-04-28"", ""2026-04-29"", ""2026-04-30"", ""2026-05-01"", ""2026-05-04"", ""2026-05-05"", ""2026-05-06"", ""2026-05-07"", ""2026-05-08"", ""2026-05-11"", ""2026-05-12"", ""2026-05-13"", ""2026-05-14"", ""2026-05-15"", ""2026-05-18"", ""2026-05-19""]",32344000000000,85792000000000,1,4.0,4.0,4.0
RTS,2026-05-21,included,,"[""2026-04-23"", ""2026-04-24"", ""2026-04-27"", ""2026-04-28"", ""2026-04-29"", ""2026-04-30"", ""2026-05-01"", ""2026-05-04"", ""2026-05-05"", ""2026-05-06"", ""2026-05-07"", ""2026-05-08"", ""2026-05-11"", ""2026-05-12"", ""2026-05-13"", ""2026-05-14"", ""2026-05-15"", ""2026-05-18"", ""2026-05-19"", ""2026-05-20""]",32379000000000,85793001000000,1,7.0,7.0,1.0
RTS,2026-05-22,included,,"[""2026-04-24"", ""2026-04-27"", ""2026-04-28"", ""2026-04-29"", ""2026-04-30"", ""2026-05-01"", ""2026-05-04"", ""2026-05-05"", ""2026-05-06"", ""2026-05-07"", ""2026-05-08"", ""2026-05-11"", ""2026-05-12"", ""2026-05-13"", ""2026-05-14"", ""2026-05-15"", ""2026-05-18"", ""2026-05-19"", ""2026-05-20"", ""2026-05-21""]",32386000000000,85778000000000,1,4.0,4.0,0.0
RTS,2026-05-25,included,,"[""2026-04-27"", ""2026-04-28"", ""2026-04-29"", ""2026-04-30"", ""2026-05-01"", ""2026-05-04"", ""2026-05-05"", ""2026-05-06"", ""2026-05-07"", ""2026-05-08"", ""2026-05-11"", ""2026-05-12"", ""2026-05-13"", ""2026-05-14"", ""2026-05-15"", ""2026-05-18"", ""2026-05-19"", ""2026-05-20"", ""2026-05-21"", ""2026-05-22""]",32362000000000,85782000000000,1,2.0,1.0,4.0
RTS,2026-05-26,included,,"[""2026-04-28"", ""2026-04-29"", ""2026-04-30"", ""2026-05-01"", ""2026-05-04"", ""2026-05-05"", ""2026-05-06"", ""2026-05-07"", ""2026-05-08"", ""2026-05-11"", ""2026-05-12"", ""2026-05-13"", ""2026-05-14"", ""2026-05-15"", ""2026-05-18"", ""2026-05-19"", ""2026-05-20"", ""2026-05-21"", ""2026-05-22"", ""2026-05-25""]",32375000000000,85797001000000,1,8.0,8.0,0.0
RTS,2026-05-27,included,,"[""2026-04-29"", ""2026-04-30"", ""2026-05-01"", ""2026-05-04"", ""2026-05-05"", ""2026-05-06"", ""2026-05-07"", ""2026-05-08"", ""2026-05-11"", ""2026-05-12"", ""2026-05-13"", ""2026-05-14"", ""2026-05-15"", ""2026-05-18"", ""2026-05-19"", ""2026-05-20"", ""2026-05-21"", ""2026-05-22"", ""2026-05-25"", ""2026-05-26""]",32377000000000,85798000000000,1,6.0,6.0,10.0
RTS,2026-05-28,included,,"[""2026-04-30"", ""2026-05-01"", ""2026-05-04"", ""2026-05-05"", ""2026-05-06"", ""2026-05-07"", ""2026-05-08"", ""2026-05-11"", ""2026-05-12"", ""2026-05-13"", ""2026-05-14"", ""2026-05-15"", ""2026-05-18"", ""2026-05-19"", ""2026-05-20"", ""2026-05-21"", ""2026-05-22"", ""2026-05-25"", ""2026-05-26"", ""2026-05-27""]",32379000000000,85799000000000,1,8.0,0.0,10.0
RTS,2026-05-29,included,,"[""2026-05-01"", ""2026-05-04"", ""2026-05-05"", ""2026-05-06"", ""2026-05-07"", ""2026-05-08"", ""2026-05-11"", ""2026-05-12"", ""2026-05-13"", ""2026-05-14"", ""2026-05-15"", ""2026-05-18"", ""2026-05-19"", ""2026-05-20"", ""2026-05-21"", ""2026-05-22"", ""2026-05-25"", ""2026-05-26"", ""2026-05-27"", ""2026-05-28""]",32383000000000,85798000000000,1,6.0,0.0,14.0
RTS,2026-06-01,included,,"[""2026-05-04"", ""2026-05-05"", ""2026-05-06"", ""2026-05-07"", ""2026-05-08"", ""2026-05-11"", ""2026-05-12"", ""2026-05-13"", ""2026-05-14"", ""2026-05-15"", ""2026-05-18"", ""2026-05-19"", ""2026-05-20"", ""2026-05-21"", ""2026-05-22"", ""2026-05-25"", ""2026-05-26"", ""2026-05-27"", ""2026-05-28"", ""2026-05-29""]",32353000000000,85799000000000,1,8.0,5.0,5.0
RTS,2026-06-02,included,,"[""2026-05-05"", ""2026-05-06"", ""2026-05-07"", ""2026-05-08"", ""2026-05-11"", ""2026-05-12"", ""2026-05-13"", ""2026-05-14"", ""2026-05-15"", ""2026-05-18"", ""2026-05-19"", ""2026-05-20"", ""2026-05-21"", ""2026-05-22"", ""2026-05-25"", ""2026-05-26"", ""2026-05-27"", ""2026-05-28"", ""2026-05-29"", ""2026-06-01""]",32400000000000,85797000000000,1,12.0,10.0,34.0
RTS,2026-06-03,included,,"[""2026-05-06"", ""2026-05-07"", ""2026-05-08"", ""2026-05-11"", ""2026-05-12"", ""2026-05-13"", ""2026-05-14"", ""2026-05-15"", ""2026-05-18"", ""2026-05-19"", ""2026-05-20"", ""2026-05-21"", ""2026-05-22"", ""2026-05-25"", ""2026-05-26"", ""2026-05-27"", ""2026-05-28"", ""2026-05-29"", ""2026-06-01"", ""2026-06-02""]",32370000000000,85798000000000,1,6.0,6.0,58.0
RTS,2026-06-04,included,,"[""2026-05-07"", ""2026-05-08"", ""2026-05-11"", ""2026-05-12"", ""2026-05-13"", ""2026-05-14"", ""2026-05-15"", ""2026-05-18"", ""2026-05-19"", ""2026-05-20"", ""2026-05-21"", ""2026-05-22"", ""2026-05-25"", ""2026-05-26"", ""2026-05-27"", ""2026-05-28"", ""2026-05-29"", ""2026-06-01"", ""2026-06-02"", ""2026-06-03""]",32347000000000,85798000000000,1,8.0,2.0,8.0
RTS,2026-06-05,included,,"[""2026-05-08"", ""2026-05-11"", ""2026-05-12"", ""2026-05-13"", ""2026-05-14"", ""2026-05-15"", ""2026-05-18"", ""2026-05-19"", ""2026-05-20"", ""2026-05-21"", ""2026-05-22"", ""2026-05-25"", ""2026-05-26"", ""2026-05-27"", ""2026-05-28"", ""2026-05-29"", ""2026-06-01"", ""2026-06-02"", ""2026-06-03"", ""2026-06-04""]",32345000000000,85789000000000,1,2.0,0.0,6.0
RTS,2026-06-08,included,,"[""2026-05-11"", ""2026-05-12"", ""2026-05-13"", ""2026-05-14"", ""2026-05-15"", ""2026-05-18"", ""2026-05-19"", ""2026-05-20"", ""2026-05-21"", ""2026-05-22"", ""2026-05-25"", ""2026-05-26"", ""2026-05-27"", ""2026-05-28"", ""2026-05-29"", ""2026-06-01"", ""2026-06-02"", ""2026-06-03"", ""2026-06-04"", ""2026-06-05""]",32371000000000,85797003000000,1,3.0,3.0,0.0
RTS,2026-06-09,included,,"[""2026-05-12"", ""2026-05-13"", ""2026-05-14"", ""2026-05-15"", ""2026-05-18"", ""2026-05-19"", ""2026-05-20"", ""2026-05-21"", ""2026-05-22"", ""2026-05-25"", ""2026-05-26"", ""2026-05-27"", ""2026-05-28"", ""2026-05-29"", ""2026-06-01"", ""2026-06-02"", ""2026-06-03"", ""2026-06-04"", ""2026-06-05"", ""2026-06-08""]",32343000000000,85791000000000,1,6.0,6.0,17.0
RTS,2026-06-10,included,,"[""2026-05-13"", ""2026-05-14"", ""2026-05-15"", ""2026-05-18"", ""2026-05-19"", ""2026-05-20"", ""2026-05-21"", ""2026-05-22"", ""2026-05-25"", ""2026-05-26"", ""2026-05-27"", ""2026-05-28"", ""2026-05-29"", ""2026-06-01"", ""2026-06-02"", ""2026-06-03"", ""2026-06-04"", ""2026-06-05"", ""2026-06-08"", ""2026-06-09""]",32344000000000,85798002000000,1,3.0,3.0,7.0
RTS,2026-06-11,included,,"[""2026-05-14"", ""2026-05-15"", ""2026-05-18"", ""2026-05-19"", ""2026-05-20"", ""2026-05-21"", ""2026-05-22"", ""2026-05-25"", ""2026-05-26"", ""2026-05-27"", ""2026-05-28"", ""2026-05-29"", ""2026-06-01"", ""2026-06-02"", ""2026-06-03"", ""2026-06-04"", ""2026-06-05"", ""2026-06-08"", ""2026-06-09"", ""2026-06-10""]",32377000000000,85796000000000,1,10.0,1.0,5.0
RTS,2026-06-12,excluded,Текущая сессия не охватывает 10:00–18:45,"[""2026-05-15"", ""2026-05-18"", ""2026-05-19"", ""2026-05-20"", ""2026-05-21"", ""2026-05-22"", ""2026-05-25"", ""2026-05-26"", ""2026-05-27"", ""2026-05-28"", ""2026-05-29"", ""2026-06-01"", ""2026-06-02"", ""2026-06-03"", ""2026-06-04"", ""2026-06-05"", ""2026-06-08"", ""2026-06-09"", ""2026-06-10"", ""2026-06-11""]",36003000000000,85758000000000,1,,,
RTS,2026-06-15,excluded,Не все 20 прошлых сессий охватывают 10:00–18:45,"[""2026-05-18"", ""2026-05-19"", ""2026-05-20"", ""2026-05-21"", ""2026-05-22"", ""2026-05-25"", ""2026-05-26"", ""2026-05-27"", ""2026-05-28"", ""2026-05-29"", ""2026-06-01"", ""2026-06-02"", ""2026-06-03"", ""2026-06-04"", ""2026-06-05"", ""2026-06-08"", ""2026-06-09"", ""2026-06-10"", ""2026-06-11"", ""2026-06-12""]",32356000000000,85767000000000,1,,,
RTS,2026-06-16,excluded,Не все 20 прошлых сессий охватывают 10:00–18:45,"[""2026-05-19"", ""2026-05-20"", ""2026-05-21"", ""2026-05-22"", ""2026-05-25"", ""2026-05-26"", ""2026-05-27"", ""2026-05-28"", ""2026-05-29"", ""2026-06-01"", ""2026-06-02"", ""2026-06-03"", ""2026-06-04"", ""2026-06-05"", ""2026-06-08"", ""2026-06-09"", ""2026-06-10"", ""2026-06-11"", ""2026-06-12"", ""2026-06-15""]",32383000000000,85790000000000,1,,,
RTS,2026-06-17,excluded,Не все 20 прошлых сессий охватывают 10:00–18:45,"[""2026-05-20"", ""2026-05-21"", ""2026-05-22"", ""2026-05-25"", ""2026-05-26"", ""2026-05-27"", ""2026-05-28"", ""2026-05-29"", ""2026-06-01"", ""2026-06-02"", ""2026-06-03"", ""2026-06-04"", ""2026-06-05"", ""2026-06-08"", ""2026-06-09"", ""2026-06-10"", ""2026-06-11"", ""2026-06-12"", ""2026-06-15"", ""2026-06-16""]",32401000000000,85794000000000,1,,,
RTS,2026-06-18,excluded,Не все 20 прошлых сессий охватывают 10:00–18:45,"[""2026-05-21"", ""2026-05-22"", ""2026-05-25"", ""2026-05-26"", ""2026-05-27"", ""2026-05-28"", ""2026-05-29"", ""2026-06-01"", ""2026-06-02"", ""2026-06-03"", ""2026-06-04"", ""2026-06-05"", ""2026-06-08"", ""2026-06-09"", ""2026-06-10"", ""2026-06-11"", ""2026-06-12"", ""2026-06-15"", ""2026-06-16"", ""2026-06-17""]",32375000000000,85799000000000,1,,,
RTS,2026-06-19,excluded,Не все 20 прошлых сессий охватывают 10:00–18:45,"[""2026-05-22"", ""2026-05-25"", ""2026-05-26"", ""2026-05-27"", ""2026-05-28"", ""2026-05-29"", ""2026-06-01"", ""2026-06-02"", ""2026-06-03"", ""2026-06-04"", ""2026-06-05"", ""2026-06-08"", ""2026-06-09"", ""2026-06-10"", ""2026-06-11"", ""2026-06-12"", ""2026-06-15"", ""2026-06-16"", ""2026-06-17"", ""2026-06-18""]",32354000000000,85799012000000,1,,,
RTS,2026-06-22,excluded,Не все 20 прошлых сессий охватывают 10:00–18:45,"[""2026-05-25"", ""2026-05-26"", ""2026-05-27"", ""2026-05-28"", ""2026-05-29"", ""2026-06-01"", ""2026-06-02"", ""2026-06-03"", ""2026-06-04"", ""2026-06-05"", ""2026-06-08"", ""2026-06-09"", ""2026-06-10"", ""2026-06-11"", ""2026-06-12"", ""2026-06-15"", ""2026-06-16"", ""2026-06-17"", ""2026-06-18"", ""2026-06-19""]",32368000000000,85797000000000,1,,,
RTS,2026-06-23,excluded,Не все 20 прошлых сессий охватывают 10:00–18:45,"[""2026-05-26"", ""2026-05-27"", ""2026-05-28"", ""2026-05-29"", ""2026-06-01"", ""2026-06-02"", ""2026-06-03"", ""2026-06-04"", ""2026-06-05"", ""2026-06-08"", ""2026-06-09"", ""2026-06-10"", ""2026-06-11"", ""2026-06-12"", ""2026-06-15"", ""2026-06-16"", ""2026-06-17"", ""2026-06-18"", ""2026-06-19"", ""2026-06-22""]",32383000000000,85798000000000,1,,,
RTS,2026-06-24,excluded,Не все 20 прошлых сессий охватывают 10:00–18:45,"[""2026-05-27"", ""2026-05-28"", ""2026-05-29"", ""2026-06-01"", ""2026-06-02"", ""2026-06-03"", ""2026-06-04"", ""2026-06-05"", ""2026-06-08"", ""2026-06-09"", ""2026-06-10"", ""2026-06-11"", ""2026-06-12"", ""2026-06-15"", ""2026-06-16"", ""2026-06-17"", ""2026-06-18"", ""2026-06-19"", ""2026-06-22"", ""2026-06-23""]",32378000000000,85789000000000,1,,,
RTS,2026-06-25,excluded,Не все 20 прошлых сессий охватывают 10:00–18:45,"[""2026-05-28"", ""2026-05-29"", ""2026-06-01"", ""2026-06-02"", ""2026-06-03"", ""2026-06-04"", ""2026-06-05"", ""2026-06-08"", ""2026-06-09"", ""2026-06-10"", ""2026-06-11"", ""2026-06-12"", ""2026-06-15"", ""2026-06-16"", ""2026-06-17"", ""2026-06-18"", ""2026-06-19"", ""2026-06-22"", ""2026-06-23"", ""2026-06-24""]",32347000000000,85799000000000,1,,,
RTS,2026-06-26,excluded,Не все 20 прошлых сессий охватывают 10:00–18:45,"[""2026-05-29"", ""2026-06-01"", ""2026-06-02"", ""2026-06-03"", ""2026-06-04"", ""2026-06-05"", ""2026-06-08"", ""2026-06-09"", ""2026-06-10"", ""2026-06-11"", ""2026-06-12"", ""2026-06-15"", ""2026-06-16"", ""2026-06-17"", ""2026-06-18"", ""2026-06-19"", ""2026-06-22"", ""2026-06-23"", ""2026-06-24"", ""2026-06-25""]",32342000000000,85795000000000,1,,,
RTS,2026-06-29,excluded,Не все 20 прошлых сессий охватывают 10:00–18:45,"[""2026-06-01"", ""2026-06-02"", ""2026-06-03"", ""2026-06-04"", ""2026-06-05"", ""2026-06-08"", ""2026-06-09"", ""2026-06-10"", ""2026-06-11"", ""2026-06-12"", ""2026-06-15"", ""2026-06-16"", ""2026-06-17"", ""2026-06-18"", ""2026-06-19"", ""2026-06-22"", ""2026-06-23"", ""2026-06-24"", ""2026-06-25"", ""2026-06-26""]",32364000000000,85797000000000,1,,,
RTS,2026-06-30,excluded,Не все 20 прошлых сессий охватывают 10:00–18:45,"[""2026-06-02"", ""2026-06-03"", ""2026-06-04"", ""2026-06-05"", ""2026-06-08"", ""2026-06-09"", ""2026-06-10"", ""2026-06-11"", ""2026-06-12"", ""2026-06-15"", ""2026-06-16"", ""2026-06-17"", ""2026-06-18"", ""2026-06-19"", ""2026-06-22"", ""2026-06-23"", ""2026-06-24"", ""2026-06-25"", ""2026-06-26"", ""2026-06-29""]",32382000000000,85757001000000,1,,,
RTS,2026-07-01,excluded,Не все 20 прошлых сессий охватывают 10:00–18:45,"[""2026-06-03"", ""2026-06-04"", ""2026-06-05"", ""2026-06-08"", ""2026-06-09"", ""2026-06-10"", ""2026-06-11"", ""2026-06-12"", ""2026-06-15"", ""2026-06-16"", ""2026-06-17"", ""2026-06-18"", ""2026-06-19"", ""2026-06-22"", ""2026-06-23"", ""2026-06-24"", ""2026-06-25"", ""2026-06-26"", ""2026-06-29"", ""2026-06-30""]",32345000000000,85798003000000,1,,,
RTS,2026-07-02,excluded,Не все 20 прошлых сессий охватывают 10:00–18:45,"[""2026-06-04"", ""2026-06-05"", ""2026-06-08"", ""2026-06-09"", ""2026-06-10"", ""2026-06-11"", ""2026-06-12"", ""2026-06-15"", ""2026-06-16"", ""2026-06-17"", ""2026-06-18"", ""2026-06-19"", ""2026-06-22"", ""2026-06-23"", ""2026-06-24"", ""2026-06-25"", ""2026-06-26"", ""2026-06-29"", ""2026-06-30"", ""2026-07-01""]",32351000000000,85799000000000,1,,,
RTS,2026-07-03,excluded,Не все 20 прошлых сессий охватывают 10:00–18:45,"[""2026-06-05"", ""2026-06-08"", ""2026-06-09"", ""2026-06-10"", ""2026-06-11"", ""2026-06-12"", ""2026-06-15"", ""2026-06-16"", ""2026-06-17"", ""2026-06-18"", ""2026-06-19"", ""2026-06-22"", ""2026-06-23"", ""2026-06-24"", ""2026-06-25"", ""2026-06-26"", ""2026-06-29"", ""2026-06-30"", ""2026-07-01"", ""2026-07-02""]",32358000000000,85797000000000,1,,,
RTS,2026-07-06,excluded,Не все 20 прошлых сессий охватывают 10:00–18:45,"[""2026-06-08"", ""2026-06-09"", ""2026-06-10"", ""2026-06-11"", ""2026-06-12"", ""2026-06-15"", ""2026-06-16"", ""2026-06-17"", ""2026-06-18"", ""2026-06-19"", ""2026-06-22"", ""2026-06-23"", ""2026-06-24"", ""2026-06-25"", ""2026-06-26"", ""2026-06-29"", ""2026-06-30"", ""2026-07-01"", ""2026-07-02"", ""2026-07-03""]",32373000000000,85796002000000,1,,,
RTS,2026-07-07,excluded,Не все 20 прошлых сессий охватывают 10:00–18:45,"[""2026-06-09"", ""2026-06-10"", ""2026-06-11"", ""2026-06-12"", ""2026-06-15"", ""2026-06-16"", ""2026-06-17"", ""2026-06-18"", ""2026-06-19"", ""2026-06-22"", ""2026-06-23"", ""2026-06-24"", ""2026-06-25"", ""2026-06-26"", ""2026-06-29"", ""2026-06-30"", ""2026-07-01"", ""2026-07-02"", ""2026-07-03"", ""2026-07-06""]",32359000000000,85792002000000,1,,,
RTS,2026-07-08,excluded,Не все 20 прошлых сессий охватывают 10:00–18:45,"[""2026-06-10"", ""2026-06-11"", ""2026-06-12"", ""2026-06-15"", ""2026-06-16"", ""2026-06-17"", ""2026-06-18"", ""2026-06-19"", ""2026-06-22"", ""2026-06-23"", ""2026-06-24"", ""2026-06-25"", ""2026-06-26"", ""2026-06-29"", ""2026-06-30"", ""2026-07-01"", ""2026-07-02"", ""2026-07-03"", ""2026-07-06"", ""2026-07-07""]",32390000000000,85795000000000,1,,,
RTS,2026-07-09,excluded,Не все 20 прошлых сессий охватывают 10:00–18:45,"[""2026-06-11"", ""2026-06-12"", ""2026-06-15"", ""2026-06-16"", ""2026-06-17"", ""2026-06-18"", ""2026-06-19"", ""2026-06-22"", ""2026-06-23"", ""2026-06-24"", ""2026-06-25"", ""2026-06-26"", ""2026-06-29"", ""2026-06-30"", ""2026-07-01"", ""2026-07-02"", ""2026-07-03"", ""2026-07-06"", ""2026-07-07"", ""2026-07-08""]",32361000000000,85799002000000,1,,,
RTS,2026-07-10,excluded,Не все 20 прошлых сессий охватывают 10:00–18:45,"[""2026-06-12"", ""2026-06-15"", ""2026-06-16"", ""2026-06-17"", ""2026-06-18"", ""2026-06-19"", ""2026-06-22"", ""2026-06-23"", ""2026-06-24"", ""2026-06-25"", ""2026-06-26"", ""2026-06-29"", ""2026-06-30"", ""2026-07-01"", ""2026-07-02"", ""2026-07-03"", ""2026-07-06"", ""2026-07-07"", ""2026-07-08"", ""2026-07-09""]",32344000000000,85791018000000,1,,,
RTS,2026-07-13,included,,"[""2026-06-15"", ""2026-06-16"", ""2026-06-17"", ""2026-06-18"", ""2026-06-19"", ""2026-06-22"", ""2026-06-23"", ""2026-06-24"", ""2026-06-25"", ""2026-06-26"", ""2026-06-29"", ""2026-06-30"", ""2026-07-01"", ""2026-07-02"", ""2026-07-03"", ""2026-07-06"", ""2026-07-07"", ""2026-07-08"", ""2026-07-09"", ""2026-07-10""]",32370000000000,85795006000000,1,7.0,7.0,0.0
RTS,2026-07-14,included,,"[""2026-06-16"", ""2026-06-17"", ""2026-06-18"", ""2026-06-19"", ""2026-06-22"", ""2026-06-23"", ""2026-06-24"", ""2026-06-25"", ""2026-06-26"", ""2026-06-29"", ""2026-06-30"", ""2026-07-01"", ""2026-07-02"", ""2026-07-03"", ""2026-07-06"", ""2026-07-07"", ""2026-07-08"", ""2026-07-09"", ""2026-07-10"", ""2026-07-13""]",25200000000000,85775001000000,1,5.0,1.0,1.0
RTS,2026-07-15,included,,"[""2026-06-17"", ""2026-06-18"", ""2026-06-19"", ""2026-06-22"", ""2026-06-23"", ""2026-06-24"", ""2026-06-25"", ""2026-06-26"", ""2026-06-29"", ""2026-06-30"", ""2026-07-01"", ""2026-07-02"", ""2026-07-03"", ""2026-07-06"", ""2026-07-07"", ""2026-07-08"", ""2026-07-09"", ""2026-07-10"", ""2026-07-13"", ""2026-07-14""]",25143000000000,85791001000000,1,9.0,9.0,1.0
RTS,2026-07-16,included,,"[""2026-06-18"", ""2026-06-19"", ""2026-06-22"", ""2026-06-23"", ""2026-06-24"", ""2026-06-25"", ""2026-06-26"", ""2026-06-29"", ""2026-06-30"", ""2026-07-01"", ""2026-07-02"", ""2026-07-03"", ""2026-07-06"", ""2026-07-07"", ""2026-07-08"", ""2026-07-09"", ""2026-07-10"", ""2026-07-13"", ""2026-07-14"", ""2026-07-15""]",25200000000000,85785000000000,1,4.0,4.0,0.0
RTS,2026-07-17,included,,"[""2026-06-19"", ""2026-06-22"", ""2026-06-23"", ""2026-06-24"", ""2026-06-25"", ""2026-06-26"", ""2026-06-29"", ""2026-06-30"", ""2026-07-01"", ""2026-07-02"", ""2026-07-03"", ""2026-07-06"", ""2026-07-07"", ""2026-07-08"", ""2026-07-09"", ""2026-07-10"", ""2026-07-13"", ""2026-07-14"", ""2026-07-15"", ""2026-07-16""]",25156000000000,85798001000000,1,5.0,5.0,0.0
RTS,2026-07-20,included,,"[""2026-06-22"", ""2026-06-23"", ""2026-06-24"", ""2026-06-25"", ""2026-06-26"", ""2026-06-29"", ""2026-06-30"", ""2026-07-01"", ""2026-07-02"", ""2026-07-03"", ""2026-07-06"", ""2026-07-07"", ""2026-07-08"", ""2026-07-09"", ""2026-07-10"", ""2026-07-13"", ""2026-07-14"", ""2026-07-15"", ""2026-07-16"", ""2026-07-17""]",25200000000000,85798000000000,1,7.0,7.0,1.0
RTS,2026-07-21,included,,"[""2026-06-23"", ""2026-06-24"", ""2026-06-25"", ""2026-06-26"", ""2026-06-29"", ""2026-06-30"", ""2026-07-01"", ""2026-07-02"", ""2026-07-03"", ""2026-07-06"", ""2026-07-07"", ""2026-07-08"", ""2026-07-09"", ""2026-07-10"", ""2026-07-13"", ""2026-07-14"", ""2026-07-15"", ""2026-07-16"", ""2026-07-17"", ""2026-07-20""]",25184000000000,85794000000000,1,5.0,5.0,6.0
RTS,2026-07-22,included,,"[""2026-06-24"", ""2026-06-25"", ""2026-06-26"", ""2026-06-29"", ""2026-06-30"", ""2026-07-01"", ""2026-07-02"", ""2026-07-03"", ""2026-07-06"", ""2026-07-07"", ""2026-07-08"", ""2026-07-09"", ""2026-07-10"", ""2026-07-13"", ""2026-07-14"", ""2026-07-15"", ""2026-07-16"", ""2026-07-17"", ""2026-07-20"", ""2026-07-21""]",25162000000000,85799000000000,1,8.0,7.0,2.0
RTS,2026-07-23,included,,"[""2026-06-25"", ""2026-06-26"", ""2026-06-29"", ""2026-06-30"", ""2026-07-01"", ""2026-07-02"", ""2026-07-03"", ""2026-07-06"", ""2026-07-07"", ""2026-07-08"", ""2026-07-09"", ""2026-07-10"", ""2026-07-13"", ""2026-07-14"", ""2026-07-15"", ""2026-07-16"", ""2026-07-17"", ""2026-07-20"", ""2026-07-21"", ""2026-07-22""]",25158000000000,85795000000000,1,3.0,3.0,7.0
RTS,2026-07-24,included,,"[""2026-06-26"", ""2026-06-29"", ""2026-06-30"", ""2026-07-01"", ""2026-07-02"", ""2026-07-03"", ""2026-07-06"", ""2026-07-07"", ""2026-07-08"", ""2026-07-09"", ""2026-07-10"", ""2026-07-13"", ""2026-07-14"", ""2026-07-15"", ""2026-07-16"", ""2026-07-17"", ""2026-07-20"", ""2026-07-21"", ""2026-07-22"", ""2026-07-23""]",25142000000000,85790005000000,1,6.0,5.0,1.0
RTS,2026-07-27,included,,"[""2026-06-29"", ""2026-06-30"", ""2026-07-01"", ""2026-07-02"", ""2026-07-03"", ""2026-07-06"", ""2026-07-07"", ""2026-07-08"", ""2026-07-09"", ""2026-07-10"", ""2026-07-13"", ""2026-07-14"", ""2026-07-15"", ""2026-07-16"", ""2026-07-17"", ""2026-07-20"", ""2026-07-21"", ""2026-07-22"", ""2026-07-23"", ""2026-07-24""]",25176000000000,85797000000000,1,10.0,0.0,26.0
RTS,2026-07-28,included,,"[""2026-06-30"", ""2026-07-01"", ""2026-07-02"", ""2026-07-03"", ""2026-07-06"", ""2026-07-07"", ""2026-07-08"", ""2026-07-09"", ""2026-07-10"", ""2026-07-13"", ""2026-07-14"", ""2026-07-15"", ""2026-07-16"", ""2026-07-17"", ""2026-07-20"", ""2026-07-21"", ""2026-07-22"", ""2026-07-23"", ""2026-07-24"", ""2026-07-27""]",25179000000000,85797002000000,1,4.0,0.0,6.0
RTS,2026-07-29,included,,"[""2026-07-01"", ""2026-07-02"", ""2026-07-03"", ""2026-07-06"", ""2026-07-07"", ""2026-07-08"", ""2026-07-09"", ""2026-07-10"", ""2026-07-13"", ""2026-07-14"", ""2026-07-15"", ""2026-07-16"", ""2026-07-17"", ""2026-07-20"", ""2026-07-21"", ""2026-07-22"", ""2026-07-23"", ""2026-07-24"", ""2026-07-27"", ""2026-07-28""]",25184000000000,85790005000000,1,13.0,0.0,3.0
RTS,2026-07-30,included,,"[""2026-07-02"", ""2026-07-03"", ""2026-07-06"", ""2026-07-07"", ""2026-07-08"", ""2026-07-09"", ""2026-07-10"", ""2026-07-13"", ""2026-07-14"", ""2026-07-15"", ""2026-07-16"", ""2026-07-17"", ""2026-07-20"", ""2026-07-21"", ""2026-07-22"", ""2026-07-23"", ""2026-07-24"", ""2026-07-27"", ""2026-07-28"", ""2026-07-29""]",25203000000000,85798003000000,1,5.0,1.0,0.0
RTS,2026-07-31,included,,"[""2026-07-03"", ""2026-07-06"", ""2026-07-07"", ""2026-07-08"", ""2026-07-09"", ""2026-07-10"", ""2026-07-13"", ""2026-07-14"", ""2026-07-15"", ""2026-07-16"", ""2026-07-17"", ""2026-07-20"", ""2026-07-21"", ""2026-07-22"", ""2026-07-23"", ""2026-07-24"", ""2026-07-27"", ""2026-07-28"", ""2026-07-29"", ""2026-07-30""]",25200000000000,85794004000000,1,6.0,0.0,9.0
RTS,2026-08-03,included,,"[""2026-07-06"", ""2026-07-07"", ""2026-07-08"", ""2026-07-09"", ""2026-07-10"", ""2026-07-13"", ""2026-07-14"", ""2026-07-15"", ""2026-07-16"", ""2026-07-17"", ""2026-07-20"", ""2026-07-21"", ""2026-07-22"", ""2026-07-23"", ""2026-07-24"", ""2026-07-27"", ""2026-07-28"", ""2026-07-29"", ""2026-07-30"", ""2026-07-31""]",25183000000000,85794000000000,1,9.0,0.0,0.0
RTS,2026-08-04,included,,"[""2026-07-07"", ""2026-07-08"", ""2026-07-09"", ""2026-07-10"", ""2026-07-13"", ""2026-07-14"", ""2026-07-15"", ""2026-07-16"", ""2026-07-17"", ""2026-07-20"", ""2026-07-21"", ""2026-07-22"", ""2026-07-23"", ""2026-07-24"", ""2026-07-27"", ""2026-07-28"", ""2026-07-29"", ""2026-07-30"", ""2026-07-31"", ""2026-08-03""]",25177000000000,85797000000000,1,3.0,0.0,13.0
RTS,2026-08-05,included,,"[""2026-07-08"", ""2026-07-09"", ""2026-07-10"", ""2026-07-13"", ""2026-07-14"", ""2026-07-15"", ""2026-07-16"", ""2026-07-17"", ""2026-07-20"", ""2026-07-21"", ""2026-07-22"", ""2026-07-23"", ""2026-07-24"", ""2026-07-27"", ""2026-07-28"", ""2026-07-29"", ""2026-07-30"", ""2026-07-31"", ""2026-08-03"", ""2026-08-04""]",25200000000000,85791001000000,1,8.0,0.0,0.0
RTS,2026-08-06,included,,"[""2026-07-09"", ""2026-07-10"", ""2026-07-13"", ""2026-07-14"", ""2026-07-15"", ""2026-07-16"", ""2026-07-17"", ""2026-07-20"", ""2026-07-21"", ""2026-07-22"", ""2026-07-23"", ""2026-07-24"", ""2026-07-27"", ""2026-07-28"", ""2026-07-29"", ""2026-07-30"", ""2026-07-31"", ""2026-08-03"", ""2026-08-04"", ""2026-08-05""]",25185000000000,85768000000000,1,10.0,0.0,1.0
RTS,2026-08-07,included,,"[""2026-07-10"", ""2026-07-13"", ""2026-07-14"", ""2026-07-15"", ""2026-07-16"", ""2026-07-17"", ""2026-07-20"", ""2026-07-21"", ""2026-07-22"", ""2026-07-23"", ""2026-07-24"", ""2026-07-27"", ""2026-07-28"", ""2026-07-29"", ""2026-07-30"", ""2026-07-31"", ""2026-08-03"", ""2026-08-04"", ""2026-08-05"", ""2026-08-06""]",25200000000000,85795000000000,1,6.0,0.0,7.0
RTS,2026-08-10,included,,"[""2026-07-13"", ""2026-07-14"", ""2026-07-15"", ""2026-07-16"", ""2026-07-17"", ""2026-07-20"", ""2026-07-21"", ""2026-07-22"", ""2026-07-23"", ""2026-07-24"", ""2026-07-27"", ""2026-07-28"", ""2026-07-29"", ""2026-07-30"", ""2026-07-31"", ""2026-08-03"", ""2026-08-04"", ""2026-08-05"", ""2026-08-06"", ""2026-08-07""]",25180000000000,85799000000000,1,6.0,0.0,13.0
RTS,2026-08-11,included,,"[""2026-07-14"", ""2026-07-15"", ""2026-07-16"", ""2026-07-17"", ""2026-07-20"", ""2026-07-21"", ""2026-07-22"", ""2026-07-23"", ""2026-07-24"", ""2026-07-27"", ""2026-07-28"", ""2026-07-29"", ""2026-07-30"", ""2026-07-31"", ""2026-08-03"", ""2026-08-04"", ""2026-08-05"", ""2026-08-06"", ""2026-08-07"", ""2026-08-10""]",25201000000000,85798000000000,1,10.0,0.0,0.0
RTS,2026-08-12,included,,"[""2026-07-15"", ""2026-07-16"", ""2026-07-17"", ""2026-07-20"", ""2026-07-21"", ""2026-07-22"", ""2026-07-23"", ""2026-07-24"", ""2026-07-27"", ""2026-07-28"", ""2026-07-29"", ""2026-07-30"", ""2026-07-31"", ""2026-08-03"", ""2026-08-04"", ""2026-08-05"", ""2026-08-06"", ""2026-08-07"", ""2026-08-10"", ""2026-08-11""]",25162000000000,85794001000000,1,9.0,0.0,7.0
RTS,2026-08-13,included,,"[""2026-07-16"", ""2026-07-17"", ""2026-07-20"", ""2026-07-21"", ""2026-07-22"", ""2026-07-23"", ""2026-07-24"", ""2026-07-27"", ""2026-07-28"", ""2026-07-29"", ""2026-07-30"", ""2026-07-31"", ""2026-08-03"", ""2026-08-04"", ""2026-08-05"", ""2026-08-06"", ""2026-08-07"", ""2026-08-10"", ""2026-08-11"", ""2026-08-12""]",25200000000000,85798019000000,1,6.0,5.0,1.0
RTS,2026-08-14,included,,"[""2026-07-17"", ""2026-07-20"", ""2026-07-21"", ""2026-07-22"", ""2026-07-23"", ""2026-07-24"", ""2026-07-27"", ""2026-07-28"", ""2026-07-29"", ""2026-07-30"", ""2026-07-31"", ""2026-08-03"", ""2026-08-04"", ""2026-08-05"", ""2026-08-06"", ""2026-08-07"", ""2026-08-10"", ""2026-08-11"", ""2026-08-12"", ""2026-08-13""]",25171000000000,85792000000000,1,1.0,0.0,0.0
RTS,2026-08-17,included,,"[""2026-07-20"", ""2026-07-21"", ""2026-07-22"", ""2026-07-23"", ""2026-07-24"", ""2026-07-27"", ""2026-07-28"", ""2026-07-29"", ""2026-07-30"", ""2026-07-31"", ""2026-08-03"", ""2026-08-04"", ""2026-08-05"", ""2026-08-06"", ""2026-08-07"", ""2026-08-10"", ""2026-08-11"", ""2026-08-12"", ""2026-08-13"", ""2026-08-14""]",25175000000000,85796001000000,1,8.0,8.0,2.0
RTS,2026-08-18,included,,"[""2026-07-21"", ""2026-07-22"", ""2026-07-23"", ""2026-07-24"", ""2026-07-27"", ""2026-07-28"", ""2026-07-29"", ""2026-07-30"", ""2026-07-31"", ""2026-08-03"", ""2026-08-04"", ""2026-08-05"", ""2026-08-06"", ""2026-08-07"", ""2026-08-10"", ""2026-08-11"", ""2026-08-12"", ""2026-08-13"", ""2026-08-14"", ""2026-08-17""]",25181000000000,85799000000000,1,10.0,6.0,0.0
RTS,2026-08-19,included,,"[""2026-07-22"", ""2026-07-23"", ""2026-07-24"", ""2026-07-27"", ""2026-07-28"", ""2026-07-29"", ""2026-07-30"", ""2026-07-31"", ""2026-08-03"", ""2026-08-04"", ""2026-08-05"", ""2026-08-06"", ""2026-08-07"", ""2026-08-10"", ""2026-08-11"", ""2026-08-12"", ""2026-08-13"", ""2026-08-14"", ""2026-08-17"", ""2026-08-18""]",25200000000000,85798001000000,1,3.0,0.0,0.0
RTS,2026-08-20,included,,"[""2026-07-23"", ""2026-07-24"", ""2026-07-27"", ""2026-07-28"", ""2026-07-29"", ""2026-07-30"", ""2026-07-31"", ""2026-08-03"", ""2026-08-04"", ""2026-08-05"", ""2026-08-06"", ""2026-08-07"", ""2026-08-10"", ""2026-08-11"", ""2026-08-12"", ""2026-08-13"", ""2026-08-14"", ""2026-08-17"", ""2026-08-18"", ""2026-08-19""]",25200000000000,85792000000000,1,8.0,8.0,0.0
RTS,2026-08-21,included,,"[""2026-07-24"", ""2026-07-27"", ""2026-07-28"", ""2026-07-29"", ""2026-07-30"", ""2026-07-31"", ""2026-08-03"", ""2026-08-04"", ""2026-08-05"", ""2026-08-06"", ""2026-08-07"", ""2026-08-10"", ""2026-08-11"", ""2026-08-12"", ""2026-08-13"", ""2026-08-14"", ""2026-08-17"", ""2026-08-18"", ""2026-08-19"", ""2026-08-20""]",25161000000000,85790010000000,1,9.0,9.0,0.0
RTS,2026-08-24,included,,"[""2026-07-27"", ""2026-07-28"", ""2026-07-29"", ""2026-07-30"", ""2026-07-31"", ""2026-08-03"", ""2026-08-04"", ""2026-08-05"", ""2026-08-06"", ""2026-08-07"", ""2026-08-10"", ""2026-08-11"", ""2026-08-12"", ""2026-08-13"", ""2026-08-14"", ""2026-08-17"", ""2026-08-18"", ""2026-08-19"", ""2026-08-20"", ""2026-08-21""]",25186000000000,85791012000000,1,13.0,9.0,3.0
RTS,2026-08-25,included,,"[""2026-07-28"", ""2026-07-29"", ""2026-07-30"", ""2026-07-31"", ""2026-08-03"", ""2026-08-04"", ""2026-08-05"", ""2026-08-06"", ""2026-08-07"", ""2026-08-10"", ""2026-08-11"", ""2026-08-12"", ""2026-08-13"", ""2026-08-14"", ""2026-08-17"", ""2026-08-18"", ""2026-08-19"", ""2026-08-20"", ""2026-08-21"", ""2026-08-24""]",25183000000000,85794000000000,1,8.0,8.0,0.0
RTS,2026-08-26,included,,"[""2026-07-29"", ""2026-07-30"", ""2026-07-31"", ""2026-08-03"", ""2026-08-04"", ""2026-08-05"", ""2026-08-06"", ""2026-08-07"", ""2026-08-10"", ""2026-08-11"", ""2026-08-12"", ""2026-08-13"", ""2026-08-14"", ""2026-08-17"", ""2026-08-18"", ""2026-08-19"", ""2026-08-20"", ""2026-08-21"", ""2026-08-24"", ""2026-08-25""]",25170000000000,85798002000000,1,6.0,3.0,3.0
RTS,2026-08-27,included,,"[""2026-07-30"", ""2026-07-31"", ""2026-08-03"", ""2026-08-04"", ""2026-08-05"", ""2026-08-06"", ""2026-08-07"", ""2026-08-10"", ""2026-08-11"", ""2026-08-12"", ""2026-08-13"", ""2026-08-14"", ""2026-08-17"", ""2026-08-18"", ""2026-08-19"", ""2026-08-20"", ""2026-08-21"", ""2026-08-24"", ""2026-08-25"", ""2026-08-26""]",25181000000000,85790001000000,1,9.0,9.0,0.0
RTS,2026-08-28,included,,"[""2026-07-31"", ""2026-08-03"", ""2026-08-04"", ""2026-08-05"", ""2026-08-06"", ""2026-08-07"", ""2026-08-10"", ""2026-08-11"", ""2026-08-12"", ""2026-08-13"", ""2026-08-14"", ""2026-08-17"", ""2026-08-18"", ""2026-08-19"", ""2026-08-20"", ""2026-08-21"", ""2026-08-24"", ""2026-08-25"", ""2026-08-26"", ""2026-08-27""]",25203000000000,85792002000000,1,9.0,3.0,1.0
RTS,2026-08-31,included,,"[""2026-08-03"", ""2026-08-04"", ""2026-08-05"", ""2026-08-06"", ""2026-08-07"", ""2026-08-10"", ""2026-08-11"", ""2026-08-12"", ""2026-08-13"", ""2026-08-14"", ""2026-08-17"", ""2026-08-18"", ""2026-08-19"", ""2026-08-20"", ""2026-08-21"", ""2026-08-24"", ""2026-08-25"", ""2026-08-26"", ""2026-08-27"", ""2026-08-28""]",25156000000000,85799029000000,1,6.0,5.0,0.0
RTS,2026-09-01,included,,"[""2026-08-04"", ""2026-08-05"", ""2026-08-06"", ""2026-08-07"", ""2026-08-10"", ""2026-08-11"", ""2026-08-12"", ""2026-08-13"", ""2026-08-14"", ""2026-08-17"", ""2026-08-18"", ""2026-08-19"", ""2026-08-20"", ""2026-08-21"", ""2026-08-24"", ""2026-08-25"", ""2026-08-26"", ""2026-08-27"", ""2026-08-28"", ""2026-08-31""]",25146000000000,85796002000000,1,15.0,10.0,65.0
RTS,2026-09-02,included,,"[""2026-08-05"", ""2026-08-06"", ""2026-08-07"", ""2026-08-10"", ""2026-08-11"", ""2026-08-12"", ""2026-08-13"", ""2026-08-14"", ""2026-08-17"", ""2026-08-18"", ""2026-08-19"", ""2026-08-20"", ""2026-08-21"", ""2026-08-24"", ""2026-08-25"", ""2026-08-26"", ""2026-08-27"", ""2026-08-28"", ""2026-08-31"", ""2026-09-01""]",25147000000000,85790007000000,1,13.0,0.0,0.0
RTS,2026-09-03,included,,"[""2026-08-06"", ""2026-08-07"", ""2026-08-10"", ""2026-08-11"", ""2026-08-12"", ""2026-08-13"", ""2026-08-14"", ""2026-08-17"", ""2026-08-18"", ""2026-08-19"", ""2026-08-20"", ""2026-08-21"", ""2026-08-24"", ""2026-08-25"", ""2026-08-26"", ""2026-08-27"", ""2026-08-28"", ""2026-08-31"", ""2026-09-01"", ""2026-09-02""]",25200000000000,85799000000000,1,7.0,5.0,0.0
RTS,2026-09-04,included,,"[""2026-08-07"", ""2026-08-10"", ""2026-08-11"", ""2026-08-12"", ""2026-08-13"", ""2026-08-14"", ""2026-08-17"", ""2026-08-18"", ""2026-08-19"", ""2026-08-20"", ""2026-08-21"", ""2026-08-24"", ""2026-08-25"", ""2026-08-26"", ""2026-08-27"", ""2026-08-28"", ""2026-08-31"", ""2026-09-01"", ""2026-09-02"", ""2026-09-03""]",25183000000000,85795003000000,1,10.0,2.0,0.0
RTS,2026-09-07,included,,"[""2026-08-10"", ""2026-08-11"", ""2026-08-12"", ""2026-08-13"", ""2026-08-14"", ""2026-08-17"", ""2026-08-18"", ""2026-08-19"", ""2026-08-20"", ""2026-08-21"", ""2026-08-24"", ""2026-08-25"", ""2026-08-26"", ""2026-08-27"", ""2026-08-28"", ""2026-08-31"", ""2026-09-01"", ""2026-09-02"", ""2026-09-03"", ""2026-09-04""]",25200000000000,85799001000000,1,5.0,0.0,0.0
RTS,2026-09-08,included,,"[""2026-08-11"", ""2026-08-12"", ""2026-08-13"", ""2026-08-14"", ""2026-08-17"", ""2026-08-18"", ""2026-08-19"", ""2026-08-20"", ""2026-08-21"", ""2026-08-24"", ""2026-08-25"", ""2026-08-26"", ""2026-08-27"", ""2026-08-28"", ""2026-08-31"", ""2026-09-01"", ""2026-09-02"", ""2026-09-03"", ""2026-09-04"", ""2026-09-07""]",25144000000000,85799000000000,1,5.0,1.0,7.0
RTS,2026-09-09,included,,"[""2026-08-12"", ""2026-08-13"", ""2026-08-14"", ""2026-08-17"", ""2026-08-18"", ""2026-08-19"", ""2026-08-20"", ""2026-08-21"", ""2026-08-24"", ""2026-08-25"", ""2026-08-26"", ""2026-08-27"", ""2026-08-28"", ""2026-08-31"", ""2026-09-01"", ""2026-09-02"", ""2026-09-03"", ""2026-09-04"", ""2026-09-07"", ""2026-09-08""]",25200000000000,85797002000000,1,4.0,0.0,0.0
RTS,2026-09-10,included,,"[""2026-08-13"", ""2026-08-14"", ""2026-08-17"", ""2026-08-18"", ""2026-08-19"", ""2026-08-20"", ""2026-08-21"", ""2026-08-24"", ""2026-08-25"", ""2026-08-26"", ""2026-08-27"", ""2026-08-28"", ""2026-08-31"", ""2026-09-01"", ""2026-09-02"", ""2026-09-03"", ""2026-09-04"", ""2026-09-07"", ""2026-09-08"", ""2026-09-09""]",25200000000000,85781000000000,1,6.0,0.0,0.0
RTS,2026-09-11,included,,"[""2026-08-14"", ""2026-08-17"", ""2026-08-18"", ""2026-08-19"", ""2026-08-20"", ""2026-08-21"", ""2026-08-24"", ""2026-08-25"", ""2026-08-26"", ""2026-08-27"", ""2026-08-28"", ""2026-08-31"", ""2026-09-01"", ""2026-09-02"", ""2026-09-03"", ""2026-09-04"", ""2026-09-07"", ""2026-09-08"", ""2026-09-09"", ""2026-09-10""]",25183000000000,85799000000000,1,7.0,2.0,6.0
RTS,2026-09-14,included,,"[""2026-08-17"", ""2026-08-18"", ""2026-08-19"", ""2026-08-20"", ""2026-08-21"", ""2026-08-24"", ""2026-08-25"", ""2026-08-26"", ""2026-08-27"", ""2026-08-28"", ""2026-08-31"", ""2026-09-01"", ""2026-09-02"", ""2026-09-03"", ""2026-09-04"", ""2026-09-07"", ""2026-09-08"", ""2026-09-09"", ""2026-09-10"", ""2026-09-11""]",25163000000000,85782000000000,1,8.0,0.0,2.0
RTS,2026-09-15,included,,"[""2026-08-18"", ""2026-08-19"", ""2026-08-20"", ""2026-08-21"", ""2026-08-24"", ""2026-08-25"", ""2026-08-26"", ""2026-08-27"", ""2026-08-28"", ""2026-08-31"", ""2026-09-01"", ""2026-09-02"", ""2026-09-03"", ""2026-09-04"", ""2026-09-07"", ""2026-09-08"", ""2026-09-09"", ""2026-09-10"", ""2026-09-11"", ""2026-09-14""]",25189000000000,85798000000000,1,11.0,0.0,0.0
RTS,2026-09-16,included,,"[""2026-08-19"", ""2026-08-20"", ""2026-08-21"", ""2026-08-24"", ""2026-08-25"", ""2026-08-26"", ""2026-08-27"", ""2026-08-28"", ""2026-08-31"", ""2026-09-01"", ""2026-09-02"", ""2026-09-03"", ""2026-09-04"", ""2026-09-07"", ""2026-09-08"", ""2026-09-09"", ""2026-09-10"", ""2026-09-11"", ""2026-09-14"", ""2026-09-15""]",25200000000000,85797000000000,1,4.0,0.0,13.0
RTS,2026-09-17,included,,"[""2026-08-20"", ""2026-08-21"", ""2026-08-24"", ""2026-08-25"", ""2026-08-26"", ""2026-08-27"", ""2026-08-28"", ""2026-08-31"", ""2026-09-01"", ""2026-09-02"", ""2026-09-03"", ""2026-09-04"", ""2026-09-07"", ""2026-09-08"", ""2026-09-09"", ""2026-09-10"", ""2026-09-11"", ""2026-09-14"", ""2026-09-15"", ""2026-09-16""]",25182000000000,85770000000000,1,4.0,1.0,12.0
RTS,2026-09-18,included,,"[""2026-08-21"", ""2026-08-24"", ""2026-08-25"", ""2026-08-26"", ""2026-08-27"", ""2026-08-28"", ""2026-08-31"", ""2026-09-01"", ""2026-09-02"", ""2026-09-03"", ""2026-09-04"", ""2026-09-07"", ""2026-09-08"", ""2026-09-09"", ""2026-09-10"", ""2026-09-11"", ""2026-09-14"", ""2026-09-15"", ""2026-09-16"", ""2026-09-17""]",25200000000000,85798000000000,1,5.0,0.0,0.0
RTS,2026-09-21,included,,"[""2026-08-24"", ""2026-08-25"", ""2026-08-26"", ""2026-08-27"", ""2026-08-28"", ""2026-08-31"", ""2026-09-01"", ""2026-09-02"", ""2026-09-03"", ""2026-09-04"", ""2026-09-07"", ""2026-09-08"", ""2026-09-09"", ""2026-09-10"", ""2026-09-11"", ""2026-09-14"", ""2026-09-15"", ""2026-09-16"", ""2026-09-17"", ""2026-09-18""]",25175000000000,85795006000000,1,7.0,0.0,8.0
RTS,2026-09-22,included,,"[""2026-08-25"", ""2026-08-26"", ""2026-08-27"", ""2026-08-28"", ""2026-08-31"", ""2026-09-01"", ""2026-09-02"", ""2026-09-03"", ""2026-09-04"", ""2026-09-07"", ""2026-09-08"", ""2026-09-09"", ""2026-09-10"", ""2026-09-11"", ""2026-09-14"", ""2026-09-15"", ""2026-09-16"", ""2026-09-17"", ""2026-09-18"", ""2026-09-21""]",25200000000000,85785000000000,1,7.0,6.0,0.0
RTS,2026-09-23,included,,"[""2026-08-26"", ""2026-08-27"", ""2026-08-28"", ""2026-08-31"", ""2026-09-01"", ""2026-09-02"", ""2026-09-03"", ""2026-09-04"", ""2026-09-07"", ""2026-09-08"", ""2026-09-09"", ""2026-09-10"", ""2026-09-11"", ""2026-09-14"", ""2026-09-15"", ""2026-09-16"", ""2026-09-17"", ""2026-09-18"", ""2026-09-21"", ""2026-09-22""]",25200000000000,85795000000000,1,5.0,1.0,0.0
RTS,2026-09-24,included,,"[""2026-08-27"", ""2026-08-28"", ""2026-08-31"", ""2026-09-01"", ""2026-09-02"", ""2026-09-03"", ""2026-09-04"", ""2026-09-07"", ""2026-09-08"", ""2026-09-09"", ""2026-09-10"", ""2026-09-11"", ""2026-09-14"", ""2026-09-15"", ""2026-09-16"", ""2026-09-17"", ""2026-09-18"", ""2026-09-21"", ""2026-09-22"", ""2026-09-23""]",25161000000000,85790002000000,1,2.0,2.0,17.0
RTS,2026-09-25,included,,"[""2026-08-28"", ""2026-08-31"", ""2026-09-01"", ""2026-09-02"", ""2026-09-03"", ""2026-09-04"", ""2026-09-07"", ""2026-09-08"", ""2026-09-09"", ""2026-09-10"", ""2026-09-11"", ""2026-09-14"", ""2026-09-15"", ""2026-09-16"", ""2026-09-17"", ""2026-09-18"", ""2026-09-21"", ""2026-09-22"", ""2026-09-23"", ""2026-09-24""]",25152000000000,85797000000000,1,7.0,0.0,12.0
RTS,2026-09-28,included,,"[""2026-08-31"", ""2026-09-01"", ""2026-09-02"", ""2026-09-03"", ""2026-09-04"", ""2026-09-07"", ""2026-09-08"", ""2026-09-09"", ""2026-09-10"", ""2026-09-11"", ""2026-09-14"", ""2026-09-15"", ""2026-09-16"", ""2026-09-17"", ""2026-09-18"", ""2026-09-21"", ""2026-09-22"", ""2026-09-23"", ""2026-09-24"", ""2026-09-25""]",25147000000000,85794000000000,1,12.0,1.0,17.0
RTS,2026-09-29,included,,"[""2026-09-01"", ""2026-09-02"", ""2026-09-03"", ""2026-09-04"", ""2026-09-07"", ""2026-09-08"", ""2026-09-09"", ""2026-09-10"", ""2026-09-11"", ""2026-09-14"", ""2026-09-15"", ""2026-09-16"", ""2026-09-17"", ""2026-09-18"", ""2026-09-21"", ""2026-09-22"", ""2026-09-23"", ""2026-09-24"", ""2026-09-25"", ""2026-09-28""]",25174000000000,85795006000000,1,3.0,1.0,0.0
RTS,2026-09-30,included,,"[""2026-09-02"", ""2026-09-03"", ""2026-09-04"", ""2026-09-07"", ""2026-09-08"", ""2026-09-09"", ""2026-09-10"", ""2026-09-11"", ""2026-09-14"", ""2026-09-15"", ""2026-09-16"", ""2026-09-17"", ""2026-09-18"", ""2026-09-21"", ""2026-09-22"", ""2026-09-23"", ""2026-09-24"", ""2026-09-25"", ""2026-09-28"", ""2026-09-29""]",25169000000000,85797000000000,1,13.0,4.0,0.0
RTS,2026-10-01,included,,"[""2026-09-03"", ""2026-09-04"", ""2026-09-07"", ""2026-09-08"", ""2026-09-09"", ""2026-09-10"", ""2026-09-11"", ""2026-09-14"", ""2026-09-15"", ""2026-09-16"", ""2026-09-17"", ""2026-09-18"", ""2026-09-21"", ""2026-09-22"", ""2026-09-23"", ""2026-09-24"", ""2026-09-25"", ""2026-09-28"", ""2026-09-29"", ""2026-09-30""]",25161000000000,85797000000000,1,4.0,1.0,0.0
RTS,2026-10-02,included,,"[""2026-09-04"", ""2026-09-07"", ""2026-09-08"", ""2026-09-09"", ""2026-09-10"", ""2026-09-11"", ""2026-09-14"", ""2026-09-15"", ""2026-09-16"", ""2026-09-17"", ""2026-09-18"", ""2026-09-21"", ""2026-09-22"", ""2026-09-23"", ""2026-09-24"", ""2026-09-25"", ""2026-09-28"", ""2026-09-29"", ""2026-09-30"", ""2026-10-01""]",25200000000000,85799001000000,1,7.0,0.0,0.0
MIX,2022-01-03,excluded,Меньше 20 прошлых будних торговых дат,[],25200000000000,85784000000000,0,,,
MIX,2022-01-04,excluded,Меньше 20 прошлых будних торговых дат,"[""2022-01-03""]",25200000000000,85785000000000,0,,,
MIX,2022-01-05,excluded,Меньше 20 прошлых будних торговых дат,"[""2022-01-03"", ""2022-01-04""]",25200000000000,85795001000000,0,,,
MIX,2022-01-06,excluded,Меньше 20 прошлых будних торговых дат,"[""2022-01-03"", ""2022-01-04"", ""2022-01-05""]",25201000000000,85793001000000,0,,,
MIX,2022-01-07,excluded,Меньше 20 прошлых будних торговых дат,"[""2022-01-03"", ""2022-01-04"", ""2022-01-05"", ""2022-01-06""]",25201000000000,85786000000000,0,,,
MIX,2022-01-10,excluded,Меньше 20 прошлых будних торговых дат,"[""2022-01-03"", ""2022-01-04"", ""2022-01-05"", ""2022-01-06"", ""2022-01-07""]",25200000000000,85770002000000,0,,,
MIX,2022-01-11,excluded,Меньше 20 прошлых будних торговых дат,"[""2022-01-03"", ""2022-01-04"", ""2022-01-05"", ""2022-01-06"", ""2022-01-07"", ""2022-01-10""]",25200000000000,85795003000000,0,,,
MIX,2022-01-12,excluded,Меньше 20 прошлых будних торговых дат,"[""2022-01-03"", ""2022-01-04"", ""2022-01-05"", ""2022-01-06"", ""2022-01-07"", ""2022-01-10"", ""2022-01-11""]",25201000000000,85787004000000,0,,,
MIX,2022-01-13,excluded,Меньше 20 прошлых будних торговых дат,"[""2022-01-03"", ""2022-01-04"", ""2022-01-05"", ""2022-01-06"", ""2022-01-07"", ""2022-01-10"", ""2022-01-11"", ""2022-01-12""]",25200000000000,85775008000000,0,,,
MIX,2022-01-14,excluded,Меньше 20 прошлых будних торговых дат,"[""2022-01-03"", ""2022-01-04"", ""2022-01-05"", ""2022-01-06"", ""2022-01-07"", ""2022-01-10"", ""2022-01-11"", ""2022-01-12"", ""2022-01-13""]",25201000000000,85790001000000,0,,,
MIX,2022-01-17,excluded,Меньше 20 прошлых будних торговых дат,"[""2022-01-03"", ""2022-01-04"", ""2022-01-05"", ""2022-01-06"", ""2022-01-07"", ""2022-01-10"", ""2022-01-11"", ""2022-01-12"", ""2022-01-13"", ""2022-01-14""]",25200000000000,85798005000000,0,,,
MIX,2022-01-18,excluded,Меньше 20 прошлых будних торговых дат,"[""2022-01-03"", ""2022-01-04"", ""2022-01-05"", ""2022-01-06"", ""2022-01-07"", ""2022-01-10"", ""2022-01-11"", ""2022-01-12"", ""2022-01-13"", ""2022-01-14"", ""2022-01-17""]",25201000000000,85796000000000,0,,,
MIX,2022-01-19,excluded,Меньше 20 прошлых будних торговых дат,"[""2022-01-03"", ""2022-01-04"", ""2022-01-05"", ""2022-01-06"", ""2022-01-07"", ""2022-01-10"", ""2022-01-11"", ""2022-01-12"", ""2022-01-13"", ""2022-01-14"", ""2022-01-17"", ""2022-01-18""]",25202000000000,85799000000000,0,,,
MIX,2022-01-20,excluded,Меньше 20 прошлых будних торговых дат,"[""2022-01-03"", ""2022-01-04"", ""2022-01-05"", ""2022-01-06"", ""2022-01-07"", ""2022-01-10"", ""2022-01-11"", ""2022-01-12"", ""2022-01-13"", ""2022-01-14"", ""2022-01-17"", ""2022-01-18"", ""2022-01-19""]",25201000000000,85796000000000,0,,,
MIX,2022-01-21,excluded,Меньше 20 прошлых будних торговых дат,"[""2022-01-03"", ""2022-01-04"", ""2022-01-05"", ""2022-01-06"", ""2022-01-07"", ""2022-01-10"", ""2022-01-11"", ""2022-01-12"", ""2022-01-13"", ""2022-01-14"", ""2022-01-17"", ""2022-01-18"", ""2022-01-19"", ""2022-01-20""]",25200000000000,85777008000000,0,,,
MIX,2022-01-24,excluded,Меньше 20 прошлых будних торговых дат,"[""2022-01-03"", ""2022-01-04"", ""2022-01-05"", ""2022-01-06"", ""2022-01-07"", ""2022-01-10"", ""2022-01-11"", ""2022-01-12"", ""2022-01-13"", ""2022-01-14"", ""2022-01-17"", ""2022-01-18"", ""2022-01-19"", ""2022-01-20"", ""2022-01-21""]",25201000000000,85785008000000,0,,,
MIX,2022-01-25,excluded,Меньше 20 прошлых будних торговых дат,"[""2022-01-03"", ""2022-01-04"", ""2022-01-05"", ""2022-01-06"", ""2022-01-07"", ""2022-01-10"", ""2022-01-11"", ""2022-01-12"", ""2022-01-13"", ""2022-01-14"", ""2022-01-17"", ""2022-01-18"", ""2022-01-19"", ""2022-01-20"", ""2022-01-21"", ""2022-01-24""]",25201000000000,85797000000000,0,,,
MIX,2022-01-26,excluded,Меньше 20 прошлых будних торговых дат,"[""2022-01-03"", ""2022-01-04"", ""2022-01-05"", ""2022-01-06"", ""2022-01-07"", ""2022-01-10"", ""2022-01-11"", ""2022-01-12"", ""2022-01-13"", ""2022-01-14"", ""2022-01-17"", ""2022-01-18"", ""2022-01-19"", ""2022-01-20"", ""2022-01-21"", ""2022-01-24"", ""2022-01-25""]",25200000000000,85798002000000,0,,,
MIX,2022-01-27,excluded,Меньше 20 прошлых будних торговых дат,"[""2022-01-03"", ""2022-01-04"", ""2022-01-05"", ""2022-01-06"", ""2022-01-07"", ""2022-01-10"", ""2022-01-11"", ""2022-01-12"", ""2022-01-13"", ""2022-01-14"", ""2022-01-17"", ""2022-01-18"", ""2022-01-19"", ""2022-01-20"", ""2022-01-21"", ""2022-01-24"", ""2022-01-25"", ""2022-01-26""]",25201000000000,85783000000000,0,,,
MIX,2022-01-28,excluded,Меньше 20 прошлых будних торговых дат,"[""2022-01-03"", ""2022-01-04"", ""2022-01-05"", ""2022-01-06"", ""2022-01-07"", ""2022-01-10"", ""2022-01-11"", ""2022-01-12"", ""2022-01-13"", ""2022-01-14"", ""2022-01-17"", ""2022-01-18"", ""2022-01-19"", ""2022-01-20"", ""2022-01-21"", ""2022-01-24"", ""2022-01-25"", ""2022-01-26"", ""2022-01-27""]",25201000000000,85782001000000,0,,,
MIX,2022-01-31,included,,"[""2022-01-03"", ""2022-01-04"", ""2022-01-05"", ""2022-01-06"", ""2022-01-07"", ""2022-01-10"", ""2022-01-11"", ""2022-01-12"", ""2022-01-13"", ""2022-01-14"", ""2022-01-17"", ""2022-01-18"", ""2022-01-19"", ""2022-01-20"", ""2022-01-21"", ""2022-01-24"", ""2022-01-25"", ""2022-01-26"", ""2022-01-27"", ""2022-01-28""]",25200000000000,85788007000000,0,11.0,1.0,900.0
MIX,2022-02-01,included,,"[""2022-01-04"", ""2022-01-05"", ""2022-01-06"", ""2022-01-07"", ""2022-01-10"", ""2022-01-11"", ""2022-01-12"", ""2022-01-13"", ""2022-01-14"", ""2022-01-17"", ""2022-01-18"", ""2022-01-19"", ""2022-01-20"", ""2022-01-21"", ""2022-01-24"", ""2022-01-25"", ""2022-01-26"", ""2022-01-27"", ""2022-01-28"", ""2022-01-31""]",25202000000000,85789000000000,0,8.0,0.0,901.0
MIX,2022-02-02,included,,"[""2022-01-05"", ""2022-01-06"", ""2022-01-07"", ""2022-01-10"", ""2022-01-11"", ""2022-01-12"", ""2022-01-13"", ""2022-01-14"", ""2022-01-17"", ""2022-01-18"", ""2022-01-19"", ""2022-01-20"", ""2022-01-21"", ""2022-01-24"", ""2022-01-25"", ""2022-01-26"", ""2022-01-27"", ""2022-01-28"", ""2022-01-31"", ""2022-02-01""]",25200000000000,85785001000000,0,4.0,0.0,1200.0
MIX,2022-02-03,included,,"[""2022-01-06"", ""2022-01-07"", ""2022-01-10"", ""2022-01-11"", ""2022-01-12"", ""2022-01-13"", ""2022-01-14"", ""2022-01-17"", ""2022-01-18"", ""2022-01-19"", ""2022-01-20"", ""2022-01-21"", ""2022-01-24"", ""2022-01-25"", ""2022-01-26"", ""2022-01-27"", ""2022-01-28"", ""2022-01-31"", ""2022-02-01"", ""2022-02-02""]",25200000000000,85778004000000,0,7.0,0.0,1200.0
MIX,2022-02-04,included,,"[""2022-01-07"", ""2022-01-10"", ""2022-01-11"", ""2022-01-12"", ""2022-01-13"", ""2022-01-14"", ""2022-01-17"", ""2022-01-18"", ""2022-01-19"", ""2022-01-20"", ""2022-01-21"", ""2022-01-24"", ""2022-01-25"", ""2022-01-26"", ""2022-01-27"", ""2022-01-28"", ""2022-01-31"", ""2022-02-01"", ""2022-02-02"", ""2022-02-03""]",25200000000000,85790004000000,0,3.0,0.0,903.0
MIX,2022-02-07,included,,"[""2022-01-10"", ""2022-01-11"", ""2022-01-12"", ""2022-01-13"", ""2022-01-14"", ""2022-01-17"", ""2022-01-18"", ""2022-01-19"", ""2022-01-20"", ""2022-01-21"", ""2022-01-24"", ""2022-01-25"", ""2022-01-26"", ""2022-01-27"", ""2022-01-28"", ""2022-01-31"", ""2022-02-01"", ""2022-02-02"", ""2022-02-03"", ""2022-02-04""]",25201000000000,85798000000000,0,11.0,0.0,900.0
MIX,2022-02-08,included,,"[""2022-01-11"", ""2022-01-12"", ""2022-01-13"", ""2022-01-14"", ""2022-01-17"", ""2022-01-18"", ""2022-01-19"", ""2022-01-20"", ""2022-01-21"", ""2022-01-24"", ""2022-01-25"", ""2022-01-26"", ""2022-01-27"", ""2022-01-28"", ""2022-01-31"", ""2022-02-01"", ""2022-02-02"", ""2022-02-03"", ""2022-02-04"", ""2022-02-07""]",25200000000000,85777000000000,0,4.0,0.0,903.0
MIX,2022-02-09,included,,"[""2022-01-12"", ""2022-01-13"", ""2022-01-14"", ""2022-01-17"", ""2022-01-18"", ""2022-01-19"", ""2022-01-20"", ""2022-01-21"", ""2022-01-24"", ""2022-01-25"", ""2022-01-26"", ""2022-01-27"", ""2022-01-28"", ""2022-01-31"", ""2022-02-01"", ""2022-02-02"", ""2022-02-03"", ""2022-02-04"", ""2022-02-07"", ""2022-02-08""]",25200000000000,85784000000000,0,9.0,0.0,1202.0
MIX,2022-02-10,included,,"[""2022-01-13"", ""2022-01-14"", ""2022-01-17"", ""2022-01-18"", ""2022-01-19"", ""2022-01-20"", ""2022-01-21"", ""2022-01-24"", ""2022-01-25"", ""2022-01-26"", ""2022-01-27"", ""2022-01-28"", ""2022-01-31"", ""2022-02-01"", ""2022-02-02"", ""2022-02-03"", ""2022-02-04"", ""2022-02-07"", ""2022-02-08"", ""2022-02-09""]",25201000000000,85782003000000,0,4.0,0.0,1202.0
MIX,2022-02-11,included,,"[""2022-01-14"", ""2022-01-17"", ""2022-01-18"", ""2022-01-19"", ""2022-01-20"", ""2022-01-21"", ""2022-01-24"", ""2022-01-25"", ""2022-01-26"", ""2022-01-27"", ""2022-01-28"", ""2022-01-31"", ""2022-02-01"", ""2022-02-02"", ""2022-02-03"", ""2022-02-04"", ""2022-02-07"", ""2022-02-08"", ""2022-02-09"", ""2022-02-10""]",25201000000000,85788000000000,0,6.0,0.0,903.0
MIX,2022-02-14,included,,"[""2022-01-17"", ""2022-01-18"", ""2022-01-19"", ""2022-01-20"", ""2022-01-21"", ""2022-01-24"", ""2022-01-25"", ""2022-01-26"", ""2022-01-27"", ""2022-01-28"", ""2022-01-31"", ""2022-02-01"", ""2022-02-02"", ""2022-02-03"", ""2022-02-04"", ""2022-02-07"", ""2022-02-08"", ""2022-02-09"", ""2022-02-10"", ""2022-02-11""]",25200000000000,85797000000000,0,13.0,8.0,903.0
MIX,2022-02-15,included,,"[""2022-01-18"", ""2022-01-19"", ""2022-01-20"", ""2022-01-21"", ""2022-01-24"", ""2022-01-25"", ""2022-01-26"", ""2022-01-27"", ""2022-01-28"", ""2022-01-31"", ""2022-02-01"", ""2022-02-02"", ""2022-02-03"", ""2022-02-04"", ""2022-02-07"", ""2022-02-08"", ""2022-02-09"", ""2022-02-10"", ""2022-02-11"", ""2022-02-14""]",25201000000000,85796000000000,0,9.0,2.0,910.0
MIX,2022-02-16,included,,"[""2022-01-19"", ""2022-01-20"", ""2022-01-21"", ""2022-01-24"", ""2022-01-25"", ""2022-01-26"", ""2022-01-27"", ""2022-01-28"", ""2022-01-31"", ""2022-02-01"", ""2022-02-02"", ""2022-02-03"", ""2022-02-04"", ""2022-02-07"", ""2022-02-08"", ""2022-02-09"", ""2022-02-10"", ""2022-02-11"", ""2022-02-14"", ""2022-02-15""]",25201000000000,85793001000000,0,8.0,8.0,1204.0
MIX,2022-02-17,included,,"[""2022-01-20"", ""2022-01-21"", ""2022-01-24"", ""2022-01-25"", ""2022-01-26"", ""2022-01-27"", ""2022-01-28"", ""2022-01-31"", ""2022-02-01"", ""2022-02-02"", ""2022-02-03"", ""2022-02-04"", ""2022-02-07"", ""2022-02-08"", ""2022-02-09"", ""2022-02-10"", ""2022-02-11"", ""2022-02-14"", ""2022-02-15"", ""2022-02-16""]",25200000000000,85798002000000,0,8.0,7.0,1203.0
MIX,2022-02-18,included,,"[""2022-01-21"", ""2022-01-24"", ""2022-01-25"", ""2022-01-26"", ""2022-01-27"", ""2022-01-28"", ""2022-01-31"", ""2022-02-01"", ""2022-02-02"", ""2022-02-03"", ""2022-02-04"", ""2022-02-07"", ""2022-02-08"", ""2022-02-09"", ""2022-02-10"", ""2022-02-11"", ""2022-02-14"", ""2022-02-15"", ""2022-02-16"", ""2022-02-17""]",25201000000000,85794000000000,0,4.0,2.0,902.0
MIX,2022-02-21,included,,"[""2022-01-24"", ""2022-01-25"", ""2022-01-26"", ""2022-01-27"", ""2022-01-28"", ""2022-01-31"", ""2022-02-01"", ""2022-02-02"", ""2022-02-03"", ""2022-02-04"", ""2022-02-07"", ""2022-02-08"", ""2022-02-09"", ""2022-02-10"", ""2022-02-11"", ""2022-02-14"", ""2022-02-15"", ""2022-02-16"", ""2022-02-17"", ""2022-02-18""]",25201000000000,85783001000000,0,1.0,1.0,900.0
MIX,2022-02-22,included,,"[""2022-01-25"", ""2022-01-26"", ""2022-01-27"", ""2022-01-28"", ""2022-01-31"", ""2022-02-01"", ""2022-02-02"", ""2022-02-03"", ""2022-02-04"", ""2022-02-07"", ""2022-02-08"", ""2022-02-09"", ""2022-02-10"", ""2022-02-11"", ""2022-02-14"", ""2022-02-15"", ""2022-02-16"", ""2022-02-17"", ""2022-02-18"", ""2022-02-21""]",25201000000000,85797000000000,0,7.0,7.0,1800.0
MIX,2022-02-23,included,,"[""2022-01-26"", ""2022-01-27"", ""2022-01-28"", ""2022-01-31"", ""2022-02-01"", ""2022-02-02"", ""2022-02-03"", ""2022-02-04"", ""2022-02-07"", ""2022-02-08"", ""2022-02-09"", ""2022-02-10"", ""2022-02-11"", ""2022-02-14"", ""2022-02-15"", ""2022-02-16"", ""2022-02-17"", ""2022-02-18"", ""2022-02-21"", ""2022-02-22""]",25201000000000,85799000000000,0,2.0,0.0,1202.0
MIX,2022-02-24,included,,"[""2022-01-27"", ""2022-01-28"", ""2022-01-31"", ""2022-02-01"", ""2022-02-02"", ""2022-02-03"", ""2022-02-04"", ""2022-02-07"", ""2022-02-08"", ""2022-02-09"", ""2022-02-10"", ""2022-02-11"", ""2022-02-14"", ""2022-02-15"", ""2022-02-16"", ""2022-02-17"", ""2022-02-18"", ""2022-02-21"", ""2022-02-22"", ""2022-02-23""]",25200000000000,85793001000000,0,6.0,0.0,1200.0
MIX,2022-02-25,excluded,Текущая сессия не охватывает 10:00–18:45,"[""2022-01-28"", ""2022-01-31"", ""2022-02-01"", ""2022-02-02"", ""2022-02-03"", ""2022-02-04"", ""2022-02-07"", ""2022-02-08"", ""2022-02-09"", ""2022-02-10"", ""2022-02-11"", ""2022-02-14"", ""2022-02-15"", ""2022-02-16"", ""2022-02-17"", ""2022-02-18"", ""2022-02-21"", ""2022-02-22"", ""2022-02-23"", ""2022-02-24""]",36001000000000,85796004000000,0,,,
MIX,2022-03-24,excluded,Текущая сессия не охватывает 10:00–18:45,"[""2022-01-31"", ""2022-02-01"", ""2022-02-02"", ""2022-02-03"", ""2022-02-04"", ""2022-02-07"", ""2022-02-08"", ""2022-02-09"", ""2022-02-10"", ""2022-02-11"", ""2022-02-14"", ""2022-02-15"", ""2022-02-16"", ""2022-02-17"", ""2022-02-18"", ""2022-02-21"", ""2022-02-22"", ""2022-02-23"", ""2022-02-24"", ""2022-02-25""]",36031000000000,50167000000000,1,,,
MIX,2022-03-25,excluded,Текущая сессия не охватывает 10:00–18:45,"[""2022-02-01"", ""2022-02-02"", ""2022-02-03"", ""2022-02-04"", ""2022-02-07"", ""2022-02-08"", ""2022-02-09"", ""2022-02-10"", ""2022-02-11"", ""2022-02-14"", ""2022-02-15"", ""2022-02-16"", ""2022-02-17"", ""2022-02-18"", ""2022-02-21"", ""2022-02-22"", ""2022-02-23"", ""2022-02-24"", ""2022-02-25"", ""2022-03-24""]",36002000000000,50332000000000,1,,,
MIX,2022-03-28,excluded,Текущая сессия не охватывает 10:00–18:45,"[""2022-02-02"", ""2022-02-03"", ""2022-02-04"", ""2022-02-07"", ""2022-02-08"", ""2022-02-09"", ""2022-02-10"", ""2022-02-11"", ""2022-02-14"", ""2022-02-15"", ""2022-02-16"", ""2022-02-17"", ""2022-02-18"", ""2022-02-21"", ""2022-02-22"", ""2022-02-23"", ""2022-02-24"", ""2022-02-25"", ""2022-03-24"", ""2022-03-25""]",36042000000000,50385008000000,1,,,
MIX,2022-03-29,excluded,Текущая сессия не охватывает 10:00–18:45,"[""2022-02-03"", ""2022-02-04"", ""2022-02-07"", ""2022-02-08"", ""2022-02-09"", ""2022-02-10"", ""2022-02-11"", ""2022-02-14"", ""2022-02-15"", ""2022-02-16"", ""2022-02-17"", ""2022-02-18"", ""2022-02-21"", ""2022-02-22"", ""2022-02-23"", ""2022-02-24"", ""2022-02-25"", ""2022-03-24"", ""2022-03-25"", ""2022-03-28""]",36002000000000,67416000000000,1,,,
MIX,2022-03-30,excluded,Текущая сессия не охватывает 10:00–18:45,"[""2022-02-04"", ""2022-02-07"", ""2022-02-08"", ""2022-02-09"", ""2022-02-10"", ""2022-02-11"", ""2022-02-14"", ""2022-02-15"", ""2022-02-16"", ""2022-02-17"", ""2022-02-18"", ""2022-02-21"", ""2022-02-22"", ""2022-02-23"", ""2022-02-24"", ""2022-02-25"", ""2022-03-24"", ""2022-03-25"", ""2022-03-28"", ""2022-03-29""]",36001000000000,67499000000000,1,,,
MIX,2022-03-31,excluded,Текущая сессия не охватывает 10:00–18:45,"[""2022-02-07"", ""2022-02-08"", ""2022-02-09"", ""2022-02-10"", ""2022-02-11"", ""2022-02-14"", ""2022-02-15"", ""2022-02-16"", ""2022-02-17"", ""2022-02-18"", ""2022-02-21"", ""2022-02-22"", ""2022-02-23"", ""2022-02-24"", ""2022-02-25"", ""2022-03-24"", ""2022-03-25"", ""2022-03-28"", ""2022-03-29"", ""2022-03-30""]",36000000000000,67497000000000,1,,,
MIX,2022-04-01,excluded,Текущая сессия не охватывает 10:00–18:45,"[""2022-02-08"", ""2022-02-09"", ""2022-02-10"", ""2022-02-11"", ""2022-02-14"", ""2022-02-15"", ""2022-02-16"", ""2022-02-17"", ""2022-02-18"", ""2022-02-21"", ""2022-02-22"", ""2022-02-23"", ""2022-02-24"", ""2022-02-25"", ""2022-03-24"", ""2022-03-25"", ""2022-03-28"", ""2022-03-29"", ""2022-03-30"", ""2022-03-31""]",36000000000000,67477000000000,1,,,
MIX,2022-04-04,excluded,Текущая сессия не охватывает 10:00–18:45,"[""2022-02-09"", ""2022-02-10"", ""2022-02-11"", ""2022-02-14"", ""2022-02-15"", ""2022-02-16"", ""2022-02-17"", ""2022-02-18"", ""2022-02-21"", ""2022-02-22"", ""2022-02-23"", ""2022-02-24"", ""2022-02-25"", ""2022-03-24"", ""2022-03-25"", ""2022-03-28"", ""2022-03-29"", ""2022-03-30"", ""2022-03-31"", ""2022-04-01""]",36003000000000,67495000000000,1,,,
MIX,2022-04-05,excluded,Текущая сессия не охватывает 10:00–18:45,"[""2022-02-10"", ""2022-02-11"", ""2022-02-14"", ""2022-02-15"", ""2022-02-16"", ""2022-02-17"", ""2022-02-18"", ""2022-02-21"", ""2022-02-22"", ""2022-02-23"", ""2022-02-24"", ""2022-02-25"", ""2022-03-24"", ""2022-03-25"", ""2022-03-28"", ""2022-03-29"", ""2022-03-30"", ""2022-03-31"", ""2022-04-01"", ""2022-04-04""]",36002000000000,67496003000000,1,,,
MIX,2022-04-06,excluded,Текущая сессия не охватывает 10:00–18:45,"[""2022-02-11"", ""2022-02-14"", ""2022-02-15"", ""2022-02-16"", ""2022-02-17"", ""2022-02-18"", ""2022-02-21"", ""2022-02-22"", ""2022-02-23"", ""2022-02-24"", ""2022-02-25"", ""2022-03-24"", ""2022-03-25"", ""2022-03-28"", ""2022-03-29"", ""2022-03-30"", ""2022-03-31"", ""2022-04-01"", ""2022-04-04"", ""2022-04-05""]",36000000000000,67495000000000,1,,,
MIX,2022-04-07,excluded,Текущая сессия не охватывает 10:00–18:45,"[""2022-02-14"", ""2022-02-15"", ""2022-02-16"", ""2022-02-17"", ""2022-02-18"", ""2022-02-21"", ""2022-02-22"", ""2022-02-23"", ""2022-02-24"", ""2022-02-25"", ""2022-03-24"", ""2022-03-25"", ""2022-03-28"", ""2022-03-29"", ""2022-03-30"", ""2022-03-31"", ""2022-04-01"", ""2022-04-04"", ""2022-04-05"", ""2022-04-06""]",36001000000000,67495000000000,1,,,
MIX,2022-04-08,excluded,Текущая сессия не охватывает 10:00–18:45,"[""2022-02-15"", ""2022-02-16"", ""2022-02-17"", ""2022-02-18"", ""2022-02-21"", ""2022-02-22"", ""2022-02-23"", ""2022-02-24"", ""2022-02-25"", ""2022-03-24"", ""2022-03-25"", ""2022-03-28"", ""2022-03-29"", ""2022-03-30"", ""2022-03-31"", ""2022-04-01"", ""2022-04-04"", ""2022-04-05"", ""2022-04-06"", ""2022-04-07""]",36003000000000,67497000000000,1,,,
MIX,2022-04-11,excluded,Текущая сессия не охватывает 10:00–18:45,"[""2022-02-16"", ""2022-02-17"", ""2022-02-18"", ""2022-02-21"", ""2022-02-22"", ""2022-02-23"", ""2022-02-24"", ""2022-02-25"", ""2022-03-24"", ""2022-03-25"", ""2022-03-28"", ""2022-03-29"", ""2022-03-30"", ""2022-03-31"", ""2022-04-01"", ""2022-04-04"", ""2022-04-05"", ""2022-04-06"", ""2022-04-07"", ""2022-04-08""]",36000000000000,67495002000000,1,,,
MIX,2022-04-12,excluded,Текущая сессия не охватывает 10:00–18:45,"[""2022-02-17"", ""2022-02-18"", ""2022-02-21"", ""2022-02-22"", ""2022-02-23"", ""2022-02-24"", ""2022-02-25"", ""2022-03-24"", ""2022-03-25"", ""2022-03-28"", ""2022-03-29"", ""2022-03-30"", ""2022-03-31"", ""2022-04-01"", ""2022-04-04"", ""2022-04-05"", ""2022-04-06"", ""2022-04-07"", ""2022-04-08"", ""2022-04-11""]",36000000000000,67496000000000,1,,,
MIX,2022-04-13,excluded,Текущая сессия не охватывает 10:00–18:45,"[""2022-02-18"", ""2022-02-21"", ""2022-02-22"", ""2022-02-23"", ""2022-02-24"", ""2022-02-25"", ""2022-03-24"", ""2022-03-25"", ""2022-03-28"", ""2022-03-29"", ""2022-03-30"", ""2022-03-31"", ""2022-04-01"", ""2022-04-04"", ""2022-04-05"", ""2022-04-06"", ""2022-04-07"", ""2022-04-08"", ""2022-04-11"", ""2022-04-12""]",36003000000000,67494000000000,1,,,
MIX,2022-04-14,excluded,Текущая сессия не охватывает 10:00–18:45,"[""2022-02-21"", ""2022-02-22"", ""2022-02-23"", ""2022-02-24"", ""2022-02-25"", ""2022-03-24"", ""2022-03-25"", ""2022-03-28"", ""2022-03-29"", ""2022-03-30"", ""2022-03-31"", ""2022-04-01"", ""2022-04-04"", ""2022-04-05"", ""2022-04-06"", ""2022-04-07"", ""2022-04-08"", ""2022-04-11"", ""2022-04-12"", ""2022-04-13""]",36001000000000,67498006000000,1,,,
MIX,2022-04-15,excluded,Текущая сессия не охватывает 10:00–18:45,"[""2022-02-22"", ""2022-02-23"", ""2022-02-24"", ""2022-02-25"", ""2022-03-24"", ""2022-03-25"", ""2022-03-28"", ""2022-03-29"", ""2022-03-30"", ""2022-03-31"", ""2022-04-01"", ""2022-04-04"", ""2022-04-05"", ""2022-04-06"", ""2022-04-07"", ""2022-04-08"", ""2022-04-11"", ""2022-04-12"", ""2022-04-13"", ""2022-04-14""]",36006000000000,67483000000000,1,,,
MIX,2022-04-18,excluded,Текущая сессия не охватывает 10:00–18:45,"[""2022-02-23"", ""2022-02-24"", ""2022-02-25"", ""2022-03-24"", ""2022-03-25"", ""2022-03-28"", ""2022-03-29"", ""2022-03-30"", ""2022-03-31"", ""2022-04-01"", ""2022-04-04"", ""2022-04-05"", ""2022-04-06"", ""2022-04-07"", ""2022-04-08"", ""2022-04-11"", ""2022-04-12"", ""2022-04-13"", ""2022-04-14"", ""2022-04-15""]",36000000000000,67498000000000,1,,,
MIX,2022-04-19,excluded,Текущая сессия не охватывает 10:00–18:45,"[""2022-02-24"", ""2022-02-25"", ""2022-03-24"", ""2022-03-25"", ""2022-03-28"", ""2022-03-29"", ""2022-03-30"", ""2022-03-31"", ""2022-04-01"", ""2022-04-04"", ""2022-04-05"", ""2022-04-06"", ""2022-04-07"", ""2022-04-08"", ""2022-04-11"", ""2022-04-12"", ""2022-04-13"", ""2022-04-14"", ""2022-04-15"", ""2022-04-18""]",36001000000000,67495001000000,1,,,
MIX,2022-04-20,excluded,Текущая сессия не охватывает 10:00–18:45,"[""2022-02-25"", ""2022-03-24"", ""2022-03-25"", ""2022-03-28"", ""2022-03-29"", ""2022-03-30"", ""2022-03-31"", ""2022-04-01"", ""2022-04-04"", ""2022-04-05"", ""2022-04-06"", ""2022-04-07"", ""2022-04-08"", ""2022-04-11"", ""2022-04-12"", ""2022-04-13"", ""2022-04-14"", ""2022-04-15"", ""2022-04-18"", ""2022-04-19""]",36000000000000,67483000000000,1,,,
MIX,2022-04-21,excluded,Текущая сессия не охватывает 10:00–18:45,"[""2022-03-24"", ""2022-03-25"", ""2022-03-28"", ""2022-03-29"", ""2022-03-30"", ""2022-03-31"", ""2022-04-01"", ""2022-04-04"", ""2022-04-05"", ""2022-04-06"", ""2022-04-07"", ""2022-04-08"", ""2022-04-11"", ""2022-04-12"", ""2022-04-13"", ""2022-04-14"", ""2022-04-15"", ""2022-04-18"", ""2022-04-19"", ""2022-04-20""]",36000000000000,67499000000000,1,,,
MIX,2022-04-22,excluded,Текущая сессия не охватывает 10:00–18:45,"[""2022-03-25"", ""2022-03-28"", ""2022-03-29"", ""2022-03-30"", ""2022-03-31"", ""2022-04-01"", ""2022-04-04"", ""2022-04-05"", ""2022-04-06"", ""2022-04-07"", ""2022-04-08"", ""2022-04-11"", ""2022-04-12"", ""2022-04-13"", ""2022-04-14"", ""2022-04-15"", ""2022-04-18"", ""2022-04-19"", ""2022-04-20"", ""2022-04-21""]",36000000000000,67497000000000,1,,,
MIX,2022-04-25,excluded,Текущая сессия не охватывает 10:00–18:45,"[""2022-03-28"", ""2022-03-29"", ""2022-03-30"", ""2022-03-31"", ""2022-04-01"", ""2022-04-04"", ""2022-04-05"", ""2022-04-06"", ""2022-04-07"", ""2022-04-08"", ""2022-04-11"", ""2022-04-12"", ""2022-04-13"", ""2022-04-14"", ""2022-04-15"", ""2022-04-18"", ""2022-04-19"", ""2022-04-20"", ""2022-04-21"", ""2022-04-22""]",36000000000000,67495003000000,1,,,
MIX,2022-04-26,excluded,Текущая сессия не охватывает 10:00–18:45,"[""2022-03-29"", ""2022-03-30"", ""2022-03-31"", ""2022-04-01"", ""2022-04-04"", ""2022-04-05"", ""2022-04-06"", ""2022-04-07"", ""2022-04-08"", ""2022-04-11"", ""2022-04-12"", ""2022-04-13"", ""2022-04-14"", ""2022-04-15"", ""2022-04-18"", ""2022-04-19"", ""2022-04-20"", ""2022-04-21"", ""2022-04-22"", ""2022-04-25""]",36000000000000,67495001000000,1,,,
MIX,2022-04-27,excluded,Текущая сессия не охватывает 10:00–18:45,"[""2022-03-30"", ""2022-03-31"", ""2022-04-01"", ""2022-04-04"", ""2022-04-05"", ""2022-04-06"", ""2022-04-07"", ""2022-04-08"", ""2022-04-11"", ""2022-04-12"", ""2022-04-13"", ""2022-04-14"", ""2022-04-15"", ""2022-04-18"", ""2022-04-19"", ""2022-04-20"", ""2022-04-21"", ""2022-04-22"", ""2022-04-25"", ""2022-04-26""]",36001000000000,67495001000000,1,,,
MIX,2022-04-28,excluded,Текущая сессия не охватывает 10:00–18:45,"[""2022-03-31"", ""2022-04-01"", ""2022-04-04"", ""2022-04-05"", ""2022-04-06"", ""2022-04-07"", ""2022-04-08"", ""2022-04-11"", ""2022-04-12"", ""2022-04-13"", ""2022-04-14"", ""2022-04-15"", ""2022-04-18"", ""2022-04-19"", ""2022-04-20"", ""2022-04-21"", ""2022-04-22"", ""2022-04-25"", ""2022-04-26"", ""2022-04-27""]",36000000000000,67495002000000,1,,,
MIX,2022-04-29,excluded,Текущая сессия не охватывает 10:00–18:45,"[""2022-04-01"", ""2022-04-04"", ""2022-04-05"", ""2022-04-06"", ""2022-04-07"", ""2022-04-08"", ""2022-04-11"", ""2022-04-12"", ""2022-04-13"", ""2022-04-14"", ""2022-04-15"", ""2022-04-18"", ""2022-04-19"", ""2022-04-20"", ""2022-04-21"", ""2022-04-22"", ""2022-04-25"", ""2022-04-26"", ""2022-04-27"", ""2022-04-28""]",36000000000000,67497000000000,1,,,
MIX,2022-05-04,excluded,Текущая сессия не охватывает 10:00–18:45,"[""2022-04-04"", ""2022-04-05"", ""2022-04-06"", ""2022-04-07"", ""2022-04-08"", ""2022-04-11"", ""2022-04-12"", ""2022-04-13"", ""2022-04-14"", ""2022-04-15"", ""2022-04-18"", ""2022-04-19"", ""2022-04-20"", ""2022-04-21"", ""2022-04-22"", ""2022-04-25"", ""2022-04-26"", ""2022-04-27"", ""2022-04-28"", ""2022-04-29""]",36000000000000,67497000000000,1,,,
MIX,2022-05-05,excluded,Текущая сессия не охватывает 10:00–18:45,"[""2022-04-05"", ""2022-04-06"", ""2022-04-07"", ""2022-04-08"", ""2022-04-11"", ""2022-04-12"", ""2022-04-13"", ""2022-04-14"", ""2022-04-15"", ""2022-04-18"", ""2022-04-19"", ""2022-04-20"", ""2022-04-21"", ""2022-04-22"", ""2022-04-25"", ""2022-04-26"", ""2022-04-27"", ""2022-04-28"", ""2022-04-29"", ""2022-05-04""]",36000000000000,67496001000000,1,,,
MIX,2022-05-06,excluded,Текущая сессия не охватывает 10:00–18:45,"[""2022-04-06"", ""2022-04-07"", ""2022-04-08"", ""2022-04-11"", ""2022-04-12"", ""2022-04-13"", ""2022-04-14"", ""2022-04-15"", ""2022-04-18"", ""2022-04-19"", ""2022-04-20"", ""2022-04-21"", ""2022-04-22"", ""2022-04-25"", ""2022-04-26"", ""2022-04-27"", ""2022-04-28"", ""2022-04-29"", ""2022-05-04"", ""2022-05-05""]",36004000000000,67495000000000,1,,,
MIX,2022-05-11,excluded,Текущая сессия не охватывает 10:00–18:45,"[""2022-04-07"", ""2022-04-08"", ""2022-04-11"", ""2022-04-12"", ""2022-04-13"", ""2022-04-14"", ""2022-04-15"", ""2022-04-18"", ""2022-04-19"", ""2022-04-20"", ""2022-04-21"", ""2022-04-22"", ""2022-04-25"", ""2022-04-26"", ""2022-04-27"", ""2022-04-28"", ""2022-04-29"", ""2022-05-04"", ""2022-05-05"", ""2022-05-06""]",36000000000000,67495000000000,1,,,
MIX,2022-05-12,excluded,Текущая сессия не охватывает 10:00–18:45,"[""2022-04-08"", ""2022-04-11"", ""2022-04-12"", ""2022-04-13"", ""2022-04-14"", ""2022-04-15"", ""2022-04-18"", ""2022-04-19"", ""2022-04-20"", ""2022-04-21"", ""2022-04-22"", ""2022-04-25"", ""2022-04-26"", ""2022-04-27"", ""2022-04-28"", ""2022-04-29"", ""2022-05-04"", ""2022-05-05"", ""2022-05-06"", ""2022-05-11""]",36000000000000,67495000000000,1,,,
MIX,2022-05-13,excluded,Текущая сессия не охватывает 10:00–18:45,"[""2022-04-11"", ""2022-04-12"", ""2022-04-13"", ""2022-04-14"", ""2022-04-15"", ""2022-04-18"", ""2022-04-19"", ""2022-04-20"", ""2022-04-21"", ""2022-04-22"", ""2022-04-25"", ""2022-04-26"", ""2022-04-27"", ""2022-04-28"", ""2022-04-29"", ""2022-05-04"", ""2022-05-05"", ""2022-05-06"", ""2022-05-11"", ""2022-05-12""]",36002000000000,67498000000000,1,,,
MIX,2022-05-16,excluded,Текущая сессия не охватывает 10:00–18:45,"[""2022-04-12"", ""2022-04-13"", ""2022-04-14"", ""2022-04-15"", ""2022-04-18"", ""2022-04-19"", ""2022-04-20"", ""2022-04-21"", ""2022-04-22"", ""2022-04-25"", ""2022-04-26"", ""2022-04-27"", ""2022-04-28"", ""2022-04-29"", ""2022-05-04"", ""2022-05-05"", ""2022-05-06"", ""2022-05-11"", ""2022-05-12"", ""2022-05-13""]",36000000000000,67495000000000,1,,,
MIX,2022-05-17,excluded,Текущая сессия не охватывает 10:00–18:45,"[""2022-04-13"", ""2022-04-14"", ""2022-04-15"", ""2022-04-18"", ""2022-04-19"", ""2022-04-20"", ""2022-04-21"", ""2022-04-22"", ""2022-04-25"", ""2022-04-26"", ""2022-04-27"", ""2022-04-28"", ""2022-04-29"", ""2022-05-04"", ""2022-05-05"", ""2022-05-06"", ""2022-05-11"", ""2022-05-12"", ""2022-05-13"", ""2022-05-16""]",36000000000000,67495000000000,1,,,
MIX,2022-05-18,excluded,Текущая сессия не охватывает 10:00–18:45,"[""2022-04-14"", ""2022-04-15"", ""2022-04-18"", ""2022-04-19"", ""2022-04-20"", ""2022-04-21"", ""2022-04-22"", ""2022-04-25"", ""2022-04-26"", ""2022-04-27"", ""2022-04-28"", ""2022-04-29"", ""2022-05-04"", ""2022-05-05"", ""2022-05-06"", ""2022-05-11"", ""2022-05-12"", ""2022-05-13"", ""2022-05-16"", ""2022-05-17""]",36000000000000,67482000000000,1,,,
MIX,2022-05-19,excluded,Текущая сессия не охватывает 10:00–18:45,"[""2022-04-15"", ""2022-04-18"", ""2022-04-19"", ""2022-04-20"", ""2022-04-21"", ""2022-04-22"", ""2022-04-25"", ""2022-04-26"", ""2022-04-27"", ""2022-04-28"", ""2022-04-29"", ""2022-05-04"", ""2022-05-05"", ""2022-05-06"", ""2022-05-11"", ""2022-05-12"", ""2022-05-13"", ""2022-05-16"", ""2022-05-17"", ""2022-05-18""]",36000000000000,67495001000000,1,,,
MIX,2022-05-20,excluded,Текущая сессия не охватывает 10:00–18:45,"[""2022-04-18"", ""2022-04-19"", ""2022-04-20"", ""2022-04-21"", ""2022-04-22"", ""2022-04-25"", ""2022-04-26"", ""2022-04-27"", ""2022-04-28"", ""2022-04-29"", ""2022-05-04"", ""2022-05-05"", ""2022-05-06"", ""2022-05-11"", ""2022-05-12"", ""2022-05-13"", ""2022-05-16"", ""2022-05-17"", ""2022-05-18"", ""2022-05-19""]",36000000000000,67496001000000,1,,,
MIX,2022-05-23,excluded,Текущая сессия не охватывает 10:00–18:45,"[""2022-04-19"", ""2022-04-20"", ""2022-04-21"", ""2022-04-22"", ""2022-04-25"", ""2022-04-26"", ""2022-04-27"", ""2022-04-28"", ""2022-04-29"", ""2022-05-04"", ""2022-05-05"", ""2022-05-06"", ""2022-05-11"", ""2022-05-12"", ""2022-05-13"", ""2022-05-16"", ""2022-05-17"", ""2022-05-18"", ""2022-05-19"", ""2022-05-20""]",36000000000000,67499002000000,1,,,
MIX,2022-05-24,excluded,Текущая сессия не охватывает 10:00–18:45,"[""2022-04-20"", ""2022-04-21"", ""2022-04-22"", ""2022-04-25"", ""2022-04-26"", ""2022-04-27"", ""2022-04-28"", ""2022-04-29"", ""2022-05-04"", ""2022-05-05"", ""2022-05-06"", ""2022-05-11"", ""2022-05-12"", ""2022-05-13"", ""2022-05-16"", ""2022-05-17"", ""2022-05-18"", ""2022-05-19"", ""2022-05-20"", ""2022-05-23""]",36000000000000,67497000000000,1,,,
MIX,2022-05-25,excluded,Текущая сессия не охватывает 10:00–18:45,"[""2022-04-21"", ""2022-04-22"", ""2022-04-25"", ""2022-04-26"", ""2022-04-27"", ""2022-04-28"", ""2022-04-29"", ""2022-05-04"", ""2022-05-05"", ""2022-05-06"", ""2022-05-11"", ""2022-05-12"", ""2022-05-13"", ""2022-05-16"", ""2022-05-17"", ""2022-05-18"", ""2022-05-19"", ""2022-05-20"", ""2022-05-23"", ""2022-05-24""]",36000000000000,67496000000000,1,,,
MIX,2022-05-26,excluded,Текущая сессия не охватывает 10:00–18:45,"[""2022-04-22"", ""2022-04-25"", ""2022-04-26"", ""2022-04-27"", ""2022-04-28"", ""2022-04-29"", ""2022-05-04"", ""2022-05-05"", ""2022-05-06"", ""2022-05-11"", ""2022-05-12"", ""2022-05-13"", ""2022-05-16"", ""2022-05-17"", ""2022-05-18"", ""2022-05-19"", ""2022-05-20"", ""2022-05-23"", ""2022-05-24"", ""2022-05-25""]",36000000000000,67498000000000,1,,,
MIX,2022-05-27,excluded,Текущая сессия не охватывает 10:00–18:45,"[""2022-04-25"", ""2022-04-26"", ""2022-04-27"", ""2022-04-28"", ""2022-04-29"", ""2022-05-04"", ""2022-05-05"", ""2022-05-06"", ""2022-05-11"", ""2022-05-12"", ""2022-05-13"", ""2022-05-16"", ""2022-05-17"", ""2022-05-18"", ""2022-05-19"", ""2022-05-20"", ""2022-05-23"", ""2022-05-24"", ""2022-05-25"", ""2022-05-26""]",36000000000000,67499000000000,1,,,
MIX,2022-05-30,excluded,Не все 20 прошлых сессий охватывают 10:00–18:45,"[""2022-04-26"", ""2022-04-27"", ""2022-04-28"", ""2022-04-29"", ""2022-05-04"", ""2022-05-05"", ""2022-05-06"", ""2022-05-11"", ""2022-05-12"", ""2022-05-13"", ""2022-05-16"", ""2022-05-17"", ""2022-05-18"", ""2022-05-19"", ""2022-05-20"", ""2022-05-23"", ""2022-05-24"", ""2022-05-25"", ""2022-05-26"", ""2022-05-27""]",36000000000000,67796000000000,1,,,
MIX,2022-05-31,excluded,Не все 20 прошлых сессий охватывают 10:00–18:45,"[""2022-04-27"", ""2022-04-28"", ""2022-04-29"", ""2022-05-04"", ""2022-05-05"", ""2022-05-06"", ""2022-05-11"", ""2022-05-12"", ""2022-05-13"", ""2022-05-16"", ""2022-05-17"", ""2022-05-18"", ""2022-05-19"", ""2022-05-20"", ""2022-05-23"", ""2022-05-24"", ""2022-05-25"", ""2022-05-26"", ""2022-05-27"", ""2022-05-30""]",36000000000000,67796001000000,1,,,
MIX,2022-06-01,excluded,Текущая сессия не охватывает 10:00–18:45,"[""2022-04-28"", ""2022-04-29"", ""2022-05-04"", ""2022-05-05"", ""2022-05-06"", ""2022-05-11"", ""2022-05-12"", ""2022-05-13"", ""2022-05-16"", ""2022-05-17"", ""2022-05-18"", ""2022-05-19"", ""2022-05-20"", ""2022-05-23"", ""2022-05-24"", ""2022-05-25"", ""2022-05-26"", ""2022-05-27"", ""2022-05-30"", ""2022-05-31""]",36001000000000,67791000000000,1,,,
MIX,2022-06-02,excluded,Не все 20 прошлых сессий охватывают 10:00–18:45,"[""2022-04-29"", ""2022-05-04"", ""2022-05-05"", ""2022-05-06"", ""2022-05-11"", ""2022-05-12"", ""2022-05-13"", ""2022-05-16"", ""2022-05-17"", ""2022-05-18"", ""2022-05-19"", ""2022-05-20"", ""2022-05-23"", ""2022-05-24"", ""2022-05-25"", ""2022-05-26"", ""2022-05-27"", ""2022-05-30"", ""2022-05-31"", ""2022-06-01""]",36000000000000,67798000000000,1,,,
MIX,2022-06-03,excluded,Текущая сессия не охватывает 10:00–18:45,"[""2022-05-04"", ""2022-05-05"", ""2022-05-06"", ""2022-05-11"", ""2022-05-12"", ""2022-05-13"", ""2022-05-16"", ""2022-05-17"", ""2022-05-18"", ""2022-05-19"", ""2022-05-20"", ""2022-05-23"", ""2022-05-24"", ""2022-05-25"", ""2022-05-26"", ""2022-05-27"", ""2022-05-30"", ""2022-05-31"", ""2022-06-01"", ""2022-06-02""]",36001000000000,67772000000000,1,,,
MIX,2022-06-06,excluded,Не все 20 прошлых сессий охватывают 10:00–18:45,"[""2022-05-05"", ""2022-05-06"", ""2022-05-11"", ""2022-05-12"", ""2022-05-13"", ""2022-05-16"", ""2022-05-17"", ""2022-05-18"", ""2022-05-19"", ""2022-05-20"", ""2022-05-23"", ""2022-05-24"", ""2022-05-25"", ""2022-05-26"", ""2022-05-27"", ""2022-05-30"", ""2022-05-31"", ""2022-06-01"", ""2022-06-02"", ""2022-06-03""]",36000000000000,67795003000000,1,,,
MIX,2022-06-07,excluded,Текущая сессия не охватывает 10:00–18:45,"[""2022-05-06"", ""2022-05-11"", ""2022-05-12"", ""2022-05-13"", ""2022-05-16"", ""2022-05-17"", ""2022-05-18"", ""2022-05-19"", ""2022-05-20"", ""2022-05-23"", ""2022-05-24"", ""2022-05-25"", ""2022-05-26"", ""2022-05-27"", ""2022-05-30"", ""2022-05-31"", ""2022-06-01"", ""2022-06-02"", ""2022-06-03"", ""2022-06-06""]",36001000000000,67777000000000,1,,,
MIX,2022-06-08,excluded,Не все 20 прошлых сессий охватывают 10:00–18:45,"[""2022-05-11"", ""2022-05-12"", ""2022-05-13"", ""2022-05-16"", ""2022-05-17"", ""2022-05-18"", ""2022-05-19"", ""2022-05-20"", ""2022-05-23"", ""2022-05-24"", ""2022-05-25"", ""2022-05-26"", ""2022-05-27"", ""2022-05-30"", ""2022-05-31"", ""2022-06-01"", ""2022-06-02"", ""2022-06-03"", ""2022-06-06"", ""2022-06-07""]",36000000000000,67797000000000,1,,,
MIX,2022-06-09,excluded,Не все 20 прошлых сессий охватывают 10:00–18:45,"[""2022-05-12"", ""2022-05-13"", ""2022-05-16"", ""2022-05-17"", ""2022-05-18"", ""2022-05-19"", ""2022-05-20"", ""2022-05-23"", ""2022-05-24"", ""2022-05-25"", ""2022-05-26"", ""2022-05-27"", ""2022-05-30"", ""2022-05-31"", ""2022-06-01"", ""2022-06-02"", ""2022-06-03"", ""2022-06-06"", ""2022-06-07"", ""2022-06-08""]",36000000000000,67797002000000,1,,,
MIX,2022-06-10,excluded,Не все 20 прошлых сессий охватывают 10:00–18:45,"[""2022-05-13"", ""2022-05-16"", ""2022-05-17"", ""2022-05-18"", ""2022-05-19"", ""2022-05-20"", ""2022-05-23"", ""2022-05-24"", ""2022-05-25"", ""2022-05-26"", ""2022-05-27"", ""2022-05-30"", ""2022-05-31"", ""2022-06-01"", ""2022-06-02"", ""2022-06-03"", ""2022-06-06"", ""2022-06-07"", ""2022-06-08"", ""2022-06-09""]",36000000000000,67793000000000,1,,,
MIX,2022-06-14,excluded,Не все 20 прошлых сессий охватывают 10:00–18:45,"[""2022-05-16"", ""2022-05-17"", ""2022-05-18"", ""2022-05-19"", ""2022-05-20"", ""2022-05-23"", ""2022-05-24"", ""2022-05-25"", ""2022-05-26"", ""2022-05-27"", ""2022-05-30"", ""2022-05-31"", ""2022-06-01"", ""2022-06-02"", ""2022-06-03"", ""2022-06-06"", ""2022-06-07"", ""2022-06-08"", ""2022-06-09"", ""2022-06-10""]",36000000000000,67795002000000,1,,,
MIX,2022-06-15,excluded,Текущая сессия не охватывает 10:00–18:45,"[""2022-05-17"", ""2022-05-18"", ""2022-05-19"", ""2022-05-20"", ""2022-05-23"", ""2022-05-24"", ""2022-05-25"", ""2022-05-26"", ""2022-05-27"", ""2022-05-30"", ""2022-05-31"", ""2022-06-01"", ""2022-06-02"", ""2022-06-03"", ""2022-06-06"", ""2022-06-07"", ""2022-06-08"", ""2022-06-09"", ""2022-06-10"", ""2022-06-14""]",36002000000000,67771000000000,1,,,
MIX,2022-06-16,excluded,Текущая сессия не охватывает 10:00–18:45,"[""2022-05-18"", ""2022-05-19"", ""2022-05-20"", ""2022-05-23"", ""2022-05-24"", ""2022-05-25"", ""2022-05-26"", ""2022-05-27"", ""2022-05-30"", ""2022-05-31"", ""2022-06-01"", ""2022-06-02"", ""2022-06-03"", ""2022-06-06"", ""2022-06-07"", ""2022-06-08"", ""2022-06-09"", ""2022-06-10"", ""2022-06-14"", ""2022-06-15""]",36003000000000,67770000000000,1,,,
MIX,2022-06-17,excluded,Не все 20 прошлых сессий охватывают 10:00–18:45,"[""2022-05-19"", ""2022-05-20"", ""2022-05-23"", ""2022-05-24"", ""2022-05-25"", ""2022-05-26"", ""2022-05-27"", ""2022-05-30"", ""2022-05-31"", ""2022-06-01"", ""2022-06-02"", ""2022-06-03"", ""2022-06-06"", ""2022-06-07"", ""2022-06-08"", ""2022-06-09"", ""2022-06-10"", ""2022-06-14"", ""2022-06-15"", ""2022-06-16""]",36000000000000,67795000000000,1,,,
MIX,2022-06-20,excluded,Текущая сессия не охватывает 10:00–18:45,"[""2022-05-20"", ""2022-05-23"", ""2022-05-24"", ""2022-05-25"", ""2022-05-26"", ""2022-05-27"", ""2022-05-30"", ""2022-05-31"", ""2022-06-01"", ""2022-06-02"", ""2022-06-03"", ""2022-06-06"", ""2022-06-07"", ""2022-06-08"", ""2022-06-09"", ""2022-06-10"", ""2022-06-14"", ""2022-06-15"", ""2022-06-16"", ""2022-06-17""]",36004000000000,67799000000000,1,,,
MIX,2022-06-21,excluded,Текущая сессия не охватывает 10:00–18:45,"[""2022-05-23"", ""2022-05-24"", ""2022-05-25"", ""2022-05-26"", ""2022-05-27"", ""2022-05-30"", ""2022-05-31"", ""2022-06-01"", ""2022-06-02"", ""2022-06-03"", ""2022-06-06"", ""2022-06-07"", ""2022-06-08"", ""2022-06-09"", ""2022-06-10"", ""2022-06-14"", ""2022-06-15"", ""2022-06-16"", ""2022-06-17"", ""2022-06-20""]",36003000000000,67792000000000,1,,,
MIX,2022-06-22,excluded,Текущая сессия не охватывает 10:00–18:45,"[""2022-05-24"", ""2022-05-25"", ""2022-05-26"", ""2022-05-27"", ""2022-05-30"", ""2022-05-31"", ""2022-06-01"", ""2022-06-02"", ""2022-06-03"", ""2022-06-06"", ""2022-06-07"", ""2022-06-08"", ""2022-06-09"", ""2022-06-10"", ""2022-06-14"", ""2022-06-15"", ""2022-06-16"", ""2022-06-17"", ""2022-06-20"", ""2022-06-21""]",36001000000000,67795000000000,1,,,
MIX,2022-06-23,excluded,Текущая сессия не охватывает 10:00–18:45,"[""2022-05-25"", ""2022-05-26"", ""2022-05-27"", ""2022-05-30"", ""2022-05-31"", ""2022-06-01"", ""2022-06-02"", ""2022-06-03"", ""2022-06-06"", ""2022-06-07"", ""2022-06-08"", ""2022-06-09"", ""2022-06-10"", ""2022-06-14"", ""2022-06-15"", ""2022-06-16"", ""2022-06-17"", ""2022-06-20"", ""2022-06-21"", ""2022-06-22""]",36003000000000,67795000000000,1,,,
MIX,2022-06-24,excluded,Не все 20 прошлых сессий охватывают 10:00–18:45,"[""2022-05-26"", ""2022-05-27"", ""2022-05-30"", ""2022-05-31"", ""2022-06-01"", ""2022-06-02"", ""2022-06-03"", ""2022-06-06"", ""2022-06-07"", ""2022-06-08"", ""2022-06-09"", ""2022-06-10"", ""2022-06-14"", ""2022-06-15"", ""2022-06-16"", ""2022-06-17"", ""2022-06-20"", ""2022-06-21"", ""2022-06-22"", ""2022-06-23""]",36000000000000,67799003000000,1,,,
MIX,2022-06-27,excluded,Текущая сессия не охватывает 10:00–18:45,"[""2022-05-27"", ""2022-05-30"", ""2022-05-31"", ""2022-06-01"", ""2022-06-02"", ""2022-06-03"", ""2022-06-06"", ""2022-06-07"", ""2022-06-08"", ""2022-06-09"", ""2022-06-10"", ""2022-06-14"", ""2022-06-15"", ""2022-06-16"", ""2022-06-17"", ""2022-06-20"", ""2022-06-21"", ""2022-06-22"", ""2022-06-23"", ""2022-06-24""]",36001000000000,67778000000000,1,,,
MIX,2022-06-28,excluded,Не все 20 прошлых сессий охватывают 10:00–18:45,"[""2022-05-30"", ""2022-05-31"", ""2022-06-01"", ""2022-06-02"", ""2022-06-03"", ""2022-06-06"", ""2022-06-07"", ""2022-06-08"", ""2022-06-09"", ""2022-06-10"", ""2022-06-14"", ""2022-06-15"", ""2022-06-16"", ""2022-06-17"", ""2022-06-20"", ""2022-06-21"", ""2022-06-22"", ""2022-06-23"", ""2022-06-24"", ""2022-06-27""]",36000000000000,67798000000000,1,,,
MIX,2022-06-29,excluded,Текущая сессия не охватывает 10:00–18:45,"[""2022-05-31"", ""2022-06-01"", ""2022-06-02"", ""2022-06-03"", ""2022-06-06"", ""2022-06-07"", ""2022-06-08"", ""2022-06-09"", ""2022-06-10"", ""2022-06-14"", ""2022-06-15"", ""2022-06-16"", ""2022-06-17"", ""2022-06-20"", ""2022-06-21"", ""2022-06-22"", ""2022-06-23"", ""2022-06-24"", ""2022-06-27"", ""2022-06-28""]",36002000000000,67795000000000,1,,,
MIX,2022-06-30,excluded,Текущая сессия не охватывает 10:00–18:45,"[""2022-06-01"", ""2022-06-02"", ""2022-06-03"", ""2022-06-06"", ""2022-06-07"", ""2022-06-08"", ""2022-06-09"", ""2022-06-10"", ""2022-06-14"", ""2022-06-15"", ""2022-06-16"", ""2022-06-17"", ""2022-06-20"", ""2022-06-21"", ""2022-06-22"", ""2022-06-23"", ""2022-06-24"", ""2022-06-27"", ""2022-06-28"", ""2022-06-29""]",36001000000000,67795000000000,1,,,
MIX,2022-07-01,excluded,Не все 20 прошлых сессий охватывают 10:00–18:45,"[""2022-06-02"", ""2022-06-03"", ""2022-06-06"", ""2022-06-07"", ""2022-06-08"", ""2022-06-09"", ""2022-06-10"", ""2022-06-14"", ""2022-06-15"", ""2022-06-16"", ""2022-06-17"", ""2022-06-20"", ""2022-06-21"", ""2022-06-22"", ""2022-06-23"", ""2022-06-24"", ""2022-06-27"", ""2022-06-28"", ""2022-06-29"", ""2022-06-30""]",36000000000000,67787000000000,1,,,
MIX,2022-07-04,excluded,Текущая сессия не охватывает 10:00–18:45,"[""2022-06-03"", ""2022-06-06"", ""2022-06-07"", ""2022-06-08"", ""2022-06-09"", ""2022-06-10"", ""2022-06-14"", ""2022-06-15"", ""2022-06-16"", ""2022-06-17"", ""2022-06-20"", ""2022-06-21"", ""2022-06-22"", ""2022-06-23"", ""2022-06-24"", ""2022-06-27"", ""2022-06-28"", ""2022-06-29"", ""2022-06-30"", ""2022-07-01""]",36003000000000,67796001000000,1,,,
MIX,2022-07-05,excluded,Текущая сессия не охватывает 10:00–18:45,"[""2022-06-06"", ""2022-06-07"", ""2022-06-08"", ""2022-06-09"", ""2022-06-10"", ""2022-06-14"", ""2022-06-15"", ""2022-06-16"", ""2022-06-17"", ""2022-06-20"", ""2022-06-21"", ""2022-06-22"", ""2022-06-23"", ""2022-06-24"", ""2022-06-27"", ""2022-06-28"", ""2022-06-29"", ""2022-06-30"", ""2022-07-01"", ""2022-07-04""]",36001000000000,67777001000000,1,,,
MIX,2022-07-06,excluded,Не все 20 прошлых сессий охватывают 10:00–18:45,"[""2022-06-07"", ""2022-06-08"", ""2022-06-09"", ""2022-06-10"", ""2022-06-14"", ""2022-06-15"", ""2022-06-16"", ""2022-06-17"", ""2022-06-20"", ""2022-06-21"", ""2022-06-22"", ""2022-06-23"", ""2022-06-24"", ""2022-06-27"", ""2022-06-28"", ""2022-06-29"", ""2022-06-30"", ""2022-07-01"", ""2022-07-04"", ""2022-07-05""]",36000000000000,67795000000000,1,,,
MIX,2022-07-07,excluded,Текущая сессия не охватывает 10:00–18:45,"[""2022-06-08"", ""2022-06-09"", ""2022-06-10"", ""2022-06-14"", ""2022-06-15"", ""2022-06-16"", ""2022-06-17"", ""2022-06-20"", ""2022-06-21"", ""2022-06-22"", ""2022-06-23"", ""2022-06-24"", ""2022-06-27"", ""2022-06-28"", ""2022-06-29"", ""2022-06-30"", ""2022-07-01"", ""2022-07-04"", ""2022-07-05"", ""2022-07-06""]",36001000000000,67799000000000,1,,,
MIX,2022-07-08,excluded,Текущая сессия не охватывает 10:00–18:45,"[""2022-06-09"", ""2022-06-10"", ""2022-06-14"", ""2022-06-15"", ""2022-06-16"", ""2022-06-17"", ""2022-06-20"", ""2022-06-21"", ""2022-06-22"", ""2022-06-23"", ""2022-06-24"", ""2022-06-27"", ""2022-06-28"", ""2022-06-29"", ""2022-06-30"", ""2022-07-01"", ""2022-07-04"", ""2022-07-05"", ""2022-07-06"", ""2022-07-07""]",36006000000000,67789001000000,1,,,
MIX,2022-07-11,excluded,Текущая сессия не охватывает 10:00–18:45,"[""2022-06-10"", ""2022-06-14"", ""2022-06-15"", ""2022-06-16"", ""2022-06-17"", ""2022-06-20"", ""2022-06-21"", ""2022-06-22"", ""2022-06-23"", ""2022-06-24"", ""2022-06-27"", ""2022-06-28"", ""2022-06-29"", ""2022-06-30"", ""2022-07-01"", ""2022-07-04"", ""2022-07-05"", ""2022-07-06"", ""2022-07-07"", ""2022-07-08""]",36002000000000,67796000000000,1,,,
MIX,2022-07-12,excluded,Не все 20 прошлых сессий охватывают 10:00–18:45,"[""2022-06-14"", ""2022-06-15"", ""2022-06-16"", ""2022-06-17"", ""2022-06-20"", ""2022-06-21"", ""2022-06-22"", ""2022-06-23"", ""2022-06-24"", ""2022-06-27"", ""2022-06-28"", ""2022-06-29"", ""2022-06-30"", ""2022-07-01"", ""2022-07-04"", ""2022-07-05"", ""2022-07-06"", ""2022-07-07"", ""2022-07-08"", ""2022-07-11""]",36000000000000,85588000000000,1,,,
MIX,2022-07-13,excluded,Не все 20 прошлых сессий охватывают 10:00–18:45,"[""2022-06-15"", ""2022-06-16"", ""2022-06-17"", ""2022-06-20"", ""2022-06-21"", ""2022-06-22"", ""2022-06-23"", ""2022-06-24"", ""2022-06-27"", ""2022-06-28"", ""2022-06-29"", ""2022-06-30"", ""2022-07-01"", ""2022-07-04"", ""2022-07-05"", ""2022-07-06"", ""2022-07-07"", ""2022-07-08"", ""2022-07-11"", ""2022-07-12""]",36000000000000,85797000000000,1,,,
MIX,2022-07-14,excluded,Текущая сессия не охватывает 10:00–18:45,"[""2022-06-16"", ""2022-06-17"", ""2022-06-20"", ""2022-06-21"", ""2022-06-22"", ""2022-06-23"", ""2022-06-24"", ""2022-06-27"", ""2022-06-28"", ""2022-06-29"", ""2022-06-30"", ""2022-07-01"", ""2022-07-04"", ""2022-07-05"", ""2022-07-06"", ""2022-07-07"", ""2022-07-08"", ""2022-07-11"", ""2022-07-12"", ""2022-07-13""]",36001000000000,85718000000000,1,,,
MIX,2022-07-15,excluded,Не все 20 прошлых сессий охватывают 10:00–18:45,"[""2022-06-17"", ""2022-06-20"", ""2022-06-21"", ""2022-06-22"", ""2022-06-23"", ""2022-06-24"", ""2022-06-27"", ""2022-06-28"", ""2022-06-29"", ""2022-06-30"", ""2022-07-01"", ""2022-07-04"", ""2022-07-05"", ""2022-07-06"", ""2022-07-07"", ""2022-07-08"", ""2022-07-11"", ""2022-07-12"", ""2022-07-13"", ""2022-07-14""]",36000000000000,85713000000000,1,,,
MIX,2022-07-18,excluded,Не все 20 прошлых сессий охватывают 10:00–18:45,"[""2022-06-20"", ""2022-06-21"", ""2022-06-22"", ""2022-06-23"", ""2022-06-24"", ""2022-06-27"", ""2022-06-28"", ""2022-06-29"", ""2022-06-30"", ""2022-07-01"", ""2022-07-04"", ""2022-07-05"", ""2022-07-06"", ""2022-07-07"", ""2022-07-08"", ""2022-07-11"", ""2022-07-12"", ""2022-07-13"", ""2022-07-14"", ""2022-07-15""]",36000000000000,85709000000000,1,,,
MIX,2022-07-19,excluded,Текущая сессия не охватывает 10:00–18:45,"[""2022-06-21"", ""2022-06-22"", ""2022-06-23"", ""2022-06-24"", ""2022-06-27"", ""2022-06-28"", ""2022-06-29"", ""2022-06-30"", ""2022-07-01"", ""2022-07-04"", ""2022-07-05"", ""2022-07-06"", ""2022-07-07"", ""2022-07-08"", ""2022-07-11"", ""2022-07-12"", ""2022-07-13"", ""2022-07-14"", ""2022-07-15"", ""2022-07-18""]",36002000000000,85786000000000,1,,,
MIX,2022-07-20,excluded,Текущая сессия не охватывает 10:00–18:45,"[""2022-06-22"", ""2022-06-23"", ""2022-06-24"", ""2022-06-27"", ""2022-06-28"", ""2022-06-29"", ""2022-06-30"", ""2022-07-01"", ""2022-07-04"", ""2022-07-05"", ""2022-07-06"", ""2022-07-07"", ""2022-07-08"", ""2022-07-11"", ""2022-07-12"", ""2022-07-13"", ""2022-07-14"", ""2022-07-15"", ""2022-07-18"", ""2022-07-19""]",36004000000000,85790001000000,1,,,
MIX,2022-07-21,excluded,Текущая сессия не охватывает 10:00–18:45,"[""2022-06-23"", ""2022-06-24"", ""2022-06-27"", ""2022-06-28"", ""2022-06-29"", ""2022-06-30"", ""2022-07-01"", ""2022-07-04"", ""2022-07-05"", ""2022-07-06"", ""2022-07-07"", ""2022-07-08"", ""2022-07-11"", ""2022-07-12"", ""2022-07-13"", ""2022-07-14"", ""2022-07-15"", ""2022-07-18"", ""2022-07-19"", ""2022-07-20""]",36003000000000,85796002000000,1,,,
MIX,2022-07-22,excluded,Текущая сессия не охватывает 10:00–18:45,"[""2022-06-24"", ""2022-06-27"", ""2022-06-28"", ""2022-06-29"", ""2022-06-30"", ""2022-07-01"", ""2022-07-04"", ""2022-07-05"", ""2022-07-06"", ""2022-07-07"", ""2022-07-08"", ""2022-07-11"", ""2022-07-12"", ""2022-07-13"", ""2022-07-14"", ""2022-07-15"", ""2022-07-18"", ""2022-07-19"", ""2022-07-20"", ""2022-07-21""]",36003000000000,85796000000000,1,,,
MIX,2022-07-25,excluded,Текущая сессия не охватывает 10:00–18:45,"[""2022-06-27"", ""2022-06-28"", ""2022-06-29"", ""2022-06-30"", ""2022-07-01"", ""2022-07-04"", ""2022-07-05"", ""2022-07-06"", ""2022-07-07"", ""2022-07-08"", ""2022-07-11"", ""2022-07-12"", ""2022-07-13"", ""2022-07-14"", ""2022-07-15"", ""2022-07-18"", ""2022-07-19"", ""2022-07-20"", ""2022-07-21"", ""2022-07-22""]",36003000000000,85658000000000,1,,,
MIX,2022-07-26,excluded,Не все 20 прошлых сессий охватывают 10:00–18:45,"[""2022-06-28"", ""2022-06-29"", ""2022-06-30"", ""2022-07-01"", ""2022-07-04"", ""2022-07-05"", ""2022-07-06"", ""2022-07-07"", ""2022-07-08"", ""2022-07-11"", ""2022-07-12"", ""2022-07-13"", ""2022-07-14"", ""2022-07-15"", ""2022-07-18"", ""2022-07-19"", ""2022-07-20"", ""2022-07-21"", ""2022-07-22"", ""2022-07-25""]",36000000000000,85767001000000,1,,,
MIX,2022-07-27,excluded,Не все 20 прошлых сессий охватывают 10:00–18:45,"[""2022-06-29"", ""2022-06-30"", ""2022-07-01"", ""2022-07-04"", ""2022-07-05"", ""2022-07-06"", ""2022-07-07"", ""2022-07-08"", ""2022-07-11"", ""2022-07-12"", ""2022-07-13"", ""2022-07-14"", ""2022-07-15"", ""2022-07-18"", ""2022-07-19"", ""2022-07-20"", ""2022-07-21"", ""2022-07-22"", ""2022-07-25"", ""2022-07-26""]",36000000000000,85759000000000,1,,,
MIX,2022-07-28,excluded,Не все 20 прошлых сессий охватывают 10:00–18:45,"[""2022-06-30"", ""2022-07-01"", ""2022-07-04"", ""2022-07-05"", ""2022-07-06"", ""2022-07-07"", ""2022-07-08"", ""2022-07-11"", ""2022-07-12"", ""2022-07-13"", ""2022-07-14"", ""2022-07-15"", ""2022-07-18"", ""2022-07-19"", ""2022-07-20"", ""2022-07-21"", ""2022-07-22"", ""2022-07-25"", ""2022-07-26"", ""2022-07-27""]",36000000000000,85699000000000,1,,,
MIX,2022-07-29,excluded,Не все 20 прошлых сессий охватывают 10:00–18:45,"[""2022-07-01"", ""2022-07-04"", ""2022-07-05"", ""2022-07-06"", ""2022-07-07"", ""2022-07-08"", ""2022-07-11"", ""2022-07-12"", ""2022-07-13"", ""2022-07-14"", ""2022-07-15"", ""2022-07-18"", ""2022-07-19"", ""2022-07-20"", ""2022-07-21"", ""2022-07-22"", ""2022-07-25"", ""2022-07-26"", ""2022-07-27"", ""2022-07-28""]",36000000000000,85767000000000,1,,,
MIX,2022-08-01,excluded,Не все 20 прошлых сессий охватывают 10:00–18:45,"[""2022-07-04"", ""2022-07-05"", ""2022-07-06"", ""2022-07-07"", ""2022-07-08"", ""2022-07-11"", ""2022-07-12"", ""2022-07-13"", ""2022-07-14"", ""2022-07-15"", ""2022-07-18"", ""2022-07-19"", ""2022-07-20"", ""2022-07-21"", ""2022-07-22"", ""2022-07-25"", ""2022-07-26"", ""2022-07-27"", ""2022-07-28"", ""2022-07-29""]",36000000000000,85794002000000,1,,,
MIX,2022-08-02,excluded,Не все 20 прошлых сессий охватывают 10:00–18:45,"[""2022-07-05"", ""2022-07-06"", ""2022-07-07"", ""2022-07-08"", ""2022-07-11"", ""2022-07-12"", ""2022-07-13"", ""2022-07-14"", ""2022-07-15"", ""2022-07-18"", ""2022-07-19"", ""2022-07-20"", ""2022-07-21"", ""2022-07-22"", ""2022-07-25"", ""2022-07-26"", ""2022-07-27"", ""2022-07-28"", ""2022-07-29"", ""2022-08-01""]",36000000000000,85772000000000,1,,,
MIX,2022-08-03,excluded,Текущая сессия не охватывает 10:00–18:45,"[""2022-07-06"", ""2022-07-07"", ""2022-07-08"", ""2022-07-11"", ""2022-07-12"", ""2022-07-13"", ""2022-07-14"", ""2022-07-15"", ""2022-07-18"", ""2022-07-19"", ""2022-07-20"", ""2022-07-21"", ""2022-07-22"", ""2022-07-25"", ""2022-07-26"", ""2022-07-27"", ""2022-07-28"", ""2022-07-29"", ""2022-08-01"", ""2022-08-02""]",36001000000000,85762000000000,1,,,
MIX,2022-08-04,excluded,Не все 20 прошлых сессий охватывают 10:00–18:45,"[""2022-07-07"", ""2022-07-08"", ""2022-07-11"", ""2022-07-12"", ""2022-07-13"", ""2022-07-14"", ""2022-07-15"", ""2022-07-18"", ""2022-07-19"", ""2022-07-20"", ""2022-07-21"", ""2022-07-22"", ""2022-07-25"", ""2022-07-26"", ""2022-07-27"", ""2022-07-28"", ""2022-07-29"", ""2022-08-01"", ""2022-08-02"", ""2022-08-03""]",36000000000000,85740000000000,1,,,
MIX,2022-08-05,excluded,Текущая сессия не охватывает 10:00–18:45,"[""2022-07-08"", ""2022-07-11"", ""2022-07-12"", ""2022-07-13"", ""2022-07-14"", ""2022-07-15"", ""2022-07-18"", ""2022-07-19"", ""2022-07-20"", ""2022-07-21"", ""2022-07-22"", ""2022-07-25"", ""2022-07-26"", ""2022-07-27"", ""2022-07-28"", ""2022-07-29"", ""2022-08-01"", ""2022-08-02"", ""2022-08-03"", ""2022-08-04""]",36004000000000,85782000000000,1,,,
MIX,2022-08-08,excluded,Не все 20 прошлых сессий охватывают 10:00–18:45,"[""2022-07-11"", ""2022-07-12"", ""2022-07-13"", ""2022-07-14"", ""2022-07-15"", ""2022-07-18"", ""2022-07-19"", ""2022-07-20"", ""2022-07-21"", ""2022-07-22"", ""2022-07-25"", ""2022-07-26"", ""2022-07-27"", ""2022-07-28"", ""2022-07-29"", ""2022-08-01"", ""2022-08-02"", ""2022-08-03"", ""2022-08-04"", ""2022-08-05""]",36000000000000,85788000000000,1,,,
MIX,2022-08-09,excluded,Текущая сессия не охватывает 10:00–18:45,"[""2022-07-12"", ""2022-07-13"", ""2022-07-14"", ""2022-07-15"", ""2022-07-18"", ""2022-07-19"", ""2022-07-20"", ""2022-07-21"", ""2022-07-22"", ""2022-07-25"", ""2022-07-26"", ""2022-07-27"", ""2022-07-28"", ""2022-07-29"", ""2022-08-01"", ""2022-08-02"", ""2022-08-03"", ""2022-08-04"", ""2022-08-05"", ""2022-08-08""]",36001000000000,85691001000000,1,,,
MIX,2022-08-10,excluded,Не все 20 прошлых сессий охватывают 10:00–18:45,"[""2022-07-13"", ""2022-07-14"", ""2022-07-15"", ""2022-07-18"", ""2022-07-19"", ""2022-07-20"", ""2022-07-21"", ""2022-07-22"", ""2022-07-25"", ""2022-07-26"", ""2022-07-27"", ""2022-07-28"", ""2022-07-29"", ""2022-08-01"", ""2022-08-02"", ""2022-08-03"", ""2022-08-04"", ""2022-08-05"", ""2022-08-08"", ""2022-08-09""]",36000000000000,85699000000000,1,,,
MIX,2022-08-11,excluded,Не все 20 прошлых сессий охватывают 10:00–18:45,"[""2022-07-14"", ""2022-07-15"", ""2022-07-18"", ""2022-07-19"", ""2022-07-20"", ""2022-07-21"", ""2022-07-22"", ""2022-07-25"", ""2022-07-26"", ""2022-07-27"", ""2022-07-28"", ""2022-07-29"", ""2022-08-01"", ""2022-08-02"", ""2022-08-03"", ""2022-08-04"", ""2022-08-05"", ""2022-08-08"", ""2022-08-09"", ""2022-08-10""]",36000000000000,85698000000000,1,,,
MIX,2022-08-12,excluded,Не все 20 прошлых сессий охватывают 10:00–18:45,"[""2022-07-15"", ""2022-07-18"", ""2022-07-19"", ""2022-07-20"", ""2022-07-21"", ""2022-07-22"", ""2022-07-25"", ""2022-07-26"", ""2022-07-27"", ""2022-07-28"", ""2022-07-29"", ""2022-08-01"", ""2022-08-02"", ""2022-08-03"", ""2022-08-04"", ""2022-08-05"", ""2022-08-08"", ""2022-08-09"", ""2022-08-10"", ""2022-08-11""]",36000000000000,85781000000000,1,,,
MIX,2022-08-15,excluded,Текущая сессия не охватывает 10:00–18:45,"[""2022-07-18"", ""2022-07-19"", ""2022-07-20"", ""2022-07-21"", ""2022-07-22"", ""2022-07-25"", ""2022-07-26"", ""2022-07-27"", ""2022-07-28"", ""2022-07-29"", ""2022-08-01"", ""2022-08-02"", ""2022-08-03"", ""2022-08-04"", ""2022-08-05"", ""2022-08-08"", ""2022-08-09"", ""2022-08-10"", ""2022-08-11"", ""2022-08-12""]",36001000000000,85764000000000,1,,,
MIX,2022-08-16,excluded,Не все 20 прошлых сессий охватывают 10:00–18:45,"[""2022-07-19"", ""2022-07-20"", ""2022-07-21"", ""2022-07-22"", ""2022-07-25"", ""2022-07-26"", ""2022-07-27"", ""2022-07-28"", ""2022-07-29"", ""2022-08-01"", ""2022-08-02"", ""2022-08-03"", ""2022-08-04"", ""2022-08-05"", ""2022-08-08"", ""2022-08-09"", ""2022-08-10"", ""2022-08-11"", ""2022-08-12"", ""2022-08-15""]",36000000000000,85774000000000,1,,,
MIX,2022-08-17,excluded,Не все 20 прошлых сессий охватывают 10:00–18:45,"[""2022-07-20"", ""2022-07-21"", ""2022-07-22"", ""2022-07-25"", ""2022-07-26"", ""2022-07-27"", ""2022-07-28"", ""2022-07-29"", ""2022-08-01"", ""2022-08-02"", ""2022-08-03"", ""2022-08-04"", ""2022-08-05"", ""2022-08-08"", ""2022-08-09"", ""2022-08-10"", ""2022-08-11"", ""2022-08-12"", ""2022-08-15"", ""2022-08-16""]",36000000000000,85568000000000,1,,,
MIX,2022-08-18,excluded,Не все 20 прошлых сессий охватывают 10:00–18:45,"[""2022-07-21"", ""2022-07-22"", ""2022-07-25"", ""2022-07-26"", ""2022-07-27"", ""2022-07-28"", ""2022-07-29"", ""2022-08-01"", ""2022-08-02"", ""2022-08-03"", ""2022-08-04"", ""2022-08-05"", ""2022-08-08"", ""2022-08-09"", ""2022-08-10"", ""2022-08-11"", ""2022-08-12"", ""2022-08-15"", ""2022-08-16"", ""2022-08-17""]",36000000000000,85741002000000,1,,,
MIX,2022-08-19,excluded,Текущая сессия не охватывает 10:00–18:45,"[""2022-07-22"", ""2022-07-25"", ""2022-07-26"", ""2022-07-27"", ""2022-07-28"", ""2022-07-29"", ""2022-08-01"", ""2022-08-02"", ""2022-08-03"", ""2022-08-04"", ""2022-08-05"", ""2022-08-08"", ""2022-08-09"", ""2022-08-10"", ""2022-08-11"", ""2022-08-12"", ""2022-08-15"", ""2022-08-16"", ""2022-08-17"", ""2022-08-18""]",36001000000000,85780000000000,1,,,
MIX,2022-08-22,excluded,Не все 20 прошлых сессий охватывают 10:00–18:45,"[""2022-07-25"", ""2022-07-26"", ""2022-07-27"", ""2022-07-28"", ""2022-07-29"", ""2022-08-01"", ""2022-08-02"", ""2022-08-03"", ""2022-08-04"", ""2022-08-05"", ""2022-08-08"", ""2022-08-09"", ""2022-08-10"", ""2022-08-11"", ""2022-08-12"", ""2022-08-15"", ""2022-08-16"", ""2022-08-17"", ""2022-08-18"", ""2022-08-19""]",36000000000000,85786000000000,1,,,
MIX,2022-08-23,excluded,Текущая сессия не охватывает 10:00–18:45,"[""2022-07-26"", ""2022-07-27"", ""2022-07-28"", ""2022-07-29"", ""2022-08-01"", ""2022-08-02"", ""2022-08-03"", ""2022-08-04"", ""2022-08-05"", ""2022-08-08"", ""2022-08-09"", ""2022-08-10"", ""2022-08-11"", ""2022-08-12"", ""2022-08-15"", ""2022-08-16"", ""2022-08-17"", ""2022-08-18"", ""2022-08-19"", ""2022-08-22""]",36003000000000,85744000000000,1,,,
MIX,2022-08-24,excluded,Текущая сессия не охватывает 10:00–18:45,"[""2022-07-27"", ""2022-07-28"", ""2022-07-29"", ""2022-08-01"", ""2022-08-02"", ""2022-08-03"", ""2022-08-04"", ""2022-08-05"", ""2022-08-08"", ""2022-08-09"", ""2022-08-10"", ""2022-08-11"", ""2022-08-12"", ""2022-08-15"", ""2022-08-16"", ""2022-08-17"", ""2022-08-18"", ""2022-08-19"", ""2022-08-22"", ""2022-08-23""]",36001000000000,85773000000000,1,,,
MIX,2022-08-25,excluded,Текущая сессия не охватывает 10:00–18:45,"[""2022-07-28"", ""2022-07-29"", ""2022-08-01"", ""2022-08-02"", ""2022-08-03"", ""2022-08-04"", ""2022-08-05"", ""2022-08-08"", ""2022-08-09"", ""2022-08-10"", ""2022-08-11"", ""2022-08-12"", ""2022-08-15"", ""2022-08-16"", ""2022-08-17"", ""2022-08-18"", ""2022-08-19"", ""2022-08-22"", ""2022-08-23"", ""2022-08-24""]",36002000000000,85716000000000,1,,,
MIX,2022-08-26,excluded,Текущая сессия не охватывает 10:00–18:45,"[""2022-07-29"", ""2022-08-01"", ""2022-08-02"", ""2022-08-03"", ""2022-08-04"", ""2022-08-05"", ""2022-08-08"", ""2022-08-09"", ""2022-08-10"", ""2022-08-11"", ""2022-08-12"", ""2022-08-15"", ""2022-08-16"", ""2022-08-17"", ""2022-08-18"", ""2022-08-19"", ""2022-08-22"", ""2022-08-23"", ""2022-08-24"", ""2022-08-25""]",36010000000000,85700000000000,1,,,
MIX,2022-08-29,excluded,Текущая сессия не охватывает 10:00–18:45,"[""2022-08-01"", ""2022-08-02"", ""2022-08-03"", ""2022-08-04"", ""2022-08-05"", ""2022-08-08"", ""2022-08-09"", ""2022-08-10"", ""2022-08-11"", ""2022-08-12"", ""2022-08-15"", ""2022-08-16"", ""2022-08-17"", ""2022-08-18"", ""2022-08-19"", ""2022-08-22"", ""2022-08-23"", ""2022-08-24"", ""2022-08-25"", ""2022-08-26""]",36003000000000,85709000000000,1,,,
MIX,2022-08-30,excluded,Текущая сессия не охватывает 10:00–18:45,"[""2022-08-02"", ""2022-08-03"", ""2022-08-04"", ""2022-08-05"", ""2022-08-08"", ""2022-08-09"", ""2022-08-10"", ""2022-08-11"", ""2022-08-12"", ""2022-08-15"", ""2022-08-16"", ""2022-08-17"", ""2022-08-18"", ""2022-08-19"", ""2022-08-22"", ""2022-08-23"", ""2022-08-24"", ""2022-08-25"", ""2022-08-26"", ""2022-08-29""]",36001000000000,85794000000000,1,,,
MIX,2022-08-31,excluded,Не все 20 прошлых сессий охватывают 10:00–18:45,"[""2022-08-03"", ""2022-08-04"", ""2022-08-05"", ""2022-08-08"", ""2022-08-09"", ""2022-08-10"", ""2022-08-11"", ""2022-08-12"", ""2022-08-15"", ""2022-08-16"", ""2022-08-17"", ""2022-08-18"", ""2022-08-19"", ""2022-08-22"", ""2022-08-23"", ""2022-08-24"", ""2022-08-25"", ""2022-08-26"", ""2022-08-29"", ""2022-08-30""]",36000000000000,85787000000000,1,,,
MIX,2022-09-01,excluded,Не все 20 прошлых сессий охватывают 10:00–18:45,"[""2022-08-04"", ""2022-08-05"", ""2022-08-08"", ""2022-08-09"", ""2022-08-10"", ""2022-08-11"", ""2022-08-12"", ""2022-08-15"", ""2022-08-16"", ""2022-08-17"", ""2022-08-18"", ""2022-08-19"", ""2022-08-22"", ""2022-08-23"", ""2022-08-24"", ""2022-08-25"", ""2022-08-26"", ""2022-08-29"", ""2022-08-30"", ""2022-08-31""]",36000000000000,85755000000000,1,,,
MIX,2022-09-02,excluded,Не все 20 прошлых сессий охватывают 10:00–18:45,"[""2022-08-05"", ""2022-08-08"", ""2022-08-09"", ""2022-08-10"", ""2022-08-11"", ""2022-08-12"", ""2022-08-15"", ""2022-08-16"", ""2022-08-17"", ""2022-08-18"", ""2022-08-19"", ""2022-08-22"", ""2022-08-23"", ""2022-08-24"", ""2022-08-25"", ""2022-08-26"", ""2022-08-29"", ""2022-08-30"", ""2022-08-31"", ""2022-09-01""]",36000000000000,85753000000000,1,,,
MIX,2022-09-05,excluded,Не все 20 прошлых сессий охватывают 10:00–18:45,"[""2022-08-08"", ""2022-08-09"", ""2022-08-10"", ""2022-08-11"", ""2022-08-12"", ""2022-08-15"", ""2022-08-16"", ""2022-08-17"", ""2022-08-18"", ""2022-08-19"", ""2022-08-22"", ""2022-08-23"", ""2022-08-24"", ""2022-08-25"", ""2022-08-26"", ""2022-08-29"", ""2022-08-30"", ""2022-08-31"", ""2022-09-01"", ""2022-09-02""]",36000000000000,85709000000000,1,,,
MIX,2022-09-06,excluded,Не все 20 прошлых сессий охватывают 10:00–18:45,"[""2022-08-09"", ""2022-08-10"", ""2022-08-11"", ""2022-08-12"", ""2022-08-15"", ""2022-08-16"", ""2022-08-17"", ""2022-08-18"", ""2022-08-19"", ""2022-08-22"", ""2022-08-23"", ""2022-08-24"", ""2022-08-25"", ""2022-08-26"", ""2022-08-29"", ""2022-08-30"", ""2022-08-31"", ""2022-09-01"", ""2022-09-02"", ""2022-09-05""]",36000000000000,85775001000000,1,,,
MIX,2022-09-07,excluded,Текущая сессия не охватывает 10:00–18:45,"[""2022-08-10"", ""2022-08-11"", ""2022-08-12"", ""2022-08-15"", ""2022-08-16"", ""2022-08-17"", ""2022-08-18"", ""2022-08-19"", ""2022-08-22"", ""2022-08-23"", ""2022-08-24"", ""2022-08-25"", ""2022-08-26"", ""2022-08-29"", ""2022-08-30"", ""2022-08-31"", ""2022-09-01"", ""2022-09-02"", ""2022-09-05"", ""2022-09-06""]",36002000000000,85736004000000,1,,,
MIX,2022-09-08,excluded,Не все 20 прошлых сессий охватывают 10:00–18:45,"[""2022-08-11"", ""2022-08-12"", ""2022-08-15"", ""2022-08-16"", ""2022-08-17"", ""2022-08-18"", ""2022-08-19"", ""2022-08-22"", ""2022-08-23"", ""2022-08-24"", ""2022-08-25"", ""2022-08-26"", ""2022-08-29"", ""2022-08-30"", ""2022-08-31"", ""2022-09-01"", ""2022-09-02"", ""2022-09-05"", ""2022-09-06"", ""2022-09-07""]",36000000000000,85714000000000,1,,,
MIX,2022-09-09,excluded,Не все 20 прошлых сессий охватывают 10:00–18:45,"[""2022-08-12"", ""2022-08-15"", ""2022-08-16"", ""2022-08-17"", ""2022-08-18"", ""2022-08-19"", ""2022-08-22"", ""2022-08-23"", ""2022-08-24"", ""2022-08-25"", ""2022-08-26"", ""2022-08-29"", ""2022-08-30"", ""2022-08-31"", ""2022-09-01"", ""2022-09-02"", ""2022-09-05"", ""2022-09-06"", ""2022-09-07"", ""2022-09-08""]",36000000000000,85788000000000,1,,,
MIX,2022-09-12,excluded,Не все 20 прошлых сессий охватывают 10:00–18:45,"[""2022-08-15"", ""2022-08-16"", ""2022-08-17"", ""2022-08-18"", ""2022-08-19"", ""2022-08-22"", ""2022-08-23"", ""2022-08-24"", ""2022-08-25"", ""2022-08-26"", ""2022-08-29"", ""2022-08-30"", ""2022-08-31"", ""2022-09-01"", ""2022-09-02"", ""2022-09-05"", ""2022-09-06"", ""2022-09-07"", ""2022-09-08"", ""2022-09-09""]",32403000000000,85797000000000,1,,,
MIX,2022-09-13,excluded,Не все 20 прошлых сессий охватывают 10:00–18:45,"[""2022-08-16"", ""2022-08-17"", ""2022-08-18"", ""2022-08-19"", ""2022-08-22"", ""2022-08-23"", ""2022-08-24"", ""2022-08-25"", ""2022-08-26"", ""2022-08-29"", ""2022-08-30"", ""2022-08-31"", ""2022-09-01"", ""2022-09-02"", ""2022-09-05"", ""2022-09-06"", ""2022-09-07"", ""2022-09-08"", ""2022-09-09"", ""2022-09-12""]",32403000000000,85799000000000,1,,,
MIX,2022-09-14,excluded,Не все 20 прошлых сессий охватывают 10:00–18:45,"[""2022-08-17"", ""2022-08-18"", ""2022-08-19"", ""2022-08-22"", ""2022-08-23"", ""2022-08-24"", ""2022-08-25"", ""2022-08-26"", ""2022-08-29"", ""2022-08-30"", ""2022-08-31"", ""2022-09-01"", ""2022-09-02"", ""2022-09-05"", ""2022-09-06"", ""2022-09-07"", ""2022-09-08"", ""2022-09-09"", ""2022-09-12"", ""2022-09-13""]",32432000000000,85709001000000,1,,,
MIX,2022-09-15,excluded,Не все 20 прошлых сессий охватывают 10:00–18:45,"[""2022-08-18"", ""2022-08-19"", ""2022-08-22"", ""2022-08-23"", ""2022-08-24"", ""2022-08-25"", ""2022-08-26"", ""2022-08-29"", ""2022-08-30"", ""2022-08-31"", ""2022-09-01"", ""2022-09-02"", ""2022-09-05"", ""2022-09-06"", ""2022-09-07"", ""2022-09-08"", ""2022-09-09"", ""2022-09-12"", ""2022-09-13"", ""2022-09-14""]",32433000000000,85777000000000,1,,,
MIX,2022-09-16,excluded,Не все 20 прошлых сессий охватывают 10:00–18:45,"[""2022-08-19"", ""2022-08-22"", ""2022-08-23"", ""2022-08-24"", ""2022-08-25"", ""2022-08-26"", ""2022-08-29"", ""2022-08-30"", ""2022-08-31"", ""2022-09-01"", ""2022-09-02"", ""2022-09-05"", ""2022-09-06"", ""2022-09-07"", ""2022-09-08"", ""2022-09-09"", ""2022-09-12"", ""2022-09-13"", ""2022-09-14"", ""2022-09-15""]",32400000000000,85747001000000,1,,,
MIX,2022-09-19,excluded,Не все 20 прошлых сессий охватывают 10:00–18:45,"[""2022-08-22"", ""2022-08-23"", ""2022-08-24"", ""2022-08-25"", ""2022-08-26"", ""2022-08-29"", ""2022-08-30"", ""2022-08-31"", ""2022-09-01"", ""2022-09-02"", ""2022-09-05"", ""2022-09-06"", ""2022-09-07"", ""2022-09-08"", ""2022-09-09"", ""2022-09-12"", ""2022-09-13"", ""2022-09-14"", ""2022-09-15"", ""2022-09-16""]",32405000000000,85714000000000,1,,,
MIX,2022-09-20,excluded,Не все 20 прошлых сессий охватывают 10:00–18:45,"[""2022-08-23"", ""2022-08-24"", ""2022-08-25"", ""2022-08-26"", ""2022-08-29"", ""2022-08-30"", ""2022-08-31"", ""2022-09-01"", ""2022-09-02"", ""2022-09-05"", ""2022-09-06"", ""2022-09-07"", ""2022-09-08"", ""2022-09-09"", ""2022-09-12"", ""2022-09-13"", ""2022-09-14"", ""2022-09-15"", ""2022-09-16"", ""2022-09-19""]",32400000000000,85743001000000,1,,,
MIX,2022-09-21,excluded,Не все 20 прошлых сессий охватывают 10:00–18:45,"[""2022-08-24"", ""2022-08-25"", ""2022-08-26"", ""2022-08-29"", ""2022-08-30"", ""2022-08-31"", ""2022-09-01"", ""2022-09-02"", ""2022-09-05"", ""2022-09-06"", ""2022-09-07"", ""2022-09-08"", ""2022-09-09"", ""2022-09-12"", ""2022-09-13"", ""2022-09-14"", ""2022-09-15"", ""2022-09-16"", ""2022-09-19"", ""2022-09-20""]",32401000000000,85791000000000,1,,,
MIX,2022-09-22,excluded,Не все 20 прошлых сессий охватывают 10:00–18:45,"[""2022-08-25"", ""2022-08-26"", ""2022-08-29"", ""2022-08-30"", ""2022-08-31"", ""2022-09-01"", ""2022-09-02"", ""2022-09-05"", ""2022-09-06"", ""2022-09-07"", ""2022-09-08"", ""2022-09-09"", ""2022-09-12"", ""2022-09-13"", ""2022-09-14"", ""2022-09-15"", ""2022-09-16"", ""2022-09-19"", ""2022-09-20"", ""2022-09-21""]",32403000000000,85784002000000,1,,,
MIX,2022-09-23,excluded,Не все 20 прошлых сессий охватывают 10:00–18:45,"[""2022-08-26"", ""2022-08-29"", ""2022-08-30"", ""2022-08-31"", ""2022-09-01"", ""2022-09-02"", ""2022-09-05"", ""2022-09-06"", ""2022-09-07"", ""2022-09-08"", ""2022-09-09"", ""2022-09-12"", ""2022-09-13"", ""2022-09-14"", ""2022-09-15"", ""2022-09-16"", ""2022-09-19"", ""2022-09-20"", ""2022-09-21"", ""2022-09-22""]",32400000000000,85794000000000,1,,,
MIX,2022-09-26,excluded,Не все 20 прошлых сессий охватывают 10:00–18:45,"[""2022-08-29"", ""2022-08-30"", ""2022-08-31"", ""2022-09-01"", ""2022-09-02"", ""2022-09-05"", ""2022-09-06"", ""2022-09-07"", ""2022-09-08"", ""2022-09-09"", ""2022-09-12"", ""2022-09-13"", ""2022-09-14"", ""2022-09-15"", ""2022-09-16"", ""2022-09-19"", ""2022-09-20"", ""2022-09-21"", ""2022-09-22"", ""2022-09-23""]",32400000000000,85794000000000,1,,,
MIX,2022-09-27,excluded,Не все 20 прошлых сессий охватывают 10:00–18:45,"[""2022-08-30"", ""2022-08-31"", ""2022-09-01"", ""2022-09-02"", ""2022-09-05"", ""2022-09-06"", ""2022-09-07"", ""2022-09-08"", ""2022-09-09"", ""2022-09-12"", ""2022-09-13"", ""2022-09-14"", ""2022-09-15"", ""2022-09-16"", ""2022-09-19"", ""2022-09-20"", ""2022-09-21"", ""2022-09-22"", ""2022-09-23"", ""2022-09-26""]",32400000000000,85777006000000,1,,,
MIX,2022-09-28,excluded,Не все 20 прошлых сессий охватывают 10:00–18:45,"[""2022-08-31"", ""2022-09-01"", ""2022-09-02"", ""2022-09-05"", ""2022-09-06"", ""2022-09-07"", ""2022-09-08"", ""2022-09-09"", ""2022-09-12"", ""2022-09-13"", ""2022-09-14"", ""2022-09-15"", ""2022-09-16"", ""2022-09-19"", ""2022-09-20"", ""2022-09-21"", ""2022-09-22"", ""2022-09-23"", ""2022-09-26"", ""2022-09-27""]",32400000000000,85792000000000,1,,,
MIX,2022-09-29,excluded,Не все 20 прошлых сессий охватывают 10:00–18:45,"[""2022-09-01"", ""2022-09-02"", ""2022-09-05"", ""2022-09-06"", ""2022-09-07"", ""2022-09-08"", ""2022-09-09"", ""2022-09-12"", ""2022-09-13"", ""2022-09-14"", ""2022-09-15"", ""2022-09-16"", ""2022-09-19"", ""2022-09-20"", ""2022-09-21"", ""2022-09-22"", ""2022-09-23"", ""2022-09-26"", ""2022-09-27"", ""2022-09-28""]",32400000000000,85794000000000,1,,,
MIX,2022-09-30,excluded,Не все 20 прошлых сессий охватывают 10:00–18:45,"[""2022-09-02"", ""2022-09-05"", ""2022-09-06"", ""2022-09-07"", ""2022-09-08"", ""2022-09-09"", ""2022-09-12"", ""2022-09-13"", ""2022-09-14"", ""2022-09-15"", ""2022-09-16"", ""2022-09-19"", ""2022-09-20"", ""2022-09-21"", ""2022-09-22"", ""2022-09-23"", ""2022-09-26"", ""2022-09-27"", ""2022-09-28"", ""2022-09-29""]",32405000000000,85790000000000,1,,,
MIX,2022-10-03,excluded,Не все 20 прошлых сессий охватывают 10:00–18:45,"[""2022-09-05"", ""2022-09-06"", ""2022-09-07"", ""2022-09-08"", ""2022-09-09"", ""2022-09-12"", ""2022-09-13"", ""2022-09-14"", ""2022-09-15"", ""2022-09-16"", ""2022-09-19"", ""2022-09-20"", ""2022-09-21"", ""2022-09-22"", ""2022-09-23"", ""2022-09-26"", ""2022-09-27"", ""2022-09-28"", ""2022-09-29"", ""2022-09-30""]",32400000000000,85799001000000,1,,,
MIX,2022-10-04,excluded,Не все 20 прошлых сессий охватывают 10:00–18:45,"[""2022-09-06"", ""2022-09-07"", ""2022-09-08"", ""2022-09-09"", ""2022-09-12"", ""2022-09-13"", ""2022-09-14"", ""2022-09-15"", ""2022-09-16"", ""2022-09-19"", ""2022-09-20"", ""2022-09-21"", ""2022-09-22"", ""2022-09-23"", ""2022-09-26"", ""2022-09-27"", ""2022-09-28"", ""2022-09-29"", ""2022-09-30"", ""2022-10-03""]",32400000000000,85767000000000,1,,,
MIX,2022-10-05,excluded,Не все 20 прошлых сессий охватывают 10:00–18:45,"[""2022-09-07"", ""2022-09-08"", ""2022-09-09"", ""2022-09-12"", ""2022-09-13"", ""2022-09-14"", ""2022-09-15"", ""2022-09-16"", ""2022-09-19"", ""2022-09-20"", ""2022-09-21"", ""2022-09-22"", ""2022-09-23"", ""2022-09-26"", ""2022-09-27"", ""2022-09-28"", ""2022-09-29"", ""2022-09-30"", ""2022-10-03"", ""2022-10-04""]",32401000000000,85793003000000,1,,,
MIX,2022-10-06,included,,"[""2022-09-08"", ""2022-09-09"", ""2022-09-12"", ""2022-09-13"", ""2022-09-14"", ""2022-09-15"", ""2022-09-16"", ""2022-09-19"", ""2022-09-20"", ""2022-09-21"", ""2022-09-22"", ""2022-09-23"", ""2022-09-26"", ""2022-09-27"", ""2022-09-28"", ""2022-09-29"", ""2022-09-30"", ""2022-10-03"", ""2022-10-04"", ""2022-10-05""]",32400000000000,85798000000000,1,5.0,1.0,33.0
MIX,2022-10-07,included,,"[""2022-09-09"", ""2022-09-12"", ""2022-09-13"", ""2022-09-14"", ""2022-09-15"", ""2022-09-16"", ""2022-09-19"", ""2022-09-20"", ""2022-09-21"", ""2022-09-22"", ""2022-09-23"", ""2022-09-26"", ""2022-09-27"", ""2022-09-28"", ""2022-09-29"", ""2022-09-30"", ""2022-10-03"", ""2022-10-04"", ""2022-10-05"", ""2022-10-06""]",32404000000000,85799000000000,1,2.0,1.0,19.0
MIX,2022-10-10,included,,"[""2022-09-12"", ""2022-09-13"", ""2022-09-14"", ""2022-09-15"", ""2022-09-16"", ""2022-09-19"", ""2022-09-20"", ""2022-09-21"", ""2022-09-22"", ""2022-09-23"", ""2022-09-26"", ""2022-09-27"", ""2022-09-28"", ""2022-09-29"", ""2022-09-30"", ""2022-10-03"", ""2022-10-04"", ""2022-10-05"", ""2022-10-06"", ""2022-10-07""]",32400000000000,85797000000000,1,5.0,5.0,0.0
MIX,2022-10-11,included,,"[""2022-09-13"", ""2022-09-14"", ""2022-09-15"", ""2022-09-16"", ""2022-09-19"", ""2022-09-20"", ""2022-09-21"", ""2022-09-22"", ""2022-09-23"", ""2022-09-26"", ""2022-09-27"", ""2022-09-28"", ""2022-09-29"", ""2022-09-30"", ""2022-10-03"", ""2022-10-04"", ""2022-10-05"", ""2022-10-06"", ""2022-10-07"", ""2022-10-10""]",32400000000000,85777004000000,1,10.0,10.0,0.0
MIX,2022-10-12,included,,"[""2022-09-14"", ""2022-09-15"", ""2022-09-16"", ""2022-09-19"", ""2022-09-20"", ""2022-09-21"", ""2022-09-22"", ""2022-09-23"", ""2022-09-26"", ""2022-09-27"", ""2022-09-28"", ""2022-09-29"", ""2022-09-30"", ""2022-10-03"", ""2022-10-04"", ""2022-10-05"", ""2022-10-06"", ""2022-10-07"", ""2022-10-10"", ""2022-10-11""]",32400000000000,85799000000000,1,5.0,1.0,38.0
MIX,2022-10-13,included,,"[""2022-09-15"", ""2022-09-16"", ""2022-09-19"", ""2022-09-20"", ""2022-09-21"", ""2022-09-22"", ""2022-09-23"", ""2022-09-26"", ""2022-09-27"", ""2022-09-28"", ""2022-09-29"", ""2022-09-30"", ""2022-10-03"", ""2022-10-04"", ""2022-10-05"", ""2022-10-06"", ""2022-10-07"", ""2022-10-10"", ""2022-10-11"", ""2022-10-12""]",32402000000000,85793002000000,1,5.0,2.0,22.0
MIX,2022-10-14,included,,"[""2022-09-16"", ""2022-09-19"", ""2022-09-20"", ""2022-09-21"", ""2022-09-22"", ""2022-09-23"", ""2022-09-26"", ""2022-09-27"", ""2022-09-28"", ""2022-09-29"", ""2022-09-30"", ""2022-10-03"", ""2022-10-04"", ""2022-10-05"", ""2022-10-06"", ""2022-10-07"", ""2022-10-10"", ""2022-10-11"", ""2022-10-12"", ""2022-10-13""]",32400000000000,85796000000000,1,3.0,0.0,13.0
MIX,2022-10-17,included,,"[""2022-09-19"", ""2022-09-20"", ""2022-09-21"", ""2022-09-22"", ""2022-09-23"", ""2022-09-26"", ""2022-09-27"", ""2022-09-28"", ""2022-09-29"", ""2022-09-30"", ""2022-10-03"", ""2022-10-04"", ""2022-10-05"", ""2022-10-06"", ""2022-10-07"", ""2022-10-10"", ""2022-10-11"", ""2022-10-12"", ""2022-10-13"", ""2022-10-14""]",32400000000000,85797000000000,1,4.0,0.0,9.0
MIX,2022-10-18,included,,"[""2022-09-20"", ""2022-09-21"", ""2022-09-22"", ""2022-09-23"", ""2022-09-26"", ""2022-09-27"", ""2022-09-28"", ""2022-09-29"", ""2022-09-30"", ""2022-10-03"", ""2022-10-04"", ""2022-10-05"", ""2022-10-06"", ""2022-10-07"", ""2022-10-10"", ""2022-10-11"", ""2022-10-12"", ""2022-10-13"", ""2022-10-14"", ""2022-10-17""]",32400000000000,85768000000000,1,7.0,6.0,55.0
MIX,2022-10-19,included,,"[""2022-09-21"", ""2022-09-22"", ""2022-09-23"", ""2022-09-26"", ""2022-09-27"", ""2022-09-28"", ""2022-09-29"", ""2022-09-30"", ""2022-10-03"", ""2022-10-04"", ""2022-10-05"", ""2022-10-06"", ""2022-10-07"", ""2022-10-10"", ""2022-10-11"", ""2022-10-12"", ""2022-10-13"", ""2022-10-14"", ""2022-10-17"", ""2022-10-18""]",32401000000000,85797000000000,1,4.0,4.0,47.0
MIX,2022-10-20,included,,"[""2022-09-22"", ""2022-09-23"", ""2022-09-26"", ""2022-09-27"", ""2022-09-28"", ""2022-09-29"", ""2022-09-30"", ""2022-10-03"", ""2022-10-04"", ""2022-10-05"", ""2022-10-06"", ""2022-10-07"", ""2022-10-10"", ""2022-10-11"", ""2022-10-12"", ""2022-10-13"", ""2022-10-14"", ""2022-10-17"", ""2022-10-18"", ""2022-10-19""]",32400000000000,85790001000000,1,4.0,0.0,98.0
MIX,2022-10-21,included,,"[""2022-09-23"", ""2022-09-26"", ""2022-09-27"", ""2022-09-28"", ""2022-09-29"", ""2022-09-30"", ""2022-10-03"", ""2022-10-04"", ""2022-10-05"", ""2022-10-06"", ""2022-10-07"", ""2022-10-10"", ""2022-10-11"", ""2022-10-12"", ""2022-10-13"", ""2022-10-14"", ""2022-10-17"", ""2022-10-18"", ""2022-10-19"", ""2022-10-20""]",32401000000000,85795000000000,1,1.0,0.0,0.0
MIX,2022-10-24,included,,"[""2022-09-26"", ""2022-09-27"", ""2022-09-28"", ""2022-09-29"", ""2022-09-30"", ""2022-10-03"", ""2022-10-04"", ""2022-10-05"", ""2022-10-06"", ""2022-10-07"", ""2022-10-10"", ""2022-10-11"", ""2022-10-12"", ""2022-10-13"", ""2022-10-14"", ""2022-10-17"", ""2022-10-18"", ""2022-10-19"", ""2022-10-20"", ""2022-10-21""]",32400000000000,85798000000000,1,7.0,5.0,0.0
MIX,2022-10-25,included,,"[""2022-09-27"", ""2022-09-28"", ""2022-09-29"", ""2022-09-30"", ""2022-10-03"", ""2022-10-04"", ""2022-10-05"", ""2022-10-06"", ""2022-10-07"", ""2022-10-10"", ""2022-10-11"", ""2022-10-12"", ""2022-10-13"", ""2022-10-14"", ""2022-10-17"", ""2022-10-18"", ""2022-10-19"", ""2022-10-20"", ""2022-10-21"", ""2022-10-24""]",32400000000000,85777000000000,1,0.0,0.0,1.0
MIX,2022-10-26,included,,"[""2022-09-28"", ""2022-09-29"", ""2022-09-30"", ""2022-10-03"", ""2022-10-04"", ""2022-10-05"", ""2022-10-06"", ""2022-10-07"", ""2022-10-10"", ""2022-10-11"", ""2022-10-12"", ""2022-10-13"", ""2022-10-14"", ""2022-10-17"", ""2022-10-18"", ""2022-10-19"", ""2022-10-20"", ""2022-10-21"", ""2022-10-24"", ""2022-10-25""]",32400000000000,85755001000000,1,8.0,8.0,35.0
MIX,2022-10-27,included,,"[""2022-09-29"", ""2022-09-30"", ""2022-10-03"", ""2022-10-04"", ""2022-10-05"", ""2022-10-06"", ""2022-10-07"", ""2022-10-10"", ""2022-10-11"", ""2022-10-12"", ""2022-10-13"", ""2022-10-14"", ""2022-10-17"", ""2022-10-18"", ""2022-10-19"", ""2022-10-20"", ""2022-10-21"", ""2022-10-24"", ""2022-10-25"", ""2022-10-26""]",32403000000000,85794000000000,1,4.0,0.0,5.0
MIX,2022-10-28,included,,"[""2022-09-30"", ""2022-10-03"", ""2022-10-04"", ""2022-10-05"", ""2022-10-06"", ""2022-10-07"", ""2022-10-10"", ""2022-10-11"", ""2022-10-12"", ""2022-10-13"", ""2022-10-14"", ""2022-10-17"", ""2022-10-18"", ""2022-10-19"", ""2022-10-20"", ""2022-10-21"", ""2022-10-24"", ""2022-10-25"", ""2022-10-26"", ""2022-10-27""]",32400000000000,85779003000000,1,5.0,2.0,7.0
MIX,2022-10-31,included,,"[""2022-10-03"", ""2022-10-04"", ""2022-10-05"", ""2022-10-06"", ""2022-10-07"", ""2022-10-10"", ""2022-10-11"", ""2022-10-12"", ""2022-10-13"", ""2022-10-14"", ""2022-10-17"", ""2022-10-18"", ""2022-10-19"", ""2022-10-20"", ""2022-10-21"", ""2022-10-24"", ""2022-10-25"", ""2022-10-26"", ""2022-10-27"", ""2022-10-28""]",32404000000000,85788000000000,1,8.0,0.0,1.0
MIX,2022-11-01,included,,"[""2022-10-04"", ""2022-10-05"", ""2022-10-06"", ""2022-10-07"", ""2022-10-10"", ""2022-10-11"", ""2022-10-12"", ""2022-10-13"", ""2022-10-14"", ""2022-10-17"", ""2022-10-18"", ""2022-10-19"", ""2022-10-20"", ""2022-10-21"", ""2022-10-24"", ""2022-10-25"", ""2022-10-26"", ""2022-10-27"", ""2022-10-28"", ""2022-10-31""]",32400000000000,85712000000000,1,5.0,0.0,5.0
MIX,2022-11-02,included,,"[""2022-10-05"", ""2022-10-06"", ""2022-10-07"", ""2022-10-10"", ""2022-10-11"", ""2022-10-12"", ""2022-10-13"", ""2022-10-14"", ""2022-10-17"", ""2022-10-18"", ""2022-10-19"", ""2022-10-20"", ""2022-10-21"", ""2022-10-24"", ""2022-10-25"", ""2022-10-26"", ""2022-10-27"", ""2022-10-28"", ""2022-10-31"", ""2022-11-01""]",32400000000000,85797000000000,1,8.0,0.0,3.0
MIX,2022-11-03,included,,"[""2022-10-06"", ""2022-10-07"", ""2022-10-10"", ""2022-10-11"", ""2022-10-12"", ""2022-10-13"", ""2022-10-14"", ""2022-10-17"", ""2022-10-18"", ""2022-10-19"", ""2022-10-20"", ""2022-10-21"", ""2022-10-24"", ""2022-10-25"", ""2022-10-26"", ""2022-10-27"", ""2022-10-28"", ""2022-10-31"", ""2022-11-01"", ""2022-11-02""]",32400000000000,85794000000000,1,5.0,1.0,18.0
MIX,2022-11-07,included,,"[""2022-10-07"", ""2022-10-10"", ""2022-10-11"", ""2022-10-12"", ""2022-10-13"", ""2022-10-14"", ""2022-10-17"", ""2022-10-18"", ""2022-10-19"", ""2022-10-20"", ""2022-10-21"", ""2022-10-24"", ""2022-10-25"", ""2022-10-26"", ""2022-10-27"", ""2022-10-28"", ""2022-10-31"", ""2022-11-01"", ""2022-11-02"", ""2022-11-03""]",32400000000000,85786000000000,1,4.0,0.0,41.0
MIX,2022-11-08,included,,"[""2022-10-10"", ""2022-10-11"", ""2022-10-12"", ""2022-10-13"", ""2022-10-14"", ""2022-10-17"", ""2022-10-18"", ""2022-10-19"", ""2022-10-20"", ""2022-10-21"", ""2022-10-24"", ""2022-10-25"", ""2022-10-26"", ""2022-10-27"", ""2022-10-28"", ""2022-10-31"", ""2022-11-01"", ""2022-11-02"", ""2022-11-03"", ""2022-11-07""]",32400000000000,85788000000000,1,10.0,1.0,32.0
MIX,2022-11-09,included,,"[""2022-10-11"", ""2022-10-12"", ""2022-10-13"", ""2022-10-14"", ""2022-10-17"", ""2022-10-18"", ""2022-10-19"", ""2022-10-20"", ""2022-10-21"", ""2022-10-24"", ""2022-10-25"", ""2022-10-26"", ""2022-10-27"", ""2022-10-28"", ""2022-10-31"", ""2022-11-01"", ""2022-11-02"", ""2022-11-03"", ""2022-11-07"", ""2022-11-08""]",32400000000000,85791002000000,1,4.0,0.0,0.0
MIX,2022-11-10,included,,"[""2022-10-12"", ""2022-10-13"", ""2022-10-14"", ""2022-10-17"", ""2022-10-18"", ""2022-10-19"", ""2022-10-20"", ""2022-10-21"", ""2022-10-24"", ""2022-10-25"", ""2022-10-26"", ""2022-10-27"", ""2022-10-28"", ""2022-10-31"", ""2022-11-01"", ""2022-11-02"", ""2022-11-03"", ""2022-11-07"", ""2022-11-08"", ""2022-11-09""]",32400000000000,85797000000000,1,10.0,3.0,3.0
MIX,2022-11-11,included,,"[""2022-10-13"", ""2022-10-14"", ""2022-10-17"", ""2022-10-18"", ""2022-10-19"", ""2022-10-20"", ""2022-10-21"", ""2022-10-24"", ""2022-10-25"", ""2022-10-26"", ""2022-10-27"", ""2022-10-28"", ""2022-10-31"", ""2022-11-01"", ""2022-11-02"", ""2022-11-03"", ""2022-11-07"", ""2022-11-08"", ""2022-11-09"", ""2022-11-10""]",32400000000000,85782001000000,1,11.0,2.0,23.0
MIX,2022-11-14,included,,"[""2022-10-14"", ""2022-10-17"", ""2022-10-18"", ""2022-10-19"", ""2022-10-20"", ""2022-10-21"", ""2022-10-24"", ""2022-10-25"", ""2022-10-26"", ""2022-10-27"", ""2022-10-28"", ""2022-10-31"", ""2022-11-01"", ""2022-11-02"", ""2022-11-03"", ""2022-11-07"", ""2022-11-08"", ""2022-11-09"", ""2022-11-10"", ""2022-11-11""]",32401000000000,85778000000000,1,8.0,0.0,1.0
MIX,2022-11-15,included,,"[""2022-10-17"", ""2022-10-18"", ""2022-10-19"", ""2022-10-20"", ""2022-10-21"", ""2022-10-24"", ""2022-10-25"", ""2022-10-26"", ""2022-10-27"", ""2022-10-28"", ""2022-10-31"", ""2022-11-01"", ""2022-11-02"", ""2022-11-03"", ""2022-11-07"", ""2022-11-08"", ""2022-11-09"", ""2022-11-10"", ""2022-11-11"", ""2022-11-14""]",32400000000000,85799005000000,1,9.0,5.0,38.0
MIX,2022-11-16,included,,"[""2022-10-18"", ""2022-10-19"", ""2022-10-20"", ""2022-10-21"", ""2022-10-24"", ""2022-10-25"", ""2022-10-26"", ""2022-10-27"", ""2022-10-28"", ""2022-10-31"", ""2022-11-01"", ""2022-11-02"", ""2022-11-03"", ""2022-11-07"", ""2022-11-08"", ""2022-11-09"", ""2022-11-10"", ""2022-11-11"", ""2022-11-14"", ""2022-11-15""]",32400000000000,85799002000000,1,6.0,5.0,8.0
MIX,2022-11-17,included,,"[""2022-10-19"", ""2022-10-20"", ""2022-10-21"", ""2022-10-24"", ""2022-10-25"", ""2022-10-26"", ""2022-10-27"", ""2022-10-28"", ""2022-10-31"", ""2022-11-01"", ""2022-11-02"", ""2022-11-03"", ""2022-11-07"", ""2022-11-08"", ""2022-11-09"", ""2022-11-10"", ""2022-11-11"", ""2022-11-14"", ""2022-11-15"", ""2022-11-16""]",32402000000000,85798000000000,1,8.0,2.0,6.0
MIX,2022-11-18,included,,"[""2022-10-20"", ""2022-10-21"", ""2022-10-24"", ""2022-10-25"", ""2022-10-26"", ""2022-10-27"", ""2022-10-28"", ""2022-10-31"", ""2022-11-01"", ""2022-11-02"", ""2022-11-03"", ""2022-11-07"", ""2022-11-08"", ""2022-11-09"", ""2022-11-10"", ""2022-11-11"", ""2022-11-14"", ""2022-11-15"", ""2022-11-16"", ""2022-11-17""]",32407000000000,85784000000000,1,3.0,0.0,3.0
MIX,2022-11-21,included,,"[""2022-10-21"", ""2022-10-24"", ""2022-10-25"", ""2022-10-26"", ""2022-10-27"", ""2022-10-28"", ""2022-10-31"", ""2022-11-01"", ""2022-11-02"", ""2022-11-03"", ""2022-11-07"", ""2022-11-08"", ""2022-11-09"", ""2022-11-10"", ""2022-11-11"", ""2022-11-14"", ""2022-11-15"", ""2022-11-16"", ""2022-11-17"", ""2022-11-18""]",32400000000000,85798000000000,1,4.0,4.0,9.0
MIX,2022-11-22,included,,"[""2022-10-24"", ""2022-10-25"", ""2022-10-26"", ""2022-10-27"", ""2022-10-28"", ""2022-10-31"", ""2022-11-01"", ""2022-11-02"", ""2022-11-03"", ""2022-11-07"", ""2022-11-08"", ""2022-11-09"", ""2022-11-10"", ""2022-11-11"", ""2022-11-14"", ""2022-11-15"", ""2022-11-16"", ""2022-11-17"", ""2022-11-18"", ""2022-11-21""]",32402000000000,85799000000000,1,9.0,2.0,1.0
MIX,2022-11-23,included,,"[""2022-10-25"", ""2022-10-26"", ""2022-10-27"", ""2022-10-28"", ""2022-10-31"", ""2022-11-01"", ""2022-11-02"", ""2022-11-03"", ""2022-11-07"", ""2022-11-08"", ""2022-11-09"", ""2022-11-10"", ""2022-11-11"", ""2022-11-14"", ""2022-11-15"", ""2022-11-16"", ""2022-11-17"", ""2022-11-18"", ""2022-11-21"", ""2022-11-22""]",32408000000000,85768001000000,1,7.0,5.0,3.0
MIX,2022-11-24,included,,"[""2022-10-26"", ""2022-10-27"", ""2022-10-28"", ""2022-10-31"", ""2022-11-01"", ""2022-11-02"", ""2022-11-03"", ""2022-11-07"", ""2022-11-08"", ""2022-11-09"", ""2022-11-10"", ""2022-11-11"", ""2022-11-14"", ""2022-11-15"", ""2022-11-16"", ""2022-11-17"", ""2022-11-18"", ""2022-11-21"", ""2022-11-22"", ""2022-11-23""]",32400000000000,85714000000000,1,7.0,1.0,74.0
MIX,2022-11-25,included,,"[""2022-10-27"", ""2022-10-28"", ""2022-10-31"", ""2022-11-01"", ""2022-11-02"", ""2022-11-03"", ""2022-11-07"", ""2022-11-08"", ""2022-11-09"", ""2022-11-10"", ""2022-11-11"", ""2022-11-14"", ""2022-11-15"", ""2022-11-16"", ""2022-11-17"", ""2022-11-18"", ""2022-11-21"", ""2022-11-22"", ""2022-11-23"", ""2022-11-24""]",32422000000000,85742001000000,1,2.0,0.0,10.0
MIX,2022-11-28,included,,"[""2022-10-28"", ""2022-10-31"", ""2022-11-01"", ""2022-11-02"", ""2022-11-03"", ""2022-11-07"", ""2022-11-08"", ""2022-11-09"", ""2022-11-10"", ""2022-11-11"", ""2022-11-14"", ""2022-11-15"", ""2022-11-16"", ""2022-11-17"", ""2022-11-18"", ""2022-11-21"", ""2022-11-22"", ""2022-11-23"", ""2022-11-24"", ""2022-11-25""]",32400000000000,85796000000000,1,7.0,0.0,4.0
MIX,2022-11-29,included,,"[""2022-10-31"", ""2022-11-01"", ""2022-11-02"", ""2022-11-03"", ""2022-11-07"", ""2022-11-08"", ""2022-11-09"", ""2022-11-10"", ""2022-11-11"", ""2022-11-14"", ""2022-11-15"", ""2022-11-16"", ""2022-11-17"", ""2022-11-18"", ""2022-11-21"", ""2022-11-22"", ""2022-11-23"", ""2022-11-24"", ""2022-11-25"", ""2022-11-28""]",32400000000000,85780000000000,1,4.0,0.0,0.0
MIX,2022-11-30,included,,"[""2022-11-01"", ""2022-11-02"", ""2022-11-03"", ""2022-11-07"", ""2022-11-08"", ""2022-11-09"", ""2022-11-10"", ""2022-11-11"", ""2022-11-14"", ""2022-11-15"", ""2022-11-16"", ""2022-11-17"", ""2022-11-18"", ""2022-11-21"", ""2022-11-22"", ""2022-11-23"", ""2022-11-24"", ""2022-11-25"", ""2022-11-28"", ""2022-11-29""]",32404000000000,85797000000000,1,7.0,0.0,9.0
MIX,2022-12-01,included,,"[""2022-11-02"", ""2022-11-03"", ""2022-11-07"", ""2022-11-08"", ""2022-11-09"", ""2022-11-10"", ""2022-11-11"", ""2022-11-14"", ""2022-11-15"", ""2022-11-16"", ""2022-11-17"", ""2022-11-18"", ""2022-11-21"", ""2022-11-22"", ""2022-11-23"", ""2022-11-24"", ""2022-11-25"", ""2022-11-28"", ""2022-11-29"", ""2022-11-30""]",32400000000000,85780000000000,1,6.0,0.0,8.0
MIX,2022-12-02,included,,"[""2022-11-03"", ""2022-11-07"", ""2022-11-08"", ""2022-11-09"", ""2022-11-10"", ""2022-11-11"", ""2022-11-14"", ""2022-11-15"", ""2022-11-16"", ""2022-11-17"", ""2022-11-18"", ""2022-11-21"", ""2022-11-22"", ""2022-11-23"", ""2022-11-24"", ""2022-11-25"", ""2022-11-28"", ""2022-11-29"", ""2022-11-30"", ""2022-12-01""]",32400000000000,85798002000000,1,6.0,0.0,17.0
MIX,2022-12-05,included,,"[""2022-11-07"", ""2022-11-08"", ""2022-11-09"", ""2022-11-10"", ""2022-11-11"", ""2022-11-14"", ""2022-11-15"", ""2022-11-16"", ""2022-11-17"", ""2022-11-18"", ""2022-11-21"", ""2022-11-22"", ""2022-11-23"", ""2022-11-24"", ""2022-11-25"", ""2022-11-28"", ""2022-11-29"", ""2022-11-30"", ""2022-12-01"", ""2022-12-02""]",32400000000000,85787002000000,1,6.0,0.0,21.0
MIX,2022-12-06,included,,"[""2022-11-08"", ""2022-11-09"", ""2022-11-10"", ""2022-11-11"", ""2022-11-14"", ""2022-11-15"", ""2022-11-16"", ""2022-11-17"", ""2022-11-18"", ""2022-11-21"", ""2022-11-22"", ""2022-11-23"", ""2022-11-24"", ""2022-11-25"", ""2022-11-28"", ""2022-11-29"", ""2022-11-30"", ""2022-12-01"", ""2022-12-02"", ""2022-12-05""]",32400000000000,85799000000000,1,12.0,1.0,10.0
MIX,2022-12-07,included,,"[""2022-11-09"", ""2022-11-10"", ""2022-11-11"", ""2022-11-14"", ""2022-11-15"", ""2022-11-16"", ""2022-11-17"", ""2022-11-18"", ""2022-11-21"", ""2022-11-22"", ""2022-11-23"", ""2022-11-24"", ""2022-11-25"", ""2022-11-28"", ""2022-11-29"", ""2022-11-30"", ""2022-12-01"", ""2022-12-02"", ""2022-12-05"", ""2022-12-06""]",32400000000000,85779000000000,1,13.0,2.0,22.0
MIX,2022-12-08,included,,"[""2022-11-10"", ""2022-11-11"", ""2022-11-14"", ""2022-11-15"", ""2022-11-16"", ""2022-11-17"", ""2022-11-18"", ""2022-11-21"", ""2022-11-22"", ""2022-11-23"", ""2022-11-24"", ""2022-11-25"", ""2022-11-28"", ""2022-11-29"", ""2022-11-30"", ""2022-12-01"", ""2022-12-02"", ""2022-12-05"", ""2022-12-06"", ""2022-12-07""]",32400000000000,85772000000000,1,6.0,0.0,19.0
MIX,2022-12-09,included,,"[""2022-11-11"", ""2022-11-14"", ""2022-11-15"", ""2022-11-16"", ""2022-11-17"", ""2022-11-18"", ""2022-11-21"", ""2022-11-22"", ""2022-11-23"", ""2022-11-24"", ""2022-11-25"", ""2022-11-28"", ""2022-11-29"", ""2022-11-30"", ""2022-12-01"", ""2022-12-02"", ""2022-12-05"", ""2022-12-06"", ""2022-12-07"", ""2022-12-08""]",32402000000000,85793000000000,1,9.0,0.0,0.0
MIX,2022-12-12,included,,"[""2022-11-14"", ""2022-11-15"", ""2022-11-16"", ""2022-11-17"", ""2022-11-18"", ""2022-11-21"", ""2022-11-22"", ""2022-11-23"", ""2022-11-24"", ""2022-11-25"", ""2022-11-28"", ""2022-11-29"", ""2022-11-30"", ""2022-12-01"", ""2022-12-02"", ""2022-12-05"", ""2022-12-06"", ""2022-12-07"", ""2022-12-08"", ""2022-12-09""]",32400000000000,85779001000000,1,2.0,0.0,2.0
MIX,2022-12-13,included,,"[""2022-11-15"", ""2022-11-16"", ""2022-11-17"", ""2022-11-18"", ""2022-11-21"", ""2022-11-22"", ""2022-11-23"", ""2022-11-24"", ""2022-11-25"", ""2022-11-28"", ""2022-11-29"", ""2022-11-30"", ""2022-12-01"", ""2022-12-02"", ""2022-12-05"", ""2022-12-06"", ""2022-12-07"", ""2022-12-08"", ""2022-12-09"", ""2022-12-12""]",32400000000000,85794001000000,1,4.0,1.0,27.0
MIX,2022-12-14,included,,"[""2022-11-16"", ""2022-11-17"", ""2022-11-18"", ""2022-11-21"", ""2022-11-22"", ""2022-11-23"", ""2022-11-24"", ""2022-11-25"", ""2022-11-28"", ""2022-11-29"", ""2022-11-30"", ""2022-12-01"", ""2022-12-02"", ""2022-12-05"", ""2022-12-06"", ""2022-12-07"", ""2022-12-08"", ""2022-12-09"", ""2022-12-12"", ""2022-12-13""]",32400000000000,85777003000000,1,5.0,0.0,76.0
MIX,2022-12-15,included,,"[""2022-11-17"", ""2022-11-18"", ""2022-11-21"", ""2022-11-22"", ""2022-11-23"", ""2022-11-24"", ""2022-11-25"", ""2022-11-28"", ""2022-11-29"", ""2022-11-30"", ""2022-12-01"", ""2022-12-02"", ""2022-12-05"", ""2022-12-06"", ""2022-12-07"", ""2022-12-08"", ""2022-12-09"", ""2022-12-12"", ""2022-12-13"", ""2022-12-14""]",32400000000000,85781000000000,1,3.0,2.0,26.0
MIX,2022-12-16,included,,"[""2022-11-18"", ""2022-11-21"", ""2022-11-22"", ""2022-11-23"", ""2022-11-24"", ""2022-11-25"", ""2022-11-28"", ""2022-11-29"", ""2022-11-30"", ""2022-12-01"", ""2022-12-02"", ""2022-12-05"", ""2022-12-06"", ""2022-12-07"", ""2022-12-08"", ""2022-12-09"", ""2022-12-12"", ""2022-12-13"", ""2022-12-14"", ""2022-12-15""]",32406000000000,85799000000000,1,10.0,0.0,1.0
MIX,2022-12-19,included,,"[""2022-11-21"", ""2022-11-22"", ""2022-11-23"", ""2022-11-24"", ""2022-11-25"", ""2022-11-28"", ""2022-11-29"", ""2022-11-30"", ""2022-12-01"", ""2022-12-02"", ""2022-12-05"", ""2022-12-06"", ""2022-12-07"", ""2022-12-08"", ""2022-12-09"", ""2022-12-12"", ""2022-12-13"", ""2022-12-14"", ""2022-12-15"", ""2022-12-16""]",32400000000000,85787000000000,1,4.0,4.0,5.0
MIX,2022-12-20,included,,"[""2022-11-22"", ""2022-11-23"", ""2022-11-24"", ""2022-11-25"", ""2022-11-28"", ""2022-11-29"", ""2022-11-30"", ""2022-12-01"", ""2022-12-02"", ""2022-12-05"", ""2022-12-06"", ""2022-12-07"", ""2022-12-08"", ""2022-12-09"", ""2022-12-12"", ""2022-12-13"", ""2022-12-14"", ""2022-12-15"", ""2022-12-16"", ""2022-12-19""]",32400000000000,85788002000000,1,5.0,5.0,65.0
MIX,2022-12-21,included,,"[""2022-11-23"", ""2022-11-24"", ""2022-11-25"", ""2022-11-28"", ""2022-11-29"", ""2022-11-30"", ""2022-12-01"", ""2022-12-02"", ""2022-12-05"", ""2022-12-06"", ""2022-12-07"", ""2022-12-08"", ""2022-12-09"", ""2022-12-12"", ""2022-12-13"", ""2022-12-14"", ""2022-12-15"", ""2022-12-16"", ""2022-12-19"", ""2022-12-20""]",32400000000000,85791000000000,1,8.0,8.0,18.0
MIX,2022-12-22,included,,"[""2022-11-24"", ""2022-11-25"", ""2022-11-28"", ""2022-11-29"", ""2022-11-30"", ""2022-12-01"", ""2022-12-02"", ""2022-12-05"", ""2022-12-06"", ""2022-12-07"", ""2022-12-08"", ""2022-12-09"", ""2022-12-12"", ""2022-12-13"", ""2022-12-14"", ""2022-12-15"", ""2022-12-16"", ""2022-12-19"", ""2022-12-20"", ""2022-12-21""]",32400000000000,85778002000000,1,3.0,0.0,2.0
MIX,2022-12-23,included,,"[""2022-11-25"", ""2022-11-28"", ""2022-11-29"", ""2022-11-30"", ""2022-12-01"", ""2022-12-02"", ""2022-12-05"", ""2022-12-06"", ""2022-12-07"", ""2022-12-08"", ""2022-12-09"", ""2022-12-12"", ""2022-12-13"", ""2022-12-14"", ""2022-12-15"", ""2022-12-16"", ""2022-12-19"", ""2022-12-20"", ""2022-12-21"", ""2022-12-22""]",32400000000000,85711001000000,1,5.0,0.0,45.0
MIX,2022-12-26,included,,"[""2022-11-28"", ""2022-11-29"", ""2022-11-30"", ""2022-12-01"", ""2022-12-02"", ""2022-12-05"", ""2022-12-06"", ""2022-12-07"", ""2022-12-08"", ""2022-12-09"", ""2022-12-12"", ""2022-12-13"", ""2022-12-14"", ""2022-12-15"", ""2022-12-16"", ""2022-12-19"", ""2022-12-20"", ""2022-12-21"", ""2022-12-22"", ""2022-12-23""]",32405000000000,85799000000000,1,10.0,10.0,6.0
MIX,2022-12-27,included,,"[""2022-11-29"", ""2022-11-30"", ""2022-12-01"", ""2022-12-02"", ""2022-12-05"", ""2022-12-06"", ""2022-12-07"", ""2022-12-08"", ""2022-12-09"", ""2022-12-12"", ""2022-12-13"", ""2022-12-14"", ""2022-12-15"", ""2022-12-16"", ""2022-12-19"", ""2022-12-20"", ""2022-12-21"", ""2022-12-22"", ""2022-12-23"", ""2022-12-26""]",32400000000000,85795001000000,1,4.0,4.0,41.0
MIX,2022-12-28,included,,"[""2022-11-30"", ""2022-12-01"", ""2022-12-02"", ""2022-12-05"", ""2022-12-06"", ""2022-12-07"", ""2022-12-08"", ""2022-12-09"", ""2022-12-12"", ""2022-12-13"", ""2022-12-14"", ""2022-12-15"", ""2022-12-16"", ""2022-12-19"", ""2022-12-20"", ""2022-12-21"", ""2022-12-22"", ""2022-12-23"", ""2022-12-26"", ""2022-12-27""]",32406000000000,85765000000000,1,7.0,7.0,177.0
MIX,2022-12-29,included,,"[""2022-12-01"", ""2022-12-02"", ""2022-12-05"", ""2022-12-06"", ""2022-12-07"", ""2022-12-08"", ""2022-12-09"", ""2022-12-12"", ""2022-12-13"", ""2022-12-14"", ""2022-12-15"", ""2022-12-16"", ""2022-12-19"", ""2022-12-20"", ""2022-12-21"", ""2022-12-22"", ""2022-12-23"", ""2022-12-26"", ""2022-12-27"", ""2022-12-28""]",32400000000000,85794000000000,1,9.0,8.0,18.0
MIX,2022-12-30,included,,"[""2022-12-02"", ""2022-12-05"", ""2022-12-06"", ""2022-12-07"", ""2022-12-08"", ""2022-12-09"", ""2022-12-12"", ""2022-12-13"", ""2022-12-14"", ""2022-12-15"", ""2022-12-16"", ""2022-12-19"", ""2022-12-20"", ""2022-12-21"", ""2022-12-22"", ""2022-12-23"", ""2022-12-26"", ""2022-12-27"", ""2022-12-28"", ""2022-12-29""]",32404000000000,85768000000000,1,8.0,0.0,13.0
MIX,2023-01-03,included,,"[""2022-12-05"", ""2022-12-06"", ""2022-12-07"", ""2022-12-08"", ""2022-12-09"", ""2022-12-12"", ""2022-12-13"", ""2022-12-14"", ""2022-12-15"", ""2022-12-16"", ""2022-12-19"", ""2022-12-20"", ""2022-12-21"", ""2022-12-22"", ""2022-12-23"", ""2022-12-26"", ""2022-12-27"", ""2022-12-28"", ""2022-12-29"", ""2022-12-30""]",32400000000000,85734001000000,1,5.0,0.0,23.0
MIX,2023-01-04,included,,"[""2022-12-06"", ""2022-12-07"", ""2022-12-08"", ""2022-12-09"", ""2022-12-12"", ""2022-12-13"", ""2022-12-14"", ""2022-12-15"", ""2022-12-16"", ""2022-12-19"", ""2022-12-20"", ""2022-12-21"", ""2022-12-22"", ""2022-12-23"", ""2022-12-26"", ""2022-12-27"", ""2022-12-28"", ""2022-12-29"", ""2022-12-30"", ""2023-01-03""]",32403000000000,85763000000000,1,10.0,0.0,75.0
MIX,2023-01-05,included,,"[""2022-12-07"", ""2022-12-08"", ""2022-12-09"", ""2022-12-12"", ""2022-12-13"", ""2022-12-14"", ""2022-12-15"", ""2022-12-16"", ""2022-12-19"", ""2022-12-20"", ""2022-12-21"", ""2022-12-22"", ""2022-12-23"", ""2022-12-26"", ""2022-12-27"", ""2022-12-28"", ""2022-12-29"", ""2022-12-30"", ""2023-01-03"", ""2023-01-04""]",32400000000000,85761002000000,1,4.0,0.0,64.0
MIX,2023-01-06,included,,"[""2022-12-08"", ""2022-12-09"", ""2022-12-12"", ""2022-12-13"", ""2022-12-14"", ""2022-12-15"", ""2022-12-16"", ""2022-12-19"", ""2022-12-20"", ""2022-12-21"", ""2022-12-22"", ""2022-12-23"", ""2022-12-26"", ""2022-12-27"", ""2022-12-28"", ""2022-12-29"", ""2022-12-30"", ""2023-01-03"", ""2023-01-04"", ""2023-01-05""]",32425000000000,85766000000000,1,7.0,1.0,4.0
MIX,2023-01-09,included,,"[""2022-12-09"", ""2022-12-12"", ""2022-12-13"", ""2022-12-14"", ""2022-12-15"", ""2022-12-16"", ""2022-12-19"", ""2022-12-20"", ""2022-12-21"", ""2022-12-22"", ""2022-12-23"", ""2022-12-26"", ""2022-12-27"", ""2022-12-28"", ""2022-12-29"", ""2022-12-30"", ""2023-01-03"", ""2023-01-04"", ""2023-01-05"", ""2023-01-06""]",32400000000000,85743003000000,1,8.0,0.0,216.0
MIX,2023-01-10,included,,"[""2022-12-12"", ""2022-12-13"", ""2022-12-14"", ""2022-12-15"", ""2022-12-16"", ""2022-12-19"", ""2022-12-20"", ""2022-12-21"", ""2022-12-22"", ""2022-12-23"", ""2022-12-26"", ""2022-12-27"", ""2022-12-28"", ""2022-12-29"", ""2022-12-30"", ""2023-01-03"", ""2023-01-04"", ""2023-01-05"", ""2023-01-06"", ""2023-01-09""]",32405000000000,85717000000000,1,3.0,1.0,145.0
MIX,2023-01-11,included,,"[""2022-12-13"", ""2022-12-14"", ""2022-12-15"", ""2022-12-16"", ""2022-12-19"", ""2022-12-20"", ""2022-12-21"", ""2022-12-22"", ""2022-12-23"", ""2022-12-26"", ""2022-12-27"", ""2022-12-28"", ""2022-12-29"", ""2022-12-30"", ""2023-01-03"", ""2023-01-04"", ""2023-01-05"", ""2023-01-06"", ""2023-01-09"", ""2023-01-10""]",32400000000000,85796006000000,1,8.0,8.0,59.0
MIX,2023-01-12,included,,"[""2022-12-14"", ""2022-12-15"", ""2022-12-16"", ""2022-12-19"", ""2022-12-20"", ""2022-12-21"", ""2022-12-22"", ""2022-12-23"", ""2022-12-26"", ""2022-12-27"", ""2022-12-28"", ""2022-12-29"", ""2022-12-30"", ""2023-01-03"", ""2023-01-04"", ""2023-01-05"", ""2023-01-06"", ""2023-01-09"", ""2023-01-10"", ""2023-01-11""]",32400000000000,85787000000000,1,4.0,1.0,56.0
MIX,2023-01-13,included,,"[""2022-12-15"", ""2022-12-16"", ""2022-12-19"", ""2022-12-20"", ""2022-12-21"", ""2022-12-22"", ""2022-12-23"", ""2022-12-26"", ""2022-12-27"", ""2022-12-28"", ""2022-12-29"", ""2022-12-30"", ""2023-01-03"", ""2023-01-04"", ""2023-01-05"", ""2023-01-06"", ""2023-01-09"", ""2023-01-10"", ""2023-01-11"", ""2023-01-12""]",32400000000000,85760001000000,1,8.0,4.0,15.0
MIX,2023-01-16,included,,"[""2022-12-16"", ""2022-12-19"", ""2022-12-20"", ""2022-12-21"", ""2022-12-22"", ""2022-12-23"", ""2022-12-26"", ""2022-12-27"", ""2022-12-28"", ""2022-12-29"", ""2022-12-30"", ""2023-01-03"", ""2023-01-04"", ""2023-01-05"", ""2023-01-06"", ""2023-01-09"", ""2023-01-10"", ""2023-01-11"", ""2023-01-12"", ""2023-01-13""]",32400000000000,85755000000000,1,3.0,0.0,17.0
MIX,2023-01-17,included,,"[""2022-12-19"", ""2022-12-20"", ""2022-12-21"", ""2022-12-22"", ""2022-12-23"", ""2022-12-26"", ""2022-12-27"", ""2022-12-28"", ""2022-12-29"", ""2022-12-30"", ""2023-01-03"", ""2023-01-04"", ""2023-01-05"", ""2023-01-06"", ""2023-01-09"", ""2023-01-10"", ""2023-01-11"", ""2023-01-12"", ""2023-01-13"", ""2023-01-16""]",32401000000000,85793001000000,1,4.0,0.0,3.0
MIX,2023-01-18,included,,"[""2022-12-20"", ""2022-12-21"", ""2022-12-22"", ""2022-12-23"", ""2022-12-26"", ""2022-12-27"", ""2022-12-28"", ""2022-12-29"", ""2022-12-30"", ""2023-01-03"", ""2023-01-04"", ""2023-01-05"", ""2023-01-06"", ""2023-01-09"", ""2023-01-10"", ""2023-01-11"", ""2023-01-12"", ""2023-01-13"", ""2023-01-16"", ""2023-01-17""]",32404000000000,85779003000000,1,6.0,5.0,1.0
MIX,2023-01-19,included,,"[""2022-12-21"", ""2022-12-22"", ""2022-12-23"", ""2022-12-26"", ""2022-12-27"", ""2022-12-28"", ""2022-12-29"", ""2022-12-30"", ""2023-01-03"", ""2023-01-04"", ""2023-01-05"", ""2023-01-06"", ""2023-01-09"", ""2023-01-10"", ""2023-01-11"", ""2023-01-12"", ""2023-01-13"", ""2023-01-16"", ""2023-01-17"", ""2023-01-18""]",32400000000000,85795000000000,1,8.0,8.0,19.0
MIX,2023-01-20,included,,"[""2022-12-22"", ""2022-12-23"", ""2022-12-26"", ""2022-12-27"", ""2022-12-28"", ""2022-12-29"", ""2022-12-30"", ""2023-01-03"", ""2023-01-04"", ""2023-01-05"", ""2023-01-06"", ""2023-01-09"", ""2023-01-10"", ""2023-01-11"", ""2023-01-12"", ""2023-01-13"", ""2023-01-16"", ""2023-01-17"", ""2023-01-18"", ""2023-01-19""]",32400000000000,85781000000000,1,8.0,4.0,74.0
MIX,2023-01-23,included,,"[""2022-12-23"", ""2022-12-26"", ""2022-12-27"", ""2022-12-28"", ""2022-12-29"", ""2022-12-30"", ""2023-01-03"", ""2023-01-04"", ""2023-01-05"", ""2023-01-06"", ""2023-01-09"", ""2023-01-10"", ""2023-01-11"", ""2023-01-12"", ""2023-01-13"", ""2023-01-16"", ""2023-01-17"", ""2023-01-18"", ""2023-01-19"", ""2023-01-20""]",32400000000000,85730000000000,1,7.0,2.0,1.0
MIX,2023-01-24,included,,"[""2022-12-26"", ""2022-12-27"", ""2022-12-28"", ""2022-12-29"", ""2022-12-30"", ""2023-01-03"", ""2023-01-04"", ""2023-01-05"", ""2023-01-06"", ""2023-01-09"", ""2023-01-10"", ""2023-01-11"", ""2023-01-12"", ""2023-01-13"", ""2023-01-16"", ""2023-01-17"", ""2023-01-18"", ""2023-01-19"", ""2023-01-20"", ""2023-01-23""]",32400000000000,85797002000000,1,4.0,3.0,1.0
MIX,2023-01-25,included,,"[""2022-12-27"", ""2022-12-28"", ""2022-12-29"", ""2022-12-30"", ""2023-01-03"", ""2023-01-04"", ""2023-01-05"", ""2023-01-06"", ""2023-01-09"", ""2023-01-10"", ""2023-01-11"", ""2023-01-12"", ""2023-01-13"", ""2023-01-16"", ""2023-01-17"", ""2023-01-18"", ""2023-01-19"", ""2023-01-20"", ""2023-01-23"", ""2023-01-24""]",32410000000000,85775006000000,1,10.0,3.0,39.0
MIX,2023-01-26,included,,"[""2022-12-28"", ""2022-12-29"", ""2022-12-30"", ""2023-01-03"", ""2023-01-04"", ""2023-01-05"", ""2023-01-06"", ""2023-01-09"", ""2023-01-10"", ""2023-01-11"", ""2023-01-12"", ""2023-01-13"", ""2023-01-16"", ""2023-01-17"", ""2023-01-18"", ""2023-01-19"", ""2023-01-20"", ""2023-01-23"", ""2023-01-24"", ""2023-01-25""]",32400000000000,85787005000000,1,9.0,0.0,89.0
MIX,2023-01-27,included,,"[""2022-12-29"", ""2022-12-30"", ""2023-01-03"", ""2023-01-04"", ""2023-01-05"", ""2023-01-06"", ""2023-01-09"", ""2023-01-10"", ""2023-01-11"", ""2023-01-12"", ""2023-01-13"", ""2023-01-16"", ""2023-01-17"", ""2023-01-18"", ""2023-01-19"", ""2023-01-20"", ""2023-01-23"", ""2023-01-24"", ""2023-01-25"", ""2023-01-26""]",32415000000000,85736000000000,1,7.0,0.0,1.0
MIX,2023-01-30,included,,"[""2022-12-30"", ""2023-01-03"", ""2023-01-04"", ""2023-01-05"", ""2023-01-06"", ""2023-01-09"", ""2023-01-10"", ""2023-01-11"", ""2023-01-12"", ""2023-01-13"", ""2023-01-16"", ""2023-01-17"", ""2023-01-18"", ""2023-01-19"", ""2023-01-20"", ""2023-01-23"", ""2023-01-24"", ""2023-01-25"", ""2023-01-26"", ""2023-01-27""]",32400000000000,85798000000000,1,8.0,0.0,24.0
MIX,2023-01-31,included,,"[""2023-01-03"", ""2023-01-04"", ""2023-01-05"", ""2023-01-06"", ""2023-01-09"", ""2023-01-10"", ""2023-01-11"", ""2023-01-12"", ""2023-01-13"", ""2023-01-16"", ""2023-01-17"", ""2023-01-18"", ""2023-01-19"", ""2023-01-20"", ""2023-01-23"", ""2023-01-24"", ""2023-01-25"", ""2023-01-26"", ""2023-01-27"", ""2023-01-30""]",32400000000000,85779003000000,1,2.0,2.0,4.0
MIX,2023-02-01,included,,"[""2023-01-04"", ""2023-01-05"", ""2023-01-06"", ""2023-01-09"", ""2023-01-10"", ""2023-01-11"", ""2023-01-12"", ""2023-01-13"", ""2023-01-16"", ""2023-01-17"", ""2023-01-18"", ""2023-01-19"", ""2023-01-20"", ""2023-01-23"", ""2023-01-24"", ""2023-01-25"", ""2023-01-26"", ""2023-01-27"", ""2023-01-30"", ""2023-01-31""]",32400000000000,85794000000000,1,3.0,3.0,3.0
MIX,2023-02-02,included,,"[""2023-01-05"", ""2023-01-06"", ""2023-01-09"", ""2023-01-10"", ""2023-01-11"", ""2023-01-12"", ""2023-01-13"", ""2023-01-16"", ""2023-01-17"", ""2023-01-18"", ""2023-01-19"", ""2023-01-20"", ""2023-01-23"", ""2023-01-24"", ""2023-01-25"", ""2023-01-26"", ""2023-01-27"", ""2023-01-30"", ""2023-01-31"", ""2023-02-01""]",32400000000000,85771000000000,1,3.0,0.0,19.0
MIX,2023-02-03,included,,"[""2023-01-06"", ""2023-01-09"", ""2023-01-10"", ""2023-01-11"", ""2023-01-12"", ""2023-01-13"", ""2023-01-16"", ""2023-01-17"", ""2023-01-18"", ""2023-01-19"", ""2023-01-20"", ""2023-01-23"", ""2023-01-24"", ""2023-01-25"", ""2023-01-26"", ""2023-01-27"", ""2023-01-30"", ""2023-01-31"", ""2023-02-01"", ""2023-02-02""]",32403000000000,85755000000000,1,4.0,4.0,41.0
MIX,2023-02-06,included,,"[""2023-01-09"", ""2023-01-10"", ""2023-01-11"", ""2023-01-12"", ""2023-01-13"", ""2023-01-16"", ""2023-01-17"", ""2023-01-18"", ""2023-01-19"", ""2023-01-20"", ""2023-01-23"", ""2023-01-24"", ""2023-01-25"", ""2023-01-26"", ""2023-01-27"", ""2023-01-30"", ""2023-01-31"", ""2023-02-01"", ""2023-02-02"", ""2023-02-03""]",32400000000000,85755000000000,1,3.0,2.0,5.0
MIX,2023-02-07,included,,"[""2023-01-10"", ""2023-01-11"", ""2023-01-12"", ""2023-01-13"", ""2023-01-16"", ""2023-01-17"", ""2023-01-18"", ""2023-01-19"", ""2023-01-20"", ""2023-01-23"", ""2023-01-24"", ""2023-01-25"", ""2023-01-26"", ""2023-01-27"", ""2023-01-30"", ""2023-01-31"", ""2023-02-01"", ""2023-02-02"", ""2023-02-03"", ""2023-02-06""]",32402000000000,85740000000000,1,11.0,11.0,2.0
MIX,2023-02-08,included,,"[""2023-01-11"", ""2023-01-12"", ""2023-01-13"", ""2023-01-16"", ""2023-01-17"", ""2023-01-18"", ""2023-01-19"", ""2023-01-20"", ""2023-01-23"", ""2023-01-24"", ""2023-01-25"", ""2023-01-26"", ""2023-01-27"", ""2023-01-30"", ""2023-01-31"", ""2023-02-01"", ""2023-02-02"", ""2023-02-03"", ""2023-02-06"", ""2023-02-07""]",32405000000000,85797002000000,1,3.0,2.0,4.0
MIX,2023-02-09,included,,"[""2023-01-12"", ""2023-01-13"", ""2023-01-16"", ""2023-01-17"", ""2023-01-18"", ""2023-01-19"", ""2023-01-20"", ""2023-01-23"", ""2023-01-24"", ""2023-01-25"", ""2023-01-26"", ""2023-01-27"", ""2023-01-30"", ""2023-01-31"", ""2023-02-01"", ""2023-02-02"", ""2023-02-03"", ""2023-02-06"", ""2023-02-07"", ""2023-02-08""]",32400000000000,85793000000000,1,3.0,3.0,12.0
MIX,2023-02-10,included,,"[""2023-01-13"", ""2023-01-16"", ""2023-01-17"", ""2023-01-18"", ""2023-01-19"", ""2023-01-20"", ""2023-01-23"", ""2023-01-24"", ""2023-01-25"", ""2023-01-26"", ""2023-01-27"", ""2023-01-30"", ""2023-01-31"", ""2023-02-01"", ""2023-02-02"", ""2023-02-03"", ""2023-02-06"", ""2023-02-07"", ""2023-02-08"", ""2023-02-09""]",32411000000000,85797000000000,1,11.0,4.0,74.0
MIX,2023-02-13,included,,"[""2023-01-16"", ""2023-01-17"", ""2023-01-18"", ""2023-01-19"", ""2023-01-20"", ""2023-01-23"", ""2023-01-24"", ""2023-01-25"", ""2023-01-26"", ""2023-01-27"", ""2023-01-30"", ""2023-01-31"", ""2023-02-01"", ""2023-02-02"", ""2023-02-03"", ""2023-02-06"", ""2023-02-07"", ""2023-02-08"", ""2023-02-09"", ""2023-02-10""]",32401000000000,85755000000000,1,7.0,5.0,25.0
MIX,2023-02-14,included,,"[""2023-01-17"", ""2023-01-18"", ""2023-01-19"", ""2023-01-20"", ""2023-01-23"", ""2023-01-24"", ""2023-01-25"", ""2023-01-26"", ""2023-01-27"", ""2023-01-30"", ""2023-01-31"", ""2023-02-01"", ""2023-02-02"", ""2023-02-03"", ""2023-02-06"", ""2023-02-07"", ""2023-02-08"", ""2023-02-09"", ""2023-02-10"", ""2023-02-13""]",32401000000000,85767000000000,1,3.0,3.0,0.0
MIX,2023-02-15,included,,"[""2023-01-18"", ""2023-01-19"", ""2023-01-20"", ""2023-01-23"", ""2023-01-24"", ""2023-01-25"", ""2023-01-26"", ""2023-01-27"", ""2023-01-30"", ""2023-01-31"", ""2023-02-01"", ""2023-02-02"", ""2023-02-03"", ""2023-02-06"", ""2023-02-07"", ""2023-02-08"", ""2023-02-09"", ""2023-02-10"", ""2023-02-13"", ""2023-02-14""]",32400000000000,85795000000000,1,10.0,10.0,1.0
MIX,2023-02-16,included,,"[""2023-01-19"", ""2023-01-20"", ""2023-01-23"", ""2023-01-24"", ""2023-01-25"", ""2023-01-26"", ""2023-01-27"", ""2023-01-30"", ""2023-01-31"", ""2023-02-01"", ""2023-02-02"", ""2023-02-03"", ""2023-02-06"", ""2023-02-07"", ""2023-02-08"", ""2023-02-09"", ""2023-02-10"", ""2023-02-13"", ""2023-02-14"", ""2023-02-15""]",32400000000000,85755000000000,1,10.0,10.0,0.0
MIX,2023-02-17,included,,"[""2023-01-20"", ""2023-01-23"", ""2023-01-24"", ""2023-01-25"", ""2023-01-26"", ""2023-01-27"", ""2023-01-30"", ""2023-01-31"", ""2023-02-01"", ""2023-02-02"", ""2023-02-03"", ""2023-02-06"", ""2023-02-07"", ""2023-02-08"", ""2023-02-09"", ""2023-02-10"", ""2023-02-13"", ""2023-02-14"", ""2023-02-15"", ""2023-02-16""]",32400000000000,85782000000000,1,5.0,5.0,22.0
MIX,2023-02-20,included,,"[""2023-01-23"", ""2023-01-24"", ""2023-01-25"", ""2023-01-26"", ""2023-01-27"", ""2023-01-30"", ""2023-01-31"", ""2023-02-01"", ""2023-02-02"", ""2023-02-03"", ""2023-02-06"", ""2023-02-07"", ""2023-02-08"", ""2023-02-09"", ""2023-02-10"", ""2023-02-13"", ""2023-02-14"", ""2023-02-15"", ""2023-02-16"", ""2023-02-17""]",32402000000000,85799027000000,1,3.0,3.0,1.0
MIX,2023-02-21,included,,"[""2023-01-24"", ""2023-01-25"", ""2023-01-26"", ""2023-01-27"", ""2023-01-30"", ""2023-01-31"", ""2023-02-01"", ""2023-02-02"", ""2023-02-03"", ""2023-02-06"", ""2023-02-07"", ""2023-02-08"", ""2023-02-09"", ""2023-02-10"", ""2023-02-13"", ""2023-02-14"", ""2023-02-15"", ""2023-02-16"", ""2023-02-17"", ""2023-02-20""]",32400000000000,85759002000000,1,5.0,5.0,49.0
MIX,2023-02-22,included,,"[""2023-01-25"", ""2023-01-26"", ""2023-01-27"", ""2023-01-30"", ""2023-01-31"", ""2023-02-01"", ""2023-02-02"", ""2023-02-03"", ""2023-02-06"", ""2023-02-07"", ""2023-02-08"", ""2023-02-09"", ""2023-02-10"", ""2023-02-13"", ""2023-02-14"", ""2023-02-15"", ""2023-02-16"", ""2023-02-17"", ""2023-02-20"", ""2023-02-21""]",32406000000000,85766000000000,1,5.0,3.0,1.0
MIX,2023-02-24,included,,"[""2023-01-26"", ""2023-01-27"", ""2023-01-30"", ""2023-01-31"", ""2023-02-01"", ""2023-02-02"", ""2023-02-03"", ""2023-02-06"", ""2023-02-07"", ""2023-02-08"", ""2023-02-09"", ""2023-02-10"", ""2023-02-13"", ""2023-02-14"", ""2023-02-15"", ""2023-02-16"", ""2023-02-17"", ""2023-02-20"", ""2023-02-21"", ""2023-02-22""]",32402000000000,85799000000000,1,6.0,0.0,41.0
MIX,2023-02-27,included,,"[""2023-01-27"", ""2023-01-30"", ""2023-01-31"", ""2023-02-01"", ""2023-02-02"", ""2023-02-03"", ""2023-02-06"", ""2023-02-07"", ""2023-02-08"", ""2023-02-09"", ""2023-02-10"", ""2023-02-13"", ""2023-02-14"", ""2023-02-15"", ""2023-02-16"", ""2023-02-17"", ""2023-02-20"", ""2023-02-21"", ""2023-02-22"", ""2023-02-24""]",32400000000000,85670000000000,1,3.0,3.0,0.0
MIX,2023-02-28,included,,"[""2023-01-30"", ""2023-01-31"", ""2023-02-01"", ""2023-02-02"", ""2023-02-03"", ""2023-02-06"", ""2023-02-07"", ""2023-02-08"", ""2023-02-09"", ""2023-02-10"", ""2023-02-13"", ""2023-02-14"", ""2023-02-15"", ""2023-02-16"", ""2023-02-17"", ""2023-02-20"", ""2023-02-21"", ""2023-02-22"", ""2023-02-24"", ""2023-02-27""]",32400000000000,85713000000000,1,14.0,11.0,50.0
MIX,2023-03-01,included,,"[""2023-01-31"", ""2023-02-01"", ""2023-02-02"", ""2023-02-03"", ""2023-02-06"", ""2023-02-07"", ""2023-02-08"", ""2023-02-09"", ""2023-02-10"", ""2023-02-13"", ""2023-02-14"", ""2023-02-15"", ""2023-02-16"", ""2023-02-17"", ""2023-02-20"", ""2023-02-21"", ""2023-02-22"", ""2023-02-24"", ""2023-02-27"", ""2023-02-28""]",32412000000000,85761000000000,1,4.0,1.0,58.0
MIX,2023-03-02,included,,"[""2023-02-01"", ""2023-02-02"", ""2023-02-03"", ""2023-02-06"", ""2023-02-07"", ""2023-02-08"", ""2023-02-09"", ""2023-02-10"", ""2023-02-13"", ""2023-02-14"", ""2023-02-15"", ""2023-02-16"", ""2023-02-17"", ""2023-02-20"", ""2023-02-21"", ""2023-02-22"", ""2023-02-24"", ""2023-02-27"", ""2023-02-28"", ""2023-03-01""]",32405000000000,85796000000000,1,5.0,4.0,2.0
MIX,2023-03-03,included,,"[""2023-02-02"", ""2023-02-03"", ""2023-02-06"", ""2023-02-07"", ""2023-02-08"", ""2023-02-09"", ""2023-02-10"", ""2023-02-13"", ""2023-02-14"", ""2023-02-15"", ""2023-02-16"", ""2023-02-17"", ""2023-02-20"", ""2023-02-21"", ""2023-02-22"", ""2023-02-24"", ""2023-02-27"", ""2023-02-28"", ""2023-03-01"", ""2023-03-02""]",32400000000000,85795000000000,1,2.0,0.0,0.0
MIX,2023-03-06,included,,"[""2023-02-03"", ""2023-02-06"", ""2023-02-07"", ""2023-02-08"", ""2023-02-09"", ""2023-02-10"", ""2023-02-13"", ""2023-02-14"", ""2023-02-15"", ""2023-02-16"", ""2023-02-17"", ""2023-02-20"", ""2023-02-21"", ""2023-02-22"", ""2023-02-24"", ""2023-02-27"", ""2023-02-28"", ""2023-03-01"", ""2023-03-02"", ""2023-03-03""]",32400000000000,85774001000000,1,6.0,0.0,34.0
MIX,2023-03-07,included,,"[""2023-02-06"", ""2023-02-07"", ""2023-02-08"", ""2023-02-09"", ""2023-02-10"", ""2023-02-13"", ""2023-02-14"", ""2023-02-15"", ""2023-02-16"", ""2023-02-17"", ""2023-02-20"", ""2023-02-21"", ""2023-02-22"", ""2023-02-24"", ""2023-02-27"", ""2023-02-28"", ""2023-03-01"", ""2023-03-02"", ""2023-03-03"", ""2023-03-06""]",32402000000000,85766003000000,1,6.0,1.0,8.0
MIX,2023-03-09,included,,"[""2023-02-07"", ""2023-02-08"", ""2023-02-09"", ""2023-02-10"", ""2023-02-13"", ""2023-02-14"", ""2023-02-15"", ""2023-02-16"", ""2023-02-17"", ""2023-02-20"", ""2023-02-21"", ""2023-02-22"", ""2023-02-24"", ""2023-02-27"", ""2023-02-28"", ""2023-03-01"", ""2023-03-02"", ""2023-03-03"", ""2023-03-06"", ""2023-03-07""]",32402000000000,85625001000000,1,5.0,5.0,7.0
MIX,2023-03-10,included,,"[""2023-02-08"", ""2023-02-09"", ""2023-02-10"", ""2023-02-13"", ""2023-02-14"", ""2023-02-15"", ""2023-02-16"", ""2023-02-17"", ""2023-02-20"", ""2023-02-21"", ""2023-02-22"", ""2023-02-24"", ""2023-02-27"", ""2023-02-28"", ""2023-03-01"", ""2023-03-02"", ""2023-03-03"", ""2023-03-06"", ""2023-03-07"", ""2023-03-09""]",32400000000000,85796006000000,1,3.0,0.0,59.0
MIX,2023-03-13,included,,"[""2023-02-09"", ""2023-02-10"", ""2023-02-13"", ""2023-02-14"", ""2023-02-15"", ""2023-02-16"", ""2023-02-17"", ""2023-02-20"", ""2023-02-21"", ""2023-02-22"", ""2023-02-24"", ""2023-02-27"", ""2023-02-28"", ""2023-03-01"", ""2023-03-02"", ""2023-03-03"", ""2023-03-06"", ""2023-03-07"", ""2023-03-09"", ""2023-03-10""]",32400000000000,85721001000000,1,2.0,1.0,98.0
MIX,2023-03-14,included,,"[""2023-02-10"", ""2023-02-13"", ""2023-02-14"", ""2023-02-15"", ""2023-02-16"", ""2023-02-17"", ""2023-02-20"", ""2023-02-21"", ""2023-02-22"", ""2023-02-24"", ""2023-02-27"", ""2023-02-28"", ""2023-03-01"", ""2023-03-02"", ""2023-03-03"", ""2023-03-06"", ""2023-03-07"", ""2023-03-09"", ""2023-03-10"", ""2023-03-13""]",32400000000000,85786005000000,1,5.0,0.0,20.0
MIX,2023-03-15,included,,"[""2023-02-13"", ""2023-02-14"", ""2023-02-15"", ""2023-02-16"", ""2023-02-17"", ""2023-02-20"", ""2023-02-21"", ""2023-02-22"", ""2023-02-24"", ""2023-02-27"", ""2023-02-28"", ""2023-03-01"", ""2023-03-02"", ""2023-03-03"", ""2023-03-06"", ""2023-03-07"", ""2023-03-09"", ""2023-03-10"", ""2023-03-13"", ""2023-03-14""]",32401000000000,85762002000000,1,4.0,0.0,41.0
MIX,2023-03-16,included,,"[""2023-02-14"", ""2023-02-15"", ""2023-02-16"", ""2023-02-17"", ""2023-02-20"", ""2023-02-21"", ""2023-02-22"", ""2023-02-24"", ""2023-02-27"", ""2023-02-28"", ""2023-03-01"", ""2023-03-02"", ""2023-03-03"", ""2023-03-06"", ""2023-03-07"", ""2023-03-09"", ""2023-03-10"", ""2023-03-13"", ""2023-03-14"", ""2023-03-15""]",32400000000000,85796003000000,1,9.0,3.0,97.0
MIX,2023-03-17,included,,"[""2023-02-15"", ""2023-02-16"", ""2023-02-17"", ""2023-02-20"", ""2023-02-21"", ""2023-02-22"", ""2023-02-24"", ""2023-02-27"", ""2023-02-28"", ""2023-03-01"", ""2023-03-02"", ""2023-03-03"", ""2023-03-06"", ""2023-03-07"", ""2023-03-09"", ""2023-03-10"", ""2023-03-13"", ""2023-03-14"", ""2023-03-15"", ""2023-03-16""]",32400000000000,85785000000000,1,6.0,6.0,0.0
MIX,2023-03-20,included,,"[""2023-02-16"", ""2023-02-17"", ""2023-02-20"", ""2023-02-21"", ""2023-02-22"", ""2023-02-24"", ""2023-02-27"", ""2023-02-28"", ""2023-03-01"", ""2023-03-02"", ""2023-03-03"", ""2023-03-06"", ""2023-03-07"", ""2023-03-09"", ""2023-03-10"", ""2023-03-13"", ""2023-03-14"", ""2023-03-15"", ""2023-03-16"", ""2023-03-17""]",32400000000000,85797000000000,1,3.0,3.0,20.0
MIX,2023-03-21,included,,"[""2023-02-17"", ""2023-02-20"", ""2023-02-21"", ""2023-02-22"", ""2023-02-24"", ""2023-02-27"", ""2023-02-28"", ""2023-03-01"", ""2023-03-02"", ""2023-03-03"", ""2023-03-06"", ""2023-03-07"", ""2023-03-09"", ""2023-03-10"", ""2023-03-13"", ""2023-03-14"", ""2023-03-15"", ""2023-03-16"", ""2023-03-17"", ""2023-03-20""]",32401000000000,85755000000000,1,5.0,5.0,20.0
MIX,2023-03-22,included,,"[""2023-02-20"", ""2023-02-21"", ""2023-02-22"", ""2023-02-24"", ""2023-02-27"", ""2023-02-28"", ""2023-03-01"", ""2023-03-02"", ""2023-03-03"", ""2023-03-06"", ""2023-03-07"", ""2023-03-09"", ""2023-03-10"", ""2023-03-13"", ""2023-03-14"", ""2023-03-15"", ""2023-03-16"", ""2023-03-17"", ""2023-03-20"", ""2023-03-21""]",32401000000000,85742000000000,1,5.0,5.0,197.0
MIX,2023-03-23,included,,"[""2023-02-21"", ""2023-02-22"", ""2023-02-24"", ""2023-02-27"", ""2023-02-28"", ""2023-03-01"", ""2023-03-02"", ""2023-03-03"", ""2023-03-06"", ""2023-03-07"", ""2023-03-09"", ""2023-03-10"", ""2023-03-13"", ""2023-03-14"", ""2023-03-15"", ""2023-03-16"", ""2023-03-17"", ""2023-03-20"", ""2023-03-21"", ""2023-03-22""]",32400000000000,85756000000000,1,7.0,2.0,26.0
MIX,2023-03-24,included,,"[""2023-02-22"", ""2023-02-24"", ""2023-02-27"", ""2023-02-28"", ""2023-03-01"", ""2023-03-02"", ""2023-03-03"", ""2023-03-06"", ""2023-03-07"", ""2023-03-09"", ""2023-03-10"", ""2023-03-13"", ""2023-03-14"", ""2023-03-15"", ""2023-03-16"", ""2023-03-17"", ""2023-03-20"", ""2023-03-21"", ""2023-03-22"", ""2023-03-23""]",32414000000000,85775000000000,1,7.0,0.0,18.0
MIX,2023-03-27,included,,"[""2023-02-24"", ""2023-02-27"", ""2023-02-28"", ""2023-03-01"", ""2023-03-02"", ""2023-03-03"", ""2023-03-06"", ""2023-03-07"", ""2023-03-09"", ""2023-03-10"", ""2023-03-13"", ""2023-03-14"", ""2023-03-15"", ""2023-03-16"", ""2023-03-17"", ""2023-03-20"", ""2023-03-21"", ""2023-03-22"", ""2023-03-23"", ""2023-03-24""]",32400000000000,85763001000000,1,0.0,0.0,7.0
MIX,2023-03-28,included,,"[""2023-02-27"", ""2023-02-28"", ""2023-03-01"", ""2023-03-02"", ""2023-03-03"", ""2023-03-06"", ""2023-03-07"", ""2023-03-09"", ""2023-03-10"", ""2023-03-13"", ""2023-03-14"", ""2023-03-15"", ""2023-03-16"", ""2023-03-17"", ""2023-03-20"", ""2023-03-21"", ""2023-03-22"", ""2023-03-23"", ""2023-03-24"", ""2023-03-27""]",32400000000000,85792001000000,1,4.0,4.0,15.0
MIX,2023-03-29,included,,"[""2023-02-28"", ""2023-03-01"", ""2023-03-02"", ""2023-03-03"", ""2023-03-06"", ""2023-03-07"", ""2023-03-09"", ""2023-03-10"", ""2023-03-13"", ""2023-03-14"", ""2023-03-15"", ""2023-03-16"", ""2023-03-17"", ""2023-03-20"", ""2023-03-21"", ""2023-03-22"", ""2023-03-23"", ""2023-03-24"", ""2023-03-27"", ""2023-03-28""]",32400000000000,85752000000000,1,5.0,5.0,13.0
MIX,2023-03-30,included,,"[""2023-03-01"", ""2023-03-02"", ""2023-03-03"", ""2023-03-06"", ""2023-03-07"", ""2023-03-09"", ""2023-03-10"", ""2023-03-13"", ""2023-03-14"", ""2023-03-15"", ""2023-03-16"", ""2023-03-17"", ""2023-03-20"", ""2023-03-21"", ""2023-03-22"", ""2023-03-23"", ""2023-03-24"", ""2023-03-27"", ""2023-03-28"", ""2023-03-29""]",32429000000000,85781000000000,1,5.0,5.0,20.0
MIX,2023-03-31,included,,"[""2023-03-02"", ""2023-03-03"", ""2023-03-06"", ""2023-03-07"", ""2023-03-09"", ""2023-03-10"", ""2023-03-13"", ""2023-03-14"", ""2023-03-15"", ""2023-03-16"", ""2023-03-17"", ""2023-03-20"", ""2023-03-21"", ""2023-03-22"", ""2023-03-23"", ""2023-03-24"", ""2023-03-27"", ""2023-03-28"", ""2023-03-29"", ""2023-03-30""]",32400000000000,85798001000000,1,2.0,1.0,13.0
MIX,2023-04-03,included,,"[""2023-03-03"", ""2023-03-06"", ""2023-03-07"", ""2023-03-09"", ""2023-03-10"", ""2023-03-13"", ""2023-03-14"", ""2023-03-15"", ""2023-03-16"", ""2023-03-17"", ""2023-03-20"", ""2023-03-21"", ""2023-03-22"", ""2023-03-23"", ""2023-03-24"", ""2023-03-27"", ""2023-03-28"", ""2023-03-29"", ""2023-03-30"", ""2023-03-31""]",32400000000000,85728003000000,1,9.0,7.0,0.0
MIX,2023-04-04,included,,"[""2023-03-06"", ""2023-03-07"", ""2023-03-09"", ""2023-03-10"", ""2023-03-13"", ""2023-03-14"", ""2023-03-15"", ""2023-03-16"", ""2023-03-17"", ""2023-03-20"", ""2023-03-21"", ""2023-03-22"", ""2023-03-23"", ""2023-03-24"", ""2023-03-27"", ""2023-03-28"", ""2023-03-29"", ""2023-03-30"", ""2023-03-31"", ""2023-04-03""]",32400000000000,85753000000000,1,4.0,4.0,10.0
MIX,2023-04-05,included,,"[""2023-03-07"", ""2023-03-09"", ""2023-03-10"", ""2023-03-13"", ""2023-03-14"", ""2023-03-15"", ""2023-03-16"", ""2023-03-17"", ""2023-03-20"", ""2023-03-21"", ""2023-03-22"", ""2023-03-23"", ""2023-03-24"", ""2023-03-27"", ""2023-03-28"", ""2023-03-29"", ""2023-03-30"", ""2023-03-31"", ""2023-04-03"", ""2023-04-04""]",32400000000000,85790003000000,1,5.0,5.0,0.0
MIX,2023-04-06,included,,"[""2023-03-09"", ""2023-03-10"", ""2023-03-13"", ""2023-03-14"", ""2023-03-15"", ""2023-03-16"", ""2023-03-17"", ""2023-03-20"", ""2023-03-21"", ""2023-03-22"", ""2023-03-23"", ""2023-03-24"", ""2023-03-27"", ""2023-03-28"", ""2023-03-29"", ""2023-03-30"", ""2023-03-31"", ""2023-04-03"", ""2023-04-04"", ""2023-04-05""]",32401000000000,85791000000000,1,5.0,5.0,6.0
MIX,2023-04-07,included,,"[""2023-03-10"", ""2023-03-13"", ""2023-03-14"", ""2023-03-15"", ""2023-03-16"", ""2023-03-17"", ""2023-03-20"", ""2023-03-21"", ""2023-03-22"", ""2023-03-23"", ""2023-03-24"", ""2023-03-27"", ""2023-03-28"", ""2023-03-29"", ""2023-03-30"", ""2023-03-31"", ""2023-04-03"", ""2023-04-04"", ""2023-04-05"", ""2023-04-06""]",32400000000000,85772000000000,1,4.0,2.0,79.0
MIX,2023-04-10,included,,"[""2023-03-13"", ""2023-03-14"", ""2023-03-15"", ""2023-03-16"", ""2023-03-17"", ""2023-03-20"", ""2023-03-21"", ""2023-03-22"", ""2023-03-23"", ""2023-03-24"", ""2023-03-27"", ""2023-03-28"", ""2023-03-29"", ""2023-03-30"", ""2023-03-31"", ""2023-04-03"", ""2023-04-04"", ""2023-04-05"", ""2023-04-06"", ""2023-04-07""]",32400000000000,85793004000000,1,6.0,6.0,1.0
MIX,2023-04-11,included,,"[""2023-03-14"", ""2023-03-15"", ""2023-03-16"", ""2023-03-17"", ""2023-03-20"", ""2023-03-21"", ""2023-03-22"", ""2023-03-23"", ""2023-03-24"", ""2023-03-27"", ""2023-03-28"", ""2023-03-29"", ""2023-03-30"", ""2023-03-31"", ""2023-04-03"", ""2023-04-04"", ""2023-04-05"", ""2023-04-06"", ""2023-04-07"", ""2023-04-10""]",32400000000000,85798000000000,1,5.0,5.0,23.0
MIX,2023-04-12,included,,"[""2023-03-15"", ""2023-03-16"", ""2023-03-17"", ""2023-03-20"", ""2023-03-21"", ""2023-03-22"", ""2023-03-23"", ""2023-03-24"", ""2023-03-27"", ""2023-03-28"", ""2023-03-29"", ""2023-03-30"", ""2023-03-31"", ""2023-04-03"", ""2023-04-04"", ""2023-04-05"", ""2023-04-06"", ""2023-04-07"", ""2023-04-10"", ""2023-04-11""]",32400000000000,85750004000000,1,5.0,5.0,1.0
MIX,2023-04-13,included,,"[""2023-03-16"", ""2023-03-17"", ""2023-03-20"", ""2023-03-21"", ""2023-03-22"", ""2023-03-23"", ""2023-03-24"", ""2023-03-27"", ""2023-03-28"", ""2023-03-29"", ""2023-03-30"", ""2023-03-31"", ""2023-04-03"", ""2023-04-04"", ""2023-04-05"", ""2023-04-06"", ""2023-04-07"", ""2023-04-10"", ""2023-04-11"", ""2023-04-12""]",32408000000000,85792000000000,1,11.0,0.0,1.0
MIX,2023-04-14,included,,"[""2023-03-17"", ""2023-03-20"", ""2023-03-21"", ""2023-03-22"", ""2023-03-23"", ""2023-03-24"", ""2023-03-27"", ""2023-03-28"", ""2023-03-29"", ""2023-03-30"", ""2023-03-31"", ""2023-04-03"", ""2023-04-04"", ""2023-04-05"", ""2023-04-06"", ""2023-04-07"", ""2023-04-10"", ""2023-04-11"", ""2023-04-12"", ""2023-04-13""]",32405000000000,85796000000000,1,7.0,0.0,2.0
MIX,2023-04-17,included,,"[""2023-03-20"", ""2023-03-21"", ""2023-03-22"", ""2023-03-23"", ""2023-03-24"", ""2023-03-27"", ""2023-03-28"", ""2023-03-29"", ""2023-03-30"", ""2023-03-31"", ""2023-04-03"", ""2023-04-04"", ""2023-04-05"", ""2023-04-06"", ""2023-04-07"", ""2023-04-10"", ""2023-04-11"", ""2023-04-12"", ""2023-04-13"", ""2023-04-14""]",32400000000000,85771001000000,1,6.0,6.0,17.0
MIX,2023-04-18,included,,"[""2023-03-21"", ""2023-03-22"", ""2023-03-23"", ""2023-03-24"", ""2023-03-27"", ""2023-03-28"", ""2023-03-29"", ""2023-03-30"", ""2023-03-31"", ""2023-04-03"", ""2023-04-04"", ""2023-04-05"", ""2023-04-06"", ""2023-04-07"", ""2023-04-10"", ""2023-04-11"", ""2023-04-12"", ""2023-04-13"", ""2023-04-14"", ""2023-04-17""]",32401000000000,85793003000000,1,3.0,1.0,11.0
MIX,2023-04-19,included,,"[""2023-03-22"", ""2023-03-23"", ""2023-03-24"", ""2023-03-27"", ""2023-03-28"", ""2023-03-29"", ""2023-03-30"", ""2023-03-31"", ""2023-04-03"", ""2023-04-04"", ""2023-04-05"", ""2023-04-06"", ""2023-04-07"", ""2023-04-10"", ""2023-04-11"", ""2023-04-12"", ""2023-04-13"", ""2023-04-14"", ""2023-04-17"", ""2023-04-18""]",32400000000000,85795000000000,1,8.0,7.0,1.0
MIX,2023-04-20,included,,"[""2023-03-23"", ""2023-03-24"", ""2023-03-27"", ""2023-03-28"", ""2023-03-29"", ""2023-03-30"", ""2023-03-31"", ""2023-04-03"", ""2023-04-04"", ""2023-04-05"", ""2023-04-06"", ""2023-04-07"", ""2023-04-10"", ""2023-04-11"", ""2023-04-12"", ""2023-04-13"", ""2023-04-14"", ""2023-04-17"", ""2023-04-18"", ""2023-04-19""]",32400000000000,85776000000000,1,6.0,6.0,2.0
MIX,2023-04-21,included,,"[""2023-03-24"", ""2023-03-27"", ""2023-03-28"", ""2023-03-29"", ""2023-03-30"", ""2023-03-31"", ""2023-04-03"", ""2023-04-04"", ""2023-04-05"", ""2023-04-06"", ""2023-04-07"", ""2023-04-10"", ""2023-04-11"", ""2023-04-12"", ""2023-04-13"", ""2023-04-14"", ""2023-04-17"", ""2023-04-18"", ""2023-04-19"", ""2023-04-20""]",32401000000000,85795002000000,1,6.0,6.0,1.0
MIX,2023-04-24,included,,"[""2023-03-27"", ""2023-03-28"", ""2023-03-29"", ""2023-03-30"", ""2023-03-31"", ""2023-04-03"", ""2023-04-04"", ""2023-04-05"", ""2023-04-06"", ""2023-04-07"", ""2023-04-10"", ""2023-04-11"", ""2023-04-12"", ""2023-04-13"", ""2023-04-14"", ""2023-04-17"", ""2023-04-18"", ""2023-04-19"", ""2023-04-20"", ""2023-04-21""]",32400000000000,85785000000000,1,2.0,1.0,1.0
MIX,2023-04-25,included,,"[""2023-03-28"", ""2023-03-29"", ""2023-03-30"", ""2023-03-31"", ""2023-04-03"", ""2023-04-04"", ""2023-04-05"", ""2023-04-06"", ""2023-04-07"", ""2023-04-10"", ""2023-04-11"", ""2023-04-12"", ""2023-04-13"", ""2023-04-14"", ""2023-04-17"", ""2023-04-18"", ""2023-04-19"", ""2023-04-20"", ""2023-04-21"", ""2023-04-24""]",32400000000000,85788000000000,1,10.0,0.0,2.0
MIX,2023-04-26,included,,"[""2023-03-29"", ""2023-03-30"", ""2023-03-31"", ""2023-04-03"", ""2023-04-04"", ""2023-04-05"", ""2023-04-06"", ""2023-04-07"", ""2023-04-10"", ""2023-04-11"", ""2023-04-12"", ""2023-04-13"", ""2023-04-14"", ""2023-04-17"", ""2023-04-18"", ""2023-04-19"", ""2023-04-20"", ""2023-04-21"", ""2023-04-24"", ""2023-04-25""]",32401000000000,85793000000000,1,2.0,0.0,80.0
MIX,2023-04-27,included,,"[""2023-03-30"", ""2023-03-31"", ""2023-04-03"", ""2023-04-04"", ""2023-04-05"", ""2023-04-06"", ""2023-04-07"", ""2023-04-10"", ""2023-04-11"", ""2023-04-12"", ""2023-04-13"", ""2023-04-14"", ""2023-04-17"", ""2023-04-18"", ""2023-04-19"", ""2023-04-20"", ""2023-04-21"", ""2023-04-24"", ""2023-04-25"", ""2023-04-26""]",32401000000000,85797002000000,1,5.0,0.0,72.0
MIX,2023-04-28,included,,"[""2023-03-31"", ""2023-04-03"", ""2023-04-04"", ""2023-04-05"", ""2023-04-06"", ""2023-04-07"", ""2023-04-10"", ""2023-04-11"", ""2023-04-12"", ""2023-04-13"", ""2023-04-14"", ""2023-04-17"", ""2023-04-18"", ""2023-04-19"", ""2023-04-20"", ""2023-04-21"", ""2023-04-24"", ""2023-04-25"", ""2023-04-26"", ""2023-04-27""]",32400000000000,85788001000000,1,2.0,1.0,1.0
MIX,2023-05-02,included,,"[""2023-04-03"", ""2023-04-04"", ""2023-04-05"", ""2023-04-06"", ""2023-04-07"", ""2023-04-10"", ""2023-04-11"", ""2023-04-12"", ""2023-04-13"", ""2023-04-14"", ""2023-04-17"", ""2023-04-18"", ""2023-04-19"", ""2023-04-20"", ""2023-04-21"", ""2023-04-24"", ""2023-04-25"", ""2023-04-26"", ""2023-04-27"", ""2023-04-28""]",32400000000000,85799002000000,1,3.0,0.0,1.0
MIX,2023-05-03,included,,"[""2023-04-04"", ""2023-04-05"", ""2023-04-06"", ""2023-04-07"", ""2023-04-10"", ""2023-04-11"", ""2023-04-12"", ""2023-04-13"", ""2023-04-14"", ""2023-04-17"", ""2023-04-18"", ""2023-04-19"", ""2023-04-20"", ""2023-04-21"", ""2023-04-24"", ""2023-04-25"", ""2023-04-26"", ""2023-04-27"", ""2023-04-28"", ""2023-05-02""]",32400000000000,85769000000000,1,2.0,2.0,1.0
MIX,2023-05-04,included,,"[""2023-04-05"", ""2023-04-06"", ""2023-04-07"", ""2023-04-10"", ""2023-04-11"", ""2023-04-12"", ""2023-04-13"", ""2023-04-14"", ""2023-04-17"", ""2023-04-18"", ""2023-04-19"", ""2023-04-20"", ""2023-04-21"", ""2023-04-24"", ""2023-04-25"", ""2023-04-26"", ""2023-04-27"", ""2023-04-28"", ""2023-05-02"", ""2023-05-03""]",32400000000000,85790000000000,1,7.0,7.0,1.0
MIX,2023-05-05,included,,"[""2023-04-06"", ""2023-04-07"", ""2023-04-10"", ""2023-04-11"", ""2023-04-12"", ""2023-04-13"", ""2023-04-14"", ""2023-04-17"", ""2023-04-18"", ""2023-04-19"", ""2023-04-20"", ""2023-04-21"", ""2023-04-24"", ""2023-04-25"", ""2023-04-26"", ""2023-04-27"", ""2023-04-28"", ""2023-05-02"", ""2023-05-03"", ""2023-05-04""]",32400000000000,85797000000000,1,6.0,6.0,57.0
MIX,2023-05-08,included,,"[""2023-04-07"", ""2023-04-10"", ""2023-04-11"", ""2023-04-12"", ""2023-04-13"", ""2023-04-14"", ""2023-04-17"", ""2023-04-18"", ""2023-04-19"", ""2023-04-20"", ""2023-04-21"", ""2023-04-24"", ""2023-04-25"", ""2023-04-26"", ""2023-04-27"", ""2023-04-28"", ""2023-05-02"", ""2023-05-03"", ""2023-05-04"", ""2023-05-05""]",32405000000000,85787000000000,1,5.0,0.0,1.0
MIX,2023-05-10,included,,"[""2023-04-10"", ""2023-04-11"", ""2023-04-12"", ""2023-04-13"", ""2023-04-14"", ""2023-04-17"", ""2023-04-18"", ""2023-04-19"", ""2023-04-20"", ""2023-04-21"", ""2023-04-24"", ""2023-04-25"", ""2023-04-26"", ""2023-04-27"", ""2023-04-28"", ""2023-05-02"", ""2023-05-03"", ""2023-05-04"", ""2023-05-05"", ""2023-05-08""]",32400000000000,85797000000000,1,4.0,4.0,61.0
MIX,2023-05-11,included,,"[""2023-04-11"", ""2023-04-12"", ""2023-04-13"", ""2023-04-14"", ""2023-04-17"", ""2023-04-18"", ""2023-04-19"", ""2023-04-20"", ""2023-04-21"", ""2023-04-24"", ""2023-04-25"", ""2023-04-26"", ""2023-04-27"", ""2023-04-28"", ""2023-05-02"", ""2023-05-03"", ""2023-05-04"", ""2023-05-05"", ""2023-05-08"", ""2023-05-10""]",32400000000000,85799000000000,1,6.0,6.0,1.0
MIX,2023-05-12,included,,"[""2023-04-12"", ""2023-04-13"", ""2023-04-14"", ""2023-04-17"", ""2023-04-18"", ""2023-04-19"", ""2023-04-20"", ""2023-04-21"", ""2023-04-24"", ""2023-04-25"", ""2023-04-26"", ""2023-04-27"", ""2023-04-28"", ""2023-05-02"", ""2023-05-03"", ""2023-05-04"", ""2023-05-05"", ""2023-05-08"", ""2023-05-10"", ""2023-05-11""]",32400000000000,85793000000000,1,10.0,10.0,14.0
MIX,2023-05-15,included,,"[""2023-04-13"", ""2023-04-14"", ""2023-04-17"", ""2023-04-18"", ""2023-04-19"", ""2023-04-20"", ""2023-04-21"", ""2023-04-24"", ""2023-04-25"", ""2023-04-26"", ""2023-04-27"", ""2023-04-28"", ""2023-05-02"", ""2023-05-03"", ""2023-05-04"", ""2023-05-05"", ""2023-05-08"", ""2023-05-10"", ""2023-05-11"", ""2023-05-12""]",32400000000000,85798000000000,1,4.0,4.0,1.0
MIX,2023-05-16,included,,"[""2023-04-14"", ""2023-04-17"", ""2023-04-18"", ""2023-04-19"", ""2023-04-20"", ""2023-04-21"", ""2023-04-24"", ""2023-04-25"", ""2023-04-26"", ""2023-04-27"", ""2023-04-28"", ""2023-05-02"", ""2023-05-03"", ""2023-05-04"", ""2023-05-05"", ""2023-05-08"", ""2023-05-10"", ""2023-05-11"", ""2023-05-12"", ""2023-05-15""]",32400000000000,85799000000000,1,9.0,9.0,83.0
MIX,2023-05-17,included,,"[""2023-04-17"", ""2023-04-18"", ""2023-04-19"", ""2023-04-20"", ""2023-04-21"", ""2023-04-24"", ""2023-04-25"", ""2023-04-26"", ""2023-04-27"", ""2023-04-28"", ""2023-05-02"", ""2023-05-03"", ""2023-05-04"", ""2023-05-05"", ""2023-05-08"", ""2023-05-10"", ""2023-05-11"", ""2023-05-12"", ""2023-05-15"", ""2023-05-16""]",32400000000000,85775004000000,1,7.0,0.0,2.0
MIX,2023-05-18,included,,"[""2023-04-18"", ""2023-04-19"", ""2023-04-20"", ""2023-04-21"", ""2023-04-24"", ""2023-04-25"", ""2023-04-26"", ""2023-04-27"", ""2023-04-28"", ""2023-05-02"", ""2023-05-03"", ""2023-05-04"", ""2023-05-05"", ""2023-05-08"", ""2023-05-10"", ""2023-05-11"", ""2023-05-12"", ""2023-05-15"", ""2023-05-16"", ""2023-05-17""]",32400000000000,85786000000000,1,6.0,4.0,0.0
MIX,2023-05-19,included,,"[""2023-04-19"", ""2023-04-20"", ""2023-04-21"", ""2023-04-24"", ""2023-04-25"", ""2023-04-26"", ""2023-04-27"", ""2023-04-28"", ""2023-05-02"", ""2023-05-03"", ""2023-05-04"", ""2023-05-05"", ""2023-05-08"", ""2023-05-10"", ""2023-05-11"", ""2023-05-12"", ""2023-05-15"", ""2023-05-16"", ""2023-05-17"", ""2023-05-18""]",32400000000000,85793000000000,1,6.0,5.0,13.0
MIX,2023-05-22,included,,"[""2023-04-20"", ""2023-04-21"", ""2023-04-24"", ""2023-04-25"", ""2023-04-26"", ""2023-04-27"", ""2023-04-28"", ""2023-05-02"", ""2023-05-03"", ""2023-05-04"", ""2023-05-05"", ""2023-05-08"", ""2023-05-10"", ""2023-05-11"", ""2023-05-12"", ""2023-05-15"", ""2023-05-16"", ""2023-05-17"", ""2023-05-18"", ""2023-05-19""]",32401000000000,85796000000000,1,2.0,0.0,1.0
MIX,2023-05-23,included,,"[""2023-04-21"", ""2023-04-24"", ""2023-04-25"", ""2023-04-26"", ""2023-04-27"", ""2023-04-28"", ""2023-05-02"", ""2023-05-03"", ""2023-05-04"", ""2023-05-05"", ""2023-05-08"", ""2023-05-10"", ""2023-05-11"", ""2023-05-12"", ""2023-05-15"", ""2023-05-16"", ""2023-05-17"", ""2023-05-18"", ""2023-05-19"", ""2023-05-22""]",32400000000000,85798000000000,1,4.0,2.0,17.0
MIX,2023-05-24,included,,"[""2023-04-24"", ""2023-04-25"", ""2023-04-26"", ""2023-04-27"", ""2023-04-28"", ""2023-05-02"", ""2023-05-03"", ""2023-05-04"", ""2023-05-05"", ""2023-05-08"", ""2023-05-10"", ""2023-05-11"", ""2023-05-12"", ""2023-05-15"", ""2023-05-16"", ""2023-05-17"", ""2023-05-18"", ""2023-05-19"", ""2023-05-22"", ""2023-05-23""]",32400000000000,85755000000000,1,4.0,1.0,0.0
MIX,2023-05-25,included,,"[""2023-04-25"", ""2023-04-26"", ""2023-04-27"", ""2023-04-28"", ""2023-05-02"", ""2023-05-03"", ""2023-05-04"", ""2023-05-05"", ""2023-05-08"", ""2023-05-10"", ""2023-05-11"", ""2023-05-12"", ""2023-05-15"", ""2023-05-16"", ""2023-05-17"", ""2023-05-18"", ""2023-05-19"", ""2023-05-22"", ""2023-05-23"", ""2023-05-24""]",32400000000000,85794000000000,1,4.0,0.0,9.0
MIX,2023-05-26,included,,"[""2023-04-26"", ""2023-04-27"", ""2023-04-28"", ""2023-05-02"", ""2023-05-03"", ""2023-05-04"", ""2023-05-05"", ""2023-05-08"", ""2023-05-10"", ""2023-05-11"", ""2023-05-12"", ""2023-05-15"", ""2023-05-16"", ""2023-05-17"", ""2023-05-18"", ""2023-05-19"", ""2023-05-22"", ""2023-05-23"", ""2023-05-24"", ""2023-05-25""]",32413000000000,85783000000000,1,3.0,0.0,32.0
MIX,2023-05-29,included,,"[""2023-04-27"", ""2023-04-28"", ""2023-05-02"", ""2023-05-03"", ""2023-05-04"", ""2023-05-05"", ""2023-05-08"", ""2023-05-10"", ""2023-05-11"", ""2023-05-12"", ""2023-05-15"", ""2023-05-16"", ""2023-05-17"", ""2023-05-18"", ""2023-05-19"", ""2023-05-22"", ""2023-05-23"", ""2023-05-24"", ""2023-05-25"", ""2023-05-26""]",32400000000000,85797000000000,1,4.0,0.0,0.0
MIX,2023-05-30,included,,"[""2023-04-28"", ""2023-05-02"", ""2023-05-03"", ""2023-05-04"", ""2023-05-05"", ""2023-05-08"", ""2023-05-10"", ""2023-05-11"", ""2023-05-12"", ""2023-05-15"", ""2023-05-16"", ""2023-05-17"", ""2023-05-18"", ""2023-05-19"", ""2023-05-22"", ""2023-05-23"", ""2023-05-24"", ""2023-05-25"", ""2023-05-26"", ""2023-05-29""]",32400000000000,85784000000000,1,6.0,6.0,3.0
MIX,2023-05-31,included,,"[""2023-05-02"", ""2023-05-03"", ""2023-05-04"", ""2023-05-05"", ""2023-05-08"", ""2023-05-10"", ""2023-05-11"", ""2023-05-12"", ""2023-05-15"", ""2023-05-16"", ""2023-05-17"", ""2023-05-18"", ""2023-05-19"", ""2023-05-22"", ""2023-05-23"", ""2023-05-24"", ""2023-05-25"", ""2023-05-26"", ""2023-05-29"", ""2023-05-30""]",32400000000000,85785000000000,1,3.0,2.0,7.0
MIX,2023-06-01,included,,"[""2023-05-03"", ""2023-05-04"", ""2023-05-05"", ""2023-05-08"", ""2023-05-10"", ""2023-05-11"", ""2023-05-12"", ""2023-05-15"", ""2023-05-16"", ""2023-05-17"", ""2023-05-18"", ""2023-05-19"", ""2023-05-22"", ""2023-05-23"", ""2023-05-24"", ""2023-05-25"", ""2023-05-26"", ""2023-05-29"", ""2023-05-30"", ""2023-05-31""]",32400000000000,85798001000000,1,9.0,0.0,6.0
MIX,2023-06-02,included,,"[""2023-05-04"", ""2023-05-05"", ""2023-05-08"", ""2023-05-10"", ""2023-05-11"", ""2023-05-12"", ""2023-05-15"", ""2023-05-16"", ""2023-05-17"", ""2023-05-18"", ""2023-05-19"", ""2023-05-22"", ""2023-05-23"", ""2023-05-24"", ""2023-05-25"", ""2023-05-26"", ""2023-05-29"", ""2023-05-30"", ""2023-05-31"", ""2023-06-01""]",32400000000000,85792000000000,1,2.0,0.0,1.0
MIX,2023-06-05,included,,"[""2023-05-05"", ""2023-05-08"", ""2023-05-10"", ""2023-05-11"", ""2023-05-12"", ""2023-05-15"", ""2023-05-16"", ""2023-05-17"", ""2023-05-18"", ""2023-05-19"", ""2023-05-22"", ""2023-05-23"", ""2023-05-24"", ""2023-05-25"", ""2023-05-26"", ""2023-05-29"", ""2023-05-30"", ""2023-05-31"", ""2023-06-01"", ""2023-06-02""]",32400000000000,85799011000000,1,3.0,0.0,0.0
MIX,2023-06-06,included,,"[""2023-05-08"", ""2023-05-10"", ""2023-05-11"", ""2023-05-12"", ""2023-05-15"", ""2023-05-16"", ""2023-05-17"", ""2023-05-18"", ""2023-05-19"", ""2023-05-22"", ""2023-05-23"", ""2023-05-24"", ""2023-05-25"", ""2023-05-26"", ""2023-05-29"", ""2023-05-30"", ""2023-05-31"", ""2023-06-01"", ""2023-06-02"", ""2023-06-05""]",32400000000000,85786007000000,1,4.0,4.0,1.0
MIX,2023-06-07,included,,"[""2023-05-10"", ""2023-05-11"", ""2023-05-12"", ""2023-05-15"", ""2023-05-16"", ""2023-05-17"", ""2023-05-18"", ""2023-05-19"", ""2023-05-22"", ""2023-05-23"", ""2023-05-24"", ""2023-05-25"", ""2023-05-26"", ""2023-05-29"", ""2023-05-30"", ""2023-05-31"", ""2023-06-01"", ""2023-06-02"", ""2023-06-05"", ""2023-06-06""]",32400000000000,85782002000000,1,4.0,0.0,14.0
MIX,2023-06-08,included,,"[""2023-05-11"", ""2023-05-12"", ""2023-05-15"", ""2023-05-16"", ""2023-05-17"", ""2023-05-18"", ""2023-05-19"", ""2023-05-22"", ""2023-05-23"", ""2023-05-24"", ""2023-05-25"", ""2023-05-26"", ""2023-05-29"", ""2023-05-30"", ""2023-05-31"", ""2023-06-01"", ""2023-06-02"", ""2023-06-05"", ""2023-06-06"", ""2023-06-07""]",32400000000000,85794001000000,1,7.0,0.0,1.0
MIX,2023-06-09,included,,"[""2023-05-12"", ""2023-05-15"", ""2023-05-16"", ""2023-05-17"", ""2023-05-18"", ""2023-05-19"", ""2023-05-22"", ""2023-05-23"", ""2023-05-24"", ""2023-05-25"", ""2023-05-26"", ""2023-05-29"", ""2023-05-30"", ""2023-05-31"", ""2023-06-01"", ""2023-06-02"", ""2023-06-05"", ""2023-06-06"", ""2023-06-07"", ""2023-06-08""]",32400000000000,85794000000000,1,7.0,3.0,1.0
MIX,2023-06-13,included,,"[""2023-05-15"", ""2023-05-16"", ""2023-05-17"", ""2023-05-18"", ""2023-05-19"", ""2023-05-22"", ""2023-05-23"", ""2023-05-24"", ""2023-05-25"", ""2023-05-26"", ""2023-05-29"", ""2023-05-30"", ""2023-05-31"", ""2023-06-01"", ""2023-06-02"", ""2023-06-05"", ""2023-06-06"", ""2023-06-07"", ""2023-06-08"", ""2023-06-09""]",32400000000000,85786000000000,1,4.0,4.0,2.0
MIX,2023-06-14,included,,"[""2023-05-16"", ""2023-05-17"", ""2023-05-18"", ""2023-05-19"", ""2023-05-22"", ""2023-05-23"", ""2023-05-24"", ""2023-05-25"", ""2023-05-26"", ""2023-05-29"", ""2023-05-30"", ""2023-05-31"", ""2023-06-01"", ""2023-06-02"", ""2023-06-05"", ""2023-06-06"", ""2023-06-07"", ""2023-06-08"", ""2023-06-09"", ""2023-06-13""]",32400000000000,85748000000000,1,7.0,1.0,1.0
MIX,2023-06-15,included,,"[""2023-05-17"", ""2023-05-18"", ""2023-05-19"", ""2023-05-22"", ""2023-05-23"", ""2023-05-24"", ""2023-05-25"", ""2023-05-26"", ""2023-05-29"", ""2023-05-30"", ""2023-05-31"", ""2023-06-01"", ""2023-06-02"", ""2023-06-05"", ""2023-06-06"", ""2023-06-07"", ""2023-06-08"", ""2023-06-09"", ""2023-06-13"", ""2023-06-14""]",32400000000000,85784000000000,1,4.0,4.0,2.0
MIX,2023-06-16,included,,"[""2023-05-18"", ""2023-05-19"", ""2023-05-22"", ""2023-05-23"", ""2023-05-24"", ""2023-05-25"", ""2023-05-26"", ""2023-05-29"", ""2023-05-30"", ""2023-05-31"", ""2023-06-01"", ""2023-06-02"", ""2023-06-05"", ""2023-06-06"", ""2023-06-07"", ""2023-06-08"", ""2023-06-09"", ""2023-06-13"", ""2023-06-14"", ""2023-06-15""]",32400000000000,85788001000000,1,10.0,9.0,1.0
MIX,2023-06-19,included,,"[""2023-05-19"", ""2023-05-22"", ""2023-05-23"", ""2023-05-24"", ""2023-05-25"", ""2023-05-26"", ""2023-05-29"", ""2023-05-30"", ""2023-05-31"", ""2023-06-01"", ""2023-06-02"", ""2023-06-05"", ""2023-06-06"", ""2023-06-07"", ""2023-06-08"", ""2023-06-09"", ""2023-06-13"", ""2023-06-14"", ""2023-06-15"", ""2023-06-16""]",32400000000000,85799000000000,1,7.0,7.0,12.0
MIX,2023-06-20,included,,"[""2023-05-22"", ""2023-05-23"", ""2023-05-24"", ""2023-05-25"", ""2023-05-26"", ""2023-05-29"", ""2023-05-30"", ""2023-05-31"", ""2023-06-01"", ""2023-06-02"", ""2023-06-05"", ""2023-06-06"", ""2023-06-07"", ""2023-06-08"", ""2023-06-09"", ""2023-06-13"", ""2023-06-14"", ""2023-06-15"", ""2023-06-16"", ""2023-06-19""]",32400000000000,85774003000000,1,3.0,3.0,95.0
MIX,2023-06-21,included,,"[""2023-05-23"", ""2023-05-24"", ""2023-05-25"", ""2023-05-26"", ""2023-05-29"", ""2023-05-30"", ""2023-05-31"", ""2023-06-01"", ""2023-06-02"", ""2023-06-05"", ""2023-06-06"", ""2023-06-07"", ""2023-06-08"", ""2023-06-09"", ""2023-06-13"", ""2023-06-14"", ""2023-06-15"", ""2023-06-16"", ""2023-06-19"", ""2023-06-20""]",32400000000000,85796000000000,1,4.0,3.0,10.0
MIX,2023-06-22,included,,"[""2023-05-24"", ""2023-05-25"", ""2023-05-26"", ""2023-05-29"", ""2023-05-30"", ""2023-05-31"", ""2023-06-01"", ""2023-06-02"", ""2023-06-05"", ""2023-06-06"", ""2023-06-07"", ""2023-06-08"", ""2023-06-09"", ""2023-06-13"", ""2023-06-14"", ""2023-06-15"", ""2023-06-16"", ""2023-06-19"", ""2023-06-20"", ""2023-06-21""]",32400000000000,85785001000000,1,5.0,0.0,6.0
MIX,2023-06-23,included,,"[""2023-05-25"", ""2023-05-26"", ""2023-05-29"", ""2023-05-30"", ""2023-05-31"", ""2023-06-01"", ""2023-06-02"", ""2023-06-05"", ""2023-06-06"", ""2023-06-07"", ""2023-06-08"", ""2023-06-09"", ""2023-06-13"", ""2023-06-14"", ""2023-06-15"", ""2023-06-16"", ""2023-06-19"", ""2023-06-20"", ""2023-06-21"", ""2023-06-22""]",32401000000000,85798007000000,1,5.0,5.0,39.0
MIX,2023-06-26,included,,"[""2023-05-26"", ""2023-05-29"", ""2023-05-30"", ""2023-05-31"", ""2023-06-01"", ""2023-06-02"", ""2023-06-05"", ""2023-06-06"", ""2023-06-07"", ""2023-06-08"", ""2023-06-09"", ""2023-06-13"", ""2023-06-14"", ""2023-06-15"", ""2023-06-16"", ""2023-06-19"", ""2023-06-20"", ""2023-06-21"", ""2023-06-22"", ""2023-06-23""]",32400000000000,85796000000000,1,5.0,5.0,0.0
MIX,2023-06-27,included,,"[""2023-05-29"", ""2023-05-30"", ""2023-05-31"", ""2023-06-01"", ""2023-06-02"", ""2023-06-05"", ""2023-06-06"", ""2023-06-07"", ""2023-06-08"", ""2023-06-09"", ""2023-06-13"", ""2023-06-14"", ""2023-06-15"", ""2023-06-16"", ""2023-06-19"", ""2023-06-20"", ""2023-06-21"", ""2023-06-22"", ""2023-06-23"", ""2023-06-26""]",32400000000000,85797001000000,1,8.0,6.0,12.0
MIX,2023-06-28,included,,"[""2023-05-30"", ""2023-05-31"", ""2023-06-01"", ""2023-06-02"", ""2023-06-05"", ""2023-06-06"", ""2023-06-07"", ""2023-06-08"", ""2023-06-09"", ""2023-06-13"", ""2023-06-14"", ""2023-06-15"", ""2023-06-16"", ""2023-06-19"", ""2023-06-20"", ""2023-06-21"", ""2023-06-22"", ""2023-06-23"", ""2023-06-26"", ""2023-06-27""]",32407000000000,85797000000000,1,6.0,0.0,20.0
MIX,2023-06-29,included,,"[""2023-05-31"", ""2023-06-01"", ""2023-06-02"", ""2023-06-05"", ""2023-06-06"", ""2023-06-07"", ""2023-06-08"", ""2023-06-09"", ""2023-06-13"", ""2023-06-14"", ""2023-06-15"", ""2023-06-16"", ""2023-06-19"", ""2023-06-20"", ""2023-06-21"", ""2023-06-22"", ""2023-06-23"", ""2023-06-26"", ""2023-06-27"", ""2023-06-28""]",32401000000000,85792017000000,1,2.0,2.0,1.0
MIX,2023-06-30,included,,"[""2023-06-01"", ""2023-06-02"", ""2023-06-05"", ""2023-06-06"", ""2023-06-07"", ""2023-06-08"", ""2023-06-09"", ""2023-06-13"", ""2023-06-14"", ""2023-06-15"", ""2023-06-16"", ""2023-06-19"", ""2023-06-20"", ""2023-06-21"", ""2023-06-22"", ""2023-06-23"", ""2023-06-26"", ""2023-06-27"", ""2023-06-28"", ""2023-06-29""]",32402000000000,85796000000000,1,6.0,5.0,0.0
MIX,2023-07-03,included,,"[""2023-06-02"", ""2023-06-05"", ""2023-06-06"", ""2023-06-07"", ""2023-06-08"", ""2023-06-09"", ""2023-06-13"", ""2023-06-14"", ""2023-06-15"", ""2023-06-16"", ""2023-06-19"", ""2023-06-20"", ""2023-06-21"", ""2023-06-22"", ""2023-06-23"", ""2023-06-26"", ""2023-06-27"", ""2023-06-28"", ""2023-06-29"", ""2023-06-30""]",32400000000000,85791000000000,1,5.0,0.0,1.0
MIX,2023-07-04,included,,"[""2023-06-05"", ""2023-06-06"", ""2023-06-07"", ""2023-06-08"", ""2023-06-09"", ""2023-06-13"", ""2023-06-14"", ""2023-06-15"", ""2023-06-16"", ""2023-06-19"", ""2023-06-20"", ""2023-06-21"", ""2023-06-22"", ""2023-06-23"", ""2023-06-26"", ""2023-06-27"", ""2023-06-28"", ""2023-06-29"", ""2023-06-30"", ""2023-07-03""]",32400000000000,85791000000000,1,8.0,2.0,1.0
MIX,2023-07-05,included,,"[""2023-06-06"", ""2023-06-07"", ""2023-06-08"", ""2023-06-09"", ""2023-06-13"", ""2023-06-14"", ""2023-06-15"", ""2023-06-16"", ""2023-06-19"", ""2023-06-20"", ""2023-06-21"", ""2023-06-22"", ""2023-06-23"", ""2023-06-26"", ""2023-06-27"", ""2023-06-28"", ""2023-06-29"", ""2023-06-30"", ""2023-07-03"", ""2023-07-04""]",32400000000000,85791000000000,1,5.0,0.0,8.0
MIX,2023-07-06,included,,"[""2023-06-07"", ""2023-06-08"", ""2023-06-09"", ""2023-06-13"", ""2023-06-14"", ""2023-06-15"", ""2023-06-16"", ""2023-06-19"", ""2023-06-20"", ""2023-06-21"", ""2023-06-22"", ""2023-06-23"", ""2023-06-26"", ""2023-06-27"", ""2023-06-28"", ""2023-06-29"", ""2023-06-30"", ""2023-07-03"", ""2023-07-04"", ""2023-07-05""]",32400000000000,85794000000000,1,3.0,3.0,0.0
MIX,2023-07-07,included,,"[""2023-06-08"", ""2023-06-09"", ""2023-06-13"", ""2023-06-14"", ""2023-06-15"", ""2023-06-16"", ""2023-06-19"", ""2023-06-20"", ""2023-06-21"", ""2023-06-22"", ""2023-06-23"", ""2023-06-26"", ""2023-06-27"", ""2023-06-28"", ""2023-06-29"", ""2023-06-30"", ""2023-07-03"", ""2023-07-04"", ""2023-07-05"", ""2023-07-06""]",32400000000000,85799000000000,1,11.0,0.0,1.0
MIX,2023-07-10,included,,"[""2023-06-09"", ""2023-06-13"", ""2023-06-14"", ""2023-06-15"", ""2023-06-16"", ""2023-06-19"", ""2023-06-20"", ""2023-06-21"", ""2023-06-22"", ""2023-06-23"", ""2023-06-26"", ""2023-06-27"", ""2023-06-28"", ""2023-06-29"", ""2023-06-30"", ""2023-07-03"", ""2023-07-04"", ""2023-07-05"", ""2023-07-06"", ""2023-07-07""]",32388000000000,85793000000000,1,4.0,1.0,1.0
MIX,2023-07-11,included,,"[""2023-06-13"", ""2023-06-14"", ""2023-06-15"", ""2023-06-16"", ""2023-06-19"", ""2023-06-20"", ""2023-06-21"", ""2023-06-22"", ""2023-06-23"", ""2023-06-26"", ""2023-06-27"", ""2023-06-28"", ""2023-06-29"", ""2023-06-30"", ""2023-07-03"", ""2023-07-04"", ""2023-07-05"", ""2023-07-06"", ""2023-07-07"", ""2023-07-10""]",32357000000000,85796000000000,1,11.0,1.0,1.0
MIX,2023-07-12,included,,"[""2023-06-14"", ""2023-06-15"", ""2023-06-16"", ""2023-06-19"", ""2023-06-20"", ""2023-06-21"", ""2023-06-22"", ""2023-06-23"", ""2023-06-26"", ""2023-06-27"", ""2023-06-28"", ""2023-06-29"", ""2023-06-30"", ""2023-07-03"", ""2023-07-04"", ""2023-07-05"", ""2023-07-06"", ""2023-07-07"", ""2023-07-10"", ""2023-07-11""]",32372000000000,85796001000000,1,0.0,0.0,1.0
MIX,2023-07-13,included,,"[""2023-06-15"", ""2023-06-16"", ""2023-06-19"", ""2023-06-20"", ""2023-06-21"", ""2023-06-22"", ""2023-06-23"", ""2023-06-26"", ""2023-06-27"", ""2023-06-28"", ""2023-06-29"", ""2023-06-30"", ""2023-07-03"", ""2023-07-04"", ""2023-07-05"", ""2023-07-06"", ""2023-07-07"", ""2023-07-10"", ""2023-07-11"", ""2023-07-12""]",32372000000000,85763000000000,1,4.0,4.0,4.0
MIX,2023-07-14,included,,"[""2023-06-16"", ""2023-06-19"", ""2023-06-20"", ""2023-06-21"", ""2023-06-22"", ""2023-06-23"", ""2023-06-26"", ""2023-06-27"", ""2023-06-28"", ""2023-06-29"", ""2023-06-30"", ""2023-07-03"", ""2023-07-04"", ""2023-07-05"", ""2023-07-06"", ""2023-07-07"", ""2023-07-10"", ""2023-07-11"", ""2023-07-12"", ""2023-07-13""]",32400000000000,85785001000000,1,5.0,0.0,6.0
MIX,2023-07-17,included,,"[""2023-06-19"", ""2023-06-20"", ""2023-06-21"", ""2023-06-22"", ""2023-06-23"", ""2023-06-26"", ""2023-06-27"", ""2023-06-28"", ""2023-06-29"", ""2023-06-30"", ""2023-07-03"", ""2023-07-04"", ""2023-07-05"", ""2023-07-06"", ""2023-07-07"", ""2023-07-10"", ""2023-07-11"", ""2023-07-12"", ""2023-07-13"", ""2023-07-14""]",32371000000000,85797002000000,1,9.0,9.0,1.0
MIX,2023-07-18,included,,"[""2023-06-20"", ""2023-06-21"", ""2023-06-22"", ""2023-06-23"", ""2023-06-26"", ""2023-06-27"", ""2023-06-28"", ""2023-06-29"", ""2023-06-30"", ""2023-07-03"", ""2023-07-04"", ""2023-07-05"", ""2023-07-06"", ""2023-07-07"", ""2023-07-10"", ""2023-07-11"", ""2023-07-12"", ""2023-07-13"", ""2023-07-14"", ""2023-07-17""]",32376000000000,85798000000000,1,3.0,3.0,23.0
MIX,2023-07-19,included,,"[""2023-06-21"", ""2023-06-22"", ""2023-06-23"", ""2023-06-26"", ""2023-06-27"", ""2023-06-28"", ""2023-06-29"", ""2023-06-30"", ""2023-07-03"", ""2023-07-04"", ""2023-07-05"", ""2023-07-06"", ""2023-07-07"", ""2023-07-10"", ""2023-07-11"", ""2023-07-12"", ""2023-07-13"", ""2023-07-14"", ""2023-07-17"", ""2023-07-18""]",32400000000000,85781000000000,1,11.0,11.0,17.0
MIX,2023-07-20,included,,"[""2023-06-22"", ""2023-06-23"", ""2023-06-26"", ""2023-06-27"", ""2023-06-28"", ""2023-06-29"", ""2023-06-30"", ""2023-07-03"", ""2023-07-04"", ""2023-07-05"", ""2023-07-06"", ""2023-07-07"", ""2023-07-10"", ""2023-07-11"", ""2023-07-12"", ""2023-07-13"", ""2023-07-14"", ""2023-07-17"", ""2023-07-18"", ""2023-07-19""]",32353000000000,85796000000000,1,4.0,4.0,17.0
MIX,2023-07-21,included,,"[""2023-06-23"", ""2023-06-26"", ""2023-06-27"", ""2023-06-28"", ""2023-06-29"", ""2023-06-30"", ""2023-07-03"", ""2023-07-04"", ""2023-07-05"", ""2023-07-06"", ""2023-07-07"", ""2023-07-10"", ""2023-07-11"", ""2023-07-12"", ""2023-07-13"", ""2023-07-14"", ""2023-07-17"", ""2023-07-18"", ""2023-07-19"", ""2023-07-20""]",32373000000000,85790000000000,1,3.0,2.0,8.0
MIX,2023-07-24,included,,"[""2023-06-26"", ""2023-06-27"", ""2023-06-28"", ""2023-06-29"", ""2023-06-30"", ""2023-07-03"", ""2023-07-04"", ""2023-07-05"", ""2023-07-06"", ""2023-07-07"", ""2023-07-10"", ""2023-07-11"", ""2023-07-12"", ""2023-07-13"", ""2023-07-14"", ""2023-07-17"", ""2023-07-18"", ""2023-07-19"", ""2023-07-20"", ""2023-07-21""]",32367000000000,85755000000000,1,4.0,1.0,17.0
MIX,2023-07-25,included,,"[""2023-06-27"", ""2023-06-28"", ""2023-06-29"", ""2023-06-30"", ""2023-07-03"", ""2023-07-04"", ""2023-07-05"", ""2023-07-06"", ""2023-07-07"", ""2023-07-10"", ""2023-07-11"", ""2023-07-12"", ""2023-07-13"", ""2023-07-14"", ""2023-07-17"", ""2023-07-18"", ""2023-07-19"", ""2023-07-20"", ""2023-07-21"", ""2023-07-24""]",32367000000000,85793009000000,1,3.0,1.0,2.0
MIX,2023-07-26,included,,"[""2023-06-28"", ""2023-06-29"", ""2023-06-30"", ""2023-07-03"", ""2023-07-04"", ""2023-07-05"", ""2023-07-06"", ""2023-07-07"", ""2023-07-10"", ""2023-07-11"", ""2023-07-12"", ""2023-07-13"", ""2023-07-14"", ""2023-07-17"", ""2023-07-18"", ""2023-07-19"", ""2023-07-20"", ""2023-07-21"", ""2023-07-24"", ""2023-07-25""]",32407000000000,85715000000000,1,4.0,3.0,23.0
MIX,2023-07-27,included,,"[""2023-06-29"", ""2023-06-30"", ""2023-07-03"", ""2023-07-04"", ""2023-07-05"", ""2023-07-06"", ""2023-07-07"", ""2023-07-10"", ""2023-07-11"", ""2023-07-12"", ""2023-07-13"", ""2023-07-14"", ""2023-07-17"", ""2023-07-18"", ""2023-07-19"", ""2023-07-20"", ""2023-07-21"", ""2023-07-24"", ""2023-07-25"", ""2023-07-26""]",32363000000000,85796000000000,1,7.0,0.0,31.0
MIX,2023-07-28,included,,"[""2023-06-30"", ""2023-07-03"", ""2023-07-04"", ""2023-07-05"", ""2023-07-06"", ""2023-07-07"", ""2023-07-10"", ""2023-07-11"", ""2023-07-12"", ""2023-07-13"", ""2023-07-14"", ""2023-07-17"", ""2023-07-18"", ""2023-07-19"", ""2023-07-20"", ""2023-07-21"", ""2023-07-24"", ""2023-07-25"", ""2023-07-26"", ""2023-07-27""]",32354000000000,85795002000000,1,5.0,0.0,1.0
MIX,2023-07-31,included,,"[""2023-07-03"", ""2023-07-04"", ""2023-07-05"", ""2023-07-06"", ""2023-07-07"", ""2023-07-10"", ""2023-07-11"", ""2023-07-12"", ""2023-07-13"", ""2023-07-14"", ""2023-07-17"", ""2023-07-18"", ""2023-07-19"", ""2023-07-20"", ""2023-07-21"", ""2023-07-24"", ""2023-07-25"", ""2023-07-26"", ""2023-07-27"", ""2023-07-28""]",32343000000000,85799000000000,1,8.0,8.0,41.0
MIX,2023-08-01,included,,"[""2023-07-04"", ""2023-07-05"", ""2023-07-06"", ""2023-07-07"", ""2023-07-10"", ""2023-07-11"", ""2023-07-12"", ""2023-07-13"", ""2023-07-14"", ""2023-07-17"", ""2023-07-18"", ""2023-07-19"", ""2023-07-20"", ""2023-07-21"", ""2023-07-24"", ""2023-07-25"", ""2023-07-26"", ""2023-07-27"", ""2023-07-28"", ""2023-07-31""]",32362000000000,85774000000000,1,4.0,4.0,1.0
MIX,2023-08-02,included,,"[""2023-07-05"", ""2023-07-06"", ""2023-07-07"", ""2023-07-10"", ""2023-07-11"", ""2023-07-12"", ""2023-07-13"", ""2023-07-14"", ""2023-07-17"", ""2023-07-18"", ""2023-07-19"", ""2023-07-20"", ""2023-07-21"", ""2023-07-24"", ""2023-07-25"", ""2023-07-26"", ""2023-07-27"", ""2023-07-28"", ""2023-07-31"", ""2023-08-01""]",32388000000000,85786006000000,1,4.0,4.0,2.0
MIX,2023-08-03,included,,"[""2023-07-06"", ""2023-07-07"", ""2023-07-10"", ""2023-07-11"", ""2023-07-12"", ""2023-07-13"", ""2023-07-14"", ""2023-07-17"", ""2023-07-18"", ""2023-07-19"", ""2023-07-20"", ""2023-07-21"", ""2023-07-24"", ""2023-07-25"", ""2023-07-26"", ""2023-07-27"", ""2023-07-28"", ""2023-07-31"", ""2023-08-01"", ""2023-08-02""]",32369000000000,85795002000000,1,9.0,9.0,1.0
MIX,2023-08-04,included,,"[""2023-07-07"", ""2023-07-10"", ""2023-07-11"", ""2023-07-12"", ""2023-07-13"", ""2023-07-14"", ""2023-07-17"", ""2023-07-18"", ""2023-07-19"", ""2023-07-20"", ""2023-07-21"", ""2023-07-24"", ""2023-07-25"", ""2023-07-26"", ""2023-07-27"", ""2023-07-28"", ""2023-07-31"", ""2023-08-01"", ""2023-08-02"", ""2023-08-03""]",32355000000000,85794001000000,1,4.0,2.0,1.0
MIX,2023-08-07,included,,"[""2023-07-10"", ""2023-07-11"", ""2023-07-12"", ""2023-07-13"", ""2023-07-14"", ""2023-07-17"", ""2023-07-18"", ""2023-07-19"", ""2023-07-20"", ""2023-07-21"", ""2023-07-24"", ""2023-07-25"", ""2023-07-26"", ""2023-07-27"", ""2023-07-28"", ""2023-07-31"", ""2023-08-01"", ""2023-08-02"", ""2023-08-03"", ""2023-08-04""]",32386000000000,85763006000000,1,3.0,3.0,0.0
MIX,2023-08-08,included,,"[""2023-07-11"", ""2023-07-12"", ""2023-07-13"", ""2023-07-14"", ""2023-07-17"", ""2023-07-18"", ""2023-07-19"", ""2023-07-20"", ""2023-07-21"", ""2023-07-24"", ""2023-07-25"", ""2023-07-26"", ""2023-07-27"", ""2023-07-28"", ""2023-07-31"", ""2023-08-01"", ""2023-08-02"", ""2023-08-03"", ""2023-08-04"", ""2023-08-07""]",32366000000000,85798000000000,1,3.0,3.0,5.0
MIX,2023-08-09,included,,"[""2023-07-12"", ""2023-07-13"", ""2023-07-14"", ""2023-07-17"", ""2023-07-18"", ""2023-07-19"", ""2023-07-20"", ""2023-07-21"", ""2023-07-24"", ""2023-07-25"", ""2023-07-26"", ""2023-07-27"", ""2023-07-28"", ""2023-07-31"", ""2023-08-01"", ""2023-08-02"", ""2023-08-03"", ""2023-08-04"", ""2023-08-07"", ""2023-08-08""]",32385000000000,85796000000000,1,7.0,7.0,4.0
MIX,2023-08-10,included,,"[""2023-07-13"", ""2023-07-14"", ""2023-07-17"", ""2023-07-18"", ""2023-07-19"", ""2023-07-20"", ""2023-07-21"", ""2023-07-24"", ""2023-07-25"", ""2023-07-26"", ""2023-07-27"", ""2023-07-28"", ""2023-07-31"", ""2023-08-01"", ""2023-08-02"", ""2023-08-03"", ""2023-08-04"", ""2023-08-07"", ""2023-08-08"", ""2023-08-09""]",32369000000000,85791000000000,1,5.0,5.0,44.0
MIX,2023-08-11,included,,"[""2023-07-14"", ""2023-07-17"", ""2023-07-18"", ""2023-07-19"", ""2023-07-20"", ""2023-07-21"", ""2023-07-24"", ""2023-07-25"", ""2023-07-26"", ""2023-07-27"", ""2023-07-28"", ""2023-07-31"", ""2023-08-01"", ""2023-08-02"", ""2023-08-03"", ""2023-08-04"", ""2023-08-07"", ""2023-08-08"", ""2023-08-09"", ""2023-08-10""]",32356000000000,85798001000000,1,6.0,6.0,2.0
MIX,2023-08-14,included,,"[""2023-07-17"", ""2023-07-18"", ""2023-07-19"", ""2023-07-20"", ""2023-07-21"", ""2023-07-24"", ""2023-07-25"", ""2023-07-26"", ""2023-07-27"", ""2023-07-28"", ""2023-07-31"", ""2023-08-01"", ""2023-08-02"", ""2023-08-03"", ""2023-08-04"", ""2023-08-07"", ""2023-08-08"", ""2023-08-09"", ""2023-08-10"", ""2023-08-11""]",32343000000000,85798000000000,1,5.0,5.0,0.0
MIX,2023-08-15,included,,"[""2023-07-18"", ""2023-07-19"", ""2023-07-20"", ""2023-07-21"", ""2023-07-24"", ""2023-07-25"", ""2023-07-26"", ""2023-07-27"", ""2023-07-28"", ""2023-07-31"", ""2023-08-01"", ""2023-08-02"", ""2023-08-03"", ""2023-08-04"", ""2023-08-07"", ""2023-08-08"", ""2023-08-09"", ""2023-08-10"", ""2023-08-11"", ""2023-08-14""]",32344000000000,85798000000000,1,4.0,4.0,0.0
MIX,2023-08-16,included,,"[""2023-07-19"", ""2023-07-20"", ""2023-07-21"", ""2023-07-24"", ""2023-07-25"", ""2023-07-26"", ""2023-07-27"", ""2023-07-28"", ""2023-07-31"", ""2023-08-01"", ""2023-08-02"", ""2023-08-03"", ""2023-08-04"", ""2023-08-07"", ""2023-08-08"", ""2023-08-09"", ""2023-08-10"", ""2023-08-11"", ""2023-08-14"", ""2023-08-15""]",32343000000000,85784000000000,1,4.0,4.0,1.0
MIX,2023-08-17,included,,"[""2023-07-20"", ""2023-07-21"", ""2023-07-24"", ""2023-07-25"", ""2023-07-26"", ""2023-07-27"", ""2023-07-28"", ""2023-07-31"", ""2023-08-01"", ""2023-08-02"", ""2023-08-03"", ""2023-08-04"", ""2023-08-07"", ""2023-08-08"", ""2023-08-09"", ""2023-08-10"", ""2023-08-11"", ""2023-08-14"", ""2023-08-15"", ""2023-08-16""]",32350000000000,85797002000000,1,11.0,11.0,11.0
MIX,2023-08-18,included,,"[""2023-07-21"", ""2023-07-24"", ""2023-07-25"", ""2023-07-26"", ""2023-07-27"", ""2023-07-28"", ""2023-07-31"", ""2023-08-01"", ""2023-08-02"", ""2023-08-03"", ""2023-08-04"", ""2023-08-07"", ""2023-08-08"", ""2023-08-09"", ""2023-08-10"", ""2023-08-11"", ""2023-08-14"", ""2023-08-15"", ""2023-08-16"", ""2023-08-17""]",32388000000000,85794001000000,1,3.0,0.0,0.0
MIX,2023-08-21,included,,"[""2023-07-24"", ""2023-07-25"", ""2023-07-26"", ""2023-07-27"", ""2023-07-28"", ""2023-07-31"", ""2023-08-01"", ""2023-08-02"", ""2023-08-03"", ""2023-08-04"", ""2023-08-07"", ""2023-08-08"", ""2023-08-09"", ""2023-08-10"", ""2023-08-11"", ""2023-08-14"", ""2023-08-15"", ""2023-08-16"", ""2023-08-17"", ""2023-08-18""]",32362000000000,85787000000000,1,8.0,2.0,9.0
MIX,2023-08-22,included,,"[""2023-07-25"", ""2023-07-26"", ""2023-07-27"", ""2023-07-28"", ""2023-07-31"", ""2023-08-01"", ""2023-08-02"", ""2023-08-03"", ""2023-08-04"", ""2023-08-07"", ""2023-08-08"", ""2023-08-09"", ""2023-08-10"", ""2023-08-11"", ""2023-08-14"", ""2023-08-15"", ""2023-08-16"", ""2023-08-17"", ""2023-08-18"", ""2023-08-21""]",32381000000000,85794000000000,1,8.0,1.0,5.0
MIX,2023-08-23,included,,"[""2023-07-26"", ""2023-07-27"", ""2023-07-28"", ""2023-07-31"", ""2023-08-01"", ""2023-08-02"", ""2023-08-03"", ""2023-08-04"", ""2023-08-07"", ""2023-08-08"", ""2023-08-09"", ""2023-08-10"", ""2023-08-11"", ""2023-08-14"", ""2023-08-15"", ""2023-08-16"", ""2023-08-17"", ""2023-08-18"", ""2023-08-21"", ""2023-08-22""]",32379000000000,85799000000000,1,4.0,1.0,2.0
MIX,2023-08-24,included,,"[""2023-07-27"", ""2023-07-28"", ""2023-07-31"", ""2023-08-01"", ""2023-08-02"", ""2023-08-03"", ""2023-08-04"", ""2023-08-07"", ""2023-08-08"", ""2023-08-09"", ""2023-08-10"", ""2023-08-11"", ""2023-08-14"", ""2023-08-15"", ""2023-08-16"", ""2023-08-17"", ""2023-08-18"", ""2023-08-21"", ""2023-08-22"", ""2023-08-23""]",32362000000000,85755000000000,1,8.0,3.0,0.0
MIX,2023-08-25,included,,"[""2023-07-28"", ""2023-07-31"", ""2023-08-01"", ""2023-08-02"", ""2023-08-03"", ""2023-08-04"", ""2023-08-07"", ""2023-08-08"", ""2023-08-09"", ""2023-08-10"", ""2023-08-11"", ""2023-08-14"", ""2023-08-15"", ""2023-08-16"", ""2023-08-17"", ""2023-08-18"", ""2023-08-21"", ""2023-08-22"", ""2023-08-23"", ""2023-08-24""]",32344000000000,85797000000000,1,10.0,1.0,1.0
MIX,2023-08-28,included,,"[""2023-07-31"", ""2023-08-01"", ""2023-08-02"", ""2023-08-03"", ""2023-08-04"", ""2023-08-07"", ""2023-08-08"", ""2023-08-09"", ""2023-08-10"", ""2023-08-11"", ""2023-08-14"", ""2023-08-15"", ""2023-08-16"", ""2023-08-17"", ""2023-08-18"", ""2023-08-21"", ""2023-08-22"", ""2023-08-23"", ""2023-08-24"", ""2023-08-25""]",32371000000000,85798000000000,1,2.0,1.0,2.0
MIX,2023-08-29,included,,"[""2023-08-01"", ""2023-08-02"", ""2023-08-03"", ""2023-08-04"", ""2023-08-07"", ""2023-08-08"", ""2023-08-09"", ""2023-08-10"", ""2023-08-11"", ""2023-08-14"", ""2023-08-15"", ""2023-08-16"", ""2023-08-17"", ""2023-08-18"", ""2023-08-21"", ""2023-08-22"", ""2023-08-23"", ""2023-08-24"", ""2023-08-25"", ""2023-08-28""]",32383000000000,85731000000000,1,7.0,0.0,1.0
MIX,2023-08-30,included,,"[""2023-08-02"", ""2023-08-03"", ""2023-08-04"", ""2023-08-07"", ""2023-08-08"", ""2023-08-09"", ""2023-08-10"", ""2023-08-11"", ""2023-08-14"", ""2023-08-15"", ""2023-08-16"", ""2023-08-17"", ""2023-08-18"", ""2023-08-21"", ""2023-08-22"", ""2023-08-23"", ""2023-08-24"", ""2023-08-25"", ""2023-08-28"", ""2023-08-29""]",32378000000000,85788000000000,1,16.0,0.0,0.0
MIX,2023-08-31,included,,"[""2023-08-03"", ""2023-08-04"", ""2023-08-07"", ""2023-08-08"", ""2023-08-09"", ""2023-08-10"", ""2023-08-11"", ""2023-08-14"", ""2023-08-15"", ""2023-08-16"", ""2023-08-17"", ""2023-08-18"", ""2023-08-21"", ""2023-08-22"", ""2023-08-23"", ""2023-08-24"", ""2023-08-25"", ""2023-08-28"", ""2023-08-29"", ""2023-08-30""]",32381000000000,85755000000000,1,4.0,0.0,1.0
MIX,2023-09-01,included,,"[""2023-08-04"", ""2023-08-07"", ""2023-08-08"", ""2023-08-09"", ""2023-08-10"", ""2023-08-11"", ""2023-08-14"", ""2023-08-15"", ""2023-08-16"", ""2023-08-17"", ""2023-08-18"", ""2023-08-21"", ""2023-08-22"", ""2023-08-23"", ""2023-08-24"", ""2023-08-25"", ""2023-08-28"", ""2023-08-29"", ""2023-08-30"", ""2023-08-31""]",32365000000000,85799002000000,1,8.0,0.0,1.0
MIX,2023-09-04,included,,"[""2023-08-07"", ""2023-08-08"", ""2023-08-09"", ""2023-08-10"", ""2023-08-11"", ""2023-08-14"", ""2023-08-15"", ""2023-08-16"", ""2023-08-17"", ""2023-08-18"", ""2023-08-21"", ""2023-08-22"", ""2023-08-23"", ""2023-08-24"", ""2023-08-25"", ""2023-08-28"", ""2023-08-29"", ""2023-08-30"", ""2023-08-31"", ""2023-09-01""]",32379000000000,85790001000000,1,4.0,0.0,1.0
MIX,2023-09-05,included,,"[""2023-08-08"", ""2023-08-09"", ""2023-08-10"", ""2023-08-11"", ""2023-08-14"", ""2023-08-15"", ""2023-08-16"", ""2023-08-17"", ""2023-08-18"", ""2023-08-21"", ""2023-08-22"", ""2023-08-23"", ""2023-08-24"", ""2023-08-25"", ""2023-08-28"", ""2023-08-29"", ""2023-08-30"", ""2023-08-31"", ""2023-09-01"", ""2023-09-04""]",32349000000000,85794000000000,1,8.0,5.0,4.0
MIX,2023-09-06,included,,"[""2023-08-09"", ""2023-08-10"", ""2023-08-11"", ""2023-08-14"", ""2023-08-15"", ""2023-08-16"", ""2023-08-17"", ""2023-08-18"", ""2023-08-21"", ""2023-08-22"", ""2023-08-23"", ""2023-08-24"", ""2023-08-25"", ""2023-08-28"", ""2023-08-29"", ""2023-08-30"", ""2023-08-31"", ""2023-09-01"", ""2023-09-04"", ""2023-09-05""]",32377000000000,85796001000000,1,4.0,0.0,1.0
MIX,2023-09-07,included,,"[""2023-08-10"", ""2023-08-11"", ""2023-08-14"", ""2023-08-15"", ""2023-08-16"", ""2023-08-17"", ""2023-08-18"", ""2023-08-21"", ""2023-08-22"", ""2023-08-23"", ""2023-08-24"", ""2023-08-25"", ""2023-08-28"", ""2023-08-29"", ""2023-08-30"", ""2023-08-31"", ""2023-09-01"", ""2023-09-04"", ""2023-09-05"", ""2023-09-06""]",32400000000000,85776001000000,1,3.0,0.0,1.0
MIX,2023-09-08,included,,"[""2023-08-11"", ""2023-08-14"", ""2023-08-15"", ""2023-08-16"", ""2023-08-17"", ""2023-08-18"", ""2023-08-21"", ""2023-08-22"", ""2023-08-23"", ""2023-08-24"", ""2023-08-25"", ""2023-08-28"", ""2023-08-29"", ""2023-08-30"", ""2023-08-31"", ""2023-09-01"", ""2023-09-04"", ""2023-09-05"", ""2023-09-06"", ""2023-09-07""]",32381000000000,85782003000000,1,7.0,7.0,1.0
MIX,2023-09-11,included,,"[""2023-08-14"", ""2023-08-15"", ""2023-08-16"", ""2023-08-17"", ""2023-08-18"", ""2023-08-21"", ""2023-08-22"", ""2023-08-23"", ""2023-08-24"", ""2023-08-25"", ""2023-08-28"", ""2023-08-29"", ""2023-08-30"", ""2023-08-31"", ""2023-09-01"", ""2023-09-04"", ""2023-09-05"", ""2023-09-06"", ""2023-09-07"", ""2023-09-08""]",32384000000000,85745000000000,1,8.0,8.0,1.0
MIX,2023-09-12,included,,"[""2023-08-15"", ""2023-08-16"", ""2023-08-17"", ""2023-08-18"", ""2023-08-21"", ""2023-08-22"", ""2023-08-23"", ""2023-08-24"", ""2023-08-25"", ""2023-08-28"", ""2023-08-29"", ""2023-08-30"", ""2023-08-31"", ""2023-09-01"", ""2023-09-04"", ""2023-09-05"", ""2023-09-06"", ""2023-09-07"", ""2023-09-08"", ""2023-09-11""]",32372000000000,85798000000000,1,6.0,6.0,8.0
MIX,2023-09-13,excluded,Текущая сессия не охватывает 10:00–18:45,"[""2023-08-16"", ""2023-08-17"", ""2023-08-18"", ""2023-08-21"", ""2023-08-22"", ""2023-08-23"", ""2023-08-24"", ""2023-08-25"", ""2023-08-28"", ""2023-08-29"", ""2023-08-30"", ""2023-08-31"", ""2023-09-01"", ""2023-09-04"", ""2023-09-05"", ""2023-09-06"", ""2023-09-07"", ""2023-09-08"", ""2023-09-11"", ""2023-09-12""]",48600000000000,85752000000000,1,,,
MIX,2023-09-14,excluded,Не все 20 прошлых сессий охватывают 10:00–18:45,"[""2023-08-17"", ""2023-08-18"", ""2023-08-21"", ""2023-08-22"", ""2023-08-23"", ""2023-08-24"", ""2023-08-25"", ""2023-08-28"", ""2023-08-29"", ""2023-08-30"", ""2023-08-31"", ""2023-09-01"", ""2023-09-04"", ""2023-09-05"", ""2023-09-06"", ""2023-09-07"", ""2023-09-08"", ""2023-09-11"", ""2023-09-12"", ""2023-09-13""]",32400000000000,85799000000000,1,,,
MIX,2023-09-15,excluded,Не все 20 прошлых сессий охватывают 10:00–18:45,"[""2023-08-18"", ""2023-08-21"", ""2023-08-22"", ""2023-08-23"", ""2023-08-24"", ""2023-08-25"", ""2023-08-28"", ""2023-08-29"", ""2023-08-30"", ""2023-08-31"", ""2023-09-01"", ""2023-09-04"", ""2023-09-05"", ""2023-09-06"", ""2023-09-07"", ""2023-09-08"", ""2023-09-11"", ""2023-09-12"", ""2023-09-13"", ""2023-09-14""]",32401000000000,85782002000000,1,,,
MIX,2023-09-18,excluded,Не все 20 прошлых сессий охватывают 10:00–18:45,"[""2023-08-21"", ""2023-08-22"", ""2023-08-23"", ""2023-08-24"", ""2023-08-25"", ""2023-08-28"", ""2023-08-29"", ""2023-08-30"", ""2023-08-31"", ""2023-09-01"", ""2023-09-04"", ""2023-09-05"", ""2023-09-06"", ""2023-09-07"", ""2023-09-08"", ""2023-09-11"", ""2023-09-12"", ""2023-09-13"", ""2023-09-14"", ""2023-09-15""]",32400000000000,85718002000000,1,,,
MIX,2023-09-19,excluded,Не все 20 прошлых сессий охватывают 10:00–18:45,"[""2023-08-22"", ""2023-08-23"", ""2023-08-24"", ""2023-08-25"", ""2023-08-28"", ""2023-08-29"", ""2023-08-30"", ""2023-08-31"", ""2023-09-01"", ""2023-09-04"", ""2023-09-05"", ""2023-09-06"", ""2023-09-07"", ""2023-09-08"", ""2023-09-11"", ""2023-09-12"", ""2023-09-13"", ""2023-09-14"", ""2023-09-15"", ""2023-09-18""]",32400000000000,85799001000000,1,,,
MIX,2023-09-20,excluded,Не все 20 прошлых сессий охватывают 10:00–18:45,"[""2023-08-23"", ""2023-08-24"", ""2023-08-25"", ""2023-08-28"", ""2023-08-29"", ""2023-08-30"", ""2023-08-31"", ""2023-09-01"", ""2023-09-04"", ""2023-09-05"", ""2023-09-06"", ""2023-09-07"", ""2023-09-08"", ""2023-09-11"", ""2023-09-12"", ""2023-09-13"", ""2023-09-14"", ""2023-09-15"", ""2023-09-18"", ""2023-09-19""]",32400000000000,85757000000000,1,,,
MIX,2023-09-21,excluded,Не все 20 прошлых сессий охватывают 10:00–18:45,"[""2023-08-24"", ""2023-08-25"", ""2023-08-28"", ""2023-08-29"", ""2023-08-30"", ""2023-08-31"", ""2023-09-01"", ""2023-09-04"", ""2023-09-05"", ""2023-09-06"", ""2023-09-07"", ""2023-09-08"", ""2023-09-11"", ""2023-09-12"", ""2023-09-13"", ""2023-09-14"", ""2023-09-15"", ""2023-09-18"", ""2023-09-19"", ""2023-09-20""]",32400000000000,85793000000000,1,,,
MIX,2023-09-22,excluded,Не все 20 прошлых сессий охватывают 10:00–18:45,"[""2023-08-25"", ""2023-08-28"", ""2023-08-29"", ""2023-08-30"", ""2023-08-31"", ""2023-09-01"", ""2023-09-04"", ""2023-09-05"", ""2023-09-06"", ""2023-09-07"", ""2023-09-08"", ""2023-09-11"", ""2023-09-12"", ""2023-09-13"", ""2023-09-14"", ""2023-09-15"", ""2023-09-18"", ""2023-09-19"", ""2023-09-20"", ""2023-09-21""]",32400000000000,85797000000000,1,,,
MIX,2023-09-25,excluded,Не все 20 прошлых сессий охватывают 10:00–18:45,"[""2023-08-28"", ""2023-08-29"", ""2023-08-30"", ""2023-08-31"", ""2023-09-01"", ""2023-09-04"", ""2023-09-05"", ""2023-09-06"", ""2023-09-07"", ""2023-09-08"", ""2023-09-11"", ""2023-09-12"", ""2023-09-13"", ""2023-09-14"", ""2023-09-15"", ""2023-09-18"", ""2023-09-19"", ""2023-09-20"", ""2023-09-21"", ""2023-09-22""]",32400000000000,85779000000000,1,,,
MIX,2023-09-26,excluded,Не все 20 прошлых сессий охватывают 10:00–18:45,"[""2023-08-29"", ""2023-08-30"", ""2023-08-31"", ""2023-09-01"", ""2023-09-04"", ""2023-09-05"", ""2023-09-06"", ""2023-09-07"", ""2023-09-08"", ""2023-09-11"", ""2023-09-12"", ""2023-09-13"", ""2023-09-14"", ""2023-09-15"", ""2023-09-18"", ""2023-09-19"", ""2023-09-20"", ""2023-09-21"", ""2023-09-22"", ""2023-09-25""]",32400000000000,85797001000000,1,,,
MIX,2023-09-27,excluded,Не все 20 прошлых сессий охватывают 10:00–18:45,"[""2023-08-30"", ""2023-08-31"", ""2023-09-01"", ""2023-09-04"", ""2023-09-05"", ""2023-09-06"", ""2023-09-07"", ""2023-09-08"", ""2023-09-11"", ""2023-09-12"", ""2023-09-13"", ""2023-09-14"", ""2023-09-15"", ""2023-09-18"", ""2023-09-19"", ""2023-09-20"", ""2023-09-21"", ""2023-09-22"", ""2023-09-25"", ""2023-09-26""]",32400000000000,85799000000000,1,,,
MIX,2023-09-28,excluded,Не все 20 прошлых сессий охватывают 10:00–18:45,"[""2023-08-31"", ""2023-09-01"", ""2023-09-04"", ""2023-09-05"", ""2023-09-06"", ""2023-09-07"", ""2023-09-08"", ""2023-09-11"", ""2023-09-12"", ""2023-09-13"", ""2023-09-14"", ""2023-09-15"", ""2023-09-18"", ""2023-09-19"", ""2023-09-20"", ""2023-09-21"", ""2023-09-22"", ""2023-09-25"", ""2023-09-26"", ""2023-09-27""]",32400000000000,85780001000000,1,,,
MIX,2023-09-29,excluded,Не все 20 прошлых сессий охватывают 10:00–18:45,"[""2023-09-01"", ""2023-09-04"", ""2023-09-05"", ""2023-09-06"", ""2023-09-07"", ""2023-09-08"", ""2023-09-11"", ""2023-09-12"", ""2023-09-13"", ""2023-09-14"", ""2023-09-15"", ""2023-09-18"", ""2023-09-19"", ""2023-09-20"", ""2023-09-21"", ""2023-09-22"", ""2023-09-25"", ""2023-09-26"", ""2023-09-27"", ""2023-09-28""]",32400000000000,85799000000000,1,,,
MIX,2023-10-02,excluded,Не все 20 прошлых сессий охватывают 10:00–18:45,"[""2023-09-04"", ""2023-09-05"", ""2023-09-06"", ""2023-09-07"", ""2023-09-08"", ""2023-09-11"", ""2023-09-12"", ""2023-09-13"", ""2023-09-14"", ""2023-09-15"", ""2023-09-18"", ""2023-09-19"", ""2023-09-20"", ""2023-09-21"", ""2023-09-22"", ""2023-09-25"", ""2023-09-26"", ""2023-09-27"", ""2023-09-28"", ""2023-09-29""]",32400000000000,85798001000000,1,,,
MIX,2023-10-03,excluded,Не все 20 прошлых сессий охватывают 10:00–18:45,"[""2023-09-05"", ""2023-09-06"", ""2023-09-07"", ""2023-09-08"", ""2023-09-11"", ""2023-09-12"", ""2023-09-13"", ""2023-09-14"", ""2023-09-15"", ""2023-09-18"", ""2023-09-19"", ""2023-09-20"", ""2023-09-21"", ""2023-09-22"", ""2023-09-25"", ""2023-09-26"", ""2023-09-27"", ""2023-09-28"", ""2023-09-29"", ""2023-10-02""]",32400000000000,85781002000000,1,,,
MIX,2023-10-04,excluded,Не все 20 прошлых сессий охватывают 10:00–18:45,"[""2023-09-06"", ""2023-09-07"", ""2023-09-08"", ""2023-09-11"", ""2023-09-12"", ""2023-09-13"", ""2023-09-14"", ""2023-09-15"", ""2023-09-18"", ""2023-09-19"", ""2023-09-20"", ""2023-09-21"", ""2023-09-22"", ""2023-09-25"", ""2023-09-26"", ""2023-09-27"", ""2023-09-28"", ""2023-09-29"", ""2023-10-02"", ""2023-10-03""]",32400000000000,85785000000000,1,,,
MIX,2023-10-05,excluded,Не все 20 прошлых сессий охватывают 10:00–18:45,"[""2023-09-07"", ""2023-09-08"", ""2023-09-11"", ""2023-09-12"", ""2023-09-13"", ""2023-09-14"", ""2023-09-15"", ""2023-09-18"", ""2023-09-19"", ""2023-09-20"", ""2023-09-21"", ""2023-09-22"", ""2023-09-25"", ""2023-09-26"", ""2023-09-27"", ""2023-09-28"", ""2023-09-29"", ""2023-10-02"", ""2023-10-03"", ""2023-10-04""]",32400000000000,85796004000000,1,,,
MIX,2023-10-06,excluded,Не все 20 прошлых сессий охватывают 10:00–18:45,"[""2023-09-08"", ""2023-09-11"", ""2023-09-12"", ""2023-09-13"", ""2023-09-14"", ""2023-09-15"", ""2023-09-18"", ""2023-09-19"", ""2023-09-20"", ""2023-09-21"", ""2023-09-22"", ""2023-09-25"", ""2023-09-26"", ""2023-09-27"", ""2023-09-28"", ""2023-09-29"", ""2023-10-02"", ""2023-10-03"", ""2023-10-04"", ""2023-10-05""]",32400000000000,85797000000000,1,,,
MIX,2023-10-09,excluded,Не все 20 прошлых сессий охватывают 10:00–18:45,"[""2023-09-11"", ""2023-09-12"", ""2023-09-13"", ""2023-09-14"", ""2023-09-15"", ""2023-09-18"", ""2023-09-19"", ""2023-09-20"", ""2023-09-21"", ""2023-09-22"", ""2023-09-25"", ""2023-09-26"", ""2023-09-27"", ""2023-09-28"", ""2023-09-29"", ""2023-10-02"", ""2023-10-03"", ""2023-10-04"", ""2023-10-05"", ""2023-10-06""]",32400000000000,85785001000000,1,,,
MIX,2023-10-10,excluded,Не все 20 прошлых сессий охватывают 10:00–18:45,"[""2023-09-12"", ""2023-09-13"", ""2023-09-14"", ""2023-09-15"", ""2023-09-18"", ""2023-09-19"", ""2023-09-20"", ""2023-09-21"", ""2023-09-22"", ""2023-09-25"", ""2023-09-26"", ""2023-09-27"", ""2023-09-28"", ""2023-09-29"", ""2023-10-02"", ""2023-10-03"", ""2023-10-04"", ""2023-10-05"", ""2023-10-06"", ""2023-10-09""]",32400000000000,85798000000000,1,,,
MIX,2023-10-11,excluded,Не все 20 прошлых сессий охватывают 10:00–18:45,"[""2023-09-13"", ""2023-09-14"", ""2023-09-15"", ""2023-09-18"", ""2023-09-19"", ""2023-09-20"", ""2023-09-21"", ""2023-09-22"", ""2023-09-25"", ""2023-09-26"", ""2023-09-27"", ""2023-09-28"", ""2023-09-29"", ""2023-10-02"", ""2023-10-03"", ""2023-10-04"", ""2023-10-05"", ""2023-10-06"", ""2023-10-09"", ""2023-10-10""]",32400000000000,85799000000000,1,,,
MIX,2023-10-12,included,,"[""2023-09-14"", ""2023-09-15"", ""2023-09-18"", ""2023-09-19"", ""2023-09-20"", ""2023-09-21"", ""2023-09-22"", ""2023-09-25"", ""2023-09-26"", ""2023-09-27"", ""2023-09-28"", ""2023-09-29"", ""2023-10-02"", ""2023-10-03"", ""2023-10-04"", ""2023-10-05"", ""2023-10-06"", ""2023-10-09"", ""2023-10-10"", ""2023-10-11""]",32400000000000,85755001000000,1,4.0,3.0,0.0
MIX,2023-10-13,included,,"[""2023-09-15"", ""2023-09-18"", ""2023-09-19"", ""2023-09-20"", ""2023-09-21"", ""2023-09-22"", ""2023-09-25"", ""2023-09-26"", ""2023-09-27"", ""2023-09-28"", ""2023-09-29"", ""2023-10-02"", ""2023-10-03"", ""2023-10-04"", ""2023-10-05"", ""2023-10-06"", ""2023-10-09"", ""2023-10-10"", ""2023-10-11"", ""2023-10-12""]",32400000000000,85795003000000,1,8.0,0.0,10.0
MIX,2023-10-16,included,,"[""2023-09-18"", ""2023-09-19"", ""2023-09-20"", ""2023-09-21"", ""2023-09-22"", ""2023-09-25"", ""2023-09-26"", ""2023-09-27"", ""2023-09-28"", ""2023-09-29"", ""2023-10-02"", ""2023-10-03"", ""2023-10-04"", ""2023-10-05"", ""2023-10-06"", ""2023-10-09"", ""2023-10-10"", ""2023-10-11"", ""2023-10-12"", ""2023-10-13""]",32400000000000,85799000000000,1,2.0,0.0,1.0
MIX,2023-10-17,included,,"[""2023-09-19"", ""2023-09-20"", ""2023-09-21"", ""2023-09-22"", ""2023-09-25"", ""2023-09-26"", ""2023-09-27"", ""2023-09-28"", ""2023-09-29"", ""2023-10-02"", ""2023-10-03"", ""2023-10-04"", ""2023-10-05"", ""2023-10-06"", ""2023-10-09"", ""2023-10-10"", ""2023-10-11"", ""2023-10-12"", ""2023-10-13"", ""2023-10-16""]",32400000000000,85780002000000,1,5.0,2.0,1.0
MIX,2023-10-18,included,,"[""2023-09-20"", ""2023-09-21"", ""2023-09-22"", ""2023-09-25"", ""2023-09-26"", ""2023-09-27"", ""2023-09-28"", ""2023-09-29"", ""2023-10-02"", ""2023-10-03"", ""2023-10-04"", ""2023-10-05"", ""2023-10-06"", ""2023-10-09"", ""2023-10-10"", ""2023-10-11"", ""2023-10-12"", ""2023-10-13"", ""2023-10-16"", ""2023-10-17""]",32400000000000,85731001000000,1,5.0,0.0,1.0
MIX,2023-10-19,included,,"[""2023-09-21"", ""2023-09-22"", ""2023-09-25"", ""2023-09-26"", ""2023-09-27"", ""2023-09-28"", ""2023-09-29"", ""2023-10-02"", ""2023-10-03"", ""2023-10-04"", ""2023-10-05"", ""2023-10-06"", ""2023-10-09"", ""2023-10-10"", ""2023-10-11"", ""2023-10-12"", ""2023-10-13"", ""2023-10-16"", ""2023-10-17"", ""2023-10-18""]",32400000000000,85788003000000,1,4.0,0.0,0.0
MIX,2023-10-20,included,,"[""2023-09-22"", ""2023-09-25"", ""2023-09-26"", ""2023-09-27"", ""2023-09-28"", ""2023-09-29"", ""2023-10-02"", ""2023-10-03"", ""2023-10-04"", ""2023-10-05"", ""2023-10-06"", ""2023-10-09"", ""2023-10-10"", ""2023-10-11"", ""2023-10-12"", ""2023-10-13"", ""2023-10-16"", ""2023-10-17"", ""2023-10-18"", ""2023-10-19""]",32402000000000,85731000000000,1,1.0,0.0,2.0
MIX,2023-10-23,included,,"[""2023-09-25"", ""2023-09-26"", ""2023-09-27"", ""2023-09-28"", ""2023-09-29"", ""2023-10-02"", ""2023-10-03"", ""2023-10-04"", ""2023-10-05"", ""2023-10-06"", ""2023-10-09"", ""2023-10-10"", ""2023-10-11"", ""2023-10-12"", ""2023-10-13"", ""2023-10-16"", ""2023-10-17"", ""2023-10-18"", ""2023-10-19"", ""2023-10-20""]",32400000000000,85796000000000,1,5.0,1.0,9.0
MIX,2023-10-24,included,,"[""2023-09-26"", ""2023-09-27"", ""2023-09-28"", ""2023-09-29"", ""2023-10-02"", ""2023-10-03"", ""2023-10-04"", ""2023-10-05"", ""2023-10-06"", ""2023-10-09"", ""2023-10-10"", ""2023-10-11"", ""2023-10-12"", ""2023-10-13"", ""2023-10-16"", ""2023-10-17"", ""2023-10-18"", ""2023-10-19"", ""2023-10-20"", ""2023-10-23""]",32400000000000,85799000000000,1,7.0,1.0,0.0
MIX,2023-10-25,included,,"[""2023-09-27"", ""2023-09-28"", ""2023-09-29"", ""2023-10-02"", ""2023-10-03"", ""2023-10-04"", ""2023-10-05"", ""2023-10-06"", ""2023-10-09"", ""2023-10-10"", ""2023-10-11"", ""2023-10-12"", ""2023-10-13"", ""2023-10-16"", ""2023-10-17"", ""2023-10-18"", ""2023-10-19"", ""2023-10-20"", ""2023-10-23"", ""2023-10-24""]",32400000000000,85757001000000,1,5.0,0.0,9.0
MIX,2023-10-26,included,,"[""2023-09-28"", ""2023-09-29"", ""2023-10-02"", ""2023-10-03"", ""2023-10-04"", ""2023-10-05"", ""2023-10-06"", ""2023-10-09"", ""2023-10-10"", ""2023-10-11"", ""2023-10-12"", ""2023-10-13"", ""2023-10-16"", ""2023-10-17"", ""2023-10-18"", ""2023-10-19"", ""2023-10-20"", ""2023-10-23"", ""2023-10-24"", ""2023-10-25""]",32400000000000,85797001000000,1,4.0,0.0,0.0
MIX,2023-10-27,included,,"[""2023-09-29"", ""2023-10-02"", ""2023-10-03"", ""2023-10-04"", ""2023-10-05"", ""2023-10-06"", ""2023-10-09"", ""2023-10-10"", ""2023-10-11"", ""2023-10-12"", ""2023-10-13"", ""2023-10-16"", ""2023-10-17"", ""2023-10-18"", ""2023-10-19"", ""2023-10-20"", ""2023-10-23"", ""2023-10-24"", ""2023-10-25"", ""2023-10-26""]",32400000000000,85796000000000,1,8.0,1.0,32.0
MIX,2023-10-30,included,,"[""2023-10-02"", ""2023-10-03"", ""2023-10-04"", ""2023-10-05"", ""2023-10-06"", ""2023-10-09"", ""2023-10-10"", ""2023-10-11"", ""2023-10-12"", ""2023-10-13"", ""2023-10-16"", ""2023-10-17"", ""2023-10-18"", ""2023-10-19"", ""2023-10-20"", ""2023-10-23"", ""2023-10-24"", ""2023-10-25"", ""2023-10-26"", ""2023-10-27""]",32386000000000,85781000000000,1,4.0,1.0,1.0
MIX,2023-10-31,included,,"[""2023-10-03"", ""2023-10-04"", ""2023-10-05"", ""2023-10-06"", ""2023-10-09"", ""2023-10-10"", ""2023-10-11"", ""2023-10-12"", ""2023-10-13"", ""2023-10-16"", ""2023-10-17"", ""2023-10-18"", ""2023-10-19"", ""2023-10-20"", ""2023-10-23"", ""2023-10-24"", ""2023-10-25"", ""2023-10-26"", ""2023-10-27"", ""2023-10-30""]",32386000000000,85795001000000,1,7.0,7.0,1.0
MIX,2023-11-01,included,,"[""2023-10-04"", ""2023-10-05"", ""2023-10-06"", ""2023-10-09"", ""2023-10-10"", ""2023-10-11"", ""2023-10-12"", ""2023-10-13"", ""2023-10-16"", ""2023-10-17"", ""2023-10-18"", ""2023-10-19"", ""2023-10-20"", ""2023-10-23"", ""2023-10-24"", ""2023-10-25"", ""2023-10-26"", ""2023-10-27"", ""2023-10-30"", ""2023-10-31""]",32359000000000,85798004000000,1,4.0,0.0,1.0
MIX,2023-11-02,included,,"[""2023-10-05"", ""2023-10-06"", ""2023-10-09"", ""2023-10-10"", ""2023-10-11"", ""2023-10-12"", ""2023-10-13"", ""2023-10-16"", ""2023-10-17"", ""2023-10-18"", ""2023-10-19"", ""2023-10-20"", ""2023-10-23"", ""2023-10-24"", ""2023-10-25"", ""2023-10-26"", ""2023-10-27"", ""2023-10-30"", ""2023-10-31"", ""2023-11-01""]",32377000000000,85795000000000,1,5.0,1.0,1.0
MIX,2023-11-03,included,,"[""2023-10-06"", ""2023-10-09"", ""2023-10-10"", ""2023-10-11"", ""2023-10-12"", ""2023-10-13"", ""2023-10-16"", ""2023-10-17"", ""2023-10-18"", ""2023-10-19"", ""2023-10-20"", ""2023-10-23"", ""2023-10-24"", ""2023-10-25"", ""2023-10-26"", ""2023-10-27"", ""2023-10-30"", ""2023-10-31"", ""2023-11-01"", ""2023-11-02""]",32400000000000,85797000000000,1,4.0,3.0,1.0
MIX,2023-11-06,included,,"[""2023-10-09"", ""2023-10-10"", ""2023-10-11"", ""2023-10-12"", ""2023-10-13"", ""2023-10-16"", ""2023-10-17"", ""2023-10-18"", ""2023-10-19"", ""2023-10-20"", ""2023-10-23"", ""2023-10-24"", ""2023-10-25"", ""2023-10-26"", ""2023-10-27"", ""2023-10-30"", ""2023-10-31"", ""2023-11-01"", ""2023-11-02"", ""2023-11-03""]",32387000000000,85758003000000,1,9.0,0.0,2.0
MIX,2023-11-07,included,,"[""2023-10-10"", ""2023-10-11"", ""2023-10-12"", ""2023-10-13"", ""2023-10-16"", ""2023-10-17"", ""2023-10-18"", ""2023-10-19"", ""2023-10-20"", ""2023-10-23"", ""2023-10-24"", ""2023-10-25"", ""2023-10-26"", ""2023-10-27"", ""2023-10-30"", ""2023-10-31"", ""2023-11-01"", ""2023-11-02"", ""2023-11-03"", ""2023-11-06""]",32354000000000,85775000000000,1,3.0,0.0,16.0
MIX,2023-11-08,included,,"[""2023-10-11"", ""2023-10-12"", ""2023-10-13"", ""2023-10-16"", ""2023-10-17"", ""2023-10-18"", ""2023-10-19"", ""2023-10-20"", ""2023-10-23"", ""2023-10-24"", ""2023-10-25"", ""2023-10-26"", ""2023-10-27"", ""2023-10-30"", ""2023-10-31"", ""2023-11-01"", ""2023-11-02"", ""2023-11-03"", ""2023-11-06"", ""2023-11-07""]",32382000000000,85728001000000,1,7.0,0.0,37.0
MIX,2023-11-09,included,,"[""2023-10-12"", ""2023-10-13"", ""2023-10-16"", ""2023-10-17"", ""2023-10-18"", ""2023-10-19"", ""2023-10-20"", ""2023-10-23"", ""2023-10-24"", ""2023-10-25"", ""2023-10-26"", ""2023-10-27"", ""2023-10-30"", ""2023-10-31"", ""2023-11-01"", ""2023-11-02"", ""2023-11-03"", ""2023-11-06"", ""2023-11-07"", ""2023-11-08""]",32400000000000,85795001000000,1,5.0,0.0,24.0
MIX,2023-11-10,included,,"[""2023-10-13"", ""2023-10-16"", ""2023-10-17"", ""2023-10-18"", ""2023-10-19"", ""2023-10-20"", ""2023-10-23"", ""2023-10-24"", ""2023-10-25"", ""2023-10-26"", ""2023-10-27"", ""2023-10-30"", ""2023-10-31"", ""2023-11-01"", ""2023-11-02"", ""2023-11-03"", ""2023-11-06"", ""2023-11-07"", ""2023-11-08"", ""2023-11-09""]",32400000000000,85797000000000,1,9.0,0.0,1.0
MIX,2023-11-13,included,,"[""2023-10-16"", ""2023-10-17"", ""2023-10-18"", ""2023-10-19"", ""2023-10-20"", ""2023-10-23"", ""2023-10-24"", ""2023-10-25"", ""2023-10-26"", ""2023-10-27"", ""2023-10-30"", ""2023-10-31"", ""2023-11-01"", ""2023-11-02"", ""2023-11-03"", ""2023-11-06"", ""2023-11-07"", ""2023-11-08"", ""2023-11-09"", ""2023-11-10""]",32374000000000,85797000000000,1,9.0,0.0,1.0
MIX,2023-11-14,included,,"[""2023-10-17"", ""2023-10-18"", ""2023-10-19"", ""2023-10-20"", ""2023-10-23"", ""2023-10-24"", ""2023-10-25"", ""2023-10-26"", ""2023-10-27"", ""2023-10-30"", ""2023-10-31"", ""2023-11-01"", ""2023-11-02"", ""2023-11-03"", ""2023-11-06"", ""2023-11-07"", ""2023-11-08"", ""2023-11-09"", ""2023-11-10"", ""2023-11-13""]",32386000000000,85786001000000,1,6.0,6.0,2.0
MIX,2023-11-15,included,,"[""2023-10-18"", ""2023-10-19"", ""2023-10-20"", ""2023-10-23"", ""2023-10-24"", ""2023-10-25"", ""2023-10-26"", ""2023-10-27"", ""2023-10-30"", ""2023-10-31"", ""2023-11-01"", ""2023-11-02"", ""2023-11-03"", ""2023-11-06"", ""2023-11-07"", ""2023-11-08"", ""2023-11-09"", ""2023-11-10"", ""2023-11-13"", ""2023-11-14""]",32358000000000,85735000000000,1,5.0,5.0,0.0
MIX,2023-11-16,included,,"[""2023-10-19"", ""2023-10-20"", ""2023-10-23"", ""2023-10-24"", ""2023-10-25"", ""2023-10-26"", ""2023-10-27"", ""2023-10-30"", ""2023-10-31"", ""2023-11-01"", ""2023-11-02"", ""2023-11-03"", ""2023-11-06"", ""2023-11-07"", ""2023-11-08"", ""2023-11-09"", ""2023-11-10"", ""2023-11-13"", ""2023-11-14"", ""2023-11-15""]",32389000000000,85786000000000,1,8.0,0.0,0.0
MIX,2023-11-17,included,,"[""2023-10-20"", ""2023-10-23"", ""2023-10-24"", ""2023-10-25"", ""2023-10-26"", ""2023-10-27"", ""2023-10-30"", ""2023-10-31"", ""2023-11-01"", ""2023-11-02"", ""2023-11-03"", ""2023-11-06"", ""2023-11-07"", ""2023-11-08"", ""2023-11-09"", ""2023-11-10"", ""2023-11-13"", ""2023-11-14"", ""2023-11-15"", ""2023-11-16""]",32366000000000,85794001000000,1,3.0,3.0,0.0
MIX,2023-11-20,included,,"[""2023-10-23"", ""2023-10-24"", ""2023-10-25"", ""2023-10-26"", ""2023-10-27"", ""2023-10-30"", ""2023-10-31"", ""2023-11-01"", ""2023-11-02"", ""2023-11-03"", ""2023-11-06"", ""2023-11-07"", ""2023-11-08"", ""2023-11-09"", ""2023-11-10"", ""2023-11-13"", ""2023-11-14"", ""2023-11-15"", ""2023-11-16"", ""2023-11-17""]",32371000000000,85797000000000,1,12.0,6.0,2.0
MIX,2023-11-21,included,,"[""2023-10-24"", ""2023-10-25"", ""2023-10-26"", ""2023-10-27"", ""2023-10-30"", ""2023-10-31"", ""2023-11-01"", ""2023-11-02"", ""2023-11-03"", ""2023-11-06"", ""2023-11-07"", ""2023-11-08"", ""2023-11-09"", ""2023-11-10"", ""2023-11-13"", ""2023-11-14"", ""2023-11-15"", ""2023-11-16"", ""2023-11-17"", ""2023-11-20""]",32369000000000,85794008000000,1,7.0,0.0,1.0
MIX,2023-11-22,included,,"[""2023-10-25"", ""2023-10-26"", ""2023-10-27"", ""2023-10-30"", ""2023-10-31"", ""2023-11-01"", ""2023-11-02"", ""2023-11-03"", ""2023-11-06"", ""2023-11-07"", ""2023-11-08"", ""2023-11-09"", ""2023-11-10"", ""2023-11-13"", ""2023-11-14"", ""2023-11-15"", ""2023-11-16"", ""2023-11-17"", ""2023-11-20"", ""2023-11-21""]",32384000000000,85783000000000,1,4.0,0.0,0.0
MIX,2023-11-23,included,,"[""2023-10-26"", ""2023-10-27"", ""2023-10-30"", ""2023-10-31"", ""2023-11-01"", ""2023-11-02"", ""2023-11-03"", ""2023-11-06"", ""2023-11-07"", ""2023-11-08"", ""2023-11-09"", ""2023-11-10"", ""2023-11-13"", ""2023-11-14"", ""2023-11-15"", ""2023-11-16"", ""2023-11-17"", ""2023-11-20"", ""2023-11-21"", ""2023-11-22""]",32381000000000,85797001000000,1,10.0,0.0,2.0
MIX,2023-11-24,included,,"[""2023-10-27"", ""2023-10-30"", ""2023-10-31"", ""2023-11-01"", ""2023-11-02"", ""2023-11-03"", ""2023-11-06"", ""2023-11-07"", ""2023-11-08"", ""2023-11-09"", ""2023-11-10"", ""2023-11-13"", ""2023-11-14"", ""2023-11-15"", ""2023-11-16"", ""2023-11-17"", ""2023-11-20"", ""2023-11-21"", ""2023-11-22"", ""2023-11-23""]",32401000000000,85797001000000,1,4.0,1.0,1.0
MIX,2023-11-27,included,,"[""2023-10-30"", ""2023-10-31"", ""2023-11-01"", ""2023-11-02"", ""2023-11-03"", ""2023-11-06"", ""2023-11-07"", ""2023-11-08"", ""2023-11-09"", ""2023-11-10"", ""2023-11-13"", ""2023-11-14"", ""2023-11-15"", ""2023-11-16"", ""2023-11-17"", ""2023-11-20"", ""2023-11-21"", ""2023-11-22"", ""2023-11-23"", ""2023-11-24""]",32375000000000,85795001000000,1,4.0,0.0,1.0
MIX,2023-11-28,included,,"[""2023-10-31"", ""2023-11-01"", ""2023-11-02"", ""2023-11-03"", ""2023-11-06"", ""2023-11-07"", ""2023-11-08"", ""2023-11-09"", ""2023-11-10"", ""2023-11-13"", ""2023-11-14"", ""2023-11-15"", ""2023-11-16"", ""2023-11-17"", ""2023-11-20"", ""2023-11-21"", ""2023-11-22"", ""2023-11-23"", ""2023-11-24"", ""2023-11-27""]",32389000000000,85799001000000,1,4.0,3.0,22.0
MIX,2023-11-29,included,,"[""2023-11-01"", ""2023-11-02"", ""2023-11-03"", ""2023-11-06"", ""2023-11-07"", ""2023-11-08"", ""2023-11-09"", ""2023-11-10"", ""2023-11-13"", ""2023-11-14"", ""2023-11-15"", ""2023-11-16"", ""2023-11-17"", ""2023-11-20"", ""2023-11-21"", ""2023-11-22"", ""2023-11-23"", ""2023-11-24"", ""2023-11-27"", ""2023-11-28""]",32371000000000,85798002000000,1,6.0,6.0,0.0
MIX,2023-11-30,included,,"[""2023-11-02"", ""2023-11-03"", ""2023-11-06"", ""2023-11-07"", ""2023-11-08"", ""2023-11-09"", ""2023-11-10"", ""2023-11-13"", ""2023-11-14"", ""2023-11-15"", ""2023-11-16"", ""2023-11-17"", ""2023-11-20"", ""2023-11-21"", ""2023-11-22"", ""2023-11-23"", ""2023-11-24"", ""2023-11-27"", ""2023-11-28"", ""2023-11-29""]",32400000000000,85780001000000,1,3.0,3.0,0.0
MIX,2023-12-01,included,,"[""2023-11-03"", ""2023-11-06"", ""2023-11-07"", ""2023-11-08"", ""2023-11-09"", ""2023-11-10"", ""2023-11-13"", ""2023-11-14"", ""2023-11-15"", ""2023-11-16"", ""2023-11-17"", ""2023-11-20"", ""2023-11-21"", ""2023-11-22"", ""2023-11-23"", ""2023-11-24"", ""2023-11-27"", ""2023-11-28"", ""2023-11-29"", ""2023-11-30""]",32373000000000,85797000000000,1,2.0,2.0,0.0
MIX,2023-12-04,included,,"[""2023-11-06"", ""2023-11-07"", ""2023-11-08"", ""2023-11-09"", ""2023-11-10"", ""2023-11-13"", ""2023-11-14"", ""2023-11-15"", ""2023-11-16"", ""2023-11-17"", ""2023-11-20"", ""2023-11-21"", ""2023-11-22"", ""2023-11-23"", ""2023-11-24"", ""2023-11-27"", ""2023-11-28"", ""2023-11-29"", ""2023-11-30"", ""2023-12-01""]",32357000000000,85789000000000,1,8.0,8.0,0.0
MIX,2023-12-05,included,,"[""2023-11-07"", ""2023-11-08"", ""2023-11-09"", ""2023-11-10"", ""2023-11-13"", ""2023-11-14"", ""2023-11-15"", ""2023-11-16"", ""2023-11-17"", ""2023-11-20"", ""2023-11-21"", ""2023-11-22"", ""2023-11-23"", ""2023-11-24"", ""2023-11-27"", ""2023-11-28"", ""2023-11-29"", ""2023-11-30"", ""2023-12-01"", ""2023-12-04""]",32363000000000,85759000000000,1,6.0,6.0,0.0
MIX,2023-12-06,included,,"[""2023-11-08"", ""2023-11-09"", ""2023-11-10"", ""2023-11-13"", ""2023-11-14"", ""2023-11-15"", ""2023-11-16"", ""2023-11-17"", ""2023-11-20"", ""2023-11-21"", ""2023-11-22"", ""2023-11-23"", ""2023-11-24"", ""2023-11-27"", ""2023-11-28"", ""2023-11-29"", ""2023-11-30"", ""2023-12-01"", ""2023-12-04"", ""2023-12-05""]",32380000000000,85767000000000,1,8.0,8.0,0.0
MIX,2023-12-07,included,,"[""2023-11-09"", ""2023-11-10"", ""2023-11-13"", ""2023-11-14"", ""2023-11-15"", ""2023-11-16"", ""2023-11-17"", ""2023-11-20"", ""2023-11-21"", ""2023-11-22"", ""2023-11-23"", ""2023-11-24"", ""2023-11-27"", ""2023-11-28"", ""2023-11-29"", ""2023-11-30"", ""2023-12-01"", ""2023-12-04"", ""2023-12-05"", ""2023-12-06""]",32355000000000,85787001000000,1,8.0,8.0,4.0
MIX,2023-12-08,included,,"[""2023-11-10"", ""2023-11-13"", ""2023-11-14"", ""2023-11-15"", ""2023-11-16"", ""2023-11-17"", ""2023-11-20"", ""2023-11-21"", ""2023-11-22"", ""2023-11-23"", ""2023-11-24"", ""2023-11-27"", ""2023-11-28"", ""2023-11-29"", ""2023-11-30"", ""2023-12-01"", ""2023-12-04"", ""2023-12-05"", ""2023-12-06"", ""2023-12-07""]",32389000000000,85792001000000,1,2.0,1.0,1.0
MIX,2023-12-11,included,,"[""2023-11-13"", ""2023-11-14"", ""2023-11-15"", ""2023-11-16"", ""2023-11-17"", ""2023-11-20"", ""2023-11-21"", ""2023-11-22"", ""2023-11-23"", ""2023-11-24"", ""2023-11-27"", ""2023-11-28"", ""2023-11-29"", ""2023-11-30"", ""2023-12-01"", ""2023-12-04"", ""2023-12-05"", ""2023-12-06"", ""2023-12-07"", ""2023-12-08""]",32350000000000,85796000000000,1,4.0,4.0,0.0
MIX,2023-12-12,included,,"[""2023-11-14"", ""2023-11-15"", ""2023-11-16"", ""2023-11-17"", ""2023-11-20"", ""2023-11-21"", ""2023-11-22"", ""2023-11-23"", ""2023-11-24"", ""2023-11-27"", ""2023-11-28"", ""2023-11-29"", ""2023-11-30"", ""2023-12-01"", ""2023-12-04"", ""2023-12-05"", ""2023-12-06"", ""2023-12-07"", ""2023-12-08"", ""2023-12-11""]",32343000000000,85799000000000,1,3.0,3.0,0.0
MIX,2023-12-13,included,,"[""2023-11-15"", ""2023-11-16"", ""2023-11-17"", ""2023-11-20"", ""2023-11-21"", ""2023-11-22"", ""2023-11-23"", ""2023-11-24"", ""2023-11-27"", ""2023-11-28"", ""2023-11-29"", ""2023-11-30"", ""2023-12-01"", ""2023-12-04"", ""2023-12-05"", ""2023-12-06"", ""2023-12-07"", ""2023-12-08"", ""2023-12-11"", ""2023-12-12""]",32373000000000,85796000000000,1,4.0,2.0,13.0
MIX,2023-12-14,included,,"[""2023-11-16"", ""2023-11-17"", ""2023-11-20"", ""2023-11-21"", ""2023-11-22"", ""2023-11-23"", ""2023-11-24"", ""2023-11-27"", ""2023-11-28"", ""2023-11-29"", ""2023-11-30"", ""2023-12-01"", ""2023-12-04"", ""2023-12-05"", ""2023-12-06"", ""2023-12-07"", ""2023-12-08"", ""2023-12-11"", ""2023-12-12"", ""2023-12-13""]",32342000000000,85794003000000,1,7.0,1.0,0.0
MIX,2023-12-15,included,,"[""2023-11-17"", ""2023-11-20"", ""2023-11-21"", ""2023-11-22"", ""2023-11-23"", ""2023-11-24"", ""2023-11-27"", ""2023-11-28"", ""2023-11-29"", ""2023-11-30"", ""2023-12-01"", ""2023-12-04"", ""2023-12-05"", ""2023-12-06"", ""2023-12-07"", ""2023-12-08"", ""2023-12-11"", ""2023-12-12"", ""2023-12-13"", ""2023-12-14""]",32374000000000,85788000000000,1,6.0,6.0,1.0
MIX,2023-12-18,included,,"[""2023-11-20"", ""2023-11-21"", ""2023-11-22"", ""2023-11-23"", ""2023-11-24"", ""2023-11-27"", ""2023-11-28"", ""2023-11-29"", ""2023-11-30"", ""2023-12-01"", ""2023-12-04"", ""2023-12-05"", ""2023-12-06"", ""2023-12-07"", ""2023-12-08"", ""2023-12-11"", ""2023-12-12"", ""2023-12-13"", ""2023-12-14"", ""2023-12-15""]",32343000000000,85797000000000,1,4.0,4.0,9.0
MIX,2023-12-19,included,,"[""2023-11-21"", ""2023-11-22"", ""2023-11-23"", ""2023-11-24"", ""2023-11-27"", ""2023-11-28"", ""2023-11-29"", ""2023-11-30"", ""2023-12-01"", ""2023-12-04"", ""2023-12-05"", ""2023-12-06"", ""2023-12-07"", ""2023-12-08"", ""2023-12-11"", ""2023-12-12"", ""2023-12-13"", ""2023-12-14"", ""2023-12-15"", ""2023-12-18""]",32344000000000,85794001000000,1,7.0,5.0,41.0
MIX,2023-12-20,included,,"[""2023-11-22"", ""2023-11-23"", ""2023-11-24"", ""2023-11-27"", ""2023-11-28"", ""2023-11-29"", ""2023-11-30"", ""2023-12-01"", ""2023-12-04"", ""2023-12-05"", ""2023-12-06"", ""2023-12-07"", ""2023-12-08"", ""2023-12-11"", ""2023-12-12"", ""2023-12-13"", ""2023-12-14"", ""2023-12-15"", ""2023-12-18"", ""2023-12-19""]",32400000000000,85780000000000,1,3.0,0.0,2.0
MIX,2023-12-21,included,,"[""2023-11-23"", ""2023-11-24"", ""2023-11-27"", ""2023-11-28"", ""2023-11-29"", ""2023-11-30"", ""2023-12-01"", ""2023-12-04"", ""2023-12-05"", ""2023-12-06"", ""2023-12-07"", ""2023-12-08"", ""2023-12-11"", ""2023-12-12"", ""2023-12-13"", ""2023-12-14"", ""2023-12-15"", ""2023-12-18"", ""2023-12-19"", ""2023-12-20""]",32359000000000,85793000000000,1,5.0,2.0,50.0
MIX,2023-12-22,included,,"[""2023-11-24"", ""2023-11-27"", ""2023-11-28"", ""2023-11-29"", ""2023-11-30"", ""2023-12-01"", ""2023-12-04"", ""2023-12-05"", ""2023-12-06"", ""2023-12-07"", ""2023-12-08"", ""2023-12-11"", ""2023-12-12"", ""2023-12-13"", ""2023-12-14"", ""2023-12-15"", ""2023-12-18"", ""2023-12-19"", ""2023-12-20"", ""2023-12-21""]",32400000000000,85781000000000,1,6.0,0.0,4.0
MIX,2023-12-25,included,,"[""2023-11-27"", ""2023-11-28"", ""2023-11-29"", ""2023-11-30"", ""2023-12-01"", ""2023-12-04"", ""2023-12-05"", ""2023-12-06"", ""2023-12-07"", ""2023-12-08"", ""2023-12-11"", ""2023-12-12"", ""2023-12-13"", ""2023-12-14"", ""2023-12-15"", ""2023-12-18"", ""2023-12-19"", ""2023-12-20"", ""2023-12-21"", ""2023-12-22""]",32379000000000,85784000000000,1,2.0,0.0,1.0
MIX,2023-12-26,included,,"[""2023-11-28"", ""2023-11-29"", ""2023-11-30"", ""2023-12-01"", ""2023-12-04"", ""2023-12-05"", ""2023-12-06"", ""2023-12-07"", ""2023-12-08"", ""2023-12-11"", ""2023-12-12"", ""2023-12-13"", ""2023-12-14"", ""2023-12-15"", ""2023-12-18"", ""2023-12-19"", ""2023-12-20"", ""2023-12-21"", ""2023-12-22"", ""2023-12-25""]",32384000000000,85728000000000,1,8.0,0.0,5.0
MIX,2023-12-27,included,,"[""2023-11-29"", ""2023-11-30"", ""2023-12-01"", ""2023-12-04"", ""2023-12-05"", ""2023-12-06"", ""2023-12-07"", ""2023-12-08"", ""2023-12-11"", ""2023-12-12"", ""2023-12-13"", ""2023-12-14"", ""2023-12-15"", ""2023-12-18"", ""2023-12-19"", ""2023-12-20"", ""2023-12-21"", ""2023-12-22"", ""2023-12-25"", ""2023-12-26""]",32347000000000,85799001000000,1,4.0,0.0,1.0
MIX,2023-12-28,included,,"[""2023-11-30"", ""2023-12-01"", ""2023-12-04"", ""2023-12-05"", ""2023-12-06"", ""2023-12-07"", ""2023-12-08"", ""2023-12-11"", ""2023-12-12"", ""2023-12-13"", ""2023-12-14"", ""2023-12-15"", ""2023-12-18"", ""2023-12-19"", ""2023-12-20"", ""2023-12-21"", ""2023-12-22"", ""2023-12-25"", ""2023-12-26"", ""2023-12-27""]",32376000000000,85771005000000,1,11.0,0.0,2.0
MIX,2023-12-29,included,,"[""2023-12-01"", ""2023-12-04"", ""2023-12-05"", ""2023-12-06"", ""2023-12-07"", ""2023-12-08"", ""2023-12-11"", ""2023-12-12"", ""2023-12-13"", ""2023-12-14"", ""2023-12-15"", ""2023-12-18"", ""2023-12-19"", ""2023-12-20"", ""2023-12-21"", ""2023-12-22"", ""2023-12-25"", ""2023-12-26"", ""2023-12-27"", ""2023-12-28""]",32382000000000,85799000000000,1,3.0,0.0,15.0
MIX,2024-01-03,included,,"[""2023-12-04"", ""2023-12-05"", ""2023-12-06"", ""2023-12-07"", ""2023-12-08"", ""2023-12-11"", ""2023-12-12"", ""2023-12-13"", ""2023-12-14"", ""2023-12-15"", ""2023-12-18"", ""2023-12-19"", ""2023-12-20"", ""2023-12-21"", ""2023-12-22"", ""2023-12-25"", ""2023-12-26"", ""2023-12-27"", ""2023-12-28"", ""2023-12-29""]",32353000000000,85754002000000,1,6.0,0.0,2.0
MIX,2024-01-04,included,,"[""2023-12-05"", ""2023-12-06"", ""2023-12-07"", ""2023-12-08"", ""2023-12-11"", ""2023-12-12"", ""2023-12-13"", ""2023-12-14"", ""2023-12-15"", ""2023-12-18"", ""2023-12-19"", ""2023-12-20"", ""2023-12-21"", ""2023-12-22"", ""2023-12-25"", ""2023-12-26"", ""2023-12-27"", ""2023-12-28"", ""2023-12-29"", ""2024-01-03""]",32341000000000,85799000000000,1,10.0,0.0,0.0
MIX,2024-01-05,included,,"[""2023-12-06"", ""2023-12-07"", ""2023-12-08"", ""2023-12-11"", ""2023-12-12"", ""2023-12-13"", ""2023-12-14"", ""2023-12-15"", ""2023-12-18"", ""2023-12-19"", ""2023-12-20"", ""2023-12-21"", ""2023-12-22"", ""2023-12-25"", ""2023-12-26"", ""2023-12-27"", ""2023-12-28"", ""2023-12-29"", ""2024-01-03"", ""2024-01-04""]",32400000000000,85786000000000,1,7.0,0.0,4.0
MIX,2024-01-08,included,,"[""2023-12-07"", ""2023-12-08"", ""2023-12-11"", ""2023-12-12"", ""2023-12-13"", ""2023-12-14"", ""2023-12-15"", ""2023-12-18"", ""2023-12-19"", ""2023-12-20"", ""2023-12-21"", ""2023-12-22"", ""2023-12-25"", ""2023-12-26"", ""2023-12-27"", ""2023-12-28"", ""2023-12-29"", ""2024-01-03"", ""2024-01-04"", ""2024-01-05""]",32380000000000,85716003000000,1,5.0,0.0,6.0
MIX,2024-01-09,included,,"[""2023-12-08"", ""2023-12-11"", ""2023-12-12"", ""2023-12-13"", ""2023-12-14"", ""2023-12-15"", ""2023-12-18"", ""2023-12-19"", ""2023-12-20"", ""2023-12-21"", ""2023-12-22"", ""2023-12-25"", ""2023-12-26"", ""2023-12-27"", ""2023-12-28"", ""2023-12-29"", ""2024-01-03"", ""2024-01-04"", ""2024-01-05"", ""2024-01-08""]",32401000000000,85790000000000,1,7.0,0.0,0.0
MIX,2024-01-10,included,,"[""2023-12-11"", ""2023-12-12"", ""2023-12-13"", ""2023-12-14"", ""2023-12-15"", ""2023-12-18"", ""2023-12-19"", ""2023-12-20"", ""2023-12-21"", ""2023-12-22"", ""2023-12-25"", ""2023-12-26"", ""2023-12-27"", ""2023-12-28"", ""2023-12-29"", ""2024-01-03"", ""2024-01-04"", ""2024-01-05"", ""2024-01-08"", ""2024-01-09""]",32400000000000,85770000000000,1,4.0,0.0,11.0
MIX,2024-01-11,included,,"[""2023-12-12"", ""2023-12-13"", ""2023-12-14"", ""2023-12-15"", ""2023-12-18"", ""2023-12-19"", ""2023-12-20"", ""2023-12-21"", ""2023-12-22"", ""2023-12-25"", ""2023-12-26"", ""2023-12-27"", ""2023-12-28"", ""2023-12-29"", ""2024-01-03"", ""2024-01-04"", ""2024-01-05"", ""2024-01-08"", ""2024-01-09"", ""2024-01-10""]",32373000000000,85786000000000,1,5.0,1.0,7.0
MIX,2024-01-12,included,,"[""2023-12-13"", ""2023-12-14"", ""2023-12-15"", ""2023-12-18"", ""2023-12-19"", ""2023-12-20"", ""2023-12-21"", ""2023-12-22"", ""2023-12-25"", ""2023-12-26"", ""2023-12-27"", ""2023-12-28"", ""2023-12-29"", ""2024-01-03"", ""2024-01-04"", ""2024-01-05"", ""2024-01-08"", ""2024-01-09"", ""2024-01-10"", ""2024-01-11""]",32400000000000,85798000000000,1,5.0,1.0,0.0
MIX,2024-01-15,included,,"[""2023-12-14"", ""2023-12-15"", ""2023-12-18"", ""2023-12-19"", ""2023-12-20"", ""2023-12-21"", ""2023-12-22"", ""2023-12-25"", ""2023-12-26"", ""2023-12-27"", ""2023-12-28"", ""2023-12-29"", ""2024-01-03"", ""2024-01-04"", ""2024-01-05"", ""2024-01-08"", ""2024-01-09"", ""2024-01-10"", ""2024-01-11"", ""2024-01-12""]",32351000000000,85769000000000,1,5.0,1.0,6.0
MIX,2024-01-16,included,,"[""2023-12-15"", ""2023-12-18"", ""2023-12-19"", ""2023-12-20"", ""2023-12-21"", ""2023-12-22"", ""2023-12-25"", ""2023-12-26"", ""2023-12-27"", ""2023-12-28"", ""2023-12-29"", ""2024-01-03"", ""2024-01-04"", ""2024-01-05"", ""2024-01-08"", ""2024-01-09"", ""2024-01-10"", ""2024-01-11"", ""2024-01-12"", ""2024-01-15""]",32366000000000,85795000000000,1,7.0,7.0,3.0
MIX,2024-01-17,included,,"[""2023-12-18"", ""2023-12-19"", ""2023-12-20"", ""2023-12-21"", ""2023-12-22"", ""2023-12-25"", ""2023-12-26"", ""2023-12-27"", ""2023-12-28"", ""2023-12-29"", ""2024-01-03"", ""2024-01-04"", ""2024-01-05"", ""2024-01-08"", ""2024-01-09"", ""2024-01-10"", ""2024-01-11"", ""2024-01-12"", ""2024-01-15"", ""2024-01-16""]",32388000000000,85797000000000,1,9.0,3.0,0.0
MIX,2024-01-18,included,,"[""2023-12-19"", ""2023-12-20"", ""2023-12-21"", ""2023-12-22"", ""2023-12-25"", ""2023-12-26"", ""2023-12-27"", ""2023-12-28"", ""2023-12-29"", ""2024-01-03"", ""2024-01-04"", ""2024-01-05"", ""2024-01-08"", ""2024-01-09"", ""2024-01-10"", ""2024-01-11"", ""2024-01-12"", ""2024-01-15"", ""2024-01-16"", ""2024-01-17""]",32385000000000,85773000000000,1,6.0,0.0,0.0
MIX,2024-01-19,included,,"[""2023-12-20"", ""2023-12-21"", ""2023-12-22"", ""2023-12-25"", ""2023-12-26"", ""2023-12-27"", ""2023-12-28"", ""2023-12-29"", ""2024-01-03"", ""2024-01-04"", ""2024-01-05"", ""2024-01-08"", ""2024-01-09"", ""2024-01-10"", ""2024-01-11"", ""2024-01-12"", ""2024-01-15"", ""2024-01-16"", ""2024-01-17"", ""2024-01-18""]",32400000000000,85777000000000,1,5.0,5.0,27.0
MIX,2024-01-22,included,,"[""2023-12-21"", ""2023-12-22"", ""2023-12-25"", ""2023-12-26"", ""2023-12-27"", ""2023-12-28"", ""2023-12-29"", ""2024-01-03"", ""2024-01-04"", ""2024-01-05"", ""2024-01-08"", ""2024-01-09"", ""2024-01-10"", ""2024-01-11"", ""2024-01-12"", ""2024-01-15"", ""2024-01-16"", ""2024-01-17"", ""2024-01-18"", ""2024-01-19""]",32384000000000,85789000000000,1,7.0,1.0,1.0
MIX,2024-01-23,included,,"[""2023-12-22"", ""2023-12-25"", ""2023-12-26"", ""2023-12-27"", ""2023-12-28"", ""2023-12-29"", ""2024-01-03"", ""2024-01-04"", ""2024-01-05"", ""2024-01-08"", ""2024-01-09"", ""2024-01-10"", ""2024-01-11"", ""2024-01-12"", ""2024-01-15"", ""2024-01-16"", ""2024-01-17"", ""2024-01-18"", ""2024-01-19"", ""2024-01-22""]",32400000000000,85797000000000,1,12.0,0.0,1.0
MIX,2024-01-24,included,,"[""2023-12-25"", ""2023-12-26"", ""2023-12-27"", ""2023-12-28"", ""2023-12-29"", ""2024-01-03"", ""2024-01-04"", ""2024-01-05"", ""2024-01-08"", ""2024-01-09"", ""2024-01-10"", ""2024-01-11"", ""2024-01-12"", ""2024-01-15"", ""2024-01-16"", ""2024-01-17"", ""2024-01-18"", ""2024-01-19"", ""2024-01-22"", ""2024-01-23""]",32365000000000,85799000000000,1,8.0,7.0,0.0
MIX,2024-01-25,included,,"[""2023-12-26"", ""2023-12-27"", ""2023-12-28"", ""2023-12-29"", ""2024-01-03"", ""2024-01-04"", ""2024-01-05"", ""2024-01-08"", ""2024-01-09"", ""2024-01-10"", ""2024-01-11"", ""2024-01-12"", ""2024-01-15"", ""2024-01-16"", ""2024-01-17"", ""2024-01-18"", ""2024-01-19"", ""2024-01-22"", ""2024-01-23"", ""2024-01-24""]",32377000000000,85757000000000,1,3.0,3.0,1.0
MIX,2024-01-26,included,,"[""2023-12-27"", ""2023-12-28"", ""2023-12-29"", ""2024-01-03"", ""2024-01-04"", ""2024-01-05"", ""2024-01-08"", ""2024-01-09"", ""2024-01-10"", ""2024-01-11"", ""2024-01-12"", ""2024-01-15"", ""2024-01-16"", ""2024-01-17"", ""2024-01-18"", ""2024-01-19"", ""2024-01-22"", ""2024-01-23"", ""2024-01-24"", ""2024-01-25""]",32382000000000,85793002000000,1,13.0,5.0,1.0
MIX,2024-01-29,included,,"[""2023-12-28"", ""2023-12-29"", ""2024-01-03"", ""2024-01-04"", ""2024-01-05"", ""2024-01-08"", ""2024-01-09"", ""2024-01-10"", ""2024-01-11"", ""2024-01-12"", ""2024-01-15"", ""2024-01-16"", ""2024-01-17"", ""2024-01-18"", ""2024-01-19"", ""2024-01-22"", ""2024-01-23"", ""2024-01-24"", ""2024-01-25"", ""2024-01-26""]",32348000000000,85793001000000,1,4.0,2.0,1.0
MIX,2024-01-30,included,,"[""2023-12-29"", ""2024-01-03"", ""2024-01-04"", ""2024-01-05"", ""2024-01-08"", ""2024-01-09"", ""2024-01-10"", ""2024-01-11"", ""2024-01-12"", ""2024-01-15"", ""2024-01-16"", ""2024-01-17"", ""2024-01-18"", ""2024-01-19"", ""2024-01-22"", ""2024-01-23"", ""2024-01-24"", ""2024-01-25"", ""2024-01-26"", ""2024-01-29""]",32400000000000,85781000000000,1,3.0,3.0,1.0
MIX,2024-01-31,included,,"[""2024-01-03"", ""2024-01-04"", ""2024-01-05"", ""2024-01-08"", ""2024-01-09"", ""2024-01-10"", ""2024-01-11"", ""2024-01-12"", ""2024-01-15"", ""2024-01-16"", ""2024-01-17"", ""2024-01-18"", ""2024-01-19"", ""2024-01-22"", ""2024-01-23"", ""2024-01-24"", ""2024-01-25"", ""2024-01-26"", ""2024-01-29"", ""2024-01-30""]",32360000000000,85796000000000,1,2.0,2.0,9.0
MIX,2024-02-01,included,,"[""2024-01-04"", ""2024-01-05"", ""2024-01-08"", ""2024-01-09"", ""2024-01-10"", ""2024-01-11"", ""2024-01-12"", ""2024-01-15"", ""2024-01-16"", ""2024-01-17"", ""2024-01-18"", ""2024-01-19"", ""2024-01-22"", ""2024-01-23"", ""2024-01-24"", ""2024-01-25"", ""2024-01-26"", ""2024-01-29"", ""2024-01-30"", ""2024-01-31""]",32400000000000,85797000000000,1,11.0,11.0,30.0
MIX,2024-02-02,included,,"[""2024-01-05"", ""2024-01-08"", ""2024-01-09"", ""2024-01-10"", ""2024-01-11"", ""2024-01-12"", ""2024-01-15"", ""2024-01-16"", ""2024-01-17"", ""2024-01-18"", ""2024-01-19"", ""2024-01-22"", ""2024-01-23"", ""2024-01-24"", ""2024-01-25"", ""2024-01-26"", ""2024-01-29"", ""2024-01-30"", ""2024-01-31"", ""2024-02-01""]",32373000000000,85787000000000,1,9.0,3.0,1.0
MIX,2024-02-05,included,,"[""2024-01-08"", ""2024-01-09"", ""2024-01-10"", ""2024-01-11"", ""2024-01-12"", ""2024-01-15"", ""2024-01-16"", ""2024-01-17"", ""2024-01-18"", ""2024-01-19"", ""2024-01-22"", ""2024-01-23"", ""2024-01-24"", ""2024-01-25"", ""2024-01-26"", ""2024-01-29"", ""2024-01-30"", ""2024-01-31"", ""2024-02-01"", ""2024-02-02""]",32384000000000,85784000000000,1,14.0,1.0,1.0
MIX,2024-02-06,included,,"[""2024-01-09"", ""2024-01-10"", ""2024-01-11"", ""2024-01-12"", ""2024-01-15"", ""2024-01-16"", ""2024-01-17"", ""2024-01-18"", ""2024-01-19"", ""2024-01-22"", ""2024-01-23"", ""2024-01-24"", ""2024-01-25"", ""2024-01-26"", ""2024-01-29"", ""2024-01-30"", ""2024-01-31"", ""2024-02-01"", ""2024-02-02"", ""2024-02-05""]",32409000000000,85794000000000,1,3.0,0.0,0.0
MIX,2024-02-07,included,,"[""2024-01-10"", ""2024-01-11"", ""2024-01-12"", ""2024-01-15"", ""2024-01-16"", ""2024-01-17"", ""2024-01-18"", ""2024-01-19"", ""2024-01-22"", ""2024-01-23"", ""2024-01-24"", ""2024-01-25"", ""2024-01-26"", ""2024-01-29"", ""2024-01-30"", ""2024-01-31"", ""2024-02-01"", ""2024-02-02"", ""2024-02-05"", ""2024-02-06""]",32381000000000,85741001000000,1,4.0,1.0,3.0
MIX,2024-02-08,included,,"[""2024-01-11"", ""2024-01-12"", ""2024-01-15"", ""2024-01-16"", ""2024-01-17"", ""2024-01-18"", ""2024-01-19"", ""2024-01-22"", ""2024-01-23"", ""2024-01-24"", ""2024-01-25"", ""2024-01-26"", ""2024-01-29"", ""2024-01-30"", ""2024-01-31"", ""2024-02-01"", ""2024-02-02"", ""2024-02-05"", ""2024-02-06"", ""2024-02-07""]",32409000000000,85799001000000,1,3.0,3.0,1.0
MIX,2024-02-09,included,,"[""2024-01-12"", ""2024-01-15"", ""2024-01-16"", ""2024-01-17"", ""2024-01-18"", ""2024-01-19"", ""2024-01-22"", ""2024-01-23"", ""2024-01-24"", ""2024-01-25"", ""2024-01-26"", ""2024-01-29"", ""2024-01-30"", ""2024-01-31"", ""2024-02-01"", ""2024-02-02"", ""2024-02-05"", ""2024-02-06"", ""2024-02-07"", ""2024-02-08""]",32372000000000,85799000000000,1,5.0,5.0,50.0
MIX,2024-02-12,included,,"[""2024-01-15"", ""2024-01-16"", ""2024-01-17"", ""2024-01-18"", ""2024-01-19"", ""2024-01-22"", ""2024-01-23"", ""2024-01-24"", ""2024-01-25"", ""2024-01-26"", ""2024-01-29"", ""2024-01-30"", ""2024-01-31"", ""2024-02-01"", ""2024-02-02"", ""2024-02-05"", ""2024-02-06"", ""2024-02-07"", ""2024-02-08"", ""2024-02-09""]",32342000000000,85792000000000,1,5.0,1.0,2.0
MIX,2024-02-13,included,,"[""2024-01-16"", ""2024-01-17"", ""2024-01-18"", ""2024-01-19"", ""2024-01-22"", ""2024-01-23"", ""2024-01-24"", ""2024-01-25"", ""2024-01-26"", ""2024-01-29"", ""2024-01-30"", ""2024-01-31"", ""2024-02-01"", ""2024-02-02"", ""2024-02-05"", ""2024-02-06"", ""2024-02-07"", ""2024-02-08"", ""2024-02-09"", ""2024-02-12""]",32359000000000,85768000000000,1,4.0,4.0,13.0
MIX,2024-02-14,included,,"[""2024-01-17"", ""2024-01-18"", ""2024-01-19"", ""2024-01-22"", ""2024-01-23"", ""2024-01-24"", ""2024-01-25"", ""2024-01-26"", ""2024-01-29"", ""2024-01-30"", ""2024-01-31"", ""2024-02-01"", ""2024-02-02"", ""2024-02-05"", ""2024-02-06"", ""2024-02-07"", ""2024-02-08"", ""2024-02-09"", ""2024-02-12"", ""2024-02-13""]",32401000000000,85753000000000,1,5.0,4.0,28.0
MIX,2024-02-15,included,,"[""2024-01-18"", ""2024-01-19"", ""2024-01-22"", ""2024-01-23"", ""2024-01-24"", ""2024-01-25"", ""2024-01-26"", ""2024-01-29"", ""2024-01-30"", ""2024-01-31"", ""2024-02-01"", ""2024-02-02"", ""2024-02-05"", ""2024-02-06"", ""2024-02-07"", ""2024-02-08"", ""2024-02-09"", ""2024-02-12"", ""2024-02-13"", ""2024-02-14""]",32404000000000,85781001000000,1,4.0,4.0,16.0
MIX,2024-02-16,included,,"[""2024-01-19"", ""2024-01-22"", ""2024-01-23"", ""2024-01-24"", ""2024-01-25"", ""2024-01-26"", ""2024-01-29"", ""2024-01-30"", ""2024-01-31"", ""2024-02-01"", ""2024-02-02"", ""2024-02-05"", ""2024-02-06"", ""2024-02-07"", ""2024-02-08"", ""2024-02-09"", ""2024-02-12"", ""2024-02-13"", ""2024-02-14"", ""2024-02-15""]",32386000000000,85793001000000,1,9.0,2.0,1.0
MIX,2024-02-19,included,,"[""2024-01-22"", ""2024-01-23"", ""2024-01-24"", ""2024-01-25"", ""2024-01-26"", ""2024-01-29"", ""2024-01-30"", ""2024-01-31"", ""2024-02-01"", ""2024-02-02"", ""2024-02-05"", ""2024-02-06"", ""2024-02-07"", ""2024-02-08"", ""2024-02-09"", ""2024-02-12"", ""2024-02-13"", ""2024-02-14"", ""2024-02-15"", ""2024-02-16""]",32346000000000,85797003000000,1,5.0,5.0,10.0
MIX,2024-02-20,included,,"[""2024-01-23"", ""2024-01-24"", ""2024-01-25"", ""2024-01-26"", ""2024-01-29"", ""2024-01-30"", ""2024-01-31"", ""2024-02-01"", ""2024-02-02"", ""2024-02-05"", ""2024-02-06"", ""2024-02-07"", ""2024-02-08"", ""2024-02-09"", ""2024-02-12"", ""2024-02-13"", ""2024-02-14"", ""2024-02-15"", ""2024-02-16"", ""2024-02-19""]",32400000000000,85799000000000,1,7.0,7.0,0.0
MIX,2024-02-21,included,,"[""2024-01-24"", ""2024-01-25"", ""2024-01-26"", ""2024-01-29"", ""2024-01-30"", ""2024-01-31"", ""2024-02-01"", ""2024-02-02"", ""2024-02-05"", ""2024-02-06"", ""2024-02-07"", ""2024-02-08"", ""2024-02-09"", ""2024-02-12"", ""2024-02-13"", ""2024-02-14"", ""2024-02-15"", ""2024-02-16"", ""2024-02-19"", ""2024-02-20""]",32372000000000,85761004000000,1,5.0,5.0,4.0
MIX,2024-02-22,included,,"[""2024-01-25"", ""2024-01-26"", ""2024-01-29"", ""2024-01-30"", ""2024-01-31"", ""2024-02-01"", ""2024-02-02"", ""2024-02-05"", ""2024-02-06"", ""2024-02-07"", ""2024-02-08"", ""2024-02-09"", ""2024-02-12"", ""2024-02-13"", ""2024-02-14"", ""2024-02-15"", ""2024-02-16"", ""2024-02-19"", ""2024-02-20"", ""2024-02-21""]",32377000000000,85797000000000,1,9.0,9.0,1.0
MIX,2024-02-26,included,,"[""2024-01-26"", ""2024-01-29"", ""2024-01-30"", ""2024-01-31"", ""2024-02-01"", ""2024-02-02"", ""2024-02-05"", ""2024-02-06"", ""2024-02-07"", ""2024-02-08"", ""2024-02-09"", ""2024-02-12"", ""2024-02-13"", ""2024-02-14"", ""2024-02-15"", ""2024-02-16"", ""2024-02-19"", ""2024-02-20"", ""2024-02-21"", ""2024-02-22""]",32370000000000,85798001000000,1,9.0,9.0,3.0
MIX,2024-02-27,included,,"[""2024-01-29"", ""2024-01-30"", ""2024-01-31"", ""2024-02-01"", ""2024-02-02"", ""2024-02-05"", ""2024-02-06"", ""2024-02-07"", ""2024-02-08"", ""2024-02-09"", ""2024-02-12"", ""2024-02-13"", ""2024-02-14"", ""2024-02-15"", ""2024-02-16"", ""2024-02-19"", ""2024-02-20"", ""2024-02-21"", ""2024-02-22"", ""2024-02-26""]",32402000000000,85795000000000,1,8.0,8.0,4.0
MIX,2024-02-28,included,,"[""2024-01-30"", ""2024-01-31"", ""2024-02-01"", ""2024-02-02"", ""2024-02-05"", ""2024-02-06"", ""2024-02-07"", ""2024-02-08"", ""2024-02-09"", ""2024-02-12"", ""2024-02-13"", ""2024-02-14"", ""2024-02-15"", ""2024-02-16"", ""2024-02-19"", ""2024-02-20"", ""2024-02-21"", ""2024-02-22"", ""2024-02-26"", ""2024-02-27""]",32383000000000,85712000000000,1,5.0,5.0,0.0
MIX,2024-02-29,included,,"[""2024-01-31"", ""2024-02-01"", ""2024-02-02"", ""2024-02-05"", ""2024-02-06"", ""2024-02-07"", ""2024-02-08"", ""2024-02-09"", ""2024-02-12"", ""2024-02-13"", ""2024-02-14"", ""2024-02-15"", ""2024-02-16"", ""2024-02-19"", ""2024-02-20"", ""2024-02-21"", ""2024-02-22"", ""2024-02-26"", ""2024-02-27"", ""2024-02-28""]",32407000000000,85795000000000,1,4.0,2.0,3.0
MIX,2024-03-01,included,,"[""2024-02-01"", ""2024-02-02"", ""2024-02-05"", ""2024-02-06"", ""2024-02-07"", ""2024-02-08"", ""2024-02-09"", ""2024-02-12"", ""2024-02-13"", ""2024-02-14"", ""2024-02-15"", ""2024-02-16"", ""2024-02-19"", ""2024-02-20"", ""2024-02-21"", ""2024-02-22"", ""2024-02-26"", ""2024-02-27"", ""2024-02-28"", ""2024-02-29""]",32401000000000,85792000000000,1,2.0,0.0,0.0
MIX,2024-03-04,included,,"[""2024-02-02"", ""2024-02-05"", ""2024-02-06"", ""2024-02-07"", ""2024-02-08"", ""2024-02-09"", ""2024-02-12"", ""2024-02-13"", ""2024-02-14"", ""2024-02-15"", ""2024-02-16"", ""2024-02-19"", ""2024-02-20"", ""2024-02-21"", ""2024-02-22"", ""2024-02-26"", ""2024-02-27"", ""2024-02-28"", ""2024-02-29"", ""2024-03-01""]",32357000000000,85730000000000,1,6.0,4.0,1.0
MIX,2024-03-05,included,,"[""2024-02-05"", ""2024-02-06"", ""2024-02-07"", ""2024-02-08"", ""2024-02-09"", ""2024-02-12"", ""2024-02-13"", ""2024-02-14"", ""2024-02-15"", ""2024-02-16"", ""2024-02-19"", ""2024-02-20"", ""2024-02-21"", ""2024-02-22"", ""2024-02-26"", ""2024-02-27"", ""2024-02-28"", ""2024-02-29"", ""2024-03-01"", ""2024-03-04""]",32400000000000,85762001000000,1,9.0,4.0,0.0
MIX,2024-03-06,included,,"[""2024-02-06"", ""2024-02-07"", ""2024-02-08"", ""2024-02-09"", ""2024-02-12"", ""2024-02-13"", ""2024-02-14"", ""2024-02-15"", ""2024-02-16"", ""2024-02-19"", ""2024-02-20"", ""2024-02-21"", ""2024-02-22"", ""2024-02-26"", ""2024-02-27"", ""2024-02-28"", ""2024-02-29"", ""2024-03-01"", ""2024-03-04"", ""2024-03-05""]",32407000000000,85712000000000,1,7.0,3.0,2.0
MIX,2024-03-07,included,,"[""2024-02-07"", ""2024-02-08"", ""2024-02-09"", ""2024-02-12"", ""2024-02-13"", ""2024-02-14"", ""2024-02-15"", ""2024-02-16"", ""2024-02-19"", ""2024-02-20"", ""2024-02-21"", ""2024-02-22"", ""2024-02-26"", ""2024-02-27"", ""2024-02-28"", ""2024-02-29"", ""2024-03-01"", ""2024-03-04"", ""2024-03-05"", ""2024-03-06""]",32382000000000,85793001000000,1,5.0,0.0,1.0
MIX,2024-03-11,included,,"[""2024-02-08"", ""2024-02-09"", ""2024-02-12"", ""2024-02-13"", ""2024-02-14"", ""2024-02-15"", ""2024-02-16"", ""2024-02-19"", ""2024-02-20"", ""2024-02-21"", ""2024-02-22"", ""2024-02-26"", ""2024-02-27"", ""2024-02-28"", ""2024-02-29"", ""2024-03-01"", ""2024-03-04"", ""2024-03-05"", ""2024-03-06"", ""2024-03-07""]",32358000000000,85795000000000,1,7.0,7.0,16.0
MIX,2024-03-12,included,,"[""2024-02-09"", ""2024-02-12"", ""2024-02-13"", ""2024-02-14"", ""2024-02-15"", ""2024-02-16"", ""2024-02-19"", ""2024-02-20"", ""2024-02-21"", ""2024-02-22"", ""2024-02-26"", ""2024-02-27"", ""2024-02-28"", ""2024-02-29"", ""2024-03-01"", ""2024-03-04"", ""2024-03-05"", ""2024-03-06"", ""2024-03-07"", ""2024-03-11""]",32348000000000,85799000000000,1,3.0,3.0,13.0
MIX,2024-03-13,included,,"[""2024-02-12"", ""2024-02-13"", ""2024-02-14"", ""2024-02-15"", ""2024-02-16"", ""2024-02-19"", ""2024-02-20"", ""2024-02-21"", ""2024-02-22"", ""2024-02-26"", ""2024-02-27"", ""2024-02-28"", ""2024-02-29"", ""2024-03-01"", ""2024-03-04"", ""2024-03-05"", ""2024-03-06"", ""2024-03-07"", ""2024-03-11"", ""2024-03-12""]",32402000000000,85799000000000,1,7.0,7.0,0.0
MIX,2024-03-14,included,,"[""2024-02-13"", ""2024-02-14"", ""2024-02-15"", ""2024-02-16"", ""2024-02-19"", ""2024-02-20"", ""2024-02-21"", ""2024-02-22"", ""2024-02-26"", ""2024-02-27"", ""2024-02-28"", ""2024-02-29"", ""2024-03-01"", ""2024-03-04"", ""2024-03-05"", ""2024-03-06"", ""2024-03-07"", ""2024-03-11"", ""2024-03-12"", ""2024-03-13""]",32352000000000,85780011000000,1,8.0,8.0,1.0
MIX,2024-03-15,included,,"[""2024-02-14"", ""2024-02-15"", ""2024-02-16"", ""2024-02-19"", ""2024-02-20"", ""2024-02-21"", ""2024-02-22"", ""2024-02-26"", ""2024-02-27"", ""2024-02-28"", ""2024-02-29"", ""2024-03-01"", ""2024-03-04"", ""2024-03-05"", ""2024-03-06"", ""2024-03-07"", ""2024-03-11"", ""2024-03-12"", ""2024-03-13"", ""2024-03-14""]",32405000000000,85799000000000,1,8.0,8.0,0.0
MIX,2024-03-18,included,,"[""2024-02-15"", ""2024-02-16"", ""2024-02-19"", ""2024-02-20"", ""2024-02-21"", ""2024-02-22"", ""2024-02-26"", ""2024-02-27"", ""2024-02-28"", ""2024-02-29"", ""2024-03-01"", ""2024-03-04"", ""2024-03-05"", ""2024-03-06"", ""2024-03-07"", ""2024-03-11"", ""2024-03-12"", ""2024-03-13"", ""2024-03-14"", ""2024-03-15""]",32374000000000,85794000000000,1,7.0,7.0,0.0
MIX,2024-03-19,included,,"[""2024-02-16"", ""2024-02-19"", ""2024-02-20"", ""2024-02-21"", ""2024-02-22"", ""2024-02-26"", ""2024-02-27"", ""2024-02-28"", ""2024-02-29"", ""2024-03-01"", ""2024-03-04"", ""2024-03-05"", ""2024-03-06"", ""2024-03-07"", ""2024-03-11"", ""2024-03-12"", ""2024-03-13"", ""2024-03-14"", ""2024-03-15"", ""2024-03-18""]",32388000000000,85789000000000,1,4.0,1.0,0.0
MIX,2024-03-20,included,,"[""2024-02-19"", ""2024-02-20"", ""2024-02-21"", ""2024-02-22"", ""2024-02-26"", ""2024-02-27"", ""2024-02-28"", ""2024-02-29"", ""2024-03-01"", ""2024-03-04"", ""2024-03-05"", ""2024-03-06"", ""2024-03-07"", ""2024-03-11"", ""2024-03-12"", ""2024-03-13"", ""2024-03-14"", ""2024-03-15"", ""2024-03-18"", ""2024-03-19""]",32363000000000,85796000000000,1,4.0,0.0,0.0
MIX,2024-03-21,included,,"[""2024-02-20"", ""2024-02-21"", ""2024-02-22"", ""2024-02-26"", ""2024-02-27"", ""2024-02-28"", ""2024-02-29"", ""2024-03-01"", ""2024-03-04"", ""2024-03-05"", ""2024-03-06"", ""2024-03-07"", ""2024-03-11"", ""2024-03-12"", ""2024-03-13"", ""2024-03-14"", ""2024-03-15"", ""2024-03-18"", ""2024-03-19"", ""2024-03-20""]",32367000000000,85782001000000,1,4.0,0.0,14.0
MIX,2024-03-22,included,,"[""2024-02-21"", ""2024-02-22"", ""2024-02-26"", ""2024-02-27"", ""2024-02-28"", ""2024-02-29"", ""2024-03-01"", ""2024-03-04"", ""2024-03-05"", ""2024-03-06"", ""2024-03-07"", ""2024-03-11"", ""2024-03-12"", ""2024-03-13"", ""2024-03-14"", ""2024-03-15"", ""2024-03-18"", ""2024-03-19"", ""2024-03-20"", ""2024-03-21""]",32376000000000,85799001000000,1,5.0,0.0,26.0
MIX,2024-03-25,included,,"[""2024-02-22"", ""2024-02-26"", ""2024-02-27"", ""2024-02-28"", ""2024-02-29"", ""2024-03-01"", ""2024-03-04"", ""2024-03-05"", ""2024-03-06"", ""2024-03-07"", ""2024-03-11"", ""2024-03-12"", ""2024-03-13"", ""2024-03-14"", ""2024-03-15"", ""2024-03-18"", ""2024-03-19"", ""2024-03-20"", ""2024-03-21"", ""2024-03-22""]",32385000000000,85797000000000,1,8.0,8.0,59.0
MIX,2024-03-26,included,,"[""2024-02-26"", ""2024-02-27"", ""2024-02-28"", ""2024-02-29"", ""2024-03-01"", ""2024-03-04"", ""2024-03-05"", ""2024-03-06"", ""2024-03-07"", ""2024-03-11"", ""2024-03-12"", ""2024-03-13"", ""2024-03-14"", ""2024-03-15"", ""2024-03-18"", ""2024-03-19"", ""2024-03-20"", ""2024-03-21"", ""2024-03-22"", ""2024-03-25""]",32373000000000,85792000000000,1,6.0,0.0,1.0
MIX,2024-03-27,included,,"[""2024-02-27"", ""2024-02-28"", ""2024-02-29"", ""2024-03-01"", ""2024-03-04"", ""2024-03-05"", ""2024-03-06"", ""2024-03-07"", ""2024-03-11"", ""2024-03-12"", ""2024-03-13"", ""2024-03-14"", ""2024-03-15"", ""2024-03-18"", ""2024-03-19"", ""2024-03-20"", ""2024-03-21"", ""2024-03-22"", ""2024-03-25"", ""2024-03-26""]",32342000000000,85795000000000,1,4.0,0.0,0.0
MIX,2024-03-28,included,,"[""2024-02-28"", ""2024-02-29"", ""2024-03-01"", ""2024-03-04"", ""2024-03-05"", ""2024-03-06"", ""2024-03-07"", ""2024-03-11"", ""2024-03-12"", ""2024-03-13"", ""2024-03-14"", ""2024-03-15"", ""2024-03-18"", ""2024-03-19"", ""2024-03-20"", ""2024-03-21"", ""2024-03-22"", ""2024-03-25"", ""2024-03-26"", ""2024-03-27""]",32380000000000,85792000000000,1,14.0,0.0,48.0
MIX,2024-03-29,included,,"[""2024-02-29"", ""2024-03-01"", ""2024-03-04"", ""2024-03-05"", ""2024-03-06"", ""2024-03-07"", ""2024-03-11"", ""2024-03-12"", ""2024-03-13"", ""2024-03-14"", ""2024-03-15"", ""2024-03-18"", ""2024-03-19"", ""2024-03-20"", ""2024-03-21"", ""2024-03-22"", ""2024-03-25"", ""2024-03-26"", ""2024-03-27"", ""2024-03-28""]",32361000000000,85799000000000,1,2.0,0.0,4.0
MIX,2024-04-01,included,,"[""2024-03-01"", ""2024-03-04"", ""2024-03-05"", ""2024-03-06"", ""2024-03-07"", ""2024-03-11"", ""2024-03-12"", ""2024-03-13"", ""2024-03-14"", ""2024-03-15"", ""2024-03-18"", ""2024-03-19"", ""2024-03-20"", ""2024-03-21"", ""2024-03-22"", ""2024-03-25"", ""2024-03-26"", ""2024-03-27"", ""2024-03-28"", ""2024-03-29""]",32372000000000,85755000000000,1,2.0,1.0,17.0
MIX,2024-04-02,included,,"[""2024-03-04"", ""2024-03-05"", ""2024-03-06"", ""2024-03-07"", ""2024-03-11"", ""2024-03-12"", ""2024-03-13"", ""2024-03-14"", ""2024-03-15"", ""2024-03-18"", ""2024-03-19"", ""2024-03-20"", ""2024-03-21"", ""2024-03-22"", ""2024-03-25"", ""2024-03-26"", ""2024-03-27"", ""2024-03-28"", ""2024-03-29"", ""2024-04-01""]",32343000000000,85799000000000,1,9.0,0.0,1.0
MIX,2024-04-03,included,,"[""2024-03-05"", ""2024-03-06"", ""2024-03-07"", ""2024-03-11"", ""2024-03-12"", ""2024-03-13"", ""2024-03-14"", ""2024-03-15"", ""2024-03-18"", ""2024-03-19"", ""2024-03-20"", ""2024-03-21"", ""2024-03-22"", ""2024-03-25"", ""2024-03-26"", ""2024-03-27"", ""2024-03-28"", ""2024-03-29"", ""2024-04-01"", ""2024-04-02""]",32390000000000,85790000000000,1,4.0,0.0,0.0
MIX,2024-04-04,included,,"[""2024-03-06"", ""2024-03-07"", ""2024-03-11"", ""2024-03-12"", ""2024-03-13"", ""2024-03-14"", ""2024-03-15"", ""2024-03-18"", ""2024-03-19"", ""2024-03-20"", ""2024-03-21"", ""2024-03-22"", ""2024-03-25"", ""2024-03-26"", ""2024-03-27"", ""2024-03-28"", ""2024-03-29"", ""2024-04-01"", ""2024-04-02"", ""2024-04-03""]",32374000000000,85796002000000,1,9.0,6.0,0.0
MIX,2024-04-05,included,,"[""2024-03-07"", ""2024-03-11"", ""2024-03-12"", ""2024-03-13"", ""2024-03-14"", ""2024-03-15"", ""2024-03-18"", ""2024-03-19"", ""2024-03-20"", ""2024-03-21"", ""2024-03-22"", ""2024-03-25"", ""2024-03-26"", ""2024-03-27"", ""2024-03-28"", ""2024-03-29"", ""2024-04-01"", ""2024-04-02"", ""2024-04-03"", ""2024-04-04""]",32354000000000,85794002000000,1,5.0,0.0,17.0
MIX,2024-04-08,included,,"[""2024-03-11"", ""2024-03-12"", ""2024-03-13"", ""2024-03-14"", ""2024-03-15"", ""2024-03-18"", ""2024-03-19"", ""2024-03-20"", ""2024-03-21"", ""2024-03-22"", ""2024-03-25"", ""2024-03-26"", ""2024-03-27"", ""2024-03-28"", ""2024-03-29"", ""2024-04-01"", ""2024-04-02"", ""2024-04-03"", ""2024-04-04"", ""2024-04-05""]",32400000000000,85767000000000,1,8.0,0.0,1.0
MIX,2024-04-09,included,,"[""2024-03-12"", ""2024-03-13"", ""2024-03-14"", ""2024-03-15"", ""2024-03-18"", ""2024-03-19"", ""2024-03-20"", ""2024-03-21"", ""2024-03-22"", ""2024-03-25"", ""2024-03-26"", ""2024-03-27"", ""2024-03-28"", ""2024-03-29"", ""2024-04-01"", ""2024-04-02"", ""2024-04-03"", ""2024-04-04"", ""2024-04-05"", ""2024-04-08""]",32367000000000,85795000000000,1,8.0,4.0,0.0
MIX,2024-04-10,included,,"[""2024-03-13"", ""2024-03-14"", ""2024-03-15"", ""2024-03-18"", ""2024-03-19"", ""2024-03-20"", ""2024-03-21"", ""2024-03-22"", ""2024-03-25"", ""2024-03-26"", ""2024-03-27"", ""2024-03-28"", ""2024-03-29"", ""2024-04-01"", ""2024-04-02"", ""2024-04-03"", ""2024-04-04"", ""2024-04-05"", ""2024-04-08"", ""2024-04-09""]",32376000000000,85798000000000,1,8.0,7.0,0.0
MIX,2024-04-11,included,,"[""2024-03-14"", ""2024-03-15"", ""2024-03-18"", ""2024-03-19"", ""2024-03-20"", ""2024-03-21"", ""2024-03-22"", ""2024-03-25"", ""2024-03-26"", ""2024-03-27"", ""2024-03-28"", ""2024-03-29"", ""2024-04-01"", ""2024-04-02"", ""2024-04-03"", ""2024-04-04"", ""2024-04-05"", ""2024-04-08"", ""2024-04-09"", ""2024-04-10""]",32346000000000,85787002000000,1,4.0,1.0,1.0
MIX,2024-04-12,included,,"[""2024-03-15"", ""2024-03-18"", ""2024-03-19"", ""2024-03-20"", ""2024-03-21"", ""2024-03-22"", ""2024-03-25"", ""2024-03-26"", ""2024-03-27"", ""2024-03-28"", ""2024-03-29"", ""2024-04-01"", ""2024-04-02"", ""2024-04-03"", ""2024-04-04"", ""2024-04-05"", ""2024-04-08"", ""2024-04-09"", ""2024-04-10"", ""2024-04-11""]",32352000000000,85779001000000,1,7.0,2.0,8.0
MIX,2024-04-15,included,,"[""2024-03-18"", ""2024-03-19"", ""2024-03-20"", ""2024-03-21"", ""2024-03-22"", ""2024-03-25"", ""2024-03-26"", ""2024-03-27"", ""2024-03-28"", ""2024-03-29"", ""2024-04-01"", ""2024-04-02"", ""2024-04-03"", ""2024-04-04"", ""2024-04-05"", ""2024-04-08"", ""2024-04-09"", ""2024-04-10"", ""2024-04-11"", ""2024-04-12""]",32387000000000,85779000000000,1,6.0,4.0,0.0
MIX,2024-04-16,included,,"[""2024-03-19"", ""2024-03-20"", ""2024-03-21"", ""2024-03-22"", ""2024-03-25"", ""2024-03-26"", ""2024-03-27"", ""2024-03-28"", ""2024-03-29"", ""2024-04-01"", ""2024-04-02"", ""2024-04-03"", ""2024-04-04"", ""2024-04-05"", ""2024-04-08"", ""2024-04-09"", ""2024-04-10"", ""2024-04-11"", ""2024-04-12"", ""2024-04-15""]",32353000000000,85747000000000,1,12.0,11.0,31.0
MIX,2024-04-17,included,,"[""2024-03-20"", ""2024-03-21"", ""2024-03-22"", ""2024-03-25"", ""2024-03-26"", ""2024-03-27"", ""2024-03-28"", ""2024-03-29"", ""2024-04-01"", ""2024-04-02"", ""2024-04-03"", ""2024-04-04"", ""2024-04-05"", ""2024-04-08"", ""2024-04-09"", ""2024-04-10"", ""2024-04-11"", ""2024-04-12"", ""2024-04-15"", ""2024-04-16""]",32400000000000,85794000000000,1,2.0,1.0,2.0
MIX,2024-04-18,included,,"[""2024-03-21"", ""2024-03-22"", ""2024-03-25"", ""2024-03-26"", ""2024-03-27"", ""2024-03-28"", ""2024-03-29"", ""2024-04-01"", ""2024-04-02"", ""2024-04-03"", ""2024-04-04"", ""2024-04-05"", ""2024-04-08"", ""2024-04-09"", ""2024-04-10"", ""2024-04-11"", ""2024-04-12"", ""2024-04-15"", ""2024-04-16"", ""2024-04-17""]",32385000000000,85785000000000,1,5.0,3.0,1.0
MIX,2024-04-19,included,,"[""2024-03-22"", ""2024-03-25"", ""2024-03-26"", ""2024-03-27"", ""2024-03-28"", ""2024-03-29"", ""2024-04-01"", ""2024-04-02"", ""2024-04-03"", ""2024-04-04"", ""2024-04-05"", ""2024-04-08"", ""2024-04-09"", ""2024-04-10"", ""2024-04-11"", ""2024-04-12"", ""2024-04-15"", ""2024-04-16"", ""2024-04-17"", ""2024-04-18""]",32356000000000,85786000000000,1,7.0,4.0,9.0
MIX,2024-04-22,included,,"[""2024-03-25"", ""2024-03-26"", ""2024-03-27"", ""2024-03-28"", ""2024-03-29"", ""2024-04-01"", ""2024-04-02"", ""2024-04-03"", ""2024-04-04"", ""2024-04-05"", ""2024-04-08"", ""2024-04-09"", ""2024-04-10"", ""2024-04-11"", ""2024-04-12"", ""2024-04-15"", ""2024-04-16"", ""2024-04-17"", ""2024-04-18"", ""2024-04-19""]",32400000000000,85778001000000,1,9.0,0.0,2.0
MIX,2024-04-23,included,,"[""2024-03-26"", ""2024-03-27"", ""2024-03-28"", ""2024-03-29"", ""2024-04-01"", ""2024-04-02"", ""2024-04-03"", ""2024-04-04"", ""2024-04-05"", ""2024-04-08"", ""2024-04-09"", ""2024-04-10"", ""2024-04-11"", ""2024-04-12"", ""2024-04-15"", ""2024-04-16"", ""2024-04-17"", ""2024-04-18"", ""2024-04-19"", ""2024-04-22""]",32401000000000,85798000000000,1,3.0,0.0,1.0
MIX,2024-04-24,included,,"[""2024-03-27"", ""2024-03-28"", ""2024-03-29"", ""2024-04-01"", ""2024-04-02"", ""2024-04-03"", ""2024-04-04"", ""2024-04-05"", ""2024-04-08"", ""2024-04-09"", ""2024-04-10"", ""2024-04-11"", ""2024-04-12"", ""2024-04-15"", ""2024-04-16"", ""2024-04-17"", ""2024-04-18"", ""2024-04-19"", ""2024-04-22"", ""2024-04-23""]",32366000000000,85799000000000,1,13.0,12.0,27.0
MIX,2024-04-25,included,,"[""2024-03-28"", ""2024-03-29"", ""2024-04-01"", ""2024-04-02"", ""2024-04-03"", ""2024-04-04"", ""2024-04-05"", ""2024-04-08"", ""2024-04-09"", ""2024-04-10"", ""2024-04-11"", ""2024-04-12"", ""2024-04-15"", ""2024-04-16"", ""2024-04-17"", ""2024-04-18"", ""2024-04-19"", ""2024-04-22"", ""2024-04-23"", ""2024-04-24""]",32345000000000,85790001000000,1,5.0,2.0,1.0
MIX,2024-04-26,included,,"[""2024-03-29"", ""2024-04-01"", ""2024-04-02"", ""2024-04-03"", ""2024-04-04"", ""2024-04-05"", ""2024-04-08"", ""2024-04-09"", ""2024-04-10"", ""2024-04-11"", ""2024-04-12"", ""2024-04-15"", ""2024-04-16"", ""2024-04-17"", ""2024-04-18"", ""2024-04-19"", ""2024-04-22"", ""2024-04-23"", ""2024-04-24"", ""2024-04-25""]",32381000000000,85770001000000,1,4.0,2.0,18.0
MIX,2024-04-29,included,,"[""2024-04-01"", ""2024-04-02"", ""2024-04-03"", ""2024-04-04"", ""2024-04-05"", ""2024-04-08"", ""2024-04-09"", ""2024-04-10"", ""2024-04-11"", ""2024-04-12"", ""2024-04-15"", ""2024-04-16"", ""2024-04-17"", ""2024-04-18"", ""2024-04-19"", ""2024-04-22"", ""2024-04-23"", ""2024-04-24"", ""2024-04-25"", ""2024-04-26""]",32400000000000,85790000000000,1,6.0,0.0,2.0
MIX,2024-04-30,included,,"[""2024-04-02"", ""2024-04-03"", ""2024-04-04"", ""2024-04-05"", ""2024-04-08"", ""2024-04-09"", ""2024-04-10"", ""2024-04-11"", ""2024-04-12"", ""2024-04-15"", ""2024-04-16"", ""2024-04-17"", ""2024-04-18"", ""2024-04-19"", ""2024-04-22"", ""2024-04-23"", ""2024-04-24"", ""2024-04-25"", ""2024-04-26"", ""2024-04-29""]",32374000000000,85798000000000,1,6.0,0.0,8.0
MIX,2024-05-02,included,,"[""2024-04-03"", ""2024-04-04"", ""2024-04-05"", ""2024-04-08"", ""2024-04-09"", ""2024-04-10"", ""2024-04-11"", ""2024-04-12"", ""2024-04-15"", ""2024-04-16"", ""2024-04-17"", ""2024-04-18"", ""2024-04-19"", ""2024-04-22"", ""2024-04-23"", ""2024-04-24"", ""2024-04-25"", ""2024-04-26"", ""2024-04-29"", ""2024-04-30""]",32407000000000,85799002000000,1,6.0,1.0,1.0
MIX,2024-05-03,included,,"[""2024-04-04"", ""2024-04-05"", ""2024-04-08"", ""2024-04-09"", ""2024-04-10"", ""2024-04-11"", ""2024-04-12"", ""2024-04-15"", ""2024-04-16"", ""2024-04-17"", ""2024-04-18"", ""2024-04-19"", ""2024-04-22"", ""2024-04-23"", ""2024-04-24"", ""2024-04-25"", ""2024-04-26"", ""2024-04-29"", ""2024-04-30"", ""2024-05-02""]",32400000000000,85798000000000,1,4.0,3.0,3.0
MIX,2024-05-06,included,,"[""2024-04-05"", ""2024-04-08"", ""2024-04-09"", ""2024-04-10"", ""2024-04-11"", ""2024-04-12"", ""2024-04-15"", ""2024-04-16"", ""2024-04-17"", ""2024-04-18"", ""2024-04-19"", ""2024-04-22"", ""2024-04-23"", ""2024-04-24"", ""2024-04-25"", ""2024-04-26"", ""2024-04-29"", ""2024-04-30"", ""2024-05-02"", ""2024-05-03""]",32357000000000,85768000000000,1,4.0,4.0,1.0
MIX,2024-05-07,included,,"[""2024-04-08"", ""2024-04-09"", ""2024-04-10"", ""2024-04-11"", ""2024-04-12"", ""2024-04-15"", ""2024-04-16"", ""2024-04-17"", ""2024-04-18"", ""2024-04-19"", ""2024-04-22"", ""2024-04-23"", ""2024-04-24"", ""2024-04-25"", ""2024-04-26"", ""2024-04-29"", ""2024-04-30"", ""2024-05-02"", ""2024-05-03"", ""2024-05-06""]",32389000000000,85775009000000,1,4.0,4.0,1.0
MIX,2024-05-08,included,,"[""2024-04-09"", ""2024-04-10"", ""2024-04-11"", ""2024-04-12"", ""2024-04-15"", ""2024-04-16"", ""2024-04-17"", ""2024-04-18"", ""2024-04-19"", ""2024-04-22"", ""2024-04-23"", ""2024-04-24"", ""2024-04-25"", ""2024-04-26"", ""2024-04-29"", ""2024-04-30"", ""2024-05-02"", ""2024-05-03"", ""2024-05-06"", ""2024-05-07""]",32342000000000,85792001000000,1,5.0,0.0,47.0
MIX,2024-05-10,included,,"[""2024-04-10"", ""2024-04-11"", ""2024-04-12"", ""2024-04-15"", ""2024-04-16"", ""2024-04-17"", ""2024-04-18"", ""2024-04-19"", ""2024-04-22"", ""2024-04-23"", ""2024-04-24"", ""2024-04-25"", ""2024-04-26"", ""2024-04-29"", ""2024-04-30"", ""2024-05-02"", ""2024-05-03"", ""2024-05-06"", ""2024-05-07"", ""2024-05-08""]",32359000000000,85781001000000,1,5.0,0.0,1.0
MIX,2024-05-13,included,,"[""2024-04-11"", ""2024-04-12"", ""2024-04-15"", ""2024-04-16"", ""2024-04-17"", ""2024-04-18"", ""2024-04-19"", ""2024-04-22"", ""2024-04-23"", ""2024-04-24"", ""2024-04-25"", ""2024-04-26"", ""2024-04-29"", ""2024-04-30"", ""2024-05-02"", ""2024-05-03"", ""2024-05-06"", ""2024-05-07"", ""2024-05-08"", ""2024-05-10""]",32377000000000,85781000000000,1,4.0,1.0,1.0
MIX,2024-05-14,included,,"[""2024-04-12"", ""2024-04-15"", ""2024-04-16"", ""2024-04-17"", ""2024-04-18"", ""2024-04-19"", ""2024-04-22"", ""2024-04-23"", ""2024-04-24"", ""2024-04-25"", ""2024-04-26"", ""2024-04-29"", ""2024-04-30"", ""2024-05-02"", ""2024-05-03"", ""2024-05-06"", ""2024-05-07"", ""2024-05-08"", ""2024-05-10"", ""2024-05-13""]",32407000000000,85795004000000,1,7.0,0.0,2.0
MIX,2024-05-15,included,,"[""2024-04-15"", ""2024-04-16"", ""2024-04-17"", ""2024-04-18"", ""2024-04-19"", ""2024-04-22"", ""2024-04-23"", ""2024-04-24"", ""2024-04-25"", ""2024-04-26"", ""2024-04-29"", ""2024-04-30"", ""2024-05-02"", ""2024-05-03"", ""2024-05-06"", ""2024-05-07"", ""2024-05-08"", ""2024-05-10"", ""2024-05-13"", ""2024-05-14""]",32404000000000,85709001000000,1,4.0,0.0,1.0
MIX,2024-05-16,included,,"[""2024-04-16"", ""2024-04-17"", ""2024-04-18"", ""2024-04-19"", ""2024-04-22"", ""2024-04-23"", ""2024-04-24"", ""2024-04-25"", ""2024-04-26"", ""2024-04-29"", ""2024-04-30"", ""2024-05-02"", ""2024-05-03"", ""2024-05-06"", ""2024-05-07"", ""2024-05-08"", ""2024-05-10"", ""2024-05-13"", ""2024-05-14"", ""2024-05-15""]",32364000000000,85793000000000,1,7.0,6.0,1.0
MIX,2024-05-17,included,,"[""2024-04-17"", ""2024-04-18"", ""2024-04-19"", ""2024-04-22"", ""2024-04-23"", ""2024-04-24"", ""2024-04-25"", ""2024-04-26"", ""2024-04-29"", ""2024-04-30"", ""2024-05-02"", ""2024-05-03"", ""2024-05-06"", ""2024-05-07"", ""2024-05-08"", ""2024-05-10"", ""2024-05-13"", ""2024-05-14"", ""2024-05-15"", ""2024-05-16""]",32400000000000,85780000000000,1,3.0,2.0,1.0
MIX,2024-05-20,included,,"[""2024-04-18"", ""2024-04-19"", ""2024-04-22"", ""2024-04-23"", ""2024-04-24"", ""2024-04-25"", ""2024-04-26"", ""2024-04-29"", ""2024-04-30"", ""2024-05-02"", ""2024-05-03"", ""2024-05-06"", ""2024-05-07"", ""2024-05-08"", ""2024-05-10"", ""2024-05-13"", ""2024-05-14"", ""2024-05-15"", ""2024-05-16"", ""2024-05-17""]",32380000000000,85770000000000,1,9.0,9.0,0.0
MIX,2024-05-21,included,,"[""2024-04-19"", ""2024-04-22"", ""2024-04-23"", ""2024-04-24"", ""2024-04-25"", ""2024-04-26"", ""2024-04-29"", ""2024-04-30"", ""2024-05-02"", ""2024-05-03"", ""2024-05-06"", ""2024-05-07"", ""2024-05-08"", ""2024-05-10"", ""2024-05-13"", ""2024-05-14"", ""2024-05-15"", ""2024-05-16"", ""2024-05-17"", ""2024-05-20""]",32363000000000,85692001000000,1,5.0,5.0,0.0
MIX,2024-05-22,included,,"[""2024-04-22"", ""2024-04-23"", ""2024-04-24"", ""2024-04-25"", ""2024-04-26"", ""2024-04-29"", ""2024-04-30"", ""2024-05-02"", ""2024-05-03"", ""2024-05-06"", ""2024-05-07"", ""2024-05-08"", ""2024-05-10"", ""2024-05-13"", ""2024-05-14"", ""2024-05-15"", ""2024-05-16"", ""2024-05-17"", ""2024-05-20"", ""2024-05-21""]",32365000000000,85777000000000,1,12.0,10.0,1.0
MIX,2024-05-23,included,,"[""2024-04-23"", ""2024-04-24"", ""2024-04-25"", ""2024-04-26"", ""2024-04-29"", ""2024-04-30"", ""2024-05-02"", ""2024-05-03"", ""2024-05-06"", ""2024-05-07"", ""2024-05-08"", ""2024-05-10"", ""2024-05-13"", ""2024-05-14"", ""2024-05-15"", ""2024-05-16"", ""2024-05-17"", ""2024-05-20"", ""2024-05-21"", ""2024-05-22""]",32400000000000,85747000000000,1,5.0,5.0,1.0
MIX,2024-05-24,included,,"[""2024-04-24"", ""2024-04-25"", ""2024-04-26"", ""2024-04-29"", ""2024-04-30"", ""2024-05-02"", ""2024-05-03"", ""2024-05-06"", ""2024-05-07"", ""2024-05-08"", ""2024-05-10"", ""2024-05-13"", ""2024-05-14"", ""2024-05-15"", ""2024-05-16"", ""2024-05-17"", ""2024-05-20"", ""2024-05-21"", ""2024-05-22"", ""2024-05-23""]",32400000000000,85765003000000,1,4.0,4.0,1.0
MIX,2024-05-27,included,,"[""2024-04-25"", ""2024-04-26"", ""2024-04-29"", ""2024-04-30"", ""2024-05-02"", ""2024-05-03"", ""2024-05-06"", ""2024-05-07"", ""2024-05-08"", ""2024-05-10"", ""2024-05-13"", ""2024-05-14"", ""2024-05-15"", ""2024-05-16"", ""2024-05-17"", ""2024-05-20"", ""2024-05-21"", ""2024-05-22"", ""2024-05-23"", ""2024-05-24""]",32351000000000,85774002000000,1,3.0,3.0,0.0
MIX,2024-05-28,included,,"[""2024-04-26"", ""2024-04-29"", ""2024-04-30"", ""2024-05-02"", ""2024-05-03"", ""2024-05-06"", ""2024-05-07"", ""2024-05-08"", ""2024-05-10"", ""2024-05-13"", ""2024-05-14"", ""2024-05-15"", ""2024-05-16"", ""2024-05-17"", ""2024-05-20"", ""2024-05-21"", ""2024-05-22"", ""2024-05-23"", ""2024-05-24"", ""2024-05-27""]",32345000000000,85756001000000,1,3.0,3.0,0.0
MIX,2024-05-29,included,,"[""2024-04-29"", ""2024-04-30"", ""2024-05-02"", ""2024-05-03"", ""2024-05-06"", ""2024-05-07"", ""2024-05-08"", ""2024-05-10"", ""2024-05-13"", ""2024-05-14"", ""2024-05-15"", ""2024-05-16"", ""2024-05-17"", ""2024-05-20"", ""2024-05-21"", ""2024-05-22"", ""2024-05-23"", ""2024-05-24"", ""2024-05-27"", ""2024-05-28""]",32350000000000,85798000000000,1,8.0,8.0,11.0
MIX,2024-05-30,included,,"[""2024-04-30"", ""2024-05-02"", ""2024-05-03"", ""2024-05-06"", ""2024-05-07"", ""2024-05-08"", ""2024-05-10"", ""2024-05-13"", ""2024-05-14"", ""2024-05-15"", ""2024-05-16"", ""2024-05-17"", ""2024-05-20"", ""2024-05-21"", ""2024-05-22"", ""2024-05-23"", ""2024-05-24"", ""2024-05-27"", ""2024-05-28"", ""2024-05-29""]",32352000000000,85793000000000,1,5.0,5.0,0.0
MIX,2024-05-31,included,,"[""2024-05-02"", ""2024-05-03"", ""2024-05-06"", ""2024-05-07"", ""2024-05-08"", ""2024-05-10"", ""2024-05-13"", ""2024-05-14"", ""2024-05-15"", ""2024-05-16"", ""2024-05-17"", ""2024-05-20"", ""2024-05-21"", ""2024-05-22"", ""2024-05-23"", ""2024-05-24"", ""2024-05-27"", ""2024-05-28"", ""2024-05-29"", ""2024-05-30""]",32375000000000,85798001000000,1,9.0,9.0,0.0
MIX,2024-06-03,included,,"[""2024-05-03"", ""2024-05-06"", ""2024-05-07"", ""2024-05-08"", ""2024-05-10"", ""2024-05-13"", ""2024-05-14"", ""2024-05-15"", ""2024-05-16"", ""2024-05-17"", ""2024-05-20"", ""2024-05-21"", ""2024-05-22"", ""2024-05-23"", ""2024-05-24"", ""2024-05-27"", ""2024-05-28"", ""2024-05-29"", ""2024-05-30"", ""2024-05-31""]",32348000000000,85796000000000,1,2.0,2.0,12.0
MIX,2024-06-04,included,,"[""2024-05-06"", ""2024-05-07"", ""2024-05-08"", ""2024-05-10"", ""2024-05-13"", ""2024-05-14"", ""2024-05-15"", ""2024-05-16"", ""2024-05-17"", ""2024-05-20"", ""2024-05-21"", ""2024-05-22"", ""2024-05-23"", ""2024-05-24"", ""2024-05-27"", ""2024-05-28"", ""2024-05-29"", ""2024-05-30"", ""2024-05-31"", ""2024-06-03""]",32400000000000,85799000000000,1,6.0,6.0,0.0
MIX,2024-06-05,included,,"[""2024-05-07"", ""2024-05-08"", ""2024-05-10"", ""2024-05-13"", ""2024-05-14"", ""2024-05-15"", ""2024-05-16"", ""2024-05-17"", ""2024-05-20"", ""2024-05-21"", ""2024-05-22"", ""2024-05-23"", ""2024-05-24"", ""2024-05-27"", ""2024-05-28"", ""2024-05-29"", ""2024-05-30"", ""2024-05-31"", ""2024-06-03"", ""2024-06-04""]",32356000000000,85797000000000,1,6.0,6.0,2.0
MIX,2024-06-06,included,,"[""2024-05-08"", ""2024-05-10"", ""2024-05-13"", ""2024-05-14"", ""2024-05-15"", ""2024-05-16"", ""2024-05-17"", ""2024-05-20"", ""2024-05-21"", ""2024-05-22"", ""2024-05-23"", ""2024-05-24"", ""2024-05-27"", ""2024-05-28"", ""2024-05-29"", ""2024-05-30"", ""2024-05-31"", ""2024-06-03"", ""2024-06-04"", ""2024-06-05""]",32357000000000,85715000000000,1,7.0,7.0,1.0
MIX,2024-06-07,included,,"[""2024-05-10"", ""2024-05-13"", ""2024-05-14"", ""2024-05-15"", ""2024-05-16"", ""2024-05-17"", ""2024-05-20"", ""2024-05-21"", ""2024-05-22"", ""2024-05-23"", ""2024-05-24"", ""2024-05-27"", ""2024-05-28"", ""2024-05-29"", ""2024-05-30"", ""2024-05-31"", ""2024-06-03"", ""2024-06-04"", ""2024-06-05"", ""2024-06-06""]",32389000000000,85798003000000,1,4.0,3.0,1.0
MIX,2024-06-10,included,,"[""2024-05-13"", ""2024-05-14"", ""2024-05-15"", ""2024-05-16"", ""2024-05-17"", ""2024-05-20"", ""2024-05-21"", ""2024-05-22"", ""2024-05-23"", ""2024-05-24"", ""2024-05-27"", ""2024-05-28"", ""2024-05-29"", ""2024-05-30"", ""2024-05-31"", ""2024-06-03"", ""2024-06-04"", ""2024-06-05"", ""2024-06-06"", ""2024-06-07""]",32387000000000,85793002000000,1,3.0,0.0,1.0
MIX,2024-06-11,included,,"[""2024-05-14"", ""2024-05-15"", ""2024-05-16"", ""2024-05-17"", ""2024-05-20"", ""2024-05-21"", ""2024-05-22"", ""2024-05-23"", ""2024-05-24"", ""2024-05-27"", ""2024-05-28"", ""2024-05-29"", ""2024-05-30"", ""2024-05-31"", ""2024-06-03"", ""2024-06-04"", ""2024-06-05"", ""2024-06-06"", ""2024-06-07"", ""2024-06-10""]",32367000000000,85790000000000,1,11.0,11.0,0.0
MIX,2024-06-13,included,,"[""2024-05-15"", ""2024-05-16"", ""2024-05-17"", ""2024-05-20"", ""2024-05-21"", ""2024-05-22"", ""2024-05-23"", ""2024-05-24"", ""2024-05-27"", ""2024-05-28"", ""2024-05-29"", ""2024-05-30"", ""2024-05-31"", ""2024-06-03"", ""2024-06-04"", ""2024-06-05"", ""2024-06-06"", ""2024-06-07"", ""2024-06-10"", ""2024-06-11""]",35977000000000,85797000000000,1,6.0,6.0,1.0
MIX,2024-06-14,included,,"[""2024-05-16"", ""2024-05-17"", ""2024-05-20"", ""2024-05-21"", ""2024-05-22"", ""2024-05-23"", ""2024-05-24"", ""2024-05-27"", ""2024-05-28"", ""2024-05-29"", ""2024-05-30"", ""2024-05-31"", ""2024-06-03"", ""2024-06-04"", ""2024-06-05"", ""2024-06-06"", ""2024-06-07"", ""2024-06-10"", ""2024-06-11"", ""2024-06-13""]",35968000000000,85799000000000,1,4.0,1.0,1.0
MIX,2024-06-17,included,,"[""2024-05-17"", ""2024-05-20"", ""2024-05-21"", ""2024-05-22"", ""2024-05-23"", ""2024-05-24"", ""2024-05-27"", ""2024-05-28"", ""2024-05-29"", ""2024-05-30"", ""2024-05-31"", ""2024-06-03"", ""2024-06-04"", ""2024-06-05"", ""2024-06-06"", ""2024-06-07"", ""2024-06-10"", ""2024-06-11"", ""2024-06-13"", ""2024-06-14""]",35948000000000,85752001000000,1,11.0,0.0,0.0
MIX,2024-06-18,included,,"[""2024-05-20"", ""2024-05-21"", ""2024-05-22"", ""2024-05-23"", ""2024-05-24"", ""2024-05-27"", ""2024-05-28"", ""2024-05-29"", ""2024-05-30"", ""2024-05-31"", ""2024-06-03"", ""2024-06-04"", ""2024-06-05"", ""2024-06-06"", ""2024-06-07"", ""2024-06-10"", ""2024-06-11"", ""2024-06-13"", ""2024-06-14"", ""2024-06-17""]",35949000000000,85799000000000,1,6.0,0.0,0.0
MIX,2024-06-19,included,,"[""2024-05-21"", ""2024-05-22"", ""2024-05-23"", ""2024-05-24"", ""2024-05-27"", ""2024-05-28"", ""2024-05-29"", ""2024-05-30"", ""2024-05-31"", ""2024-06-03"", ""2024-06-04"", ""2024-06-05"", ""2024-06-06"", ""2024-06-07"", ""2024-06-10"", ""2024-06-11"", ""2024-06-13"", ""2024-06-14"", ""2024-06-17"", ""2024-06-18""]",35977000000000,85793004000000,1,7.0,5.0,28.0
MIX,2024-06-20,included,,"[""2024-05-22"", ""2024-05-23"", ""2024-05-24"", ""2024-05-27"", ""2024-05-28"", ""2024-05-29"", ""2024-05-30"", ""2024-05-31"", ""2024-06-03"", ""2024-06-04"", ""2024-06-05"", ""2024-06-06"", ""2024-06-07"", ""2024-06-10"", ""2024-06-11"", ""2024-06-13"", ""2024-06-14"", ""2024-06-17"", ""2024-06-18"", ""2024-06-19""]",35963000000000,85798000000000,1,3.0,3.0,0.0
MIX,2024-06-21,included,,"[""2024-05-23"", ""2024-05-24"", ""2024-05-27"", ""2024-05-28"", ""2024-05-29"", ""2024-05-30"", ""2024-05-31"", ""2024-06-03"", ""2024-06-04"", ""2024-06-05"", ""2024-06-06"", ""2024-06-07"", ""2024-06-10"", ""2024-06-11"", ""2024-06-13"", ""2024-06-14"", ""2024-06-17"", ""2024-06-18"", ""2024-06-19"", ""2024-06-20""]",35954000000000,85797000000000,1,3.0,3.0,22.0
MIX,2024-06-24,included,,"[""2024-05-24"", ""2024-05-27"", ""2024-05-28"", ""2024-05-29"", ""2024-05-30"", ""2024-05-31"", ""2024-06-03"", ""2024-06-04"", ""2024-06-05"", ""2024-06-06"", ""2024-06-07"", ""2024-06-10"", ""2024-06-11"", ""2024-06-13"", ""2024-06-14"", ""2024-06-17"", ""2024-06-18"", ""2024-06-19"", ""2024-06-20"", ""2024-06-21""]",35978000000000,85795000000000,1,10.0,0.0,2.0
MIX,2024-06-25,included,,"[""2024-05-27"", ""2024-05-28"", ""2024-05-29"", ""2024-05-30"", ""2024-05-31"", ""2024-06-03"", ""2024-06-04"", ""2024-06-05"", ""2024-06-06"", ""2024-06-07"", ""2024-06-10"", ""2024-06-11"", ""2024-06-13"", ""2024-06-14"", ""2024-06-17"", ""2024-06-18"", ""2024-06-19"", ""2024-06-20"", ""2024-06-21"", ""2024-06-24""]",35963000000000,85786000000000,1,7.0,0.0,1.0
MIX,2024-06-26,included,,"[""2024-05-28"", ""2024-05-29"", ""2024-05-30"", ""2024-05-31"", ""2024-06-03"", ""2024-06-04"", ""2024-06-05"", ""2024-06-06"", ""2024-06-07"", ""2024-06-10"", ""2024-06-11"", ""2024-06-13"", ""2024-06-14"", ""2024-06-17"", ""2024-06-18"", ""2024-06-19"", ""2024-06-20"", ""2024-06-21"", ""2024-06-24"", ""2024-06-25""]",35962000000000,85750000000000,1,10.0,2.0,1.0
MIX,2024-06-27,included,,"[""2024-05-29"", ""2024-05-30"", ""2024-05-31"", ""2024-06-03"", ""2024-06-04"", ""2024-06-05"", ""2024-06-06"", ""2024-06-07"", ""2024-06-10"", ""2024-06-11"", ""2024-06-13"", ""2024-06-14"", ""2024-06-17"", ""2024-06-18"", ""2024-06-19"", ""2024-06-20"", ""2024-06-21"", ""2024-06-24"", ""2024-06-25"", ""2024-06-26""]",35950000000000,85793000000000,1,3.0,1.0,2.0
MIX,2024-06-28,included,,"[""2024-05-30"", ""2024-05-31"", ""2024-06-03"", ""2024-06-04"", ""2024-06-05"", ""2024-06-06"", ""2024-06-07"", ""2024-06-10"", ""2024-06-11"", ""2024-06-13"", ""2024-06-14"", ""2024-06-17"", ""2024-06-18"", ""2024-06-19"", ""2024-06-20"", ""2024-06-21"", ""2024-06-24"", ""2024-06-25"", ""2024-06-26"", ""2024-06-27""]",35948000000000,85799001000000,1,6.0,0.0,19.0
MIX,2024-07-01,included,,"[""2024-05-31"", ""2024-06-03"", ""2024-06-04"", ""2024-06-05"", ""2024-06-06"", ""2024-06-07"", ""2024-06-10"", ""2024-06-11"", ""2024-06-13"", ""2024-06-14"", ""2024-06-17"", ""2024-06-18"", ""2024-06-19"", ""2024-06-20"", ""2024-06-21"", ""2024-06-24"", ""2024-06-25"", ""2024-06-26"", ""2024-06-27"", ""2024-06-28""]",35965000000000,85799000000000,1,2.0,0.0,0.0
MIX,2024-07-02,included,,"[""2024-06-03"", ""2024-06-04"", ""2024-06-05"", ""2024-06-06"", ""2024-06-07"", ""2024-06-10"", ""2024-06-11"", ""2024-06-13"", ""2024-06-14"", ""2024-06-17"", ""2024-06-18"", ""2024-06-19"", ""2024-06-20"", ""2024-06-21"", ""2024-06-24"", ""2024-06-25"", ""2024-06-26"", ""2024-06-27"", ""2024-06-28"", ""2024-07-01""]",35954000000000,85799001000000,1,7.0,0.0,25.0
MIX,2024-07-03,included,,"[""2024-06-04"", ""2024-06-05"", ""2024-06-06"", ""2024-06-07"", ""2024-06-10"", ""2024-06-11"", ""2024-06-13"", ""2024-06-14"", ""2024-06-17"", ""2024-06-18"", ""2024-06-19"", ""2024-06-20"", ""2024-06-21"", ""2024-06-24"", ""2024-06-25"", ""2024-06-26"", ""2024-06-27"", ""2024-06-28"", ""2024-07-01"", ""2024-07-02""]",35941000000000,85792000000000,1,3.0,0.0,22.0
MIX,2024-07-04,included,,"[""2024-06-05"", ""2024-06-06"", ""2024-06-07"", ""2024-06-10"", ""2024-06-11"", ""2024-06-13"", ""2024-06-14"", ""2024-06-17"", ""2024-06-18"", ""2024-06-19"", ""2024-06-20"", ""2024-06-21"", ""2024-06-24"", ""2024-06-25"", ""2024-06-26"", ""2024-06-27"", ""2024-06-28"", ""2024-07-01"", ""2024-07-02"", ""2024-07-03""]",35968000000000,85798001000000,1,4.0,1.0,0.0
MIX,2024-07-05,included,,"[""2024-06-06"", ""2024-06-07"", ""2024-06-10"", ""2024-06-11"", ""2024-06-13"", ""2024-06-14"", ""2024-06-17"", ""2024-06-18"", ""2024-06-19"", ""2024-06-20"", ""2024-06-21"", ""2024-06-24"", ""2024-06-25"", ""2024-06-26"", ""2024-06-27"", ""2024-06-28"", ""2024-07-01"", ""2024-07-02"", ""2024-07-03"", ""2024-07-04""]",35952000000000,85797000000000,1,3.0,3.0,15.0
MIX,2024-07-08,included,,"[""2024-06-07"", ""2024-06-10"", ""2024-06-11"", ""2024-06-13"", ""2024-06-14"", ""2024-06-17"", ""2024-06-18"", ""2024-06-19"", ""2024-06-20"", ""2024-06-21"", ""2024-06-24"", ""2024-06-25"", ""2024-06-26"", ""2024-06-27"", ""2024-06-28"", ""2024-07-01"", ""2024-07-02"", ""2024-07-03"", ""2024-07-04"", ""2024-07-05""]",35961000000000,85796000000000,1,5.0,4.0,1.0
MIX,2024-07-09,included,,"[""2024-06-10"", ""2024-06-11"", ""2024-06-13"", ""2024-06-14"", ""2024-06-17"", ""2024-06-18"", ""2024-06-19"", ""2024-06-20"", ""2024-06-21"", ""2024-06-24"", ""2024-06-25"", ""2024-06-26"", ""2024-06-27"", ""2024-06-28"", ""2024-07-01"", ""2024-07-02"", ""2024-07-03"", ""2024-07-04"", ""2024-07-05"", ""2024-07-08""]",35956000000000,85795003000000,1,4.0,0.0,3.0
MIX,2024-07-10,included,,"[""2024-06-11"", ""2024-06-13"", ""2024-06-14"", ""2024-06-17"", ""2024-06-18"", ""2024-06-19"", ""2024-06-20"", ""2024-06-21"", ""2024-06-24"", ""2024-06-25"", ""2024-06-26"", ""2024-06-27"", ""2024-06-28"", ""2024-07-01"", ""2024-07-02"", ""2024-07-03"", ""2024-07-04"", ""2024-07-05"", ""2024-07-08"", ""2024-07-09""]",35945000000000,85799001000000,1,6.0,6.0,0.0
MIX,2024-07-11,included,,"[""2024-06-13"", ""2024-06-14"", ""2024-06-17"", ""2024-06-18"", ""2024-06-19"", ""2024-06-20"", ""2024-06-21"", ""2024-06-24"", ""2024-06-25"", ""2024-06-26"", ""2024-06-27"", ""2024-06-28"", ""2024-07-01"", ""2024-07-02"", ""2024-07-03"", ""2024-07-04"", ""2024-07-05"", ""2024-07-08"", ""2024-07-09"", ""2024-07-10""]",35951000000000,85795000000000,1,5.0,5.0,1.0
MIX,2024-07-12,included,,"[""2024-06-14"", ""2024-06-17"", ""2024-06-18"", ""2024-06-19"", ""2024-06-20"", ""2024-06-21"", ""2024-06-24"", ""2024-06-25"", ""2024-06-26"", ""2024-06-27"", ""2024-06-28"", ""2024-07-01"", ""2024-07-02"", ""2024-07-03"", ""2024-07-04"", ""2024-07-05"", ""2024-07-08"", ""2024-07-09"", ""2024-07-10"", ""2024-07-11""]",35953000000000,85795000000000,1,10.0,10.0,1.0
MIX,2024-07-15,included,,"[""2024-06-17"", ""2024-06-18"", ""2024-06-19"", ""2024-06-20"", ""2024-06-21"", ""2024-06-24"", ""2024-06-25"", ""2024-06-26"", ""2024-06-27"", ""2024-06-28"", ""2024-07-01"", ""2024-07-02"", ""2024-07-03"", ""2024-07-04"", ""2024-07-05"", ""2024-07-08"", ""2024-07-09"", ""2024-07-10"", ""2024-07-11"", ""2024-07-12""]",35953000000000,85793005000000,1,7.0,7.0,1.0
MIX,2024-07-16,excluded,Текущая сессия не охватывает 10:00–18:45,"[""2024-06-18"", ""2024-06-19"", ""2024-06-20"", ""2024-06-21"", ""2024-06-24"", ""2024-06-25"", ""2024-06-26"", ""2024-06-27"", ""2024-06-28"", ""2024-07-01"", ""2024-07-02"", ""2024-07-03"", ""2024-07-04"", ""2024-07-05"", ""2024-07-08"", ""2024-07-09"", ""2024-07-10"", ""2024-07-11"", ""2024-07-12"", ""2024-07-15""]",36004000000000,85796000000000,1,,,
MIX,2024-07-17,excluded,Не все 20 прошлых сессий охватывают 10:00–18:45,"[""2024-06-19"", ""2024-06-20"", ""2024-06-21"", ""2024-06-24"", ""2024-06-25"", ""2024-06-26"", ""2024-06-27"", ""2024-06-28"", ""2024-07-01"", ""2024-07-02"", ""2024-07-03"", ""2024-07-04"", ""2024-07-05"", ""2024-07-08"", ""2024-07-09"", ""2024-07-10"", ""2024-07-11"", ""2024-07-12"", ""2024-07-15"", ""2024-07-16""]",35976000000000,85796000000000,1,,,
MIX,2024-07-18,excluded,Не все 20 прошлых сессий охватывают 10:00–18:45,"[""2024-06-20"", ""2024-06-21"", ""2024-06-24"", ""2024-06-25"", ""2024-06-26"", ""2024-06-27"", ""2024-06-28"", ""2024-07-01"", ""2024-07-02"", ""2024-07-03"", ""2024-07-04"", ""2024-07-05"", ""2024-07-08"", ""2024-07-09"", ""2024-07-10"", ""2024-07-11"", ""2024-07-12"", ""2024-07-15"", ""2024-07-16"", ""2024-07-17""]",35967000000000,85796001000000,1,,,
MIX,2024-07-19,excluded,Не все 20 прошлых сессий охватывают 10:00–18:45,"[""2024-06-21"", ""2024-06-24"", ""2024-06-25"", ""2024-06-26"", ""2024-06-27"", ""2024-06-28"", ""2024-07-01"", ""2024-07-02"", ""2024-07-03"", ""2024-07-04"", ""2024-07-05"", ""2024-07-08"", ""2024-07-09"", ""2024-07-10"", ""2024-07-11"", ""2024-07-12"", ""2024-07-15"", ""2024-07-16"", ""2024-07-17"", ""2024-07-18""]",35945000000000,85787000000000,1,,,
MIX,2024-07-22,excluded,Не все 20 прошлых сессий охватывают 10:00–18:45,"[""2024-06-24"", ""2024-06-25"", ""2024-06-26"", ""2024-06-27"", ""2024-06-28"", ""2024-07-01"", ""2024-07-02"", ""2024-07-03"", ""2024-07-04"", ""2024-07-05"", ""2024-07-08"", ""2024-07-09"", ""2024-07-10"", ""2024-07-11"", ""2024-07-12"", ""2024-07-15"", ""2024-07-16"", ""2024-07-17"", ""2024-07-18"", ""2024-07-19""]",35960000000000,85793000000000,1,,,
MIX,2024-07-23,excluded,Не все 20 прошлых сессий охватывают 10:00–18:45,"[""2024-06-25"", ""2024-06-26"", ""2024-06-27"", ""2024-06-28"", ""2024-07-01"", ""2024-07-02"", ""2024-07-03"", ""2024-07-04"", ""2024-07-05"", ""2024-07-08"", ""2024-07-09"", ""2024-07-10"", ""2024-07-11"", ""2024-07-12"", ""2024-07-15"", ""2024-07-16"", ""2024-07-17"", ""2024-07-18"", ""2024-07-19"", ""2024-07-22""]",36000000000000,85785001000000,1,,,
MIX,2024-07-24,excluded,Не все 20 прошлых сессий охватывают 10:00–18:45,"[""2024-06-26"", ""2024-06-27"", ""2024-06-28"", ""2024-07-01"", ""2024-07-02"", ""2024-07-03"", ""2024-07-04"", ""2024-07-05"", ""2024-07-08"", ""2024-07-09"", ""2024-07-10"", ""2024-07-11"", ""2024-07-12"", ""2024-07-15"", ""2024-07-16"", ""2024-07-17"", ""2024-07-18"", ""2024-07-19"", ""2024-07-22"", ""2024-07-23""]",35944000000000,85795000000000,1,,,
MIX,2024-07-25,excluded,Не все 20 прошлых сессий охватывают 10:00–18:45,"[""2024-06-27"", ""2024-06-28"", ""2024-07-01"", ""2024-07-02"", ""2024-07-03"", ""2024-07-04"", ""2024-07-05"", ""2024-07-08"", ""2024-07-09"", ""2024-07-10"", ""2024-07-11"", ""2024-07-12"", ""2024-07-15"", ""2024-07-16"", ""2024-07-17"", ""2024-07-18"", ""2024-07-19"", ""2024-07-22"", ""2024-07-23"", ""2024-07-24""]",35947000000000,85793010000000,1,,,
MIX,2024-07-26,excluded,Не все 20 прошлых сессий охватывают 10:00–18:45,"[""2024-06-28"", ""2024-07-01"", ""2024-07-02"", ""2024-07-03"", ""2024-07-04"", ""2024-07-05"", ""2024-07-08"", ""2024-07-09"", ""2024-07-10"", ""2024-07-11"", ""2024-07-12"", ""2024-07-15"", ""2024-07-16"", ""2024-07-17"", ""2024-07-18"", ""2024-07-19"", ""2024-07-22"", ""2024-07-23"", ""2024-07-24"", ""2024-07-25""]",35968000000000,85799000000000,1,,,
MIX,2024-07-29,excluded,Не все 20 прошлых сессий охватывают 10:00–18:45,"[""2024-07-01"", ""2024-07-02"", ""2024-07-03"", ""2024-07-04"", ""2024-07-05"", ""2024-07-08"", ""2024-07-09"", ""2024-07-10"", ""2024-07-11"", ""2024-07-12"", ""2024-07-15"", ""2024-07-16"", ""2024-07-17"", ""2024-07-18"", ""2024-07-19"", ""2024-07-22"", ""2024-07-23"", ""2024-07-24"", ""2024-07-25"", ""2024-07-26""]",35970000000000,85793007000000,1,,,
MIX,2024-07-30,excluded,Не все 20 прошлых сессий охватывают 10:00–18:45,"[""2024-07-02"", ""2024-07-03"", ""2024-07-04"", ""2024-07-05"", ""2024-07-08"", ""2024-07-09"", ""2024-07-10"", ""2024-07-11"", ""2024-07-12"", ""2024-07-15"", ""2024-07-16"", ""2024-07-17"", ""2024-07-18"", ""2024-07-19"", ""2024-07-22"", ""2024-07-23"", ""2024-07-24"", ""2024-07-25"", ""2024-07-26"", ""2024-07-29""]",36000000000000,85793017000000,1,,,
MIX,2024-07-31,excluded,Не все 20 прошлых сессий охватывают 10:00–18:45,"[""2024-07-03"", ""2024-07-04"", ""2024-07-05"", ""2024-07-08"", ""2024-07-09"", ""2024-07-10"", ""2024-07-11"", ""2024-07-12"", ""2024-07-15"", ""2024-07-16"", ""2024-07-17"", ""2024-07-18"", ""2024-07-19"", ""2024-07-22"", ""2024-07-23"", ""2024-07-24"", ""2024-07-25"", ""2024-07-26"", ""2024-07-29"", ""2024-07-30""]",35965000000000,85793007000000,1,,,
MIX,2024-08-01,excluded,Не все 20 прошлых сессий охватывают 10:00–18:45,"[""2024-07-04"", ""2024-07-05"", ""2024-07-08"", ""2024-07-09"", ""2024-07-10"", ""2024-07-11"", ""2024-07-12"", ""2024-07-15"", ""2024-07-16"", ""2024-07-17"", ""2024-07-18"", ""2024-07-19"", ""2024-07-22"", ""2024-07-23"", ""2024-07-24"", ""2024-07-25"", ""2024-07-26"", ""2024-07-29"", ""2024-07-30"", ""2024-07-31""]",35954000000000,85793008000000,1,,,
MIX,2024-08-02,excluded,Не все 20 прошлых сессий охватывают 10:00–18:45,"[""2024-07-05"", ""2024-07-08"", ""2024-07-09"", ""2024-07-10"", ""2024-07-11"", ""2024-07-12"", ""2024-07-15"", ""2024-07-16"", ""2024-07-17"", ""2024-07-18"", ""2024-07-19"", ""2024-07-22"", ""2024-07-23"", ""2024-07-24"", ""2024-07-25"", ""2024-07-26"", ""2024-07-29"", ""2024-07-30"", ""2024-07-31"", ""2024-08-01""]",35967000000000,85797001000000,1,,,
MIX,2024-08-05,excluded,Не все 20 прошлых сессий охватывают 10:00–18:45,"[""2024-07-08"", ""2024-07-09"", ""2024-07-10"", ""2024-07-11"", ""2024-07-12"", ""2024-07-15"", ""2024-07-16"", ""2024-07-17"", ""2024-07-18"", ""2024-07-19"", ""2024-07-22"", ""2024-07-23"", ""2024-07-24"", ""2024-07-25"", ""2024-07-26"", ""2024-07-29"", ""2024-07-30"", ""2024-07-31"", ""2024-08-01"", ""2024-08-02""]",35983000000000,85795002000000,1,,,
MIX,2024-08-06,excluded,Не все 20 прошлых сессий охватывают 10:00–18:45,"[""2024-07-09"", ""2024-07-10"", ""2024-07-11"", ""2024-07-12"", ""2024-07-15"", ""2024-07-16"", ""2024-07-17"", ""2024-07-18"", ""2024-07-19"", ""2024-07-22"", ""2024-07-23"", ""2024-07-24"", ""2024-07-25"", ""2024-07-26"", ""2024-07-29"", ""2024-07-30"", ""2024-07-31"", ""2024-08-01"", ""2024-08-02"", ""2024-08-05""]",35975000000000,85793008000000,1,,,
MIX,2024-08-07,excluded,Не все 20 прошлых сессий охватывают 10:00–18:45,"[""2024-07-10"", ""2024-07-11"", ""2024-07-12"", ""2024-07-15"", ""2024-07-16"", ""2024-07-17"", ""2024-07-18"", ""2024-07-19"", ""2024-07-22"", ""2024-07-23"", ""2024-07-24"", ""2024-07-25"", ""2024-07-26"", ""2024-07-29"", ""2024-07-30"", ""2024-07-31"", ""2024-08-01"", ""2024-08-02"", ""2024-08-05"", ""2024-08-06""]",35957000000000,85797004000000,1,,,
MIX,2024-08-08,excluded,Не все 20 прошлых сессий охватывают 10:00–18:45,"[""2024-07-11"", ""2024-07-12"", ""2024-07-15"", ""2024-07-16"", ""2024-07-17"", ""2024-07-18"", ""2024-07-19"", ""2024-07-22"", ""2024-07-23"", ""2024-07-24"", ""2024-07-25"", ""2024-07-26"", ""2024-07-29"", ""2024-07-30"", ""2024-07-31"", ""2024-08-01"", ""2024-08-02"", ""2024-08-05"", ""2024-08-06"", ""2024-08-07""]",35974000000000,85794002000000,1,,,
MIX,2024-08-09,excluded,Не все 20 прошлых сессий охватывают 10:00–18:45,"[""2024-07-12"", ""2024-07-15"", ""2024-07-16"", ""2024-07-17"", ""2024-07-18"", ""2024-07-19"", ""2024-07-22"", ""2024-07-23"", ""2024-07-24"", ""2024-07-25"", ""2024-07-26"", ""2024-07-29"", ""2024-07-30"", ""2024-07-31"", ""2024-08-01"", ""2024-08-02"", ""2024-08-05"", ""2024-08-06"", ""2024-08-07"", ""2024-08-08""]",35988000000000,85798001000000,1,,,
MIX,2024-08-12,excluded,Не все 20 прошлых сессий охватывают 10:00–18:45,"[""2024-07-15"", ""2024-07-16"", ""2024-07-17"", ""2024-07-18"", ""2024-07-19"", ""2024-07-22"", ""2024-07-23"", ""2024-07-24"", ""2024-07-25"", ""2024-07-26"", ""2024-07-29"", ""2024-07-30"", ""2024-07-31"", ""2024-08-01"", ""2024-08-02"", ""2024-08-05"", ""2024-08-06"", ""2024-08-07"", ""2024-08-08"", ""2024-08-09""]",35981000000000,85798000000000,1,,,
MIX,2024-08-13,excluded,Не все 20 прошлых сессий охватывают 10:00–18:45,"[""2024-07-16"", ""2024-07-17"", ""2024-07-18"", ""2024-07-19"", ""2024-07-22"", ""2024-07-23"", ""2024-07-24"", ""2024-07-25"", ""2024-07-26"", ""2024-07-29"", ""2024-07-30"", ""2024-07-31"", ""2024-08-01"", ""2024-08-02"", ""2024-08-05"", ""2024-08-06"", ""2024-08-07"", ""2024-08-08"", ""2024-08-09"", ""2024-08-12""]",35947000000000,85799001000000,1,,,
MIX,2024-08-14,included,,"[""2024-07-17"", ""2024-07-18"", ""2024-07-19"", ""2024-07-22"", ""2024-07-23"", ""2024-07-24"", ""2024-07-25"", ""2024-07-26"", ""2024-07-29"", ""2024-07-30"", ""2024-07-31"", ""2024-08-01"", ""2024-08-02"", ""2024-08-05"", ""2024-08-06"", ""2024-08-07"", ""2024-08-08"", ""2024-08-09"", ""2024-08-12"", ""2024-08-13""]",35948000000000,85795002000000,1,5.0,2.0,6.0
MIX,2024-08-15,included,,"[""2024-07-18"", ""2024-07-19"", ""2024-07-22"", ""2024-07-23"", ""2024-07-24"", ""2024-07-25"", ""2024-07-26"", ""2024-07-29"", ""2024-07-30"", ""2024-07-31"", ""2024-08-01"", ""2024-08-02"", ""2024-08-05"", ""2024-08-06"", ""2024-08-07"", ""2024-08-08"", ""2024-08-09"", ""2024-08-12"", ""2024-08-13"", ""2024-08-14""]",35954000000000,85769000000000,1,6.0,3.0,4.0
MIX,2024-08-16,included,,"[""2024-07-19"", ""2024-07-22"", ""2024-07-23"", ""2024-07-24"", ""2024-07-25"", ""2024-07-26"", ""2024-07-29"", ""2024-07-30"", ""2024-07-31"", ""2024-08-01"", ""2024-08-02"", ""2024-08-05"", ""2024-08-06"", ""2024-08-07"", ""2024-08-08"", ""2024-08-09"", ""2024-08-12"", ""2024-08-13"", ""2024-08-14"", ""2024-08-15""]",35958000000000,85798000000000,1,10.0,0.0,1.0
MIX,2024-08-19,included,,"[""2024-07-22"", ""2024-07-23"", ""2024-07-24"", ""2024-07-25"", ""2024-07-26"", ""2024-07-29"", ""2024-07-30"", ""2024-07-31"", ""2024-08-01"", ""2024-08-02"", ""2024-08-05"", ""2024-08-06"", ""2024-08-07"", ""2024-08-08"", ""2024-08-09"", ""2024-08-12"", ""2024-08-13"", ""2024-08-14"", ""2024-08-15"", ""2024-08-16""]",35980000000000,85796001000000,1,9.0,9.0,2.0
MIX,2024-08-20,included,,"[""2024-07-23"", ""2024-07-24"", ""2024-07-25"", ""2024-07-26"", ""2024-07-29"", ""2024-07-30"", ""2024-07-31"", ""2024-08-01"", ""2024-08-02"", ""2024-08-05"", ""2024-08-06"", ""2024-08-07"", ""2024-08-08"", ""2024-08-09"", ""2024-08-12"", ""2024-08-13"", ""2024-08-14"", ""2024-08-15"", ""2024-08-16"", ""2024-08-19""]",35953000000000,85796001000000,1,7.0,7.0,1.0
MIX,2024-08-21,included,,"[""2024-07-24"", ""2024-07-25"", ""2024-07-26"", ""2024-07-29"", ""2024-07-30"", ""2024-07-31"", ""2024-08-01"", ""2024-08-02"", ""2024-08-05"", ""2024-08-06"", ""2024-08-07"", ""2024-08-08"", ""2024-08-09"", ""2024-08-12"", ""2024-08-13"", ""2024-08-14"", ""2024-08-15"", ""2024-08-16"", ""2024-08-19"", ""2024-08-20""]",35977000000000,85798001000000,1,5.0,4.0,9.0
MIX,2024-08-22,included,,"[""2024-07-25"", ""2024-07-26"", ""2024-07-29"", ""2024-07-30"", ""2024-07-31"", ""2024-08-01"", ""2024-08-02"", ""2024-08-05"", ""2024-08-06"", ""2024-08-07"", ""2024-08-08"", ""2024-08-09"", ""2024-08-12"", ""2024-08-13"", ""2024-08-14"", ""2024-08-15"", ""2024-08-16"", ""2024-08-19"", ""2024-08-20"", ""2024-08-21""]",35977000000000,85794000000000,1,11.0,0.0,3.0
MIX,2024-08-23,included,,"[""2024-07-26"", ""2024-07-29"", ""2024-07-30"", ""2024-07-31"", ""2024-08-01"", ""2024-08-02"", ""2024-08-05"", ""2024-08-06"", ""2024-08-07"", ""2024-08-08"", ""2024-08-09"", ""2024-08-12"", ""2024-08-13"", ""2024-08-14"", ""2024-08-15"", ""2024-08-16"", ""2024-08-19"", ""2024-08-20"", ""2024-08-21"", ""2024-08-22""]",35959000000000,85794000000000,1,5.0,5.0,2.0
MIX,2024-08-26,included,,"[""2024-07-29"", ""2024-07-30"", ""2024-07-31"", ""2024-08-01"", ""2024-08-02"", ""2024-08-05"", ""2024-08-06"", ""2024-08-07"", ""2024-08-08"", ""2024-08-09"", ""2024-08-12"", ""2024-08-13"", ""2024-08-14"", ""2024-08-15"", ""2024-08-16"", ""2024-08-19"", ""2024-08-20"", ""2024-08-21"", ""2024-08-22"", ""2024-08-23""]",35962000000000,85796002000000,1,1.0,1.0,0.0
MIX,2024-08-27,included,,"[""2024-07-30"", ""2024-07-31"", ""2024-08-01"", ""2024-08-02"", ""2024-08-05"", ""2024-08-06"", ""2024-08-07"", ""2024-08-08"", ""2024-08-09"", ""2024-08-12"", ""2024-08-13"", ""2024-08-14"", ""2024-08-15"", ""2024-08-16"", ""2024-08-19"", ""2024-08-20"", ""2024-08-21"", ""2024-08-22"", ""2024-08-23"", ""2024-08-26""]",35985000000000,85797000000000,1,5.0,5.0,0.0
MIX,2024-08-28,included,,"[""2024-07-31"", ""2024-08-01"", ""2024-08-02"", ""2024-08-05"", ""2024-08-06"", ""2024-08-07"", ""2024-08-08"", ""2024-08-09"", ""2024-08-12"", ""2024-08-13"", ""2024-08-14"", ""2024-08-15"", ""2024-08-16"", ""2024-08-19"", ""2024-08-20"", ""2024-08-21"", ""2024-08-22"", ""2024-08-23"", ""2024-08-26"", ""2024-08-27""]",35964000000000,85799001000000,1,3.0,2.0,0.0
MIX,2024-08-29,included,,"[""2024-08-01"", ""2024-08-02"", ""2024-08-05"", ""2024-08-06"", ""2024-08-07"", ""2024-08-08"", ""2024-08-09"", ""2024-08-12"", ""2024-08-13"", ""2024-08-14"", ""2024-08-15"", ""2024-08-16"", ""2024-08-19"", ""2024-08-20"", ""2024-08-21"", ""2024-08-22"", ""2024-08-23"", ""2024-08-26"", ""2024-08-27"", ""2024-08-28""]",35976000000000,85794003000000,1,8.0,8.0,3.0
MIX,2024-08-30,included,,"[""2024-08-02"", ""2024-08-05"", ""2024-08-06"", ""2024-08-07"", ""2024-08-08"", ""2024-08-09"", ""2024-08-12"", ""2024-08-13"", ""2024-08-14"", ""2024-08-15"", ""2024-08-16"", ""2024-08-19"", ""2024-08-20"", ""2024-08-21"", ""2024-08-22"", ""2024-08-23"", ""2024-08-26"", ""2024-08-27"", ""2024-08-28"", ""2024-08-29""]",35989000000000,85799000000000,1,4.0,4.0,23.0
MIX,2024-09-02,included,,"[""2024-08-05"", ""2024-08-06"", ""2024-08-07"", ""2024-08-08"", ""2024-08-09"", ""2024-08-12"", ""2024-08-13"", ""2024-08-14"", ""2024-08-15"", ""2024-08-16"", ""2024-08-19"", ""2024-08-20"", ""2024-08-21"", ""2024-08-22"", ""2024-08-23"", ""2024-08-26"", ""2024-08-27"", ""2024-08-28"", ""2024-08-29"", ""2024-08-30""]",35951000000000,85796000000000,1,5.0,5.0,0.0
MIX,2024-09-03,included,,"[""2024-08-06"", ""2024-08-07"", ""2024-08-08"", ""2024-08-09"", ""2024-08-12"", ""2024-08-13"", ""2024-08-14"", ""2024-08-15"", ""2024-08-16"", ""2024-08-19"", ""2024-08-20"", ""2024-08-21"", ""2024-08-22"", ""2024-08-23"", ""2024-08-26"", ""2024-08-27"", ""2024-08-28"", ""2024-08-29"", ""2024-08-30"", ""2024-09-02""]",35948000000000,85799011000000,1,3.0,3.0,0.0
MIX,2024-09-04,included,,"[""2024-08-07"", ""2024-08-08"", ""2024-08-09"", ""2024-08-12"", ""2024-08-13"", ""2024-08-14"", ""2024-08-15"", ""2024-08-16"", ""2024-08-19"", ""2024-08-20"", ""2024-08-21"", ""2024-08-22"", ""2024-08-23"", ""2024-08-26"", ""2024-08-27"", ""2024-08-28"", ""2024-08-29"", ""2024-08-30"", ""2024-09-02"", ""2024-09-03""]",35967000000000,85797005000000,1,8.0,8.0,0.0
MIX,2024-09-05,included,,"[""2024-08-08"", ""2024-08-09"", ""2024-08-12"", ""2024-08-13"", ""2024-08-14"", ""2024-08-15"", ""2024-08-16"", ""2024-08-19"", ""2024-08-20"", ""2024-08-21"", ""2024-08-22"", ""2024-08-23"", ""2024-08-26"", ""2024-08-27"", ""2024-08-28"", ""2024-08-29"", ""2024-08-30"", ""2024-09-02"", ""2024-09-03"", ""2024-09-04""]",35948000000000,85799000000000,1,11.0,11.0,5.0
MIX,2024-09-06,included,,"[""2024-08-09"", ""2024-08-12"", ""2024-08-13"", ""2024-08-14"", ""2024-08-15"", ""2024-08-16"", ""2024-08-19"", ""2024-08-20"", ""2024-08-21"", ""2024-08-22"", ""2024-08-23"", ""2024-08-26"", ""2024-08-27"", ""2024-08-28"", ""2024-08-29"", ""2024-08-30"", ""2024-09-02"", ""2024-09-03"", ""2024-09-04"", ""2024-09-05""]",35966000000000,85796000000000,1,7.0,6.0,12.0
MIX,2024-09-09,included,,"[""2024-08-12"", ""2024-08-13"", ""2024-08-14"", ""2024-08-15"", ""2024-08-16"", ""2024-08-19"", ""2024-08-20"", ""2024-08-21"", ""2024-08-22"", ""2024-08-23"", ""2024-08-26"", ""2024-08-27"", ""2024-08-28"", ""2024-08-29"", ""2024-08-30"", ""2024-09-02"", ""2024-09-03"", ""2024-09-04"", ""2024-09-05"", ""2024-09-06""]",35950000000000,85793007000000,1,4.0,3.0,0.0
MIX,2024-09-10,included,,"[""2024-08-13"", ""2024-08-14"", ""2024-08-15"", ""2024-08-16"", ""2024-08-19"", ""2024-08-20"", ""2024-08-21"", ""2024-08-22"", ""2024-08-23"", ""2024-08-26"", ""2024-08-27"", ""2024-08-28"", ""2024-08-29"", ""2024-08-30"", ""2024-09-02"", ""2024-09-03"", ""2024-09-04"", ""2024-09-05"", ""2024-09-06"", ""2024-09-09""]",35970000000000,85798000000000,1,9.0,9.0,0.0
MIX,2024-09-11,included,,"[""2024-08-14"", ""2024-08-15"", ""2024-08-16"", ""2024-08-19"", ""2024-08-20"", ""2024-08-21"", ""2024-08-22"", ""2024-08-23"", ""2024-08-26"", ""2024-08-27"", ""2024-08-28"", ""2024-08-29"", ""2024-08-30"", ""2024-09-02"", ""2024-09-03"", ""2024-09-04"", ""2024-09-05"", ""2024-09-06"", ""2024-09-09"", ""2024-09-10""]",35947000000000,85793012000000,1,6.0,0.0,0.0
MIX,2024-09-12,included,,"[""2024-08-15"", ""2024-08-16"", ""2024-08-19"", ""2024-08-20"", ""2024-08-21"", ""2024-08-22"", ""2024-08-23"", ""2024-08-26"", ""2024-08-27"", ""2024-08-28"", ""2024-08-29"", ""2024-08-30"", ""2024-09-02"", ""2024-09-03"", ""2024-09-04"", ""2024-09-05"", ""2024-09-06"", ""2024-09-09"", ""2024-09-10"", ""2024-09-11""]",35980000000000,85796003000000,1,9.0,8.0,0.0
MIX,2024-09-13,included,,"[""2024-08-16"", ""2024-08-19"", ""2024-08-20"", ""2024-08-21"", ""2024-08-22"", ""2024-08-23"", ""2024-08-26"", ""2024-08-27"", ""2024-08-28"", ""2024-08-29"", ""2024-08-30"", ""2024-09-02"", ""2024-09-03"", ""2024-09-04"", ""2024-09-05"", ""2024-09-06"", ""2024-09-09"", ""2024-09-10"", ""2024-09-11"", ""2024-09-12""]",35961000000000,85799001000000,1,8.0,2.0,0.0
MIX,2024-09-16,included,,"[""2024-08-19"", ""2024-08-20"", ""2024-08-21"", ""2024-08-22"", ""2024-08-23"", ""2024-08-26"", ""2024-08-27"", ""2024-08-28"", ""2024-08-29"", ""2024-08-30"", ""2024-09-02"", ""2024-09-03"", ""2024-09-04"", ""2024-09-05"", ""2024-09-06"", ""2024-09-09"", ""2024-09-10"", ""2024-09-11"", ""2024-09-12"", ""2024-09-13""]",35961000000000,85799000000000,1,6.0,6.0,3.0
MIX,2024-09-17,included,,"[""2024-08-20"", ""2024-08-21"", ""2024-08-22"", ""2024-08-23"", ""2024-08-26"", ""2024-08-27"", ""2024-08-28"", ""2024-08-29"", ""2024-08-30"", ""2024-09-02"", ""2024-09-03"", ""2024-09-04"", ""2024-09-05"", ""2024-09-06"", ""2024-09-09"", ""2024-09-10"", ""2024-09-11"", ""2024-09-12"", ""2024-09-13"", ""2024-09-16""]",35948000000000,85779001000000,1,11.0,8.0,0.0
MIX,2024-09-18,included,,"[""2024-08-21"", ""2024-08-22"", ""2024-08-23"", ""2024-08-26"", ""2024-08-27"", ""2024-08-28"", ""2024-08-29"", ""2024-08-30"", ""2024-09-02"", ""2024-09-03"", ""2024-09-04"", ""2024-09-05"", ""2024-09-06"", ""2024-09-09"", ""2024-09-10"", ""2024-09-11"", ""2024-09-12"", ""2024-09-13"", ""2024-09-16"", ""2024-09-17""]",35958000000000,85793006000000,1,5.0,0.0,16.0
MIX,2024-09-19,included,,"[""2024-08-22"", ""2024-08-23"", ""2024-08-26"", ""2024-08-27"", ""2024-08-28"", ""2024-08-29"", ""2024-08-30"", ""2024-09-02"", ""2024-09-03"", ""2024-09-04"", ""2024-09-05"", ""2024-09-06"", ""2024-09-09"", ""2024-09-10"", ""2024-09-11"", ""2024-09-12"", ""2024-09-13"", ""2024-09-16"", ""2024-09-17"", ""2024-09-18""]",35957000000000,85796000000000,1,7.0,0.0,2.0
MIX,2024-09-20,included,,"[""2024-08-23"", ""2024-08-26"", ""2024-08-27"", ""2024-08-28"", ""2024-08-29"", ""2024-08-30"", ""2024-09-02"", ""2024-09-03"", ""2024-09-04"", ""2024-09-05"", ""2024-09-06"", ""2024-09-09"", ""2024-09-10"", ""2024-09-11"", ""2024-09-12"", ""2024-09-13"", ""2024-09-16"", ""2024-09-17"", ""2024-09-18"", ""2024-09-19""]",35977000000000,85777000000000,1,7.0,0.0,7.0
MIX,2024-09-23,included,,"[""2024-08-26"", ""2024-08-27"", ""2024-08-28"", ""2024-08-29"", ""2024-08-30"", ""2024-09-02"", ""2024-09-03"", ""2024-09-04"", ""2024-09-05"", ""2024-09-06"", ""2024-09-09"", ""2024-09-10"", ""2024-09-11"", ""2024-09-12"", ""2024-09-13"", ""2024-09-16"", ""2024-09-17"", ""2024-09-18"", ""2024-09-19"", ""2024-09-20""]",35952000000000,85788001000000,1,9.0,0.0,1.0
MIX,2024-09-24,included,,"[""2024-08-27"", ""2024-08-28"", ""2024-08-29"", ""2024-08-30"", ""2024-09-02"", ""2024-09-03"", ""2024-09-04"", ""2024-09-05"", ""2024-09-06"", ""2024-09-09"", ""2024-09-10"", ""2024-09-11"", ""2024-09-12"", ""2024-09-13"", ""2024-09-16"", ""2024-09-17"", ""2024-09-18"", ""2024-09-19"", ""2024-09-20"", ""2024-09-23""]",35978000000000,85792000000000,1,4.0,2.0,1.0
MIX,2024-09-25,included,,"[""2024-08-28"", ""2024-08-29"", ""2024-08-30"", ""2024-09-02"", ""2024-09-03"", ""2024-09-04"", ""2024-09-05"", ""2024-09-06"", ""2024-09-09"", ""2024-09-10"", ""2024-09-11"", ""2024-09-12"", ""2024-09-13"", ""2024-09-16"", ""2024-09-17"", ""2024-09-18"", ""2024-09-19"", ""2024-09-20"", ""2024-09-23"", ""2024-09-24""]",35968000000000,85786000000000,1,2.0,0.0,5.0
MIX,2024-09-26,included,,"[""2024-08-29"", ""2024-08-30"", ""2024-09-02"", ""2024-09-03"", ""2024-09-04"", ""2024-09-05"", ""2024-09-06"", ""2024-09-09"", ""2024-09-10"", ""2024-09-11"", ""2024-09-12"", ""2024-09-13"", ""2024-09-16"", ""2024-09-17"", ""2024-09-18"", ""2024-09-19"", ""2024-09-20"", ""2024-09-23"", ""2024-09-24"", ""2024-09-25""]",35974000000000,85797000000000,1,7.0,0.0,1.0
MIX,2024-09-27,included,,"[""2024-08-30"", ""2024-09-02"", ""2024-09-03"", ""2024-09-04"", ""2024-09-05"", ""2024-09-06"", ""2024-09-09"", ""2024-09-10"", ""2024-09-11"", ""2024-09-12"", ""2024-09-13"", ""2024-09-16"", ""2024-09-17"", ""2024-09-18"", ""2024-09-19"", ""2024-09-20"", ""2024-09-23"", ""2024-09-24"", ""2024-09-25"", ""2024-09-26""]",35946000000000,85791003000000,1,6.0,0.0,8.0
MIX,2024-09-30,included,,"[""2024-09-02"", ""2024-09-03"", ""2024-09-04"", ""2024-09-05"", ""2024-09-06"", ""2024-09-09"", ""2024-09-10"", ""2024-09-11"", ""2024-09-12"", ""2024-09-13"", ""2024-09-16"", ""2024-09-17"", ""2024-09-18"", ""2024-09-19"", ""2024-09-20"", ""2024-09-23"", ""2024-09-24"", ""2024-09-25"", ""2024-09-26"", ""2024-09-27""]",35971000000000,85797000000000,1,5.0,4.0,5.0
MIX,2024-10-01,included,,"[""2024-09-03"", ""2024-09-04"", ""2024-09-05"", ""2024-09-06"", ""2024-09-09"", ""2024-09-10"", ""2024-09-11"", ""2024-09-12"", ""2024-09-13"", ""2024-09-16"", ""2024-09-17"", ""2024-09-18"", ""2024-09-19"", ""2024-09-20"", ""2024-09-23"", ""2024-09-24"", ""2024-09-25"", ""2024-09-26"", ""2024-09-27"", ""2024-09-30""]",35989000000000,85799001000000,1,3.0,3.0,7.0
MIX,2024-10-02,included,,"[""2024-09-04"", ""2024-09-05"", ""2024-09-06"", ""2024-09-09"", ""2024-09-10"", ""2024-09-11"", ""2024-09-12"", ""2024-09-13"", ""2024-09-16"", ""2024-09-17"", ""2024-09-18"", ""2024-09-19"", ""2024-09-20"", ""2024-09-23"", ""2024-09-24"", ""2024-09-25"", ""2024-09-26"", ""2024-09-27"", ""2024-09-30"", ""2024-10-01""]",35969000000000,85796013000000,1,5.0,0.0,0.0
MIX,2024-10-03,included,,"[""2024-09-05"", ""2024-09-06"", ""2024-09-09"", ""2024-09-10"", ""2024-09-11"", ""2024-09-12"", ""2024-09-13"", ""2024-09-16"", ""2024-09-17"", ""2024-09-18"", ""2024-09-19"", ""2024-09-20"", ""2024-09-23"", ""2024-09-24"", ""2024-09-25"", ""2024-09-26"", ""2024-09-27"", ""2024-09-30"", ""2024-10-01"", ""2024-10-02""]",35977000000000,85797000000000,1,11.0,11.0,0.0
MIX,2024-10-04,included,,"[""2024-09-06"", ""2024-09-09"", ""2024-09-10"", ""2024-09-11"", ""2024-09-12"", ""2024-09-13"", ""2024-09-16"", ""2024-09-17"", ""2024-09-18"", ""2024-09-19"", ""2024-09-20"", ""2024-09-23"", ""2024-09-24"", ""2024-09-25"", ""2024-09-26"", ""2024-09-27"", ""2024-09-30"", ""2024-10-01"", ""2024-10-02"", ""2024-10-03""]",35975000000000,85799001000000,1,8.0,6.0,1.0
MIX,2024-10-07,included,,"[""2024-09-09"", ""2024-09-10"", ""2024-09-11"", ""2024-09-12"", ""2024-09-13"", ""2024-09-16"", ""2024-09-17"", ""2024-09-18"", ""2024-09-19"", ""2024-09-20"", ""2024-09-23"", ""2024-09-24"", ""2024-09-25"", ""2024-09-26"", ""2024-09-27"", ""2024-09-30"", ""2024-10-01"", ""2024-10-02"", ""2024-10-03"", ""2024-10-04""]",35944000000000,85797001000000,1,9.0,0.0,0.0
MIX,2024-10-08,included,,"[""2024-09-10"", ""2024-09-11"", ""2024-09-12"", ""2024-09-13"", ""2024-09-16"", ""2024-09-17"", ""2024-09-18"", ""2024-09-19"", ""2024-09-20"", ""2024-09-23"", ""2024-09-24"", ""2024-09-25"", ""2024-09-26"", ""2024-09-27"", ""2024-09-30"", ""2024-10-01"", ""2024-10-02"", ""2024-10-03"", ""2024-10-04"", ""2024-10-07""]",35979000000000,85796000000000,1,8.0,0.0,16.0
MIX,2024-10-09,included,,"[""2024-09-11"", ""2024-09-12"", ""2024-09-13"", ""2024-09-16"", ""2024-09-17"", ""2024-09-18"", ""2024-09-19"", ""2024-09-20"", ""2024-09-23"", ""2024-09-24"", ""2024-09-25"", ""2024-09-26"", ""2024-09-27"", ""2024-09-30"", ""2024-10-01"", ""2024-10-02"", ""2024-10-03"", ""2024-10-04"", ""2024-10-07"", ""2024-10-08""]",35983000000000,85788003000000,1,4.0,0.0,2.0
MIX,2024-10-10,included,,"[""2024-09-12"", ""2024-09-13"", ""2024-09-16"", ""2024-09-17"", ""2024-09-18"", ""2024-09-19"", ""2024-09-20"", ""2024-09-23"", ""2024-09-24"", ""2024-09-25"", ""2024-09-26"", ""2024-09-27"", ""2024-09-30"", ""2024-10-01"", ""2024-10-02"", ""2024-10-03"", ""2024-10-04"", ""2024-10-07"", ""2024-10-08"", ""2024-10-09""]",35949000000000,85793012000000,1,9.0,0.0,24.0
MIX,2024-10-11,included,,"[""2024-09-13"", ""2024-09-16"", ""2024-09-17"", ""2024-09-18"", ""2024-09-19"", ""2024-09-20"", ""2024-09-23"", ""2024-09-24"", ""2024-09-25"", ""2024-09-26"", ""2024-09-27"", ""2024-09-30"", ""2024-10-01"", ""2024-10-02"", ""2024-10-03"", ""2024-10-04"", ""2024-10-07"", ""2024-10-08"", ""2024-10-09"", ""2024-10-10""]",35986000000000,85799000000000,1,5.0,0.0,3.0
MIX,2024-10-14,included,,"[""2024-09-16"", ""2024-09-17"", ""2024-09-18"", ""2024-09-19"", ""2024-09-20"", ""2024-09-23"", ""2024-09-24"", ""2024-09-25"", ""2024-09-26"", ""2024-09-27"", ""2024-09-30"", ""2024-10-01"", ""2024-10-02"", ""2024-10-03"", ""2024-10-04"", ""2024-10-07"", ""2024-10-08"", ""2024-10-09"", ""2024-10-10"", ""2024-10-11""]",35948000000000,85799011000000,1,1.0,0.0,4.0
MIX,2024-10-15,included,,"[""2024-09-17"", ""2024-09-18"", ""2024-09-19"", ""2024-09-20"", ""2024-09-23"", ""2024-09-24"", ""2024-09-25"", ""2024-09-26"", ""2024-09-27"", ""2024-09-30"", ""2024-10-01"", ""2024-10-02"", ""2024-10-03"", ""2024-10-04"", ""2024-10-07"", ""2024-10-08"", ""2024-10-09"", ""2024-10-10"", ""2024-10-11"", ""2024-10-14""]",35975000000000,85799000000000,1,3.0,2.0,0.0
MIX,2024-10-16,included,,"[""2024-09-18"", ""2024-09-19"", ""2024-09-20"", ""2024-09-23"", ""2024-09-24"", ""2024-09-25"", ""2024-09-26"", ""2024-09-27"", ""2024-09-30"", ""2024-10-01"", ""2024-10-02"", ""2024-10-03"", ""2024-10-04"", ""2024-10-07"", ""2024-10-08"", ""2024-10-09"", ""2024-10-10"", ""2024-10-11"", ""2024-10-14"", ""2024-10-15""]",35945000000000,85796000000000,1,3.0,3.0,2.0
MIX,2024-10-17,included,,"[""2024-09-19"", ""2024-09-20"", ""2024-09-23"", ""2024-09-24"", ""2024-09-25"", ""2024-09-26"", ""2024-09-27"", ""2024-09-30"", ""2024-10-01"", ""2024-10-02"", ""2024-10-03"", ""2024-10-04"", ""2024-10-07"", ""2024-10-08"", ""2024-10-09"", ""2024-10-10"", ""2024-10-11"", ""2024-10-14"", ""2024-10-15"", ""2024-10-16""]",35957000000000,85799004000000,1,11.0,0.0,2.0
MIX,2024-10-18,included,,"[""2024-09-20"", ""2024-09-23"", ""2024-09-24"", ""2024-09-25"", ""2024-09-26"", ""2024-09-27"", ""2024-09-30"", ""2024-10-01"", ""2024-10-02"", ""2024-10-03"", ""2024-10-04"", ""2024-10-07"", ""2024-10-08"", ""2024-10-09"", ""2024-10-10"", ""2024-10-11"", ""2024-10-14"", ""2024-10-15"", ""2024-10-16"", ""2024-10-17""]",35967000000000,85798000000000,1,10.0,2.0,6.0
MIX,2024-10-21,included,,"[""2024-09-23"", ""2024-09-24"", ""2024-09-25"", ""2024-09-26"", ""2024-09-27"", ""2024-09-30"", ""2024-10-01"", ""2024-10-02"", ""2024-10-03"", ""2024-10-04"", ""2024-10-07"", ""2024-10-08"", ""2024-10-09"", ""2024-10-10"", ""2024-10-11"", ""2024-10-14"", ""2024-10-15"", ""2024-10-16"", ""2024-10-17"", ""2024-10-18""]",35944000000000,85793011000000,1,3.0,0.0,10.0
MIX,2024-10-22,included,,"[""2024-09-24"", ""2024-09-25"", ""2024-09-26"", ""2024-09-27"", ""2024-09-30"", ""2024-10-01"", ""2024-10-02"", ""2024-10-03"", ""2024-10-04"", ""2024-10-07"", ""2024-10-08"", ""2024-10-09"", ""2024-10-10"", ""2024-10-11"", ""2024-10-14"", ""2024-10-15"", ""2024-10-16"", ""2024-10-17"", ""2024-10-18"", ""2024-10-21""]",35973000000000,85799001000000,1,8.0,0.0,1.0
MIX,2024-10-23,included,,"[""2024-09-25"", ""2024-09-26"", ""2024-09-27"", ""2024-09-30"", ""2024-10-01"", ""2024-10-02"", ""2024-10-03"", ""2024-10-04"", ""2024-10-07"", ""2024-10-08"", ""2024-10-09"", ""2024-10-10"", ""2024-10-11"", ""2024-10-14"", ""2024-10-15"", ""2024-10-16"", ""2024-10-17"", ""2024-10-18"", ""2024-10-21"", ""2024-10-22""]",35954000000000,85793008000000,1,6.0,0.0,1.0
MIX,2024-10-24,included,,"[""2024-09-26"", ""2024-09-27"", ""2024-09-30"", ""2024-10-01"", ""2024-10-02"", ""2024-10-03"", ""2024-10-04"", ""2024-10-07"", ""2024-10-08"", ""2024-10-09"", ""2024-10-10"", ""2024-10-11"", ""2024-10-14"", ""2024-10-15"", ""2024-10-16"", ""2024-10-17"", ""2024-10-18"", ""2024-10-21"", ""2024-10-22"", ""2024-10-23""]",35968000000000,85787000000000,1,6.0,5.0,6.0
MIX,2024-10-25,included,,"[""2024-09-27"", ""2024-09-30"", ""2024-10-01"", ""2024-10-02"", ""2024-10-03"", ""2024-10-04"", ""2024-10-07"", ""2024-10-08"", ""2024-10-09"", ""2024-10-10"", ""2024-10-11"", ""2024-10-14"", ""2024-10-15"", ""2024-10-16"", ""2024-10-17"", ""2024-10-18"", ""2024-10-21"", ""2024-10-22"", ""2024-10-23"", ""2024-10-24""]",35967000000000,85794001000000,1,10.0,2.0,0.0
MIX,2024-10-28,included,,"[""2024-09-30"", ""2024-10-01"", ""2024-10-02"", ""2024-10-03"", ""2024-10-04"", ""2024-10-07"", ""2024-10-08"", ""2024-10-09"", ""2024-10-10"", ""2024-10-11"", ""2024-10-14"", ""2024-10-15"", ""2024-10-16"", ""2024-10-17"", ""2024-10-18"", ""2024-10-21"", ""2024-10-22"", ""2024-10-23"", ""2024-10-24"", ""2024-10-25""]",35962000000000,85799001000000,1,2.0,2.0,6.0
MIX,2024-10-29,included,,"[""2024-10-01"", ""2024-10-02"", ""2024-10-03"", ""2024-10-04"", ""2024-10-07"", ""2024-10-08"", ""2024-10-09"", ""2024-10-10"", ""2024-10-11"", ""2024-10-14"", ""2024-10-15"", ""2024-10-16"", ""2024-10-17"", ""2024-10-18"", ""2024-10-21"", ""2024-10-22"", ""2024-10-23"", ""2024-10-24"", ""2024-10-25"", ""2024-10-28""]",35958000000000,85799002000000,1,8.0,8.0,31.0
MIX,2024-10-30,included,,"[""2024-10-02"", ""2024-10-03"", ""2024-10-04"", ""2024-10-07"", ""2024-10-08"", ""2024-10-09"", ""2024-10-10"", ""2024-10-11"", ""2024-10-14"", ""2024-10-15"", ""2024-10-16"", ""2024-10-17"", ""2024-10-18"", ""2024-10-21"", ""2024-10-22"", ""2024-10-23"", ""2024-10-24"", ""2024-10-25"", ""2024-10-28"", ""2024-10-29""]",35946000000000,85799000000000,1,5.0,5.0,1.0
MIX,2024-10-31,included,,"[""2024-10-03"", ""2024-10-04"", ""2024-10-07"", ""2024-10-08"", ""2024-10-09"", ""2024-10-10"", ""2024-10-11"", ""2024-10-14"", ""2024-10-15"", ""2024-10-16"", ""2024-10-17"", ""2024-10-18"", ""2024-10-21"", ""2024-10-22"", ""2024-10-23"", ""2024-10-24"", ""2024-10-25"", ""2024-10-28"", ""2024-10-29"", ""2024-10-30""]",35978000000000,85790001000000,1,6.0,6.0,0.0
MIX,2024-11-01,included,,"[""2024-10-04"", ""2024-10-07"", ""2024-10-08"", ""2024-10-09"", ""2024-10-10"", ""2024-10-11"", ""2024-10-14"", ""2024-10-15"", ""2024-10-16"", ""2024-10-17"", ""2024-10-18"", ""2024-10-21"", ""2024-10-22"", ""2024-10-23"", ""2024-10-24"", ""2024-10-25"", ""2024-10-28"", ""2024-10-29"", ""2024-10-30"", ""2024-10-31""]",35949000000000,85799000000000,1,8.0,8.0,3.0
MIX,2024-11-05,included,,"[""2024-10-07"", ""2024-10-08"", ""2024-10-09"", ""2024-10-10"", ""2024-10-11"", ""2024-10-14"", ""2024-10-15"", ""2024-10-16"", ""2024-10-17"", ""2024-10-18"", ""2024-10-21"", ""2024-10-22"", ""2024-10-23"", ""2024-10-24"", ""2024-10-25"", ""2024-10-28"", ""2024-10-29"", ""2024-10-30"", ""2024-10-31"", ""2024-11-01""]",35949000000000,85792000000000,1,6.0,2.0,2.0
MIX,2024-11-06,included,,"[""2024-10-08"", ""2024-10-09"", ""2024-10-10"", ""2024-10-11"", ""2024-10-14"", ""2024-10-15"", ""2024-10-16"", ""2024-10-17"", ""2024-10-18"", ""2024-10-21"", ""2024-10-22"", ""2024-10-23"", ""2024-10-24"", ""2024-10-25"", ""2024-10-28"", ""2024-10-29"", ""2024-10-30"", ""2024-10-31"", ""2024-11-01"", ""2024-11-05""]",35942000000000,85799001000000,1,2.0,2.0,2.0
MIX,2024-11-07,included,,"[""2024-10-09"", ""2024-10-10"", ""2024-10-11"", ""2024-10-14"", ""2024-10-15"", ""2024-10-16"", ""2024-10-17"", ""2024-10-18"", ""2024-10-21"", ""2024-10-22"", ""2024-10-23"", ""2024-10-24"", ""2024-10-25"", ""2024-10-28"", ""2024-10-29"", ""2024-10-30"", ""2024-10-31"", ""2024-11-01"", ""2024-11-05"", ""2024-11-06""]",35942000000000,85799001000000,1,3.0,1.0,0.0
MIX,2024-11-08,included,,"[""2024-10-10"", ""2024-10-11"", ""2024-10-14"", ""2024-10-15"", ""2024-10-16"", ""2024-10-17"", ""2024-10-18"", ""2024-10-21"", ""2024-10-22"", ""2024-10-23"", ""2024-10-24"", ""2024-10-25"", ""2024-10-28"", ""2024-10-29"", ""2024-10-30"", ""2024-10-31"", ""2024-11-01"", ""2024-11-05"", ""2024-11-06"", ""2024-11-07""]",35977000000000,85799002000000,1,8.0,8.0,1.0
MIX,2024-11-11,included,,"[""2024-10-11"", ""2024-10-14"", ""2024-10-15"", ""2024-10-16"", ""2024-10-17"", ""2024-10-18"", ""2024-10-21"", ""2024-10-22"", ""2024-10-23"", ""2024-10-24"", ""2024-10-25"", ""2024-10-28"", ""2024-10-29"", ""2024-10-30"", ""2024-10-31"", ""2024-11-01"", ""2024-11-05"", ""2024-11-06"", ""2024-11-07"", ""2024-11-08""]",35958000000000,85799000000000,1,6.0,6.0,2.0
MIX,2024-11-12,included,,"[""2024-10-14"", ""2024-10-15"", ""2024-10-16"", ""2024-10-17"", ""2024-10-18"", ""2024-10-21"", ""2024-10-22"", ""2024-10-23"", ""2024-10-24"", ""2024-10-25"", ""2024-10-28"", ""2024-10-29"", ""2024-10-30"", ""2024-10-31"", ""2024-11-01"", ""2024-11-05"", ""2024-11-06"", ""2024-11-07"", ""2024-11-08"", ""2024-11-11""]",35962000000000,85799002000000,1,6.0,6.0,0.0
MIX,2024-11-13,included,,"[""2024-10-15"", ""2024-10-16"", ""2024-10-17"", ""2024-10-18"", ""2024-10-21"", ""2024-10-22"", ""2024-10-23"", ""2024-10-24"", ""2024-10-25"", ""2024-10-28"", ""2024-10-29"", ""2024-10-30"", ""2024-10-31"", ""2024-11-01"", ""2024-11-05"", ""2024-11-06"", ""2024-11-07"", ""2024-11-08"", ""2024-11-11"", ""2024-11-12""]",35968000000000,85793006000000,1,6.0,0.0,4.0
MIX,2024-11-14,included,,"[""2024-10-16"", ""2024-10-17"", ""2024-10-18"", ""2024-10-21"", ""2024-10-22"", ""2024-10-23"", ""2024-10-24"", ""2024-10-25"", ""2024-10-28"", ""2024-10-29"", ""2024-10-30"", ""2024-10-31"", ""2024-11-01"", ""2024-11-05"", ""2024-11-06"", ""2024-11-07"", ""2024-11-08"", ""2024-11-11"", ""2024-11-12"", ""2024-11-13""]",35957000000000,85798000000000,1,8.0,3.0,1.0
MIX,2024-11-15,included,,"[""2024-10-17"", ""2024-10-18"", ""2024-10-21"", ""2024-10-22"", ""2024-10-23"", ""2024-10-24"", ""2024-10-25"", ""2024-10-28"", ""2024-10-29"", ""2024-10-30"", ""2024-10-31"", ""2024-11-01"", ""2024-11-05"", ""2024-11-06"", ""2024-11-07"", ""2024-11-08"", ""2024-11-11"", ""2024-11-12"", ""2024-11-13"", ""2024-11-14""]",35949000000000,85799000000000,1,6.0,0.0,0.0
MIX,2024-11-18,included,,"[""2024-10-18"", ""2024-10-21"", ""2024-10-22"", ""2024-10-23"", ""2024-10-24"", ""2024-10-25"", ""2024-10-28"", ""2024-10-29"", ""2024-10-30"", ""2024-10-31"", ""2024-11-01"", ""2024-11-05"", ""2024-11-06"", ""2024-11-07"", ""2024-11-08"", ""2024-11-11"", ""2024-11-12"", ""2024-11-13"", ""2024-11-14"", ""2024-11-15""]",35978000000000,85796001000000,1,1.0,1.0,3.0
MIX,2024-11-19,included,,"[""2024-10-21"", ""2024-10-22"", ""2024-10-23"", ""2024-10-24"", ""2024-10-25"", ""2024-10-28"", ""2024-10-29"", ""2024-10-30"", ""2024-10-31"", ""2024-11-01"", ""2024-11-05"", ""2024-11-06"", ""2024-11-07"", ""2024-11-08"", ""2024-11-11"", ""2024-11-12"", ""2024-11-13"", ""2024-11-14"", ""2024-11-15"", ""2024-11-18""]",35944000000000,85797000000000,1,7.0,5.0,1.0
MIX,2024-11-20,included,,"[""2024-10-22"", ""2024-10-23"", ""2024-10-24"", ""2024-10-25"", ""2024-10-28"", ""2024-10-29"", ""2024-10-30"", ""2024-10-31"", ""2024-11-01"", ""2024-11-05"", ""2024-11-06"", ""2024-11-07"", ""2024-11-08"", ""2024-11-11"", ""2024-11-12"", ""2024-11-13"", ""2024-11-14"", ""2024-11-15"", ""2024-11-18"", ""2024-11-19""]",35978000000000,85793003000000,1,7.0,7.0,0.0
MIX,2024-11-21,included,,"[""2024-10-23"", ""2024-10-24"", ""2024-10-25"", ""2024-10-28"", ""2024-10-29"", ""2024-10-30"", ""2024-10-31"", ""2024-11-01"", ""2024-11-05"", ""2024-11-06"", ""2024-11-07"", ""2024-11-08"", ""2024-11-11"", ""2024-11-12"", ""2024-11-13"", ""2024-11-14"", ""2024-11-15"", ""2024-11-18"", ""2024-11-19"", ""2024-11-20""]",35942000000000,85799003000000,1,9.0,9.0,2.0
MIX,2024-11-22,included,,"[""2024-10-24"", ""2024-10-25"", ""2024-10-28"", ""2024-10-29"", ""2024-10-30"", ""2024-10-31"", ""2024-11-01"", ""2024-11-05"", ""2024-11-06"", ""2024-11-07"", ""2024-11-08"", ""2024-11-11"", ""2024-11-12"", ""2024-11-13"", ""2024-11-14"", ""2024-11-15"", ""2024-11-18"", ""2024-11-19"", ""2024-11-20"", ""2024-11-21""]",35980000000000,85799000000000,1,5.0,3.0,1.0
MIX,2024-11-25,included,,"[""2024-10-25"", ""2024-10-28"", ""2024-10-29"", ""2024-10-30"", ""2024-10-31"", ""2024-11-01"", ""2024-11-05"", ""2024-11-06"", ""2024-11-07"", ""2024-11-08"", ""2024-11-11"", ""2024-11-12"", ""2024-11-13"", ""2024-11-14"", ""2024-11-15"", ""2024-11-18"", ""2024-11-19"", ""2024-11-20"", ""2024-11-21"", ""2024-11-22""]",35958000000000,85799000000000,1,1.0,1.0,2.0
MIX,2024-11-26,included,,"[""2024-10-28"", ""2024-10-29"", ""2024-10-30"", ""2024-10-31"", ""2024-11-01"", ""2024-11-05"", ""2024-11-06"", ""2024-11-07"", ""2024-11-08"", ""2024-11-11"", ""2024-11-12"", ""2024-11-13"", ""2024-11-14"", ""2024-11-15"", ""2024-11-18"", ""2024-11-19"", ""2024-11-20"", ""2024-11-21"", ""2024-11-22"", ""2024-11-25""]",35969000000000,85798001000000,1,11.0,11.0,0.0
MIX,2024-11-27,included,,"[""2024-10-29"", ""2024-10-30"", ""2024-10-31"", ""2024-11-01"", ""2024-11-05"", ""2024-11-06"", ""2024-11-07"", ""2024-11-08"", ""2024-11-11"", ""2024-11-12"", ""2024-11-13"", ""2024-11-14"", ""2024-11-15"", ""2024-11-18"", ""2024-11-19"", ""2024-11-20"", ""2024-11-21"", ""2024-11-22"", ""2024-11-25"", ""2024-11-26""]",35967000000000,85799013000000,1,4.0,4.0,3.0
MIX,2024-11-28,included,,"[""2024-10-30"", ""2024-10-31"", ""2024-11-01"", ""2024-11-05"", ""2024-11-06"", ""2024-11-07"", ""2024-11-08"", ""2024-11-11"", ""2024-11-12"", ""2024-11-13"", ""2024-11-14"", ""2024-11-15"", ""2024-11-18"", ""2024-11-19"", ""2024-11-20"", ""2024-11-21"", ""2024-11-22"", ""2024-11-25"", ""2024-11-26"", ""2024-11-27""]",35984000000000,85798001000000,1,6.0,6.0,0.0
MIX,2024-11-29,included,,"[""2024-10-31"", ""2024-11-01"", ""2024-11-05"", ""2024-11-06"", ""2024-11-07"", ""2024-11-08"", ""2024-11-11"", ""2024-11-12"", ""2024-11-13"", ""2024-11-14"", ""2024-11-15"", ""2024-11-18"", ""2024-11-19"", ""2024-11-20"", ""2024-11-21"", ""2024-11-22"", ""2024-11-25"", ""2024-11-26"", ""2024-11-27"", ""2024-11-28""]",35957000000000,85790002000000,1,7.0,7.0,1.0
MIX,2024-12-02,included,,"[""2024-11-01"", ""2024-11-05"", ""2024-11-06"", ""2024-11-07"", ""2024-11-08"", ""2024-11-11"", ""2024-11-12"", ""2024-11-13"", ""2024-11-14"", ""2024-11-15"", ""2024-11-18"", ""2024-11-19"", ""2024-11-20"", ""2024-11-21"", ""2024-11-22"", ""2024-11-25"", ""2024-11-26"", ""2024-11-27"", ""2024-11-28"", ""2024-11-29""]",35958000000000,85799006000000,1,7.0,1.0,6.0
MIX,2024-12-03,included,,"[""2024-11-05"", ""2024-11-06"", ""2024-11-07"", ""2024-11-08"", ""2024-11-11"", ""2024-11-12"", ""2024-11-13"", ""2024-11-14"", ""2024-11-15"", ""2024-11-18"", ""2024-11-19"", ""2024-11-20"", ""2024-11-21"", ""2024-11-22"", ""2024-11-25"", ""2024-11-26"", ""2024-11-27"", ""2024-11-28"", ""2024-11-29"", ""2024-12-02""]",35978000000000,85793019000000,1,3.0,0.0,1.0
MIX,2024-12-04,included,,"[""2024-11-06"", ""2024-11-07"", ""2024-11-08"", ""2024-11-11"", ""2024-11-12"", ""2024-11-13"", ""2024-11-14"", ""2024-11-15"", ""2024-11-18"", ""2024-11-19"", ""2024-11-20"", ""2024-11-21"", ""2024-11-22"", ""2024-11-25"", ""2024-11-26"", ""2024-11-27"", ""2024-11-28"", ""2024-11-29"", ""2024-12-02"", ""2024-12-03""]",35951000000000,85798000000000,1,3.0,2.0,2.0
MIX,2024-12-05,included,,"[""2024-11-07"", ""2024-11-08"", ""2024-11-11"", ""2024-11-12"", ""2024-11-13"", ""2024-11-14"", ""2024-11-15"", ""2024-11-18"", ""2024-11-19"", ""2024-11-20"", ""2024-11-21"", ""2024-11-22"", ""2024-11-25"", ""2024-11-26"", ""2024-11-27"", ""2024-11-28"", ""2024-11-29"", ""2024-12-02"", ""2024-12-03"", ""2024-12-04""]",35983000000000,85799000000000,1,5.0,5.0,0.0
MIX,2024-12-06,included,,"[""2024-11-08"", ""2024-11-11"", ""2024-11-12"", ""2024-11-13"", ""2024-11-14"", ""2024-11-15"", ""2024-11-18"", ""2024-11-19"", ""2024-11-20"", ""2024-11-21"", ""2024-11-22"", ""2024-11-25"", ""2024-11-26"", ""2024-11-27"", ""2024-11-28"", ""2024-11-29"", ""2024-12-02"", ""2024-12-03"", ""2024-12-04"", ""2024-12-05""]",35980000000000,85799000000000,1,5.0,5.0,1.0
MIX,2024-12-09,included,,"[""2024-11-11"", ""2024-11-12"", ""2024-11-13"", ""2024-11-14"", ""2024-11-15"", ""2024-11-18"", ""2024-11-19"", ""2024-11-20"", ""2024-11-21"", ""2024-11-22"", ""2024-11-25"", ""2024-11-26"", ""2024-11-27"", ""2024-11-28"", ""2024-11-29"", ""2024-12-02"", ""2024-12-03"", ""2024-12-04"", ""2024-12-05"", ""2024-12-06""]",35986000000000,85787000000000,1,6.0,0.0,3.0
MIX,2024-12-10,included,,"[""2024-11-12"", ""2024-11-13"", ""2024-11-14"", ""2024-11-15"", ""2024-11-18"", ""2024-11-19"", ""2024-11-20"", ""2024-11-21"", ""2024-11-22"", ""2024-11-25"", ""2024-11-26"", ""2024-11-27"", ""2024-11-28"", ""2024-11-29"", ""2024-12-02"", ""2024-12-03"", ""2024-12-04"", ""2024-12-05"", ""2024-12-06"", ""2024-12-09""]",35948000000000,85789001000000,1,4.0,4.0,2.0
MIX,2024-12-11,included,,"[""2024-11-13"", ""2024-11-14"", ""2024-11-15"", ""2024-11-18"", ""2024-11-19"", ""2024-11-20"", ""2024-11-21"", ""2024-11-22"", ""2024-11-25"", ""2024-11-26"", ""2024-11-27"", ""2024-11-28"", ""2024-11-29"", ""2024-12-02"", ""2024-12-03"", ""2024-12-04"", ""2024-12-05"", ""2024-12-06"", ""2024-12-09"", ""2024-12-10""]",35953000000000,85799018000000,1,4.0,0.0,0.0
MIX,2024-12-12,included,,"[""2024-11-14"", ""2024-11-15"", ""2024-11-18"", ""2024-11-19"", ""2024-11-20"", ""2024-11-21"", ""2024-11-22"", ""2024-11-25"", ""2024-11-26"", ""2024-11-27"", ""2024-11-28"", ""2024-11-29"", ""2024-12-02"", ""2024-12-03"", ""2024-12-04"", ""2024-12-05"", ""2024-12-06"", ""2024-12-09"", ""2024-12-10"", ""2024-12-11""]",35949000000000,85799010000000,1,7.0,0.0,3.0
MIX,2024-12-13,included,,"[""2024-11-15"", ""2024-11-18"", ""2024-11-19"", ""2024-11-20"", ""2024-11-21"", ""2024-11-22"", ""2024-11-25"", ""2024-11-26"", ""2024-11-27"", ""2024-11-28"", ""2024-11-29"", ""2024-12-02"", ""2024-12-03"", ""2024-12-04"", ""2024-12-05"", ""2024-12-06"", ""2024-12-09"", ""2024-12-10"", ""2024-12-11"", ""2024-12-12""]",35954000000000,85799003000000,1,11.0,0.0,8.0
MIX,2024-12-16,included,,"[""2024-11-18"", ""2024-11-19"", ""2024-11-20"", ""2024-11-21"", ""2024-11-22"", ""2024-11-25"", ""2024-11-26"", ""2024-11-27"", ""2024-11-28"", ""2024-11-29"", ""2024-12-02"", ""2024-12-03"", ""2024-12-04"", ""2024-12-05"", ""2024-12-06"", ""2024-12-09"", ""2024-12-10"", ""2024-12-11"", ""2024-12-12"", ""2024-12-13""]",35958000000000,85799001000000,1,2.0,0.0,0.0
MIX,2024-12-17,included,,"[""2024-11-19"", ""2024-11-20"", ""2024-11-21"", ""2024-11-22"", ""2024-11-25"", ""2024-11-26"", ""2024-11-27"", ""2024-11-28"", ""2024-11-29"", ""2024-12-02"", ""2024-12-03"", ""2024-12-04"", ""2024-12-05"", ""2024-12-06"", ""2024-12-09"", ""2024-12-10"", ""2024-12-11"", ""2024-12-12"", ""2024-12-13"", ""2024-12-16""]",35977000000000,85798002000000,1,3.0,1.0,3.0
MIX,2024-12-18,included,,"[""2024-11-20"", ""2024-11-21"", ""2024-11-22"", ""2024-11-25"", ""2024-11-26"", ""2024-11-27"", ""2024-11-28"", ""2024-11-29"", ""2024-12-02"", ""2024-12-03"", ""2024-12-04"", ""2024-12-05"", ""2024-12-06"", ""2024-12-09"", ""2024-12-10"", ""2024-12-11"", ""2024-12-12"", ""2024-12-13"", ""2024-12-16"", ""2024-12-17""]",35967000000000,85799000000000,1,4.0,0.0,0.0
MIX,2024-12-19,included,,"[""2024-11-21"", ""2024-11-22"", ""2024-11-25"", ""2024-11-26"", ""2024-11-27"", ""2024-11-28"", ""2024-11-29"", ""2024-12-02"", ""2024-12-03"", ""2024-12-04"", ""2024-12-05"", ""2024-12-06"", ""2024-12-09"", ""2024-12-10"", ""2024-12-11"", ""2024-12-12"", ""2024-12-13"", ""2024-12-16"", ""2024-12-17"", ""2024-12-18""]",35971000000000,67674000000000,1,4.0,0.0,36.0
MIX,2024-12-20,excluded,Текущая сессия не охватывает 10:00–18:45,"[""2024-11-22"", ""2024-11-25"", ""2024-11-26"", ""2024-11-27"", ""2024-11-28"", ""2024-11-29"", ""2024-12-02"", ""2024-12-03"", ""2024-12-04"", ""2024-12-05"", ""2024-12-06"", ""2024-12-09"", ""2024-12-10"", ""2024-12-11"", ""2024-12-12"", ""2024-12-13"", ""2024-12-16"", ""2024-12-17"", ""2024-12-18"", ""2024-12-19""]",68700000000000,85799000000000,1,,,
MIX,2024-12-23,excluded,Не все 20 прошлых сессий охватывают 10:00–18:45,"[""2024-11-25"", ""2024-11-26"", ""2024-11-27"", ""2024-11-28"", ""2024-11-29"", ""2024-12-02"", ""2024-12-03"", ""2024-12-04"", ""2024-12-05"", ""2024-12-06"", ""2024-12-09"", ""2024-12-10"", ""2024-12-11"", ""2024-12-12"", ""2024-12-13"", ""2024-12-16"", ""2024-12-17"", ""2024-12-18"", ""2024-12-19"", ""2024-12-20""]",35984000000000,85798000000000,1,,,
MIX,2024-12-24,excluded,Не все 20 прошлых сессий охватывают 10:00–18:45,"[""2024-11-26"", ""2024-11-27"", ""2024-11-28"", ""2024-11-29"", ""2024-12-02"", ""2024-12-03"", ""2024-12-04"", ""2024-12-05"", ""2024-12-06"", ""2024-12-09"", ""2024-12-10"", ""2024-12-11"", ""2024-12-12"", ""2024-12-13"", ""2024-12-16"", ""2024-12-17"", ""2024-12-18"", ""2024-12-19"", ""2024-12-20"", ""2024-12-23""]",35945000000000,85798002000000,1,,,
MIX,2024-12-25,excluded,Не все 20 прошлых сессий охватывают 10:00–18:45,"[""2024-11-27"", ""2024-11-28"", ""2024-11-29"", ""2024-12-02"", ""2024-12-03"", ""2024-12-04"", ""2024-12-05"", ""2024-12-06"", ""2024-12-09"", ""2024-12-10"", ""2024-12-11"", ""2024-12-12"", ""2024-12-13"", ""2024-12-16"", ""2024-12-17"", ""2024-12-18"", ""2024-12-19"", ""2024-12-20"", ""2024-12-23"", ""2024-12-24""]",35969000000000,85798000000000,1,,,
MIX,2024-12-26,excluded,Не все 20 прошлых сессий охватывают 10:00–18:45,"[""2024-11-28"", ""2024-11-29"", ""2024-12-02"", ""2024-12-03"", ""2024-12-04"", ""2024-12-05"", ""2024-12-06"", ""2024-12-09"", ""2024-12-10"", ""2024-12-11"", ""2024-12-12"", ""2024-12-13"", ""2024-12-16"", ""2024-12-17"", ""2024-12-18"", ""2024-12-19"", ""2024-12-20"", ""2024-12-23"", ""2024-12-24"", ""2024-12-25""]",35950000000000,85799004000000,1,,,
MIX,2024-12-27,excluded,Не все 20 прошлых сессий охватывают 10:00–18:45,"[""2024-11-29"", ""2024-12-02"", ""2024-12-03"", ""2024-12-04"", ""2024-12-05"", ""2024-12-06"", ""2024-12-09"", ""2024-12-10"", ""2024-12-11"", ""2024-12-12"", ""2024-12-13"", ""2024-12-16"", ""2024-12-17"", ""2024-12-18"", ""2024-12-19"", ""2024-12-20"", ""2024-12-23"", ""2024-12-24"", ""2024-12-25"", ""2024-12-26""]",35981000000000,85798000000000,1,,,
MIX,2024-12-30,excluded,Не все 20 прошлых сессий охватывают 10:00–18:45,"[""2024-12-02"", ""2024-12-03"", ""2024-12-04"", ""2024-12-05"", ""2024-12-06"", ""2024-12-09"", ""2024-12-10"", ""2024-12-11"", ""2024-12-12"", ""2024-12-13"", ""2024-12-16"", ""2024-12-17"", ""2024-12-18"", ""2024-12-19"", ""2024-12-20"", ""2024-12-23"", ""2024-12-24"", ""2024-12-25"", ""2024-12-26"", ""2024-12-27""]",35969000000000,85797000000000,1,,,
MIX,2025-01-03,excluded,Не все 20 прошлых сессий охватывают 10:00–18:45,"[""2024-12-03"", ""2024-12-04"", ""2024-12-05"", ""2024-12-06"", ""2024-12-09"", ""2024-12-10"", ""2024-12-11"", ""2024-12-12"", ""2024-12-13"", ""2024-12-16"", ""2024-12-17"", ""2024-12-18"", ""2024-12-19"", ""2024-12-20"", ""2024-12-23"", ""2024-12-24"", ""2024-12-25"", ""2024-12-26"", ""2024-12-27"", ""2024-12-30""]",35978000000000,85789002000000,1,,,
MIX,2025-01-06,excluded,Не все 20 прошлых сессий охватывают 10:00–18:45,"[""2024-12-04"", ""2024-12-05"", ""2024-12-06"", ""2024-12-09"", ""2024-12-10"", ""2024-12-11"", ""2024-12-12"", ""2024-12-13"", ""2024-12-16"", ""2024-12-17"", ""2024-12-18"", ""2024-12-19"", ""2024-12-20"", ""2024-12-23"", ""2024-12-24"", ""2024-12-25"", ""2024-12-26"", ""2024-12-27"", ""2024-12-30"", ""2025-01-03""]",35961000000000,85797001000000,1,,,
MIX,2025-01-08,excluded,Не все 20 прошлых сессий охватывают 10:00–18:45,"[""2024-12-05"", ""2024-12-06"", ""2024-12-09"", ""2024-12-10"", ""2024-12-11"", ""2024-12-12"", ""2024-12-13"", ""2024-12-16"", ""2024-12-17"", ""2024-12-18"", ""2024-12-19"", ""2024-12-20"", ""2024-12-23"", ""2024-12-24"", ""2024-12-25"", ""2024-12-26"", ""2024-12-27"", ""2024-12-30"", ""2025-01-03"", ""2025-01-06""]",35987000000000,85799000000000,1,,,
MIX,2025-01-09,excluded,Не все 20 прошлых сессий охватывают 10:00–18:45,"[""2024-12-06"", ""2024-12-09"", ""2024-12-10"", ""2024-12-11"", ""2024-12-12"", ""2024-12-13"", ""2024-12-16"", ""2024-12-17"", ""2024-12-18"", ""2024-12-19"", ""2024-12-20"", ""2024-12-23"", ""2024-12-24"", ""2024-12-25"", ""2024-12-26"", ""2024-12-27"", ""2024-12-30"", ""2025-01-03"", ""2025-01-06"", ""2025-01-08""]",35971000000000,85799000000000,1,,,
MIX,2025-01-10,excluded,Не все 20 прошлых сессий охватывают 10:00–18:45,"[""2024-12-09"", ""2024-12-10"", ""2024-12-11"", ""2024-12-12"", ""2024-12-13"", ""2024-12-16"", ""2024-12-17"", ""2024-12-18"", ""2024-12-19"", ""2024-12-20"", ""2024-12-23"", ""2024-12-24"", ""2024-12-25"", ""2024-12-26"", ""2024-12-27"", ""2024-12-30"", ""2025-01-03"", ""2025-01-06"", ""2025-01-08"", ""2025-01-09""]",35964000000000,85799002000000,1,,,
MIX,2025-01-13,excluded,Не все 20 прошлых сессий охватывают 10:00–18:45,"[""2024-12-10"", ""2024-12-11"", ""2024-12-12"", ""2024-12-13"", ""2024-12-16"", ""2024-12-17"", ""2024-12-18"", ""2024-12-19"", ""2024-12-20"", ""2024-12-23"", ""2024-12-24"", ""2024-12-25"", ""2024-12-26"", ""2024-12-27"", ""2024-12-30"", ""2025-01-03"", ""2025-01-06"", ""2025-01-08"", ""2025-01-09"", ""2025-01-10""]",35968000000000,85797000000000,1,,,
MIX,2025-01-14,excluded,Не все 20 прошлых сессий охватывают 10:00–18:45,"[""2024-12-11"", ""2024-12-12"", ""2024-12-13"", ""2024-12-16"", ""2024-12-17"", ""2024-12-18"", ""2024-12-19"", ""2024-12-20"", ""2024-12-23"", ""2024-12-24"", ""2024-12-25"", ""2024-12-26"", ""2024-12-27"", ""2024-12-30"", ""2025-01-03"", ""2025-01-06"", ""2025-01-08"", ""2025-01-09"", ""2025-01-10"", ""2025-01-13""]",35948000000000,85799015000000,1,,,
MIX,2025-01-15,excluded,Не все 20 прошлых сессий охватывают 10:00–18:45,"[""2024-12-12"", ""2024-12-13"", ""2024-12-16"", ""2024-12-17"", ""2024-12-18"", ""2024-12-19"", ""2024-12-20"", ""2024-12-23"", ""2024-12-24"", ""2024-12-25"", ""2024-12-26"", ""2024-12-27"", ""2024-12-30"", ""2025-01-03"", ""2025-01-06"", ""2025-01-08"", ""2025-01-09"", ""2025-01-10"", ""2025-01-13"", ""2025-01-14""]",35971000000000,85799001000000,1,,,
MIX,2025-01-16,excluded,Не все 20 прошлых сессий охватывают 10:00–18:45,"[""2024-12-13"", ""2024-12-16"", ""2024-12-17"", ""2024-12-18"", ""2024-12-19"", ""2024-12-20"", ""2024-12-23"", ""2024-12-24"", ""2024-12-25"", ""2024-12-26"", ""2024-12-27"", ""2024-12-30"", ""2025-01-03"", ""2025-01-06"", ""2025-01-08"", ""2025-01-09"", ""2025-01-10"", ""2025-01-13"", ""2025-01-14"", ""2025-01-15""]",35975000000000,85799003000000,1,,,
MIX,2025-01-17,excluded,Не все 20 прошлых сессий охватывают 10:00–18:45,"[""2024-12-16"", ""2024-12-17"", ""2024-12-18"", ""2024-12-19"", ""2024-12-20"", ""2024-12-23"", ""2024-12-24"", ""2024-12-25"", ""2024-12-26"", ""2024-12-27"", ""2024-12-30"", ""2025-01-03"", ""2025-01-06"", ""2025-01-08"", ""2025-01-09"", ""2025-01-10"", ""2025-01-13"", ""2025-01-14"", ""2025-01-15"", ""2025-01-16""]",35965000000000,85797000000000,1,,,
MIX,2025-01-20,excluded,Не все 20 прошлых сессий охватывают 10:00–18:45,"[""2024-12-17"", ""2024-12-18"", ""2024-12-19"", ""2024-12-20"", ""2024-12-23"", ""2024-12-24"", ""2024-12-25"", ""2024-12-26"", ""2024-12-27"", ""2024-12-30"", ""2025-01-03"", ""2025-01-06"", ""2025-01-08"", ""2025-01-09"", ""2025-01-10"", ""2025-01-13"", ""2025-01-14"", ""2025-01-15"", ""2025-01-16"", ""2025-01-17""]",35969000000000,85798000000000,1,,,
MIX,2025-01-21,excluded,Не все 20 прошлых сессий охватывают 10:00–18:45,"[""2024-12-18"", ""2024-12-19"", ""2024-12-20"", ""2024-12-23"", ""2024-12-24"", ""2024-12-25"", ""2024-12-26"", ""2024-12-27"", ""2024-12-30"", ""2025-01-03"", ""2025-01-06"", ""2025-01-08"", ""2025-01-09"", ""2025-01-10"", ""2025-01-13"", ""2025-01-14"", ""2025-01-15"", ""2025-01-16"", ""2025-01-17"", ""2025-01-20""]",35964000000000,85799000000000,1,,,
MIX,2025-01-22,excluded,Не все 20 прошлых сессий охватывают 10:00–18:45,"[""2024-12-19"", ""2024-12-20"", ""2024-12-23"", ""2024-12-24"", ""2024-12-25"", ""2024-12-26"", ""2024-12-27"", ""2024-12-30"", ""2025-01-03"", ""2025-01-06"", ""2025-01-08"", ""2025-01-09"", ""2025-01-10"", ""2025-01-13"", ""2025-01-14"", ""2025-01-15"", ""2025-01-16"", ""2025-01-17"", ""2025-01-20"", ""2025-01-21""]",35971000000000,85794001000000,1,,,
MIX,2025-01-23,excluded,Не все 20 прошлых сессий охватывают 10:00–18:45,"[""2024-12-20"", ""2024-12-23"", ""2024-12-24"", ""2024-12-25"", ""2024-12-26"", ""2024-12-27"", ""2024-12-30"", ""2025-01-03"", ""2025-01-06"", ""2025-01-08"", ""2025-01-09"", ""2025-01-10"", ""2025-01-13"", ""2025-01-14"", ""2025-01-15"", ""2025-01-16"", ""2025-01-17"", ""2025-01-20"", ""2025-01-21"", ""2025-01-22""]",35975000000000,85798000000000,1,,,
MIX,2025-01-24,included,,"[""2024-12-23"", ""2024-12-24"", ""2024-12-25"", ""2024-12-26"", ""2024-12-27"", ""2024-12-30"", ""2025-01-03"", ""2025-01-06"", ""2025-01-08"", ""2025-01-09"", ""2025-01-10"", ""2025-01-13"", ""2025-01-14"", ""2025-01-15"", ""2025-01-16"", ""2025-01-17"", ""2025-01-20"", ""2025-01-21"", ""2025-01-22"", ""2025-01-23""]",35986000000000,85795001000000,1,4.0,0.0,11.0
MIX,2025-01-27,included,,"[""2024-12-24"", ""2024-12-25"", ""2024-12-26"", ""2024-12-27"", ""2024-12-30"", ""2025-01-03"", ""2025-01-06"", ""2025-01-08"", ""2025-01-09"", ""2025-01-10"", ""2025-01-13"", ""2025-01-14"", ""2025-01-15"", ""2025-01-16"", ""2025-01-17"", ""2025-01-20"", ""2025-01-21"", ""2025-01-22"", ""2025-01-23"", ""2025-01-24""]",32350000000000,85799004000000,1,4.0,2.0,3.0
MIX,2025-01-28,included,,"[""2024-12-25"", ""2024-12-26"", ""2024-12-27"", ""2024-12-30"", ""2025-01-03"", ""2025-01-06"", ""2025-01-08"", ""2025-01-09"", ""2025-01-10"", ""2025-01-13"", ""2025-01-14"", ""2025-01-15"", ""2025-01-16"", ""2025-01-17"", ""2025-01-20"", ""2025-01-21"", ""2025-01-22"", ""2025-01-23"", ""2025-01-24"", ""2025-01-27""]",32381000000000,85799006000000,1,6.0,0.0,10.0
MIX,2025-01-29,included,,"[""2024-12-26"", ""2024-12-27"", ""2024-12-30"", ""2025-01-03"", ""2025-01-06"", ""2025-01-08"", ""2025-01-09"", ""2025-01-10"", ""2025-01-13"", ""2025-01-14"", ""2025-01-15"", ""2025-01-16"", ""2025-01-17"", ""2025-01-20"", ""2025-01-21"", ""2025-01-22"", ""2025-01-23"", ""2025-01-24"", ""2025-01-27"", ""2025-01-28""]",32368000000000,85797002000000,1,5.0,0.0,1.0
MIX,2025-01-30,included,,"[""2024-12-27"", ""2024-12-30"", ""2025-01-03"", ""2025-01-06"", ""2025-01-08"", ""2025-01-09"", ""2025-01-10"", ""2025-01-13"", ""2025-01-14"", ""2025-01-15"", ""2025-01-16"", ""2025-01-17"", ""2025-01-20"", ""2025-01-21"", ""2025-01-22"", ""2025-01-23"", ""2025-01-24"", ""2025-01-27"", ""2025-01-28"", ""2025-01-29""]",32372000000000,85799000000000,1,4.0,0.0,0.0
MIX,2025-01-31,included,,"[""2024-12-30"", ""2025-01-03"", ""2025-01-06"", ""2025-01-08"", ""2025-01-09"", ""2025-01-10"", ""2025-01-13"", ""2025-01-14"", ""2025-01-15"", ""2025-01-16"", ""2025-01-17"", ""2025-01-20"", ""2025-01-21"", ""2025-01-22"", ""2025-01-23"", ""2025-01-24"", ""2025-01-27"", ""2025-01-28"", ""2025-01-29"", ""2025-01-30""]",32373000000000,85797001000000,1,3.0,0.0,0.0
MIX,2025-02-03,included,,"[""2025-01-03"", ""2025-01-06"", ""2025-01-08"", ""2025-01-09"", ""2025-01-10"", ""2025-01-13"", ""2025-01-14"", ""2025-01-15"", ""2025-01-16"", ""2025-01-17"", ""2025-01-20"", ""2025-01-21"", ""2025-01-22"", ""2025-01-23"", ""2025-01-24"", ""2025-01-27"", ""2025-01-28"", ""2025-01-29"", ""2025-01-30"", ""2025-01-31""]",32374000000000,85798001000000,1,9.0,0.0,7.0
MIX,2025-02-04,included,,"[""2025-01-06"", ""2025-01-08"", ""2025-01-09"", ""2025-01-10"", ""2025-01-13"", ""2025-01-14"", ""2025-01-15"", ""2025-01-16"", ""2025-01-17"", ""2025-01-20"", ""2025-01-21"", ""2025-01-22"", ""2025-01-23"", ""2025-01-24"", ""2025-01-27"", ""2025-01-28"", ""2025-01-29"", ""2025-01-30"", ""2025-01-31"", ""2025-02-03""]",32349000000000,85799024000000,1,7.0,0.0,2.0
MIX,2025-02-05,included,,"[""2025-01-08"", ""2025-01-09"", ""2025-01-10"", ""2025-01-13"", ""2025-01-14"", ""2025-01-15"", ""2025-01-16"", ""2025-01-17"", ""2025-01-20"", ""2025-01-21"", ""2025-01-22"", ""2025-01-23"", ""2025-01-24"", ""2025-01-27"", ""2025-01-28"", ""2025-01-29"", ""2025-01-30"", ""2025-01-31"", ""2025-02-03"", ""2025-02-04""]",32385000000000,85799003000000,1,9.0,7.0,0.0
MIX,2025-02-06,included,,"[""2025-01-09"", ""2025-01-10"", ""2025-01-13"", ""2025-01-14"", ""2025-01-15"", ""2025-01-16"", ""2025-01-17"", ""2025-01-20"", ""2025-01-21"", ""2025-01-22"", ""2025-01-23"", ""2025-01-24"", ""2025-01-27"", ""2025-01-28"", ""2025-01-29"", ""2025-01-30"", ""2025-01-31"", ""2025-02-03"", ""2025-02-04"", ""2025-02-05""]",32363000000000,85799003000000,1,6.0,0.0,2.0
MIX,2025-02-07,included,,"[""2025-01-10"", ""2025-01-13"", ""2025-01-14"", ""2025-01-15"", ""2025-01-16"", ""2025-01-17"", ""2025-01-20"", ""2025-01-21"", ""2025-01-22"", ""2025-01-23"", ""2025-01-24"", ""2025-01-27"", ""2025-01-28"", ""2025-01-29"", ""2025-01-30"", ""2025-01-31"", ""2025-02-03"", ""2025-02-04"", ""2025-02-05"", ""2025-02-06""]",32389000000000,85799019000000,1,11.0,0.0,0.0
MIX,2025-02-10,included,,"[""2025-01-13"", ""2025-01-14"", ""2025-01-15"", ""2025-01-16"", ""2025-01-17"", ""2025-01-20"", ""2025-01-21"", ""2025-01-22"", ""2025-01-23"", ""2025-01-24"", ""2025-01-27"", ""2025-01-28"", ""2025-01-29"", ""2025-01-30"", ""2025-01-31"", ""2025-02-03"", ""2025-02-04"", ""2025-02-05"", ""2025-02-06"", ""2025-02-07""]",32387000000000,85797002000000,1,3.0,0.0,3.0
MIX,2025-02-11,included,,"[""2025-01-14"", ""2025-01-15"", ""2025-01-16"", ""2025-01-17"", ""2025-01-20"", ""2025-01-21"", ""2025-01-22"", ""2025-01-23"", ""2025-01-24"", ""2025-01-27"", ""2025-01-28"", ""2025-01-29"", ""2025-01-30"", ""2025-01-31"", ""2025-02-03"", ""2025-02-04"", ""2025-02-05"", ""2025-02-06"", ""2025-02-07"", ""2025-02-10""]",32343000000000,85799000000000,1,8.0,2.0,23.0
MIX,2025-02-12,included,,"[""2025-01-15"", ""2025-01-16"", ""2025-01-17"", ""2025-01-20"", ""2025-01-21"", ""2025-01-22"", ""2025-01-23"", ""2025-01-24"", ""2025-01-27"", ""2025-01-28"", ""2025-01-29"", ""2025-01-30"", ""2025-01-31"", ""2025-02-03"", ""2025-02-04"", ""2025-02-05"", ""2025-02-06"", ""2025-02-07"", ""2025-02-10"", ""2025-02-11""]",32349000000000,85789000000000,1,5.0,0.0,2.0
MIX,2025-02-13,included,,"[""2025-01-16"", ""2025-01-17"", ""2025-01-20"", ""2025-01-21"", ""2025-01-22"", ""2025-01-23"", ""2025-01-24"", ""2025-01-27"", ""2025-01-28"", ""2025-01-29"", ""2025-01-30"", ""2025-01-31"", ""2025-02-03"", ""2025-02-04"", ""2025-02-05"", ""2025-02-06"", ""2025-02-07"", ""2025-02-10"", ""2025-02-11"", ""2025-02-12""]",32350000000000,85799001000000,1,7.0,6.0,4.0
MIX,2025-02-14,included,,"[""2025-01-17"", ""2025-01-20"", ""2025-01-21"", ""2025-01-22"", ""2025-01-23"", ""2025-01-24"", ""2025-01-27"", ""2025-01-28"", ""2025-01-29"", ""2025-01-30"", ""2025-01-31"", ""2025-02-03"", ""2025-02-04"", ""2025-02-05"", ""2025-02-06"", ""2025-02-07"", ""2025-02-10"", ""2025-02-11"", ""2025-02-12"", ""2025-02-13""]",32379000000000,85799002000000,1,8.0,8.0,3.0
MIX,2025-02-17,included,,"[""2025-01-20"", ""2025-01-21"", ""2025-01-22"", ""2025-01-23"", ""2025-01-24"", ""2025-01-27"", ""2025-01-28"", ""2025-01-29"", ""2025-01-30"", ""2025-01-31"", ""2025-02-03"", ""2025-02-04"", ""2025-02-05"", ""2025-02-06"", ""2025-02-07"", ""2025-02-10"", ""2025-02-11"", ""2025-02-12"", ""2025-02-13"", ""2025-02-14""]",32366000000000,85799008000000,1,4.0,2.0,3.0
MIX,2025-02-18,included,,"[""2025-01-21"", ""2025-01-22"", ""2025-01-23"", ""2025-01-24"", ""2025-01-27"", ""2025-01-28"", ""2025-01-29"", ""2025-01-30"", ""2025-01-31"", ""2025-02-03"", ""2025-02-04"", ""2025-02-05"", ""2025-02-06"", ""2025-02-07"", ""2025-02-10"", ""2025-02-11"", ""2025-02-12"", ""2025-02-13"", ""2025-02-14"", ""2025-02-17""]",32377000000000,85799028000000,1,4.0,4.0,5.0
MIX,2025-02-19,included,,"[""2025-01-22"", ""2025-01-23"", ""2025-01-24"", ""2025-01-27"", ""2025-01-28"", ""2025-01-29"", ""2025-01-30"", ""2025-01-31"", ""2025-02-03"", ""2025-02-04"", ""2025-02-05"", ""2025-02-06"", ""2025-02-07"", ""2025-02-10"", ""2025-02-11"", ""2025-02-12"", ""2025-02-13"", ""2025-02-14"", ""2025-02-17"", ""2025-02-18""]",32367000000000,85793004000000,1,6.0,5.0,0.0
MIX,2025-02-20,included,,"[""2025-01-23"", ""2025-01-24"", ""2025-01-27"", ""2025-01-28"", ""2025-01-29"", ""2025-01-30"", ""2025-01-31"", ""2025-02-03"", ""2025-02-04"", ""2025-02-05"", ""2025-02-06"", ""2025-02-07"", ""2025-02-10"", ""2025-02-11"", ""2025-02-12"", ""2025-02-13"", ""2025-02-14"", ""2025-02-17"", ""2025-02-18"", ""2025-02-19""]",32382000000000,85798000000000,1,4.0,0.0,1.0
MIX,2025-02-21,included,,"[""2025-01-24"", ""2025-01-27"", ""2025-01-28"", ""2025-01-29"", ""2025-01-30"", ""2025-01-31"", ""2025-02-03"", ""2025-02-04"", ""2025-02-05"", ""2025-02-06"", ""2025-02-07"", ""2025-02-10"", ""2025-02-11"", ""2025-02-12"", ""2025-02-13"", ""2025-02-14"", ""2025-02-17"", ""2025-02-18"", ""2025-02-19"", ""2025-02-20""]",32347000000000,85798004000000,1,2.0,1.0,8.0
MIX,2025-02-24,included,,"[""2025-01-27"", ""2025-01-28"", ""2025-01-29"", ""2025-01-30"", ""2025-01-31"", ""2025-02-03"", ""2025-02-04"", ""2025-02-05"", ""2025-02-06"", ""2025-02-07"", ""2025-02-10"", ""2025-02-11"", ""2025-02-12"", ""2025-02-13"", ""2025-02-14"", ""2025-02-17"", ""2025-02-18"", ""2025-02-19"", ""2025-02-20"", ""2025-02-21""]",32368000000000,85798001000000,1,8.0,3.0,0.0
MIX,2025-02-25,included,,"[""2025-01-28"", ""2025-01-29"", ""2025-01-30"", ""2025-01-31"", ""2025-02-03"", ""2025-02-04"", ""2025-02-05"", ""2025-02-06"", ""2025-02-07"", ""2025-02-10"", ""2025-02-11"", ""2025-02-12"", ""2025-02-13"", ""2025-02-14"", ""2025-02-17"", ""2025-02-18"", ""2025-02-19"", ""2025-02-20"", ""2025-02-21"", ""2025-02-24""]",32351000000000,85799000000000,1,7.0,7.0,1.0
MIX,2025-02-26,included,,"[""2025-01-29"", ""2025-01-30"", ""2025-01-31"", ""2025-02-03"", ""2025-02-04"", ""2025-02-05"", ""2025-02-06"", ""2025-02-07"", ""2025-02-10"", ""2025-02-11"", ""2025-02-12"", ""2025-02-13"", ""2025-02-14"", ""2025-02-17"", ""2025-02-18"", ""2025-02-19"", ""2025-02-20"", ""2025-02-21"", ""2025-02-24"", ""2025-02-25""]",32368000000000,85797001000000,1,3.0,3.0,0.0
MIX,2025-02-27,included,,"[""2025-01-30"", ""2025-01-31"", ""2025-02-03"", ""2025-02-04"", ""2025-02-05"", ""2025-02-06"", ""2025-02-07"", ""2025-02-10"", ""2025-02-11"", ""2025-02-12"", ""2025-02-13"", ""2025-02-14"", ""2025-02-17"", ""2025-02-18"", ""2025-02-19"", ""2025-02-20"", ""2025-02-21"", ""2025-02-24"", ""2025-02-25"", ""2025-02-26""]",32359000000000,85799000000000,1,4.0,4.0,1.0
MIX,2025-02-28,included,,"[""2025-01-31"", ""2025-02-03"", ""2025-02-04"", ""2025-02-05"", ""2025-02-06"", ""2025-02-07"", ""2025-02-10"", ""2025-02-11"", ""2025-02-12"", ""2025-02-13"", ""2025-02-14"", ""2025-02-17"", ""2025-02-18"", ""2025-02-19"", ""2025-02-20"", ""2025-02-21"", ""2025-02-24"", ""2025-02-25"", ""2025-02-26"", ""2025-02-27""]",32375000000000,85798006000000,1,6.0,6.0,0.0
MIX,2025-03-03,included,,"[""2025-02-03"", ""2025-02-04"", ""2025-02-05"", ""2025-02-06"", ""2025-02-07"", ""2025-02-10"", ""2025-02-11"", ""2025-02-12"", ""2025-02-13"", ""2025-02-14"", ""2025-02-17"", ""2025-02-18"", ""2025-02-19"", ""2025-02-20"", ""2025-02-21"", ""2025-02-24"", ""2025-02-25"", ""2025-02-26"", ""2025-02-27"", ""2025-02-28""]",32373000000000,85796000000000,1,6.0,6.0,0.0
MIX,2025-03-04,included,,"[""2025-02-04"", ""2025-02-05"", ""2025-02-06"", ""2025-02-07"", ""2025-02-10"", ""2025-02-11"", ""2025-02-12"", ""2025-02-13"", ""2025-02-14"", ""2025-02-17"", ""2025-02-18"", ""2025-02-19"", ""2025-02-20"", ""2025-02-21"", ""2025-02-24"", ""2025-02-25"", ""2025-02-26"", ""2025-02-27"", ""2025-02-28"", ""2025-03-03""]",32381000000000,85799013000000,1,6.0,4.0,0.0
MIX,2025-03-05,included,,"[""2025-02-05"", ""2025-02-06"", ""2025-02-07"", ""2025-02-10"", ""2025-02-11"", ""2025-02-12"", ""2025-02-13"", ""2025-02-14"", ""2025-02-17"", ""2025-02-18"", ""2025-02-19"", ""2025-02-20"", ""2025-02-21"", ""2025-02-24"", ""2025-02-25"", ""2025-02-26"", ""2025-02-27"", ""2025-02-28"", ""2025-03-03"", ""2025-03-04""]",32375000000000,85797017000000,1,6.0,3.0,6.0
MIX,2025-03-06,included,,"[""2025-02-06"", ""2025-02-07"", ""2025-02-10"", ""2025-02-11"", ""2025-02-12"", ""2025-02-13"", ""2025-02-14"", ""2025-02-17"", ""2025-02-18"", ""2025-02-19"", ""2025-02-20"", ""2025-02-21"", ""2025-02-24"", ""2025-02-25"", ""2025-02-26"", ""2025-02-27"", ""2025-02-28"", ""2025-03-03"", ""2025-03-04"", ""2025-03-05""]",32341000000000,85797000000000,1,7.0,1.0,1.0
MIX,2025-03-07,included,,"[""2025-02-07"", ""2025-02-10"", ""2025-02-11"", ""2025-02-12"", ""2025-02-13"", ""2025-02-14"", ""2025-02-17"", ""2025-02-18"", ""2025-02-19"", ""2025-02-20"", ""2025-02-21"", ""2025-02-24"", ""2025-02-25"", ""2025-02-26"", ""2025-02-27"", ""2025-02-28"", ""2025-03-03"", ""2025-03-04"", ""2025-03-05"", ""2025-03-06""]",32365000000000,85798001000000,1,7.0,0.0,0.0
MIX,2025-03-10,included,,"[""2025-02-10"", ""2025-02-11"", ""2025-02-12"", ""2025-02-13"", ""2025-02-14"", ""2025-02-17"", ""2025-02-18"", ""2025-02-19"", ""2025-02-20"", ""2025-02-21"", ""2025-02-24"", ""2025-02-25"", ""2025-02-26"", ""2025-02-27"", ""2025-02-28"", ""2025-03-03"", ""2025-03-04"", ""2025-03-05"", ""2025-03-06"", ""2025-03-07""]",32359000000000,85797001000000,1,7.0,0.0,0.0
MIX,2025-03-11,included,,"[""2025-02-11"", ""2025-02-12"", ""2025-02-13"", ""2025-02-14"", ""2025-02-17"", ""2025-02-18"", ""2025-02-19"", ""2025-02-20"", ""2025-02-21"", ""2025-02-24"", ""2025-02-25"", ""2025-02-26"", ""2025-02-27"", ""2025-02-28"", ""2025-03-03"", ""2025-03-04"", ""2025-03-05"", ""2025-03-06"", ""2025-03-07"", ""2025-03-10""]",32374000000000,85799026000000,1,8.0,1.0,4.0
MIX,2025-03-12,included,,"[""2025-02-12"", ""2025-02-13"", ""2025-02-14"", ""2025-02-17"", ""2025-02-18"", ""2025-02-19"", ""2025-02-20"", ""2025-02-21"", ""2025-02-24"", ""2025-02-25"", ""2025-02-26"", ""2025-02-27"", ""2025-02-28"", ""2025-03-03"", ""2025-03-04"", ""2025-03-05"", ""2025-03-06"", ""2025-03-07"", ""2025-03-10"", ""2025-03-11""]",32379000000000,85797001000000,1,5.0,0.0,0.0
MIX,2025-03-13,included,,"[""2025-02-13"", ""2025-02-14"", ""2025-02-17"", ""2025-02-18"", ""2025-02-19"", ""2025-02-20"", ""2025-02-21"", ""2025-02-24"", ""2025-02-25"", ""2025-02-26"", ""2025-02-27"", ""2025-02-28"", ""2025-03-03"", ""2025-03-04"", ""2025-03-05"", ""2025-03-06"", ""2025-03-07"", ""2025-03-10"", ""2025-03-11"", ""2025-03-12""]",32367000000000,85799000000000,1,11.0,11.0,0.0
MIX,2025-03-14,included,,"[""2025-02-14"", ""2025-02-17"", ""2025-02-18"", ""2025-02-19"", ""2025-02-20"", ""2025-02-21"", ""2025-02-24"", ""2025-02-25"", ""2025-02-26"", ""2025-02-27"", ""2025-02-28"", ""2025-03-03"", ""2025-03-04"", ""2025-03-05"", ""2025-03-06"", ""2025-03-07"", ""2025-03-10"", ""2025-03-11"", ""2025-03-12"", ""2025-03-13""]",32354000000000,85799001000000,1,1.0,0.0,0.0
MIX,2025-03-17,included,,"[""2025-02-17"", ""2025-02-18"", ""2025-02-19"", ""2025-02-20"", ""2025-02-21"", ""2025-02-24"", ""2025-02-25"", ""2025-02-26"", ""2025-02-27"", ""2025-02-28"", ""2025-03-03"", ""2025-03-04"", ""2025-03-05"", ""2025-03-06"", ""2025-03-07"", ""2025-03-10"", ""2025-03-11"", ""2025-03-12"", ""2025-03-13"", ""2025-03-14""]",32382000000000,85799006000000,1,8.0,0.0,17.0
MIX,2025-03-18,included,,"[""2025-02-18"", ""2025-02-19"", ""2025-02-20"", ""2025-02-21"", ""2025-02-24"", ""2025-02-25"", ""2025-02-26"", ""2025-02-27"", ""2025-02-28"", ""2025-03-03"", ""2025-03-04"", ""2025-03-05"", ""2025-03-06"", ""2025-03-07"", ""2025-03-10"", ""2025-03-11"", ""2025-03-12"", ""2025-03-13"", ""2025-03-14"", ""2025-03-17""]",32372000000000,85797000000000,1,11.0,0.0,0.0
MIX,2025-03-19,included,,"[""2025-02-19"", ""2025-02-20"", ""2025-02-21"", ""2025-02-24"", ""2025-02-25"", ""2025-02-26"", ""2025-02-27"", ""2025-02-28"", ""2025-03-03"", ""2025-03-04"", ""2025-03-05"", ""2025-03-06"", ""2025-03-07"", ""2025-03-10"", ""2025-03-11"", ""2025-03-12"", ""2025-03-13"", ""2025-03-14"", ""2025-03-17"", ""2025-03-18""]",32354000000000,85799000000000,1,7.0,0.0,0.0
MIX,2025-03-20,included,,"[""2025-02-20"", ""2025-02-21"", ""2025-02-24"", ""2025-02-25"", ""2025-02-26"", ""2025-02-27"", ""2025-02-28"", ""2025-03-03"", ""2025-03-04"", ""2025-03-05"", ""2025-03-06"", ""2025-03-07"", ""2025-03-10"", ""2025-03-11"", ""2025-03-12"", ""2025-03-13"", ""2025-03-14"", ""2025-03-17"", ""2025-03-18"", ""2025-03-19""]",32359000000000,85799000000000,1,6.0,0.0,6.0
MIX,2025-03-21,included,,"[""2025-02-21"", ""2025-02-24"", ""2025-02-25"", ""2025-02-26"", ""2025-02-27"", ""2025-02-28"", ""2025-03-03"", ""2025-03-04"", ""2025-03-05"", ""2025-03-06"", ""2025-03-07"", ""2025-03-10"", ""2025-03-11"", ""2025-03-12"", ""2025-03-13"", ""2025-03-14"", ""2025-03-17"", ""2025-03-18"", ""2025-03-19"", ""2025-03-20""]",32348000000000,85799002000000,1,2.0,0.0,2.0
MIX,2025-03-24,included,,"[""2025-02-24"", ""2025-02-25"", ""2025-02-26"", ""2025-02-27"", ""2025-02-28"", ""2025-03-03"", ""2025-03-04"", ""2025-03-05"", ""2025-03-06"", ""2025-03-07"", ""2025-03-10"", ""2025-03-11"", ""2025-03-12"", ""2025-03-13"", ""2025-03-14"", ""2025-03-17"", ""2025-03-18"", ""2025-03-19"", ""2025-03-20"", ""2025-03-21""]",32366000000000,85799005000000,1,5.0,0.0,0.0
MIX,2025-03-25,included,,"[""2025-02-25"", ""2025-02-26"", ""2025-02-27"", ""2025-02-28"", ""2025-03-03"", ""2025-03-04"", ""2025-03-05"", ""2025-03-06"", ""2025-03-07"", ""2025-03-10"", ""2025-03-11"", ""2025-03-12"", ""2025-03-13"", ""2025-03-14"", ""2025-03-17"", ""2025-03-18"", ""2025-03-19"", ""2025-03-20"", ""2025-03-21"", ""2025-03-24""]",32359000000000,85797001000000,1,4.0,0.0,2.0
MIX,2025-03-26,included,,"[""2025-02-26"", ""2025-02-27"", ""2025-02-28"", ""2025-03-03"", ""2025-03-04"", ""2025-03-05"", ""2025-03-06"", ""2025-03-07"", ""2025-03-10"", ""2025-03-11"", ""2025-03-12"", ""2025-03-13"", ""2025-03-14"", ""2025-03-17"", ""2025-03-18"", ""2025-03-19"", ""2025-03-20"", ""2025-03-21"", ""2025-03-24"", ""2025-03-25""]",32383000000000,85798002000000,1,3.0,0.0,0.0
MIX,2025-03-27,included,,"[""2025-02-27"", ""2025-02-28"", ""2025-03-03"", ""2025-03-04"", ""2025-03-05"", ""2025-03-06"", ""2025-03-07"", ""2025-03-10"", ""2025-03-11"", ""2025-03-12"", ""2025-03-13"", ""2025-03-14"", ""2025-03-17"", ""2025-03-18"", ""2025-03-19"", ""2025-03-20"", ""2025-03-21"", ""2025-03-24"", ""2025-03-25"", ""2025-03-26""]",32388000000000,85798003000000,1,4.0,0.0,5.0
MIX,2025-03-28,included,,"[""2025-02-28"", ""2025-03-03"", ""2025-03-04"", ""2025-03-05"", ""2025-03-06"", ""2025-03-07"", ""2025-03-10"", ""2025-03-11"", ""2025-03-12"", ""2025-03-13"", ""2025-03-14"", ""2025-03-17"", ""2025-03-18"", ""2025-03-19"", ""2025-03-20"", ""2025-03-21"", ""2025-03-24"", ""2025-03-25"", ""2025-03-26"", ""2025-03-27""]",32357000000000,85797000000000,1,3.0,1.0,6.0
MIX,2025-03-31,included,,"[""2025-03-03"", ""2025-03-04"", ""2025-03-05"", ""2025-03-06"", ""2025-03-07"", ""2025-03-10"", ""2025-03-11"", ""2025-03-12"", ""2025-03-13"", ""2025-03-14"", ""2025-03-17"", ""2025-03-18"", ""2025-03-19"", ""2025-03-20"", ""2025-03-21"", ""2025-03-24"", ""2025-03-25"", ""2025-03-26"", ""2025-03-27"", ""2025-03-28""]",32365000000000,85793003000000,1,6.0,6.0,8.0
MIX,2025-04-01,included,,"[""2025-03-04"", ""2025-03-05"", ""2025-03-06"", ""2025-03-07"", ""2025-03-10"", ""2025-03-11"", ""2025-03-12"", ""2025-03-13"", ""2025-03-14"", ""2025-03-17"", ""2025-03-18"", ""2025-03-19"", ""2025-03-20"", ""2025-03-21"", ""2025-03-24"", ""2025-03-25"", ""2025-03-26"", ""2025-03-27"", ""2025-03-28"", ""2025-03-31""]",32345000000000,85797007000000,1,7.0,2.0,0.0
MIX,2025-04-02,included,,"[""2025-03-05"", ""2025-03-06"", ""2025-03-07"", ""2025-03-10"", ""2025-03-11"", ""2025-03-12"", ""2025-03-13"", ""2025-03-14"", ""2025-03-17"", ""2025-03-18"", ""2025-03-19"", ""2025-03-20"", ""2025-03-21"", ""2025-03-24"", ""2025-03-25"", ""2025-03-26"", ""2025-03-27"", ""2025-03-28"", ""2025-03-31"", ""2025-04-01""]",32354000000000,85799000000000,1,8.0,8.0,0.0
MIX,2025-04-03,included,,"[""2025-03-06"", ""2025-03-07"", ""2025-03-10"", ""2025-03-11"", ""2025-03-12"", ""2025-03-13"", ""2025-03-14"", ""2025-03-17"", ""2025-03-18"", ""2025-03-19"", ""2025-03-20"", ""2025-03-21"", ""2025-03-24"", ""2025-03-25"", ""2025-03-26"", ""2025-03-27"", ""2025-03-28"", ""2025-03-31"", ""2025-04-01"", ""2025-04-02""]",32379000000000,85795005000000,1,4.0,2.0,0.0
MIX,2025-04-04,included,,"[""2025-03-07"", ""2025-03-10"", ""2025-03-11"", ""2025-03-12"", ""2025-03-13"", ""2025-03-14"", ""2025-03-17"", ""2025-03-18"", ""2025-03-19"", ""2025-03-20"", ""2025-03-21"", ""2025-03-24"", ""2025-03-25"", ""2025-03-26"", ""2025-03-27"", ""2025-03-28"", ""2025-03-31"", ""2025-04-01"", ""2025-04-02"", ""2025-04-03""]",32352000000000,85797001000000,1,5.0,5.0,2.0
MIX,2025-04-07,included,,"[""2025-03-10"", ""2025-03-11"", ""2025-03-12"", ""2025-03-13"", ""2025-03-14"", ""2025-03-17"", ""2025-03-18"", ""2025-03-19"", ""2025-03-20"", ""2025-03-21"", ""2025-03-24"", ""2025-03-25"", ""2025-03-26"", ""2025-03-27"", ""2025-03-28"", ""2025-03-31"", ""2025-04-01"", ""2025-04-02"", ""2025-04-03"", ""2025-04-04""]",32351000000000,85798001000000,1,10.0,10.0,0.0
MIX,2025-04-08,included,,"[""2025-03-11"", ""2025-03-12"", ""2025-03-13"", ""2025-03-14"", ""2025-03-17"", ""2025-03-18"", ""2025-03-19"", ""2025-03-20"", ""2025-03-21"", ""2025-03-24"", ""2025-03-25"", ""2025-03-26"", ""2025-03-27"", ""2025-03-28"", ""2025-03-31"", ""2025-04-01"", ""2025-04-02"", ""2025-04-03"", ""2025-04-04"", ""2025-04-07""]",32345000000000,85799007000000,1,5.0,5.0,3.0
MIX,2025-04-09,included,,"[""2025-03-12"", ""2025-03-13"", ""2025-03-14"", ""2025-03-17"", ""2025-03-18"", ""2025-03-19"", ""2025-03-20"", ""2025-03-21"", ""2025-03-24"", ""2025-03-25"", ""2025-03-26"", ""2025-03-27"", ""2025-03-28"", ""2025-03-31"", ""2025-04-01"", ""2025-04-02"", ""2025-04-03"", ""2025-04-04"", ""2025-04-07"", ""2025-04-08""]",32361000000000,85798000000000,1,4.0,4.0,1.0
MIX,2025-04-10,included,,"[""2025-03-13"", ""2025-03-14"", ""2025-03-17"", ""2025-03-18"", ""2025-03-19"", ""2025-03-20"", ""2025-03-21"", ""2025-03-24"", ""2025-03-25"", ""2025-03-26"", ""2025-03-27"", ""2025-03-28"", ""2025-03-31"", ""2025-04-01"", ""2025-04-02"", ""2025-04-03"", ""2025-04-04"", ""2025-04-07"", ""2025-04-08"", ""2025-04-09""]",32361000000000,85797017000000,1,7.0,7.0,1.0
MIX,2025-04-11,included,,"[""2025-03-14"", ""2025-03-17"", ""2025-03-18"", ""2025-03-19"", ""2025-03-20"", ""2025-03-21"", ""2025-03-24"", ""2025-03-25"", ""2025-03-26"", ""2025-03-27"", ""2025-03-28"", ""2025-03-31"", ""2025-04-01"", ""2025-04-02"", ""2025-04-03"", ""2025-04-04"", ""2025-04-07"", ""2025-04-08"", ""2025-04-09"", ""2025-04-10""]",32345000000000,85799000000000,1,6.0,6.0,11.0
MIX,2025-04-14,included,,"[""2025-03-17"", ""2025-03-18"", ""2025-03-19"", ""2025-03-20"", ""2025-03-21"", ""2025-03-24"", ""2025-03-25"", ""2025-03-26"", ""2025-03-27"", ""2025-03-28"", ""2025-03-31"", ""2025-04-01"", ""2025-04-02"", ""2025-04-03"", ""2025-04-04"", ""2025-04-07"", ""2025-04-08"", ""2025-04-09"", ""2025-04-10"", ""2025-04-11""]",32375000000000,85799001000000,1,10.0,4.0,0.0
MIX,2025-04-15,included,,"[""2025-03-18"", ""2025-03-19"", ""2025-03-20"", ""2025-03-21"", ""2025-03-24"", ""2025-03-25"", ""2025-03-26"", ""2025-03-27"", ""2025-03-28"", ""2025-03-31"", ""2025-04-01"", ""2025-04-02"", ""2025-04-03"", ""2025-04-04"", ""2025-04-07"", ""2025-04-08"", ""2025-04-09"", ""2025-04-10"", ""2025-04-11"", ""2025-04-14""]",32377000000000,85799036000000,1,7.0,5.0,0.0
MIX,2025-04-16,included,,"[""2025-03-19"", ""2025-03-20"", ""2025-03-21"", ""2025-03-24"", ""2025-03-25"", ""2025-03-26"", ""2025-03-27"", ""2025-03-28"", ""2025-03-31"", ""2025-04-01"", ""2025-04-02"", ""2025-04-03"", ""2025-04-04"", ""2025-04-07"", ""2025-04-08"", ""2025-04-09"", ""2025-04-10"", ""2025-04-11"", ""2025-04-14"", ""2025-04-15""]",32341000000000,85798001000000,1,5.0,1.0,6.0
MIX,2025-04-17,included,,"[""2025-03-20"", ""2025-03-21"", ""2025-03-24"", ""2025-03-25"", ""2025-03-26"", ""2025-03-27"", ""2025-03-28"", ""2025-03-31"", ""2025-04-01"", ""2025-04-02"", ""2025-04-03"", ""2025-04-04"", ""2025-04-07"", ""2025-04-08"", ""2025-04-09"", ""2025-04-10"", ""2025-04-11"", ""2025-04-14"", ""2025-04-15"", ""2025-04-16""]",32348000000000,85798005000000,1,6.0,0.0,0.0
MIX,2025-04-18,included,,"[""2025-03-21"", ""2025-03-24"", ""2025-03-25"", ""2025-03-26"", ""2025-03-27"", ""2025-03-28"", ""2025-03-31"", ""2025-04-01"", ""2025-04-02"", ""2025-04-03"", ""2025-04-04"", ""2025-04-07"", ""2025-04-08"", ""2025-04-09"", ""2025-04-10"", ""2025-04-11"", ""2025-04-14"", ""2025-04-15"", ""2025-04-16"", ""2025-04-17""]",32345000000000,85799000000000,1,5.0,5.0,3.0
MIX,2025-04-21,included,,"[""2025-03-24"", ""2025-03-25"", ""2025-03-26"", ""2025-03-27"", ""2025-03-28"", ""2025-03-31"", ""2025-04-01"", ""2025-04-02"", ""2025-04-03"", ""2025-04-04"", ""2025-04-07"", ""2025-04-08"", ""2025-04-09"", ""2025-04-10"", ""2025-04-11"", ""2025-04-14"", ""2025-04-15"", ""2025-04-16"", ""2025-04-17"", ""2025-04-18""]",32380000000000,85797000000000,1,6.0,3.0,0.0
MIX,2025-04-22,included,,"[""2025-03-25"", ""2025-03-26"", ""2025-03-27"", ""2025-03-28"", ""2025-03-31"", ""2025-04-01"", ""2025-04-02"", ""2025-04-03"", ""2025-04-04"", ""2025-04-07"", ""2025-04-08"", ""2025-04-09"", ""2025-04-10"", ""2025-04-11"", ""2025-04-14"", ""2025-04-15"", ""2025-04-16"", ""2025-04-17"", ""2025-04-18"", ""2025-04-21""]",32364000000000,85799000000000,1,2.0,0.0,1.0
MIX,2025-04-23,included,,"[""2025-03-26"", ""2025-03-27"", ""2025-03-28"", ""2025-03-31"", ""2025-04-01"", ""2025-04-02"", ""2025-04-03"", ""2025-04-04"", ""2025-04-07"", ""2025-04-08"", ""2025-04-09"", ""2025-04-10"", ""2025-04-11"", ""2025-04-14"", ""2025-04-15"", ""2025-04-16"", ""2025-04-17"", ""2025-04-18"", ""2025-04-21"", ""2025-04-22""]",32352000000000,85799000000000,1,9.0,9.0,3.0
MIX,2025-04-24,included,,"[""2025-03-27"", ""2025-03-28"", ""2025-03-31"", ""2025-04-01"", ""2025-04-02"", ""2025-04-03"", ""2025-04-04"", ""2025-04-07"", ""2025-04-08"", ""2025-04-09"", ""2025-04-10"", ""2025-04-11"", ""2025-04-14"", ""2025-04-15"", ""2025-04-16"", ""2025-04-17"", ""2025-04-18"", ""2025-04-21"", ""2025-04-22"", ""2025-04-23""]",32348000000000,85797001000000,1,3.0,0.0,1.0
MIX,2025-04-25,included,,"[""2025-03-28"", ""2025-03-31"", ""2025-04-01"", ""2025-04-02"", ""2025-04-03"", ""2025-04-04"", ""2025-04-07"", ""2025-04-08"", ""2025-04-09"", ""2025-04-10"", ""2025-04-11"", ""2025-04-14"", ""2025-04-15"", ""2025-04-16"", ""2025-04-17"", ""2025-04-18"", ""2025-04-21"", ""2025-04-22"", ""2025-04-23"", ""2025-04-24""]",32362000000000,85799000000000,1,8.0,4.0,0.0
MIX,2025-04-28,included,,"[""2025-03-31"", ""2025-04-01"", ""2025-04-02"", ""2025-04-03"", ""2025-04-04"", ""2025-04-07"", ""2025-04-08"", ""2025-04-09"", ""2025-04-10"", ""2025-04-11"", ""2025-04-14"", ""2025-04-15"", ""2025-04-16"", ""2025-04-17"", ""2025-04-18"", ""2025-04-21"", ""2025-04-22"", ""2025-04-23"", ""2025-04-24"", ""2025-04-25""]",32383000000000,85798001000000,1,8.0,5.0,9.0
MIX,2025-04-29,included,,"[""2025-04-01"", ""2025-04-02"", ""2025-04-03"", ""2025-04-04"", ""2025-04-07"", ""2025-04-08"", ""2025-04-09"", ""2025-04-10"", ""2025-04-11"", ""2025-04-14"", ""2025-04-15"", ""2025-04-16"", ""2025-04-17"", ""2025-04-18"", ""2025-04-21"", ""2025-04-22"", ""2025-04-23"", ""2025-04-24"", ""2025-04-25"", ""2025-04-28""]",32378000000000,85799000000000,1,4.0,0.0,0.0
MIX,2025-04-30,included,,"[""2025-04-02"", ""2025-04-03"", ""2025-04-04"", ""2025-04-07"", ""2025-04-08"", ""2025-04-09"", ""2025-04-10"", ""2025-04-11"", ""2025-04-14"", ""2025-04-15"", ""2025-04-16"", ""2025-04-17"", ""2025-04-18"", ""2025-04-21"", ""2025-04-22"", ""2025-04-23"", ""2025-04-24"", ""2025-04-25"", ""2025-04-28"", ""2025-04-29""]",32388000000000,85798002000000,1,2.0,2.0,7.0
MIX,2025-05-02,included,,"[""2025-04-03"", ""2025-04-04"", ""2025-04-07"", ""2025-04-08"", ""2025-04-09"", ""2025-04-10"", ""2025-04-11"", ""2025-04-14"", ""2025-04-15"", ""2025-04-16"", ""2025-04-17"", ""2025-04-18"", ""2025-04-21"", ""2025-04-22"", ""2025-04-23"", ""2025-04-24"", ""2025-04-25"", ""2025-04-28"", ""2025-04-29"", ""2025-04-30""]",32378000000000,85799001000000,1,2.0,0.0,0.0
MIX,2025-05-05,included,,"[""2025-04-04"", ""2025-04-07"", ""2025-04-08"", ""2025-04-09"", ""2025-04-10"", ""2025-04-11"", ""2025-04-14"", ""2025-04-15"", ""2025-04-16"", ""2025-04-17"", ""2025-04-18"", ""2025-04-21"", ""2025-04-22"", ""2025-04-23"", ""2025-04-24"", ""2025-04-25"", ""2025-04-28"", ""2025-04-29"", ""2025-04-30"", ""2025-05-02""]",32353000000000,85798000000000,1,2.0,2.0,0.0
MIX,2025-05-06,included,,"[""2025-04-07"", ""2025-04-08"", ""2025-04-09"", ""2025-04-10"", ""2025-04-11"", ""2025-04-14"", ""2025-04-15"", ""2025-04-16"", ""2025-04-17"", ""2025-04-18"", ""2025-04-21"", ""2025-04-22"", ""2025-04-23"", ""2025-04-24"", ""2025-04-25"", ""2025-04-28"", ""2025-04-29"", ""2025-04-30"", ""2025-05-02"", ""2025-05-05""]",32349000000000,85799000000000,1,5.0,5.0,3.0
MIX,2025-05-07,included,,"[""2025-04-08"", ""2025-04-09"", ""2025-04-10"", ""2025-04-11"", ""2025-04-14"", ""2025-04-15"", ""2025-04-16"", ""2025-04-17"", ""2025-04-18"", ""2025-04-21"", ""2025-04-22"", ""2025-04-23"", ""2025-04-24"", ""2025-04-25"", ""2025-04-28"", ""2025-04-29"", ""2025-04-30"", ""2025-05-02"", ""2025-05-05"", ""2025-05-06""]",32346000000000,85799000000000,1,7.0,7.0,0.0
MIX,2025-05-08,included,,"[""2025-04-09"", ""2025-04-10"", ""2025-04-11"", ""2025-04-14"", ""2025-04-15"", ""2025-04-16"", ""2025-04-17"", ""2025-04-18"", ""2025-04-21"", ""2025-04-22"", ""2025-04-23"", ""2025-04-24"", ""2025-04-25"", ""2025-04-28"", ""2025-04-29"", ""2025-04-30"", ""2025-05-02"", ""2025-05-05"", ""2025-05-06"", ""2025-05-07""]",32347000000000,85798001000000,1,7.0,0.0,0.0
MIX,2025-05-12,included,,"[""2025-04-10"", ""2025-04-11"", ""2025-04-14"", ""2025-04-15"", ""2025-04-16"", ""2025-04-17"", ""2025-04-18"", ""2025-04-21"", ""2025-04-22"", ""2025-04-23"", ""2025-04-24"", ""2025-04-25"", ""2025-04-28"", ""2025-04-29"", ""2025-04-30"", ""2025-05-02"", ""2025-05-05"", ""2025-05-06"", ""2025-05-07"", ""2025-05-08""]",32368000000000,85798002000000,1,6.0,1.0,0.0
MIX,2025-05-13,included,,"[""2025-04-11"", ""2025-04-14"", ""2025-04-15"", ""2025-04-16"", ""2025-04-17"", ""2025-04-18"", ""2025-04-21"", ""2025-04-22"", ""2025-04-23"", ""2025-04-24"", ""2025-04-25"", ""2025-04-28"", ""2025-04-29"", ""2025-04-30"", ""2025-05-02"", ""2025-05-05"", ""2025-05-06"", ""2025-05-07"", ""2025-05-08"", ""2025-05-12""]",32358000000000,85799008000000,1,8.0,3.0,2.0
MIX,2025-05-14,included,,"[""2025-04-14"", ""2025-04-15"", ""2025-04-16"", ""2025-04-17"", ""2025-04-18"", ""2025-04-21"", ""2025-04-22"", ""2025-04-23"", ""2025-04-24"", ""2025-04-25"", ""2025-04-28"", ""2025-04-29"", ""2025-04-30"", ""2025-05-02"", ""2025-05-05"", ""2025-05-06"", ""2025-05-07"", ""2025-05-08"", ""2025-05-12"", ""2025-05-13""]",32345000000000,85799000000000,1,8.0,0.0,0.0
MIX,2025-05-15,included,,"[""2025-04-15"", ""2025-04-16"", ""2025-04-17"", ""2025-04-18"", ""2025-04-21"", ""2025-04-22"", ""2025-04-23"", ""2025-04-24"", ""2025-04-25"", ""2025-04-28"", ""2025-04-29"", ""2025-04-30"", ""2025-05-02"", ""2025-05-05"", ""2025-05-06"", ""2025-05-07"", ""2025-05-08"", ""2025-05-12"", ""2025-05-13"", ""2025-05-14""]",32369000000000,85799044000000,1,6.0,6.0,0.0
MIX,2025-05-16,included,,"[""2025-04-16"", ""2025-04-17"", ""2025-04-18"", ""2025-04-21"", ""2025-04-22"", ""2025-04-23"", ""2025-04-24"", ""2025-04-25"", ""2025-04-28"", ""2025-04-29"", ""2025-04-30"", ""2025-05-02"", ""2025-05-05"", ""2025-05-06"", ""2025-05-07"", ""2025-05-08"", ""2025-05-12"", ""2025-05-13"", ""2025-05-14"", ""2025-05-15""]",32372000000000,85798000000000,1,5.0,1.0,0.0
MIX,2025-05-19,included,,"[""2025-04-17"", ""2025-04-18"", ""2025-04-21"", ""2025-04-22"", ""2025-04-23"", ""2025-04-24"", ""2025-04-25"", ""2025-04-28"", ""2025-04-29"", ""2025-04-30"", ""2025-05-02"", ""2025-05-05"", ""2025-05-06"", ""2025-05-07"", ""2025-05-08"", ""2025-05-12"", ""2025-05-13"", ""2025-05-14"", ""2025-05-15"", ""2025-05-16""]",32373000000000,85797000000000,1,4.0,0.0,0.0
MIX,2025-05-20,included,,"[""2025-04-18"", ""2025-04-21"", ""2025-04-22"", ""2025-04-23"", ""2025-04-24"", ""2025-04-25"", ""2025-04-28"", ""2025-04-29"", ""2025-04-30"", ""2025-05-02"", ""2025-05-05"", ""2025-05-06"", ""2025-05-07"", ""2025-05-08"", ""2025-05-12"", ""2025-05-13"", ""2025-05-14"", ""2025-05-15"", ""2025-05-16"", ""2025-05-19""]",32361000000000,85799041000000,1,7.0,0.0,13.0
MIX,2025-05-21,included,,"[""2025-04-21"", ""2025-04-22"", ""2025-04-23"", ""2025-04-24"", ""2025-04-25"", ""2025-04-28"", ""2025-04-29"", ""2025-04-30"", ""2025-05-02"", ""2025-05-05"", ""2025-05-06"", ""2025-05-07"", ""2025-05-08"", ""2025-05-12"", ""2025-05-13"", ""2025-05-14"", ""2025-05-15"", ""2025-05-16"", ""2025-05-19"", ""2025-05-20""]",32384000000000,85798000000000,1,6.0,2.0,0.0
MIX,2025-05-22,included,,"[""2025-04-22"", ""2025-04-23"", ""2025-04-24"", ""2025-04-25"", ""2025-04-28"", ""2025-04-29"", ""2025-04-30"", ""2025-05-02"", ""2025-05-05"", ""2025-05-06"", ""2025-05-07"", ""2025-05-08"", ""2025-05-12"", ""2025-05-13"", ""2025-05-14"", ""2025-05-15"", ""2025-05-16"", ""2025-05-19"", ""2025-05-20"", ""2025-05-21""]",32358000000000,85799008000000,1,5.0,5.0,0.0
MIX,2025-05-23,included,,"[""2025-04-23"", ""2025-04-24"", ""2025-04-25"", ""2025-04-28"", ""2025-04-29"", ""2025-04-30"", ""2025-05-02"", ""2025-05-05"", ""2025-05-06"", ""2025-05-07"", ""2025-05-08"", ""2025-05-12"", ""2025-05-13"", ""2025-05-14"", ""2025-05-15"", ""2025-05-16"", ""2025-05-19"", ""2025-05-20"", ""2025-05-21"", ""2025-05-22""]",32369000000000,85798000000000,1,6.0,0.0,2.0
MIX,2025-05-26,included,,"[""2025-04-24"", ""2025-04-25"", ""2025-04-28"", ""2025-04-29"", ""2025-04-30"", ""2025-05-02"", ""2025-05-05"", ""2025-05-06"", ""2025-05-07"", ""2025-05-08"", ""2025-05-12"", ""2025-05-13"", ""2025-05-14"", ""2025-05-15"", ""2025-05-16"", ""2025-05-19"", ""2025-05-20"", ""2025-05-21"", ""2025-05-22"", ""2025-05-23""]",32352000000000,85799003000000,1,8.0,4.0,4.0
MIX,2025-05-27,included,,"[""2025-04-25"", ""2025-04-28"", ""2025-04-29"", ""2025-04-30"", ""2025-05-02"", ""2025-05-05"", ""2025-05-06"", ""2025-05-07"", ""2025-05-08"", ""2025-05-12"", ""2025-05-13"", ""2025-05-14"", ""2025-05-15"", ""2025-05-16"", ""2025-05-19"", ""2025-05-20"", ""2025-05-21"", ""2025-05-22"", ""2025-05-23"", ""2025-05-26""]",32346000000000,85799000000000,1,4.0,0.0,2.0
MIX,2025-05-28,included,,"[""2025-04-28"", ""2025-04-29"", ""2025-04-30"", ""2025-05-02"", ""2025-05-05"", ""2025-05-06"", ""2025-05-07"", ""2025-05-08"", ""2025-05-12"", ""2025-05-13"", ""2025-05-14"", ""2025-05-15"", ""2025-05-16"", ""2025-05-19"", ""2025-05-20"", ""2025-05-21"", ""2025-05-22"", ""2025-05-23"", ""2025-05-26"", ""2025-05-27""]",32351000000000,85797004000000,1,3.0,3.0,0.0
MIX,2025-05-29,included,,"[""2025-04-29"", ""2025-04-30"", ""2025-05-02"", ""2025-05-05"", ""2025-05-06"", ""2025-05-07"", ""2025-05-08"", ""2025-05-12"", ""2025-05-13"", ""2025-05-14"", ""2025-05-15"", ""2025-05-16"", ""2025-05-19"", ""2025-05-20"", ""2025-05-21"", ""2025-05-22"", ""2025-05-23"", ""2025-05-26"", ""2025-05-27"", ""2025-05-28""]",32379000000000,85798004000000,1,4.0,4.0,0.0
MIX,2025-05-30,included,,"[""2025-04-30"", ""2025-05-02"", ""2025-05-05"", ""2025-05-06"", ""2025-05-07"", ""2025-05-08"", ""2025-05-12"", ""2025-05-13"", ""2025-05-14"", ""2025-05-15"", ""2025-05-16"", ""2025-05-19"", ""2025-05-20"", ""2025-05-21"", ""2025-05-22"", ""2025-05-23"", ""2025-05-26"", ""2025-05-27"", ""2025-05-28"", ""2025-05-29""]",32359000000000,85798003000000,1,7.0,1.0,1.0
MIX,2025-06-02,included,,"[""2025-05-02"", ""2025-05-05"", ""2025-05-06"", ""2025-05-07"", ""2025-05-08"", ""2025-05-12"", ""2025-05-13"", ""2025-05-14"", ""2025-05-15"", ""2025-05-16"", ""2025-05-19"", ""2025-05-20"", ""2025-05-21"", ""2025-05-22"", ""2025-05-23"", ""2025-05-26"", ""2025-05-27"", ""2025-05-28"", ""2025-05-29"", ""2025-05-30""]",32373000000000,85799058000000,1,5.0,1.0,0.0
MIX,2025-06-03,included,,"[""2025-05-05"", ""2025-05-06"", ""2025-05-07"", ""2025-05-08"", ""2025-05-12"", ""2025-05-13"", ""2025-05-14"", ""2025-05-15"", ""2025-05-16"", ""2025-05-19"", ""2025-05-20"", ""2025-05-21"", ""2025-05-22"", ""2025-05-23"", ""2025-05-26"", ""2025-05-27"", ""2025-05-28"", ""2025-05-29"", ""2025-05-30"", ""2025-06-02""]",32385000000000,85798000000000,1,3.0,0.0,4.0
MIX,2025-06-04,included,,"[""2025-05-06"", ""2025-05-07"", ""2025-05-08"", ""2025-05-12"", ""2025-05-13"", ""2025-05-14"", ""2025-05-15"", ""2025-05-16"", ""2025-05-19"", ""2025-05-20"", ""2025-05-21"", ""2025-05-22"", ""2025-05-23"", ""2025-05-26"", ""2025-05-27"", ""2025-05-28"", ""2025-05-29"", ""2025-05-30"", ""2025-06-02"", ""2025-06-03""]",32344000000000,85798005000000,1,3.0,0.0,0.0
MIX,2025-06-05,included,,"[""2025-05-07"", ""2025-05-08"", ""2025-05-12"", ""2025-05-13"", ""2025-05-14"", ""2025-05-15"", ""2025-05-16"", ""2025-05-19"", ""2025-05-20"", ""2025-05-21"", ""2025-05-22"", ""2025-05-23"", ""2025-05-26"", ""2025-05-27"", ""2025-05-28"", ""2025-05-29"", ""2025-05-30"", ""2025-06-02"", ""2025-06-03"", ""2025-06-04""]",32373000000000,85795000000000,1,9.0,0.0,3.0
MIX,2025-06-06,included,,"[""2025-05-08"", ""2025-05-12"", ""2025-05-13"", ""2025-05-14"", ""2025-05-15"", ""2025-05-16"", ""2025-05-19"", ""2025-05-20"", ""2025-05-21"", ""2025-05-22"", ""2025-05-23"", ""2025-05-26"", ""2025-05-27"", ""2025-05-28"", ""2025-05-29"", ""2025-05-30"", ""2025-06-02"", ""2025-06-03"", ""2025-06-04"", ""2025-06-05""]",32387000000000,85799000000000,1,5.0,5.0,0.0
MIX,2025-06-09,included,,"[""2025-05-12"", ""2025-05-13"", ""2025-05-14"", ""2025-05-15"", ""2025-05-16"", ""2025-05-19"", ""2025-05-20"", ""2025-05-21"", ""2025-05-22"", ""2025-05-23"", ""2025-05-26"", ""2025-05-27"", ""2025-05-28"", ""2025-05-29"", ""2025-05-30"", ""2025-06-02"", ""2025-06-03"", ""2025-06-04"", ""2025-06-05"", ""2025-06-06""]",32374000000000,85799048000000,1,9.0,9.0,5.0
MIX,2025-06-10,included,,"[""2025-05-13"", ""2025-05-14"", ""2025-05-15"", ""2025-05-16"", ""2025-05-19"", ""2025-05-20"", ""2025-05-21"", ""2025-05-22"", ""2025-05-23"", ""2025-05-26"", ""2025-05-27"", ""2025-05-28"", ""2025-05-29"", ""2025-05-30"", ""2025-06-02"", ""2025-06-03"", ""2025-06-04"", ""2025-06-05"", ""2025-06-06"", ""2025-06-09""]",32352000000000,85797001000000,1,4.0,3.0,3.0
MIX,2025-06-11,included,,"[""2025-05-14"", ""2025-05-15"", ""2025-05-16"", ""2025-05-19"", ""2025-05-20"", ""2025-05-21"", ""2025-05-22"", ""2025-05-23"", ""2025-05-26"", ""2025-05-27"", ""2025-05-28"", ""2025-05-29"", ""2025-05-30"", ""2025-06-02"", ""2025-06-03"", ""2025-06-04"", ""2025-06-05"", ""2025-06-06"", ""2025-06-09"", ""2025-06-10""]",32364000000000,85799023000000,1,5.0,4.0,6.0
MIX,2025-06-13,included,,"[""2025-05-15"", ""2025-05-16"", ""2025-05-19"", ""2025-05-20"", ""2025-05-21"", ""2025-05-22"", ""2025-05-23"", ""2025-05-26"", ""2025-05-27"", ""2025-05-28"", ""2025-05-29"", ""2025-05-30"", ""2025-06-02"", ""2025-06-03"", ""2025-06-04"", ""2025-06-05"", ""2025-06-06"", ""2025-06-09"", ""2025-06-10"", ""2025-06-11""]",32383000000000,85797003000000,1,9.0,0.0,6.0
MIX,2025-06-16,included,,"[""2025-05-16"", ""2025-05-19"", ""2025-05-20"", ""2025-05-21"", ""2025-05-22"", ""2025-05-23"", ""2025-05-26"", ""2025-05-27"", ""2025-05-28"", ""2025-05-29"", ""2025-05-30"", ""2025-06-02"", ""2025-06-03"", ""2025-06-04"", ""2025-06-05"", ""2025-06-06"", ""2025-06-09"", ""2025-06-10"", ""2025-06-11"", ""2025-06-13""]",32359000000000,85795000000000,1,7.0,0.0,1.0
MIX,2025-06-17,included,,"[""2025-05-19"", ""2025-05-20"", ""2025-05-21"", ""2025-05-22"", ""2025-05-23"", ""2025-05-26"", ""2025-05-27"", ""2025-05-28"", ""2025-05-29"", ""2025-05-30"", ""2025-06-02"", ""2025-06-03"", ""2025-06-04"", ""2025-06-05"", ""2025-06-06"", ""2025-06-09"", ""2025-06-10"", ""2025-06-11"", ""2025-06-13"", ""2025-06-16""]",32382000000000,85794000000000,1,3.0,3.0,1.0
MIX,2025-06-18,included,,"[""2025-05-20"", ""2025-05-21"", ""2025-05-22"", ""2025-05-23"", ""2025-05-26"", ""2025-05-27"", ""2025-05-28"", ""2025-05-29"", ""2025-05-30"", ""2025-06-02"", ""2025-06-03"", ""2025-06-04"", ""2025-06-05"", ""2025-06-06"", ""2025-06-09"", ""2025-06-10"", ""2025-06-11"", ""2025-06-13"", ""2025-06-16"", ""2025-06-17""]",32346000000000,85791001000000,1,11.0,0.0,3.0
MIX,2025-06-19,included,,"[""2025-05-21"", ""2025-05-22"", ""2025-05-23"", ""2025-05-26"", ""2025-05-27"", ""2025-05-28"", ""2025-05-29"", ""2025-05-30"", ""2025-06-02"", ""2025-06-03"", ""2025-06-04"", ""2025-06-05"", ""2025-06-06"", ""2025-06-09"", ""2025-06-10"", ""2025-06-11"", ""2025-06-13"", ""2025-06-16"", ""2025-06-17"", ""2025-06-18""]",32381000000000,85786001000000,1,8.0,0.0,1.0
MIX,2025-06-20,included,,"[""2025-05-22"", ""2025-05-23"", ""2025-05-26"", ""2025-05-27"", ""2025-05-28"", ""2025-05-29"", ""2025-05-30"", ""2025-06-02"", ""2025-06-03"", ""2025-06-04"", ""2025-06-05"", ""2025-06-06"", ""2025-06-09"", ""2025-06-10"", ""2025-06-11"", ""2025-06-13"", ""2025-06-16"", ""2025-06-17"", ""2025-06-18"", ""2025-06-19""]",32380000000000,85799000000000,1,8.0,0.0,7.0
MIX,2025-06-23,included,,"[""2025-05-23"", ""2025-05-26"", ""2025-05-27"", ""2025-05-28"", ""2025-05-29"", ""2025-05-30"", ""2025-06-02"", ""2025-06-03"", ""2025-06-04"", ""2025-06-05"", ""2025-06-06"", ""2025-06-09"", ""2025-06-10"", ""2025-06-11"", ""2025-06-13"", ""2025-06-16"", ""2025-06-17"", ""2025-06-18"", ""2025-06-19"", ""2025-06-20""]",32371000000000,85798000000000,1,8.0,1.0,12.0
MIX,2025-06-24,included,,"[""2025-05-26"", ""2025-05-27"", ""2025-05-28"", ""2025-05-29"", ""2025-05-30"", ""2025-06-02"", ""2025-06-03"", ""2025-06-04"", ""2025-06-05"", ""2025-06-06"", ""2025-06-09"", ""2025-06-10"", ""2025-06-11"", ""2025-06-13"", ""2025-06-16"", ""2025-06-17"", ""2025-06-18"", ""2025-06-19"", ""2025-06-20"", ""2025-06-23""]",32375000000000,85799004000000,1,3.0,2.0,16.0
MIX,2025-06-25,included,,"[""2025-05-27"", ""2025-05-28"", ""2025-05-29"", ""2025-05-30"", ""2025-06-02"", ""2025-06-03"", ""2025-06-04"", ""2025-06-05"", ""2025-06-06"", ""2025-06-09"", ""2025-06-10"", ""2025-06-11"", ""2025-06-13"", ""2025-06-16"", ""2025-06-17"", ""2025-06-18"", ""2025-06-19"", ""2025-06-20"", ""2025-06-23"", ""2025-06-24""]",32349000000000,85798000000000,1,12.0,0.0,7.0
MIX,2025-06-26,included,,"[""2025-05-28"", ""2025-05-29"", ""2025-05-30"", ""2025-06-02"", ""2025-06-03"", ""2025-06-04"", ""2025-06-05"", ""2025-06-06"", ""2025-06-09"", ""2025-06-10"", ""2025-06-11"", ""2025-06-13"", ""2025-06-16"", ""2025-06-17"", ""2025-06-18"", ""2025-06-19"", ""2025-06-20"", ""2025-06-23"", ""2025-06-24"", ""2025-06-25""]",32363000000000,85793001000000,1,8.0,0.0,28.0
MIX,2025-06-27,included,,"[""2025-05-29"", ""2025-05-30"", ""2025-06-02"", ""2025-06-03"", ""2025-06-04"", ""2025-06-05"", ""2025-06-06"", ""2025-06-09"", ""2025-06-10"", ""2025-06-11"", ""2025-06-13"", ""2025-06-16"", ""2025-06-17"", ""2025-06-18"", ""2025-06-19"", ""2025-06-20"", ""2025-06-23"", ""2025-06-24"", ""2025-06-25"", ""2025-06-26""]",32348000000000,85795001000000,1,5.0,0.0,7.0
MIX,2025-06-30,included,,"[""2025-05-30"", ""2025-06-02"", ""2025-06-03"", ""2025-06-04"", ""2025-06-05"", ""2025-06-06"", ""2025-06-09"", ""2025-06-10"", ""2025-06-11"", ""2025-06-13"", ""2025-06-16"", ""2025-06-17"", ""2025-06-18"", ""2025-06-19"", ""2025-06-20"", ""2025-06-23"", ""2025-06-24"", ""2025-06-25"", ""2025-06-26"", ""2025-06-27""]",32358000000000,85798000000000,1,2.0,1.0,0.0
MIX,2025-07-01,included,,"[""2025-06-02"", ""2025-06-03"", ""2025-06-04"", ""2025-06-05"", ""2025-06-06"", ""2025-06-09"", ""2025-06-10"", ""2025-06-11"", ""2025-06-13"", ""2025-06-16"", ""2025-06-17"", ""2025-06-18"", ""2025-06-19"", ""2025-06-20"", ""2025-06-23"", ""2025-06-24"", ""2025-06-25"", ""2025-06-26"", ""2025-06-27"", ""2025-06-30""]",32361000000000,85799001000000,1,9.0,0.0,22.0
MIX,2025-07-02,included,,"[""2025-06-03"", ""2025-06-04"", ""2025-06-05"", ""2025-06-06"", ""2025-06-09"", ""2025-06-10"", ""2025-06-11"", ""2025-06-13"", ""2025-06-16"", ""2025-06-17"", ""2025-06-18"", ""2025-06-19"", ""2025-06-20"", ""2025-06-23"", ""2025-06-24"", ""2025-06-25"", ""2025-06-26"", ""2025-06-27"", ""2025-06-30"", ""2025-07-01""]",32369000000000,85798000000000,1,5.0,1.0,0.0
MIX,2025-07-03,included,,"[""2025-06-04"", ""2025-06-05"", ""2025-06-06"", ""2025-06-09"", ""2025-06-10"", ""2025-06-11"", ""2025-06-13"", ""2025-06-16"", ""2025-06-17"", ""2025-06-18"", ""2025-06-19"", ""2025-06-20"", ""2025-06-23"", ""2025-06-24"", ""2025-06-25"", ""2025-06-26"", ""2025-06-27"", ""2025-06-30"", ""2025-07-01"", ""2025-07-02""]",32349000000000,85799000000000,1,10.0,9.0,7.0
MIX,2025-07-04,included,,"[""2025-06-05"", ""2025-06-06"", ""2025-06-09"", ""2025-06-10"", ""2025-06-11"", ""2025-06-13"", ""2025-06-16"", ""2025-06-17"", ""2025-06-18"", ""2025-06-19"", ""2025-06-20"", ""2025-06-23"", ""2025-06-24"", ""2025-06-25"", ""2025-06-26"", ""2025-06-27"", ""2025-06-30"", ""2025-07-01"", ""2025-07-02"", ""2025-07-03""]",32379000000000,85798001000000,1,6.0,6.0,9.0
MIX,2025-07-07,included,,"[""2025-06-06"", ""2025-06-09"", ""2025-06-10"", ""2025-06-11"", ""2025-06-13"", ""2025-06-16"", ""2025-06-17"", ""2025-06-18"", ""2025-06-19"", ""2025-06-20"", ""2025-06-23"", ""2025-06-24"", ""2025-06-25"", ""2025-06-26"", ""2025-06-27"", ""2025-06-30"", ""2025-07-01"", ""2025-07-02"", ""2025-07-03"", ""2025-07-04""]",32359000000000,85796000000000,1,8.0,6.0,7.0
MIX,2025-07-08,included,,"[""2025-06-09"", ""2025-06-10"", ""2025-06-11"", ""2025-06-13"", ""2025-06-16"", ""2025-06-17"", ""2025-06-18"", ""2025-06-19"", ""2025-06-20"", ""2025-06-23"", ""2025-06-24"", ""2025-06-25"", ""2025-06-26"", ""2025-06-27"", ""2025-06-30"", ""2025-07-01"", ""2025-07-02"", ""2025-07-03"", ""2025-07-04"", ""2025-07-07""]",32363000000000,85798000000000,1,5.0,5.0,0.0
MIX,2025-07-09,included,,"[""2025-06-10"", ""2025-06-11"", ""2025-06-13"", ""2025-06-16"", ""2025-06-17"", ""2025-06-18"", ""2025-06-19"", ""2025-06-20"", ""2025-06-23"", ""2025-06-24"", ""2025-06-25"", ""2025-06-26"", ""2025-06-27"", ""2025-06-30"", ""2025-07-01"", ""2025-07-02"", ""2025-07-03"", ""2025-07-04"", ""2025-07-07"", ""2025-07-08""]",32378000000000,85799001000000,1,5.0,5.0,1.0
MIX,2025-07-10,included,,"[""2025-06-11"", ""2025-06-13"", ""2025-06-16"", ""2025-06-17"", ""2025-06-18"", ""2025-06-19"", ""2025-06-20"", ""2025-06-23"", ""2025-06-24"", ""2025-06-25"", ""2025-06-26"", ""2025-06-27"", ""2025-06-30"", ""2025-07-01"", ""2025-07-02"", ""2025-07-03"", ""2025-07-04"", ""2025-07-07"", ""2025-07-08"", ""2025-07-09""]",32363000000000,85798001000000,1,8.0,0.0,1.0
MIX,2025-07-11,included,,"[""2025-06-13"", ""2025-06-16"", ""2025-06-17"", ""2025-06-18"", ""2025-06-19"", ""2025-06-20"", ""2025-06-23"", ""2025-06-24"", ""2025-06-25"", ""2025-06-26"", ""2025-06-27"", ""2025-06-30"", ""2025-07-01"", ""2025-07-02"", ""2025-07-03"", ""2025-07-04"", ""2025-07-07"", ""2025-07-08"", ""2025-07-09"", ""2025-07-10""]",32364000000000,85798002000000,1,4.0,4.0,0.0
MIX,2025-07-14,included,,"[""2025-06-16"", ""2025-06-17"", ""2025-06-18"", ""2025-06-19"", ""2025-06-20"", ""2025-06-23"", ""2025-06-24"", ""2025-06-25"", ""2025-06-26"", ""2025-06-27"", ""2025-06-30"", ""2025-07-01"", ""2025-07-02"", ""2025-07-03"", ""2025-07-04"", ""2025-07-07"", ""2025-07-08"", ""2025-07-09"", ""2025-07-10"", ""2025-07-11""]",32381000000000,85798006000000,1,11.0,11.0,0.0
MIX,2025-07-15,included,,"[""2025-06-17"", ""2025-06-18"", ""2025-06-19"", ""2025-06-20"", ""2025-06-23"", ""2025-06-24"", ""2025-06-25"", ""2025-06-26"", ""2025-06-27"", ""2025-06-30"", ""2025-07-01"", ""2025-07-02"", ""2025-07-03"", ""2025-07-04"", ""2025-07-07"", ""2025-07-08"", ""2025-07-09"", ""2025-07-10"", ""2025-07-11"", ""2025-07-14""]",32358000000000,85798000000000,1,5.0,1.0,2.0
MIX,2025-07-16,included,,"[""2025-06-18"", ""2025-06-19"", ""2025-06-20"", ""2025-06-23"", ""2025-06-24"", ""2025-06-25"", ""2025-06-26"", ""2025-06-27"", ""2025-06-30"", ""2025-07-01"", ""2025-07-02"", ""2025-07-03"", ""2025-07-04"", ""2025-07-07"", ""2025-07-08"", ""2025-07-09"", ""2025-07-10"", ""2025-07-11"", ""2025-07-14"", ""2025-07-15""]",32376000000000,85796007000000,1,3.0,1.0,1.0
MIX,2025-07-17,included,,"[""2025-06-19"", ""2025-06-20"", ""2025-06-23"", ""2025-06-24"", ""2025-06-25"", ""2025-06-26"", ""2025-06-27"", ""2025-06-30"", ""2025-07-01"", ""2025-07-02"", ""2025-07-03"", ""2025-07-04"", ""2025-07-07"", ""2025-07-08"", ""2025-07-09"", ""2025-07-10"", ""2025-07-11"", ""2025-07-14"", ""2025-07-15"", ""2025-07-16""]",32363000000000,85799002000000,1,5.0,0.0,2.0
MIX,2025-07-18,included,,"[""2025-06-20"", ""2025-06-23"", ""2025-06-24"", ""2025-06-25"", ""2025-06-26"", ""2025-06-27"", ""2025-06-30"", ""2025-07-01"", ""2025-07-02"", ""2025-07-03"", ""2025-07-04"", ""2025-07-07"", ""2025-07-08"", ""2025-07-09"", ""2025-07-10"", ""2025-07-11"", ""2025-07-14"", ""2025-07-15"", ""2025-07-16"", ""2025-07-17""]",32379000000000,85799003000000,1,4.0,4.0,0.0
MIX,2025-07-21,included,,"[""2025-06-23"", ""2025-06-24"", ""2025-06-25"", ""2025-06-26"", ""2025-06-27"", ""2025-06-30"", ""2025-07-01"", ""2025-07-02"", ""2025-07-03"", ""2025-07-04"", ""2025-07-07"", ""2025-07-08"", ""2025-07-09"", ""2025-07-10"", ""2025-07-11"", ""2025-07-14"", ""2025-07-15"", ""2025-07-16"", ""2025-07-17"", ""2025-07-18""]",32374000000000,85798000000000,1,5.0,5.0,0.0
MIX,2025-07-22,included,,"[""2025-06-24"", ""2025-06-25"", ""2025-06-26"", ""2025-06-27"", ""2025-06-30"", ""2025-07-01"", ""2025-07-02"", ""2025-07-03"", ""2025-07-04"", ""2025-07-07"", ""2025-07-08"", ""2025-07-09"", ""2025-07-10"", ""2025-07-11"", ""2025-07-14"", ""2025-07-15"", ""2025-07-16"", ""2025-07-17"", ""2025-07-18"", ""2025-07-21""]",32363000000000,85799001000000,1,4.0,0.0,6.0
MIX,2025-07-23,included,,"[""2025-06-25"", ""2025-06-26"", ""2025-06-27"", ""2025-06-30"", ""2025-07-01"", ""2025-07-02"", ""2025-07-03"", ""2025-07-04"", ""2025-07-07"", ""2025-07-08"", ""2025-07-09"", ""2025-07-10"", ""2025-07-11"", ""2025-07-14"", ""2025-07-15"", ""2025-07-16"", ""2025-07-17"", ""2025-07-18"", ""2025-07-21"", ""2025-07-22""]",32377000000000,85799000000000,1,6.0,0.0,0.0
MIX,2025-07-24,included,,"[""2025-06-26"", ""2025-06-27"", ""2025-06-30"", ""2025-07-01"", ""2025-07-02"", ""2025-07-03"", ""2025-07-04"", ""2025-07-07"", ""2025-07-08"", ""2025-07-09"", ""2025-07-10"", ""2025-07-11"", ""2025-07-14"", ""2025-07-15"", ""2025-07-16"", ""2025-07-17"", ""2025-07-18"", ""2025-07-21"", ""2025-07-22"", ""2025-07-23""]",32362000000000,85799000000000,1,7.0,2.0,10.0
MIX,2025-07-25,included,,"[""2025-06-27"", ""2025-06-30"", ""2025-07-01"", ""2025-07-02"", ""2025-07-03"", ""2025-07-04"", ""2025-07-07"", ""2025-07-08"", ""2025-07-09"", ""2025-07-10"", ""2025-07-11"", ""2025-07-14"", ""2025-07-15"", ""2025-07-16"", ""2025-07-17"", ""2025-07-18"", ""2025-07-21"", ""2025-07-22"", ""2025-07-23"", ""2025-07-24""]",32370000000000,85796001000000,1,8.0,5.0,3.0
MIX,2025-07-28,included,,"[""2025-06-30"", ""2025-07-01"", ""2025-07-02"", ""2025-07-03"", ""2025-07-04"", ""2025-07-07"", ""2025-07-08"", ""2025-07-09"", ""2025-07-10"", ""2025-07-11"", ""2025-07-14"", ""2025-07-15"", ""2025-07-16"", ""2025-07-17"", ""2025-07-18"", ""2025-07-21"", ""2025-07-22"", ""2025-07-23"", ""2025-07-24"", ""2025-07-25""]",32369000000000,85794000000000,1,6.0,6.0,4.0
MIX,2025-07-29,included,,"[""2025-07-01"", ""2025-07-02"", ""2025-07-03"", ""2025-07-04"", ""2025-07-07"", ""2025-07-08"", ""2025-07-09"", ""2025-07-10"", ""2025-07-11"", ""2025-07-14"", ""2025-07-15"", ""2025-07-16"", ""2025-07-17"", ""2025-07-18"", ""2025-07-21"", ""2025-07-22"", ""2025-07-23"", ""2025-07-24"", ""2025-07-25"", ""2025-07-28""]",32364000000000,85799005000000,1,10.0,5.0,27.0
MIX,2025-07-30,included,,"[""2025-07-02"", ""2025-07-03"", ""2025-07-04"", ""2025-07-07"", ""2025-07-08"", ""2025-07-09"", ""2025-07-10"", ""2025-07-11"", ""2025-07-14"", ""2025-07-15"", ""2025-07-16"", ""2025-07-17"", ""2025-07-18"", ""2025-07-21"", ""2025-07-22"", ""2025-07-23"", ""2025-07-24"", ""2025-07-25"", ""2025-07-28"", ""2025-07-29""]",32382000000000,85799000000000,1,12.0,5.0,19.0
MIX,2025-07-31,included,,"[""2025-07-03"", ""2025-07-04"", ""2025-07-07"", ""2025-07-08"", ""2025-07-09"", ""2025-07-10"", ""2025-07-11"", ""2025-07-14"", ""2025-07-15"", ""2025-07-16"", ""2025-07-17"", ""2025-07-18"", ""2025-07-21"", ""2025-07-22"", ""2025-07-23"", ""2025-07-24"", ""2025-07-25"", ""2025-07-28"", ""2025-07-29"", ""2025-07-30""]",32366000000000,85794006000000,1,8.0,1.0,22.0
MIX,2025-08-01,included,,"[""2025-07-04"", ""2025-07-07"", ""2025-07-08"", ""2025-07-09"", ""2025-07-10"", ""2025-07-11"", ""2025-07-14"", ""2025-07-15"", ""2025-07-16"", ""2025-07-17"", ""2025-07-18"", ""2025-07-21"", ""2025-07-22"", ""2025-07-23"", ""2025-07-24"", ""2025-07-25"", ""2025-07-28"", ""2025-07-29"", ""2025-07-30"", ""2025-07-31""]",32366000000000,85796002000000,1,5.0,0.0,13.0
MIX,2025-08-04,included,,"[""2025-07-07"", ""2025-07-08"", ""2025-07-09"", ""2025-07-10"", ""2025-07-11"", ""2025-07-14"", ""2025-07-15"", ""2025-07-16"", ""2025-07-17"", ""2025-07-18"", ""2025-07-21"", ""2025-07-22"", ""2025-07-23"", ""2025-07-24"", ""2025-07-25"", ""2025-07-28"", ""2025-07-29"", ""2025-07-30"", ""2025-07-31"", ""2025-08-01""]",32360000000000,85799000000000,1,4.0,0.0,1.0
MIX,2025-08-05,included,,"[""2025-07-08"", ""2025-07-09"", ""2025-07-10"", ""2025-07-11"", ""2025-07-14"", ""2025-07-15"", ""2025-07-16"", ""2025-07-17"", ""2025-07-18"", ""2025-07-21"", ""2025-07-22"", ""2025-07-23"", ""2025-07-24"", ""2025-07-25"", ""2025-07-28"", ""2025-07-29"", ""2025-07-30"", ""2025-07-31"", ""2025-08-01"", ""2025-08-04""]",32382000000000,85798000000000,1,8.0,3.0,1.0
MIX,2025-08-06,included,,"[""2025-07-09"", ""2025-07-10"", ""2025-07-11"", ""2025-07-14"", ""2025-07-15"", ""2025-07-16"", ""2025-07-17"", ""2025-07-18"", ""2025-07-21"", ""2025-07-22"", ""2025-07-23"", ""2025-07-24"", ""2025-07-25"", ""2025-07-28"", ""2025-07-29"", ""2025-07-30"", ""2025-07-31"", ""2025-08-01"", ""2025-08-04"", ""2025-08-05""]",32375000000000,85799003000000,1,4.0,0.0,1.0
MIX,2025-08-07,included,,"[""2025-07-10"", ""2025-07-11"", ""2025-07-14"", ""2025-07-15"", ""2025-07-16"", ""2025-07-17"", ""2025-07-18"", ""2025-07-21"", ""2025-07-22"", ""2025-07-23"", ""2025-07-24"", ""2025-07-25"", ""2025-07-28"", ""2025-07-29"", ""2025-07-30"", ""2025-07-31"", ""2025-08-01"", ""2025-08-04"", ""2025-08-05"", ""2025-08-06""]",32388000000000,85799004000000,1,8.0,8.0,1.0
MIX,2025-08-08,included,,"[""2025-07-11"", ""2025-07-14"", ""2025-07-15"", ""2025-07-16"", ""2025-07-17"", ""2025-07-18"", ""2025-07-21"", ""2025-07-22"", ""2025-07-23"", ""2025-07-24"", ""2025-07-25"", ""2025-07-28"", ""2025-07-29"", ""2025-07-30"", ""2025-07-31"", ""2025-08-01"", ""2025-08-04"", ""2025-08-05"", ""2025-08-06"", ""2025-08-07""]",32348000000000,85799006000000,1,6.0,1.0,1.0
MIX,2025-08-11,included,,"[""2025-07-14"", ""2025-07-15"", ""2025-07-16"", ""2025-07-17"", ""2025-07-18"", ""2025-07-21"", ""2025-07-22"", ""2025-07-23"", ""2025-07-24"", ""2025-07-25"", ""2025-07-28"", ""2025-07-29"", ""2025-07-30"", ""2025-07-31"", ""2025-08-01"", ""2025-08-04"", ""2025-08-05"", ""2025-08-06"", ""2025-08-07"", ""2025-08-08""]",32371000000000,85799002000000,1,9.0,5.0,0.0
MIX,2025-08-12,included,,"[""2025-07-15"", ""2025-07-16"", ""2025-07-17"", ""2025-07-18"", ""2025-07-21"", ""2025-07-22"", ""2025-07-23"", ""2025-07-24"", ""2025-07-25"", ""2025-07-28"", ""2025-07-29"", ""2025-07-30"", ""2025-07-31"", ""2025-08-01"", ""2025-08-04"", ""2025-08-05"", ""2025-08-06"", ""2025-08-07"", ""2025-08-08"", ""2025-08-11""]",32360000000000,85799002000000,1,7.0,2.0,4.0
MIX,2025-08-13,included,,"[""2025-07-16"", ""2025-07-17"", ""2025-07-18"", ""2025-07-21"", ""2025-07-22"", ""2025-07-23"", ""2025-07-24"", ""2025-07-25"", ""2025-07-28"", ""2025-07-29"", ""2025-07-30"", ""2025-07-31"", ""2025-08-01"", ""2025-08-04"", ""2025-08-05"", ""2025-08-06"", ""2025-08-07"", ""2025-08-08"", ""2025-08-11"", ""2025-08-12""]",32378000000000,85798000000000,1,6.0,3.0,34.0
MIX,2025-08-14,included,,"[""2025-07-17"", ""2025-07-18"", ""2025-07-21"", ""2025-07-22"", ""2025-07-23"", ""2025-07-24"", ""2025-07-25"", ""2025-07-28"", ""2025-07-29"", ""2025-07-30"", ""2025-07-31"", ""2025-08-01"", ""2025-08-04"", ""2025-08-05"", ""2025-08-06"", ""2025-08-07"", ""2025-08-08"", ""2025-08-11"", ""2025-08-12"", ""2025-08-13""]",32361000000000,85797000000000,1,4.0,4.0,0.0
MIX,2025-08-15,included,,"[""2025-07-18"", ""2025-07-21"", ""2025-07-22"", ""2025-07-23"", ""2025-07-24"", ""2025-07-25"", ""2025-07-28"", ""2025-07-29"", ""2025-07-30"", ""2025-07-31"", ""2025-08-01"", ""2025-08-04"", ""2025-08-05"", ""2025-08-06"", ""2025-08-07"", ""2025-08-08"", ""2025-08-11"", ""2025-08-12"", ""2025-08-13"", ""2025-08-14""]",32350000000000,85799001000000,1,3.0,0.0,0.0
MIX,2025-08-18,included,,"[""2025-07-21"", ""2025-07-22"", ""2025-07-23"", ""2025-07-24"", ""2025-07-25"", ""2025-07-28"", ""2025-07-29"", ""2025-07-30"", ""2025-07-31"", ""2025-08-01"", ""2025-08-04"", ""2025-08-05"", ""2025-08-06"", ""2025-08-07"", ""2025-08-08"", ""2025-08-11"", ""2025-08-12"", ""2025-08-13"", ""2025-08-14"", ""2025-08-15""]",32386000000000,85796000000000,1,4.0,2.0,9.0
MIX,2025-08-19,included,,"[""2025-07-22"", ""2025-07-23"", ""2025-07-24"", ""2025-07-25"", ""2025-07-28"", ""2025-07-29"", ""2025-07-30"", ""2025-07-31"", ""2025-08-01"", ""2025-08-04"", ""2025-08-05"", ""2025-08-06"", ""2025-08-07"", ""2025-08-08"", ""2025-08-11"", ""2025-08-12"", ""2025-08-13"", ""2025-08-14"", ""2025-08-15"", ""2025-08-18""]",32341000000000,85799000000000,1,9.0,3.0,2.0
MIX,2025-08-20,included,,"[""2025-07-23"", ""2025-07-24"", ""2025-07-25"", ""2025-07-28"", ""2025-07-29"", ""2025-07-30"", ""2025-07-31"", ""2025-08-01"", ""2025-08-04"", ""2025-08-05"", ""2025-08-06"", ""2025-08-07"", ""2025-08-08"", ""2025-08-11"", ""2025-08-12"", ""2025-08-13"", ""2025-08-14"", ""2025-08-15"", ""2025-08-18"", ""2025-08-19""]",32346000000000,85799002000000,1,2.0,1.0,16.0
MIX,2025-08-21,included,,"[""2025-07-24"", ""2025-07-25"", ""2025-07-28"", ""2025-07-29"", ""2025-07-30"", ""2025-07-31"", ""2025-08-01"", ""2025-08-04"", ""2025-08-05"", ""2025-08-06"", ""2025-08-07"", ""2025-08-08"", ""2025-08-11"", ""2025-08-12"", ""2025-08-13"", ""2025-08-14"", ""2025-08-15"", ""2025-08-18"", ""2025-08-19"", ""2025-08-20""]",32356000000000,85799011000000,1,4.0,4.0,0.0
MIX,2025-08-22,included,,"[""2025-07-25"", ""2025-07-28"", ""2025-07-29"", ""2025-07-30"", ""2025-07-31"", ""2025-08-01"", ""2025-08-04"", ""2025-08-05"", ""2025-08-06"", ""2025-08-07"", ""2025-08-08"", ""2025-08-11"", ""2025-08-12"", ""2025-08-13"", ""2025-08-14"", ""2025-08-15"", ""2025-08-18"", ""2025-08-19"", ""2025-08-20"", ""2025-08-21""]",32352000000000,85797001000000,1,10.0,9.0,3.0
MIX,2025-08-25,included,,"[""2025-07-28"", ""2025-07-29"", ""2025-07-30"", ""2025-07-31"", ""2025-08-01"", ""2025-08-04"", ""2025-08-05"", ""2025-08-06"", ""2025-08-07"", ""2025-08-08"", ""2025-08-11"", ""2025-08-12"", ""2025-08-13"", ""2025-08-14"", ""2025-08-15"", ""2025-08-18"", ""2025-08-19"", ""2025-08-20"", ""2025-08-21"", ""2025-08-22""]",32362000000000,85799003000000,1,5.0,5.0,10.0
MIX,2025-08-26,included,,"[""2025-07-29"", ""2025-07-30"", ""2025-07-31"", ""2025-08-01"", ""2025-08-04"", ""2025-08-05"", ""2025-08-06"", ""2025-08-07"", ""2025-08-08"", ""2025-08-11"", ""2025-08-12"", ""2025-08-13"", ""2025-08-14"", ""2025-08-15"", ""2025-08-18"", ""2025-08-19"", ""2025-08-20"", ""2025-08-21"", ""2025-08-22"", ""2025-08-25""]",32352000000000,85799007000000,1,5.0,5.0,1.0
MIX,2025-08-27,included,,"[""2025-07-30"", ""2025-07-31"", ""2025-08-01"", ""2025-08-04"", ""2025-08-05"", ""2025-08-06"", ""2025-08-07"", ""2025-08-08"", ""2025-08-11"", ""2025-08-12"", ""2025-08-13"", ""2025-08-14"", ""2025-08-15"", ""2025-08-18"", ""2025-08-19"", ""2025-08-20"", ""2025-08-21"", ""2025-08-22"", ""2025-08-25"", ""2025-08-26""]",32388000000000,85796000000000,1,4.0,0.0,2.0
MIX,2025-08-28,included,,"[""2025-07-31"", ""2025-08-01"", ""2025-08-04"", ""2025-08-05"", ""2025-08-06"", ""2025-08-07"", ""2025-08-08"", ""2025-08-11"", ""2025-08-12"", ""2025-08-13"", ""2025-08-14"", ""2025-08-15"", ""2025-08-18"", ""2025-08-19"", ""2025-08-20"", ""2025-08-21"", ""2025-08-22"", ""2025-08-25"", ""2025-08-26"", ""2025-08-27""]",32389000000000,85799003000000,1,7.0,0.0,0.0
MIX,2025-08-29,included,,"[""2025-08-01"", ""2025-08-04"", ""2025-08-05"", ""2025-08-06"", ""2025-08-07"", ""2025-08-08"", ""2025-08-11"", ""2025-08-12"", ""2025-08-13"", ""2025-08-14"", ""2025-08-15"", ""2025-08-18"", ""2025-08-19"", ""2025-08-20"", ""2025-08-21"", ""2025-08-22"", ""2025-08-25"", ""2025-08-26"", ""2025-08-27"", ""2025-08-28""]",32371000000000,85799000000000,1,16.0,16.0,3.0
MIX,2025-09-01,included,,"[""2025-08-04"", ""2025-08-05"", ""2025-08-06"", ""2025-08-07"", ""2025-08-08"", ""2025-08-11"", ""2025-08-12"", ""2025-08-13"", ""2025-08-14"", ""2025-08-15"", ""2025-08-18"", ""2025-08-19"", ""2025-08-20"", ""2025-08-21"", ""2025-08-22"", ""2025-08-25"", ""2025-08-26"", ""2025-08-27"", ""2025-08-28"", ""2025-08-29""]",32347000000000,85797000000000,1,3.0,0.0,0.0
MIX,2025-09-02,included,,"[""2025-08-05"", ""2025-08-06"", ""2025-08-07"", ""2025-08-08"", ""2025-08-11"", ""2025-08-12"", ""2025-08-13"", ""2025-08-14"", ""2025-08-15"", ""2025-08-18"", ""2025-08-19"", ""2025-08-20"", ""2025-08-21"", ""2025-08-22"", ""2025-08-25"", ""2025-08-26"", ""2025-08-27"", ""2025-08-28"", ""2025-08-29"", ""2025-09-01""]",32370000000000,85798000000000,1,10.0,10.0,1.0
MIX,2025-09-03,included,,"[""2025-08-06"", ""2025-08-07"", ""2025-08-08"", ""2025-08-11"", ""2025-08-12"", ""2025-08-13"", ""2025-08-14"", ""2025-08-15"", ""2025-08-18"", ""2025-08-19"", ""2025-08-20"", ""2025-08-21"", ""2025-08-22"", ""2025-08-25"", ""2025-08-26"", ""2025-08-27"", ""2025-08-28"", ""2025-08-29"", ""2025-09-01"", ""2025-09-02""]",32383000000000,85798000000000,1,9.0,3.0,8.0
MIX,2025-09-04,included,,"[""2025-08-07"", ""2025-08-08"", ""2025-08-11"", ""2025-08-12"", ""2025-08-13"", ""2025-08-14"", ""2025-08-15"", ""2025-08-18"", ""2025-08-19"", ""2025-08-20"", ""2025-08-21"", ""2025-08-22"", ""2025-08-25"", ""2025-08-26"", ""2025-08-27"", ""2025-08-28"", ""2025-08-29"", ""2025-09-01"", ""2025-09-02"", ""2025-09-03""]",32349000000000,85792003000000,1,7.0,2.0,2.0
MIX,2025-09-05,included,,"[""2025-08-08"", ""2025-08-11"", ""2025-08-12"", ""2025-08-13"", ""2025-08-14"", ""2025-08-15"", ""2025-08-18"", ""2025-08-19"", ""2025-08-20"", ""2025-08-21"", ""2025-08-22"", ""2025-08-25"", ""2025-08-26"", ""2025-08-27"", ""2025-08-28"", ""2025-08-29"", ""2025-09-01"", ""2025-09-02"", ""2025-09-03"", ""2025-09-04""]",32359000000000,85799000000000,1,7.0,0.0,2.0
MIX,2025-09-08,included,,"[""2025-08-11"", ""2025-08-12"", ""2025-08-13"", ""2025-08-14"", ""2025-08-15"", ""2025-08-18"", ""2025-08-19"", ""2025-08-20"", ""2025-08-21"", ""2025-08-22"", ""2025-08-25"", ""2025-08-26"", ""2025-08-27"", ""2025-08-28"", ""2025-08-29"", ""2025-09-01"", ""2025-09-02"", ""2025-09-03"", ""2025-09-04"", ""2025-09-05""]",32361000000000,85795001000000,1,2.0,0.0,4.0
MIX,2025-09-09,included,,"[""2025-08-12"", ""2025-08-13"", ""2025-08-14"", ""2025-08-15"", ""2025-08-18"", ""2025-08-19"", ""2025-08-20"", ""2025-08-21"", ""2025-08-22"", ""2025-08-25"", ""2025-08-26"", ""2025-08-27"", ""2025-08-28"", ""2025-08-29"", ""2025-09-01"", ""2025-09-02"", ""2025-09-03"", ""2025-09-04"", ""2025-09-05"", ""2025-09-08""]",32352000000000,85788005000000,1,5.0,1.0,0.0
MIX,2025-09-10,included,,"[""2025-08-13"", ""2025-08-14"", ""2025-08-15"", ""2025-08-18"", ""2025-08-19"", ""2025-08-20"", ""2025-08-21"", ""2025-08-22"", ""2025-08-25"", ""2025-08-26"", ""2025-08-27"", ""2025-08-28"", ""2025-08-29"", ""2025-09-01"", ""2025-09-02"", ""2025-09-03"", ""2025-09-04"", ""2025-09-05"", ""2025-09-08"", ""2025-09-09""]",32359000000000,85799001000000,1,8.0,5.0,0.0
MIX,2025-09-11,included,,"[""2025-08-14"", ""2025-08-15"", ""2025-08-18"", ""2025-08-19"", ""2025-08-20"", ""2025-08-21"", ""2025-08-22"", ""2025-08-25"", ""2025-08-26"", ""2025-08-27"", ""2025-08-28"", ""2025-08-29"", ""2025-09-01"", ""2025-09-02"", ""2025-09-03"", ""2025-09-04"", ""2025-09-05"", ""2025-09-08"", ""2025-09-09"", ""2025-09-10""]",32360000000000,85796000000000,1,4.0,1.0,4.0
MIX,2025-09-12,included,,"[""2025-08-15"", ""2025-08-18"", ""2025-08-19"", ""2025-08-20"", ""2025-08-21"", ""2025-08-22"", ""2025-08-25"", ""2025-08-26"", ""2025-08-27"", ""2025-08-28"", ""2025-08-29"", ""2025-09-01"", ""2025-09-02"", ""2025-09-03"", ""2025-09-04"", ""2025-09-05"", ""2025-09-08"", ""2025-09-09"", ""2025-09-10"", ""2025-09-11""]",32366000000000,85799000000000,1,0.0,0.0,4.0
MIX,2025-09-15,included,,"[""2025-08-18"", ""2025-08-19"", ""2025-08-20"", ""2025-08-21"", ""2025-08-22"", ""2025-08-25"", ""2025-08-26"", ""2025-08-27"", ""2025-08-28"", ""2025-08-29"", ""2025-09-01"", ""2025-09-02"", ""2025-09-03"", ""2025-09-04"", ""2025-09-05"", ""2025-09-08"", ""2025-09-09"", ""2025-09-10"", ""2025-09-11"", ""2025-09-12""]",32357000000000,85799006000000,1,5.0,3.0,1.0
MIX,2025-09-16,included,,"[""2025-08-19"", ""2025-08-20"", ""2025-08-21"", ""2025-08-22"", ""2025-08-25"", ""2025-08-26"", ""2025-08-27"", ""2025-08-28"", ""2025-08-29"", ""2025-09-01"", ""2025-09-02"", ""2025-09-03"", ""2025-09-04"", ""2025-09-05"", ""2025-09-08"", ""2025-09-09"", ""2025-09-10"", ""2025-09-11"", ""2025-09-12"", ""2025-09-15""]",32342000000000,85799001000000,1,4.0,4.0,28.0
MIX,2025-09-17,included,,"[""2025-08-20"", ""2025-08-21"", ""2025-08-22"", ""2025-08-25"", ""2025-08-26"", ""2025-08-27"", ""2025-08-28"", ""2025-08-29"", ""2025-09-01"", ""2025-09-02"", ""2025-09-03"", ""2025-09-04"", ""2025-09-05"", ""2025-09-08"", ""2025-09-09"", ""2025-09-10"", ""2025-09-11"", ""2025-09-12"", ""2025-09-15"", ""2025-09-16""]",32375000000000,85797004000000,1,6.0,0.0,4.0
MIX,2025-09-18,included,,"[""2025-08-21"", ""2025-08-22"", ""2025-08-25"", ""2025-08-26"", ""2025-08-27"", ""2025-08-28"", ""2025-08-29"", ""2025-09-01"", ""2025-09-02"", ""2025-09-03"", ""2025-09-04"", ""2025-09-05"", ""2025-09-08"", ""2025-09-09"", ""2025-09-10"", ""2025-09-11"", ""2025-09-12"", ""2025-09-15"", ""2025-09-16"", ""2025-09-17""]",32356000000000,85795000000000,1,3.0,1.0,0.0
MIX,2025-09-19,included,,"[""2025-08-22"", ""2025-08-25"", ""2025-08-26"", ""2025-08-27"", ""2025-08-28"", ""2025-08-29"", ""2025-09-01"", ""2025-09-02"", ""2025-09-03"", ""2025-09-04"", ""2025-09-05"", ""2025-09-08"", ""2025-09-09"", ""2025-09-10"", ""2025-09-11"", ""2025-09-12"", ""2025-09-15"", ""2025-09-16"", ""2025-09-17"", ""2025-09-18""]",32363000000000,85798004000000,1,3.0,2.0,4.0
MIX,2025-09-22,included,,"[""2025-08-25"", ""2025-08-26"", ""2025-08-27"", ""2025-08-28"", ""2025-08-29"", ""2025-09-01"", ""2025-09-02"", ""2025-09-03"", ""2025-09-04"", ""2025-09-05"", ""2025-09-08"", ""2025-09-09"", ""2025-09-10"", ""2025-09-11"", ""2025-09-12"", ""2025-09-15"", ""2025-09-16"", ""2025-09-17"", ""2025-09-18"", ""2025-09-19""]",32386000000000,85799001000000,1,5.0,5.0,2.0
MIX,2025-09-23,included,,"[""2025-08-26"", ""2025-08-27"", ""2025-08-28"", ""2025-08-29"", ""2025-09-01"", ""2025-09-02"", ""2025-09-03"", ""2025-09-04"", ""2025-09-05"", ""2025-09-08"", ""2025-09-09"", ""2025-09-10"", ""2025-09-11"", ""2025-09-12"", ""2025-09-15"", ""2025-09-16"", ""2025-09-17"", ""2025-09-18"", ""2025-09-19"", ""2025-09-22""]",32374000000000,85799000000000,1,7.0,7.0,11.0
MIX,2025-09-24,included,,"[""2025-08-27"", ""2025-08-28"", ""2025-08-29"", ""2025-09-01"", ""2025-09-02"", ""2025-09-03"", ""2025-09-04"", ""2025-09-05"", ""2025-09-08"", ""2025-09-09"", ""2025-09-10"", ""2025-09-11"", ""2025-09-12"", ""2025-09-15"", ""2025-09-16"", ""2025-09-17"", ""2025-09-18"", ""2025-09-19"", ""2025-09-22"", ""2025-09-23""]",32385000000000,85799000000000,1,6.0,6.0,3.0
MIX,2025-09-25,included,,"[""2025-08-28"", ""2025-08-29"", ""2025-09-01"", ""2025-09-02"", ""2025-09-03"", ""2025-09-04"", ""2025-09-05"", ""2025-09-08"", ""2025-09-09"", ""2025-09-10"", ""2025-09-11"", ""2025-09-12"", ""2025-09-15"", ""2025-09-16"", ""2025-09-17"", ""2025-09-18"", ""2025-09-19"", ""2025-09-22"", ""2025-09-23"", ""2025-09-24""]",32375000000000,85793011000000,1,7.0,7.0,4.0
MIX,2025-09-26,included,,"[""2025-08-29"", ""2025-09-01"", ""2025-09-02"", ""2025-09-03"", ""2025-09-04"", ""2025-09-05"", ""2025-09-08"", ""2025-09-09"", ""2025-09-10"", ""2025-09-11"", ""2025-09-12"", ""2025-09-15"", ""2025-09-16"", ""2025-09-17"", ""2025-09-18"", ""2025-09-19"", ""2025-09-22"", ""2025-09-23"", ""2025-09-24"", ""2025-09-25""]",32348000000000,85799000000000,1,8.0,6.0,1.0
MIX,2025-09-29,included,,"[""2025-09-01"", ""2025-09-02"", ""2025-09-03"", ""2025-09-04"", ""2025-09-05"", ""2025-09-08"", ""2025-09-09"", ""2025-09-10"", ""2025-09-11"", ""2025-09-12"", ""2025-09-15"", ""2025-09-16"", ""2025-09-17"", ""2025-09-18"", ""2025-09-19"", ""2025-09-22"", ""2025-09-23"", ""2025-09-24"", ""2025-09-25"", ""2025-09-26""]",32347000000000,85797000000000,1,2.0,1.0,0.0
MIX,2025-09-30,included,,"[""2025-09-02"", ""2025-09-03"", ""2025-09-04"", ""2025-09-05"", ""2025-09-08"", ""2025-09-09"", ""2025-09-10"", ""2025-09-11"", ""2025-09-12"", ""2025-09-15"", ""2025-09-16"", ""2025-09-17"", ""2025-09-18"", ""2025-09-19"", ""2025-09-22"", ""2025-09-23"", ""2025-09-24"", ""2025-09-25"", ""2025-09-26"", ""2025-09-29""]",32347000000000,85797000000000,1,8.0,8.0,1.0
MIX,2025-10-01,included,,"[""2025-09-03"", ""2025-09-04"", ""2025-09-05"", ""2025-09-08"", ""2025-09-09"", ""2025-09-10"", ""2025-09-11"", ""2025-09-12"", ""2025-09-15"", ""2025-09-16"", ""2025-09-17"", ""2025-09-18"", ""2025-09-19"", ""2025-09-22"", ""2025-09-23"", ""2025-09-24"", ""2025-09-25"", ""2025-09-26"", ""2025-09-29"", ""2025-09-30""]",32364000000000,85797000000000,1,9.0,3.0,1.0
MIX,2025-10-02,included,,"[""2025-09-04"", ""2025-09-05"", ""2025-09-08"", ""2025-09-09"", ""2025-09-10"", ""2025-09-11"", ""2025-09-12"", ""2025-09-15"", ""2025-09-16"", ""2025-09-17"", ""2025-09-18"", ""2025-09-19"", ""2025-09-22"", ""2025-09-23"", ""2025-09-24"", ""2025-09-25"", ""2025-09-26"", ""2025-09-29"", ""2025-09-30"", ""2025-10-01""]",32385000000000,85799001000000,1,8.0,8.0,0.0
MIX,2025-10-03,included,,"[""2025-09-05"", ""2025-09-08"", ""2025-09-09"", ""2025-09-10"", ""2025-09-11"", ""2025-09-12"", ""2025-09-15"", ""2025-09-16"", ""2025-09-17"", ""2025-09-18"", ""2025-09-19"", ""2025-09-22"", ""2025-09-23"", ""2025-09-24"", ""2025-09-25"", ""2025-09-26"", ""2025-09-29"", ""2025-09-30"", ""2025-10-01"", ""2025-10-02""]",32360000000000,85799000000000,1,3.0,2.0,2.0
MIX,2025-10-06,included,,"[""2025-09-08"", ""2025-09-09"", ""2025-09-10"", ""2025-09-11"", ""2025-09-12"", ""2025-09-15"", ""2025-09-16"", ""2025-09-17"", ""2025-09-18"", ""2025-09-19"", ""2025-09-22"", ""2025-09-23"", ""2025-09-24"", ""2025-09-25"", ""2025-09-26"", ""2025-09-29"", ""2025-09-30"", ""2025-10-01"", ""2025-10-02"", ""2025-10-03""]",32381000000000,85798014000000,1,3.0,3.0,2.0
MIX,2025-10-07,included,,"[""2025-09-09"", ""2025-09-10"", ""2025-09-11"", ""2025-09-12"", ""2025-09-15"", ""2025-09-16"", ""2025-09-17"", ""2025-09-18"", ""2025-09-19"", ""2025-09-22"", ""2025-09-23"", ""2025-09-24"", ""2025-09-25"", ""2025-09-26"", ""2025-09-29"", ""2025-09-30"", ""2025-10-01"", ""2025-10-02"", ""2025-10-03"", ""2025-10-06""]",32342000000000,85796001000000,1,13.0,13.0,0.0
MIX,2025-10-08,included,,"[""2025-09-10"", ""2025-09-11"", ""2025-09-12"", ""2025-09-15"", ""2025-09-16"", ""2025-09-17"", ""2025-09-18"", ""2025-09-19"", ""2025-09-22"", ""2025-09-23"", ""2025-09-24"", ""2025-09-25"", ""2025-09-26"", ""2025-09-29"", ""2025-09-30"", ""2025-10-01"", ""2025-10-02"", ""2025-10-03"", ""2025-10-06"", ""2025-10-07""]",32373000000000,85799004000000,1,1.0,1.0,0.0
MIX,2025-10-09,included,,"[""2025-09-11"", ""2025-09-12"", ""2025-09-15"", ""2025-09-16"", ""2025-09-17"", ""2025-09-18"", ""2025-09-19"", ""2025-09-22"", ""2025-09-23"", ""2025-09-24"", ""2025-09-25"", ""2025-09-26"", ""2025-09-29"", ""2025-09-30"", ""2025-10-01"", ""2025-10-02"", ""2025-10-03"", ""2025-10-06"", ""2025-10-07"", ""2025-10-08""]",32362000000000,85797001000000,1,3.0,3.0,2.0
MIX,2025-10-10,included,,"[""2025-09-12"", ""2025-09-15"", ""2025-09-16"", ""2025-09-17"", ""2025-09-18"", ""2025-09-19"", ""2025-09-22"", ""2025-09-23"", ""2025-09-24"", ""2025-09-25"", ""2025-09-26"", ""2025-09-29"", ""2025-09-30"", ""2025-10-01"", ""2025-10-02"", ""2025-10-03"", ""2025-10-06"", ""2025-10-07"", ""2025-10-08"", ""2025-10-09""]",32342000000000,85799001000000,1,6.0,6.0,2.0
MIX,2025-10-13,included,,"[""2025-09-15"", ""2025-09-16"", ""2025-09-17"", ""2025-09-18"", ""2025-09-19"", ""2025-09-22"", ""2025-09-23"", ""2025-09-24"", ""2025-09-25"", ""2025-09-26"", ""2025-09-29"", ""2025-09-30"", ""2025-10-01"", ""2025-10-02"", ""2025-10-03"", ""2025-10-06"", ""2025-10-07"", ""2025-10-08"", ""2025-10-09"", ""2025-10-10""]",32354000000000,85797001000000,1,3.0,3.0,3.0
MIX,2025-10-14,included,,"[""2025-09-16"", ""2025-09-17"", ""2025-09-18"", ""2025-09-19"", ""2025-09-22"", ""2025-09-23"", ""2025-09-24"", ""2025-09-25"", ""2025-09-26"", ""2025-09-29"", ""2025-09-30"", ""2025-10-01"", ""2025-10-02"", ""2025-10-03"", ""2025-10-06"", ""2025-10-07"", ""2025-10-08"", ""2025-10-09"", ""2025-10-10"", ""2025-10-13""]",32382000000000,85799000000000,1,7.0,0.0,1.0
MIX,2025-10-15,included,,"[""2025-09-17"", ""2025-09-18"", ""2025-09-19"", ""2025-09-22"", ""2025-09-23"", ""2025-09-24"", ""2025-09-25"", ""2025-09-26"", ""2025-09-29"", ""2025-09-30"", ""2025-10-01"", ""2025-10-02"", ""2025-10-03"", ""2025-10-06"", ""2025-10-07"", ""2025-10-08"", ""2025-10-09"", ""2025-10-10"", ""2025-10-13"", ""2025-10-14""]",32362000000000,85798000000000,1,2.0,0.0,1.0
MIX,2025-10-16,included,,"[""2025-09-18"", ""2025-09-19"", ""2025-09-22"", ""2025-09-23"", ""2025-09-24"", ""2025-09-25"", ""2025-09-26"", ""2025-09-29"", ""2025-09-30"", ""2025-10-01"", ""2025-10-02"", ""2025-10-03"", ""2025-10-06"", ""2025-10-07"", ""2025-10-08"", ""2025-10-09"", ""2025-10-10"", ""2025-10-13"", ""2025-10-14"", ""2025-10-15""]",32345000000000,85799002000000,1,3.0,0.0,8.0
MIX,2025-10-17,included,,"[""2025-09-19"", ""2025-09-22"", ""2025-09-23"", ""2025-09-24"", ""2025-09-25"", ""2025-09-26"", ""2025-09-29"", ""2025-09-30"", ""2025-10-01"", ""2025-10-02"", ""2025-10-03"", ""2025-10-06"", ""2025-10-07"", ""2025-10-08"", ""2025-10-09"", ""2025-10-10"", ""2025-10-13"", ""2025-10-14"", ""2025-10-15"", ""2025-10-16""]",32371000000000,85799006000000,1,5.0,5.0,4.0
MIX,2025-10-20,included,,"[""2025-09-22"", ""2025-09-23"", ""2025-09-24"", ""2025-09-25"", ""2025-09-26"", ""2025-09-29"", ""2025-09-30"", ""2025-10-01"", ""2025-10-02"", ""2025-10-03"", ""2025-10-06"", ""2025-10-07"", ""2025-10-08"", ""2025-10-09"", ""2025-10-10"", ""2025-10-13"", ""2025-10-14"", ""2025-10-15"", ""2025-10-16"", ""2025-10-17""]",32353000000000,85796001000000,1,3.0,2.0,3.0
MIX,2025-10-21,included,,"[""2025-09-23"", ""2025-09-24"", ""2025-09-25"", ""2025-09-26"", ""2025-09-29"", ""2025-09-30"", ""2025-10-01"", ""2025-10-02"", ""2025-10-03"", ""2025-10-06"", ""2025-10-07"", ""2025-10-08"", ""2025-10-09"", ""2025-10-10"", ""2025-10-13"", ""2025-10-14"", ""2025-10-15"", ""2025-10-16"", ""2025-10-17"", ""2025-10-20""]",32375000000000,85798018000000,1,4.0,4.0,1.0
MIX,2025-10-22,included,,"[""2025-09-24"", ""2025-09-25"", ""2025-09-26"", ""2025-09-29"", ""2025-09-30"", ""2025-10-01"", ""2025-10-02"", ""2025-10-03"", ""2025-10-06"", ""2025-10-07"", ""2025-10-08"", ""2025-10-09"", ""2025-10-10"", ""2025-10-13"", ""2025-10-14"", ""2025-10-15"", ""2025-10-16"", ""2025-10-17"", ""2025-10-20"", ""2025-10-21""]",32347000000000,85799002000000,1,5.0,1.0,5.0
MIX,2025-10-23,included,,"[""2025-09-25"", ""2025-09-26"", ""2025-09-29"", ""2025-09-30"", ""2025-10-01"", ""2025-10-02"", ""2025-10-03"", ""2025-10-06"", ""2025-10-07"", ""2025-10-08"", ""2025-10-09"", ""2025-10-10"", ""2025-10-13"", ""2025-10-14"", ""2025-10-15"", ""2025-10-16"", ""2025-10-17"", ""2025-10-20"", ""2025-10-21"", ""2025-10-22""]",32375000000000,85799001000000,1,7.0,7.0,0.0
MIX,2025-10-24,included,,"[""2025-09-26"", ""2025-09-29"", ""2025-09-30"", ""2025-10-01"", ""2025-10-02"", ""2025-10-03"", ""2025-10-06"", ""2025-10-07"", ""2025-10-08"", ""2025-10-09"", ""2025-10-10"", ""2025-10-13"", ""2025-10-14"", ""2025-10-15"", ""2025-10-16"", ""2025-10-17"", ""2025-10-20"", ""2025-10-21"", ""2025-10-22"", ""2025-10-23""]",32378000000000,85797001000000,1,8.0,7.0,1.0
MIX,2025-10-27,included,,"[""2025-09-29"", ""2025-09-30"", ""2025-10-01"", ""2025-10-02"", ""2025-10-03"", ""2025-10-06"", ""2025-10-07"", ""2025-10-08"", ""2025-10-09"", ""2025-10-10"", ""2025-10-13"", ""2025-10-14"", ""2025-10-15"", ""2025-10-16"", ""2025-10-17"", ""2025-10-20"", ""2025-10-21"", ""2025-10-22"", ""2025-10-23"", ""2025-10-24""]",32366000000000,85799003000000,1,7.0,7.0,1.0
MIX,2025-10-28,included,,"[""2025-09-30"", ""2025-10-01"", ""2025-10-02"", ""2025-10-03"", ""2025-10-06"", ""2025-10-07"", ""2025-10-08"", ""2025-10-09"", ""2025-10-10"", ""2025-10-13"", ""2025-10-14"", ""2025-10-15"", ""2025-10-16"", ""2025-10-17"", ""2025-10-20"", ""2025-10-21"", ""2025-10-22"", ""2025-10-23"", ""2025-10-24"", ""2025-10-27""]",32379000000000,85799000000000,1,5.0,3.0,3.0
MIX,2025-10-29,included,,"[""2025-10-01"", ""2025-10-02"", ""2025-10-03"", ""2025-10-06"", ""2025-10-07"", ""2025-10-08"", ""2025-10-09"", ""2025-10-10"", ""2025-10-13"", ""2025-10-14"", ""2025-10-15"", ""2025-10-16"", ""2025-10-17"", ""2025-10-20"", ""2025-10-21"", ""2025-10-22"", ""2025-10-23"", ""2025-10-24"", ""2025-10-27"", ""2025-10-28""]",32364000000000,85798002000000,1,5.0,1.0,4.0
MIX,2025-10-30,included,,"[""2025-10-02"", ""2025-10-03"", ""2025-10-06"", ""2025-10-07"", ""2025-10-08"", ""2025-10-09"", ""2025-10-10"", ""2025-10-13"", ""2025-10-14"", ""2025-10-15"", ""2025-10-16"", ""2025-10-17"", ""2025-10-20"", ""2025-10-21"", ""2025-10-22"", ""2025-10-23"", ""2025-10-24"", ""2025-10-27"", ""2025-10-28"", ""2025-10-29""]",32344000000000,85799000000000,1,1.0,0.0,2.0
MIX,2025-10-31,included,,"[""2025-10-03"", ""2025-10-06"", ""2025-10-07"", ""2025-10-08"", ""2025-10-09"", ""2025-10-10"", ""2025-10-13"", ""2025-10-14"", ""2025-10-15"", ""2025-10-16"", ""2025-10-17"", ""2025-10-20"", ""2025-10-21"", ""2025-10-22"", ""2025-10-23"", ""2025-10-24"", ""2025-10-27"", ""2025-10-28"", ""2025-10-29"", ""2025-10-30""]",32355000000000,85799008000000,1,2.0,0.0,0.0
MIX,2025-11-03,included,,"[""2025-10-06"", ""2025-10-07"", ""2025-10-08"", ""2025-10-09"", ""2025-10-10"", ""2025-10-13"", ""2025-10-14"", ""2025-10-15"", ""2025-10-16"", ""2025-10-17"", ""2025-10-20"", ""2025-10-21"", ""2025-10-22"", ""2025-10-23"", ""2025-10-24"", ""2025-10-27"", ""2025-10-28"", ""2025-10-29"", ""2025-10-30"", ""2025-10-31""]",32357000000000,85799000000000,1,6.0,0.0,4.0
MIX,2025-11-05,included,,"[""2025-10-07"", ""2025-10-08"", ""2025-10-09"", ""2025-10-10"", ""2025-10-13"", ""2025-10-14"", ""2025-10-15"", ""2025-10-16"", ""2025-10-17"", ""2025-10-20"", ""2025-10-21"", ""2025-10-22"", ""2025-10-23"", ""2025-10-24"", ""2025-10-27"", ""2025-10-28"", ""2025-10-29"", ""2025-10-30"", ""2025-10-31"", ""2025-11-03""]",32378000000000,85798000000000,1,6.0,0.0,20.0
MIX,2025-11-06,included,,"[""2025-10-08"", ""2025-10-09"", ""2025-10-10"", ""2025-10-13"", ""2025-10-14"", ""2025-10-15"", ""2025-10-16"", ""2025-10-17"", ""2025-10-20"", ""2025-10-21"", ""2025-10-22"", ""2025-10-23"", ""2025-10-24"", ""2025-10-27"", ""2025-10-28"", ""2025-10-29"", ""2025-10-30"", ""2025-10-31"", ""2025-11-03"", ""2025-11-05""]",32385000000000,85797005000000,1,6.0,0.0,2.0
MIX,2025-11-07,included,,"[""2025-10-09"", ""2025-10-10"", ""2025-10-13"", ""2025-10-14"", ""2025-10-15"", ""2025-10-16"", ""2025-10-17"", ""2025-10-20"", ""2025-10-21"", ""2025-10-22"", ""2025-10-23"", ""2025-10-24"", ""2025-10-27"", ""2025-10-28"", ""2025-10-29"", ""2025-10-30"", ""2025-10-31"", ""2025-11-03"", ""2025-11-05"", ""2025-11-06""]",32362000000000,85799000000000,1,4.0,1.0,3.0
MIX,2025-11-10,included,,"[""2025-10-10"", ""2025-10-13"", ""2025-10-14"", ""2025-10-15"", ""2025-10-16"", ""2025-10-17"", ""2025-10-20"", ""2025-10-21"", ""2025-10-22"", ""2025-10-23"", ""2025-10-24"", ""2025-10-27"", ""2025-10-28"", ""2025-10-29"", ""2025-10-30"", ""2025-10-31"", ""2025-11-03"", ""2025-11-05"", ""2025-11-06"", ""2025-11-07""]",32382000000000,85799001000000,1,1.0,0.0,2.0
MIX,2025-11-11,included,,"[""2025-10-13"", ""2025-10-14"", ""2025-10-15"", ""2025-10-16"", ""2025-10-17"", ""2025-10-20"", ""2025-10-21"", ""2025-10-22"", ""2025-10-23"", ""2025-10-24"", ""2025-10-27"", ""2025-10-28"", ""2025-10-29"", ""2025-10-30"", ""2025-10-31"", ""2025-11-03"", ""2025-11-05"", ""2025-11-06"", ""2025-11-07"", ""2025-11-10""]",32364000000000,85795001000000,1,8.0,0.0,11.0
MIX,2025-11-12,included,,"[""2025-10-14"", ""2025-10-15"", ""2025-10-16"", ""2025-10-17"", ""2025-10-20"", ""2025-10-21"", ""2025-10-22"", ""2025-10-23"", ""2025-10-24"", ""2025-10-27"", ""2025-10-28"", ""2025-10-29"", ""2025-10-30"", ""2025-10-31"", ""2025-11-03"", ""2025-11-05"", ""2025-11-06"", ""2025-11-07"", ""2025-11-10"", ""2025-11-11""]",32388000000000,85799000000000,1,2.0,0.0,1.0
MIX,2025-11-13,included,,"[""2025-10-15"", ""2025-10-16"", ""2025-10-17"", ""2025-10-20"", ""2025-10-21"", ""2025-10-22"", ""2025-10-23"", ""2025-10-24"", ""2025-10-27"", ""2025-10-28"", ""2025-10-29"", ""2025-10-30"", ""2025-10-31"", ""2025-11-03"", ""2025-11-05"", ""2025-11-06"", ""2025-11-07"", ""2025-11-10"", ""2025-11-11"", ""2025-11-12""]",32380000000000,85799000000000,1,8.0,0.0,4.0
MIX,2025-11-14,included,,"[""2025-10-16"", ""2025-10-17"", ""2025-10-20"", ""2025-10-21"", ""2025-10-22"", ""2025-10-23"", ""2025-10-24"", ""2025-10-27"", ""2025-10-28"", ""2025-10-29"", ""2025-10-30"", ""2025-10-31"", ""2025-11-03"", ""2025-11-05"", ""2025-11-06"", ""2025-11-07"", ""2025-11-10"", ""2025-11-11"", ""2025-11-12"", ""2025-11-13""]",32371000000000,85798008000000,1,8.0,0.0,0.0
MIX,2025-11-17,included,,"[""2025-10-17"", ""2025-10-20"", ""2025-10-21"", ""2025-10-22"", ""2025-10-23"", ""2025-10-24"", ""2025-10-27"", ""2025-10-28"", ""2025-10-29"", ""2025-10-30"", ""2025-10-31"", ""2025-11-03"", ""2025-11-05"", ""2025-11-06"", ""2025-11-07"", ""2025-11-10"", ""2025-11-11"", ""2025-11-12"", ""2025-11-13"", ""2025-11-14""]",32343000000000,85798001000000,1,3.0,0.0,3.0
MIX,2025-11-18,included,,"[""2025-10-20"", ""2025-10-21"", ""2025-10-22"", ""2025-10-23"", ""2025-10-24"", ""2025-10-27"", ""2025-10-28"", ""2025-10-29"", ""2025-10-30"", ""2025-10-31"", ""2025-11-03"", ""2025-11-05"", ""2025-11-06"", ""2025-11-07"", ""2025-11-10"", ""2025-11-11"", ""2025-11-12"", ""2025-11-13"", ""2025-11-14"", ""2025-11-17""]",32387000000000,85798000000000,1,10.0,9.0,2.0
MIX,2025-11-19,included,,"[""2025-10-21"", ""2025-10-22"", ""2025-10-23"", ""2025-10-24"", ""2025-10-27"", ""2025-10-28"", ""2025-10-29"", ""2025-10-30"", ""2025-10-31"", ""2025-11-03"", ""2025-11-05"", ""2025-11-06"", ""2025-11-07"", ""2025-11-10"", ""2025-11-11"", ""2025-11-12"", ""2025-11-13"", ""2025-11-14"", ""2025-11-17"", ""2025-11-18""]",32386000000000,85798000000000,1,3.0,3.0,0.0
MIX,2025-11-20,included,,"[""2025-10-22"", ""2025-10-23"", ""2025-10-24"", ""2025-10-27"", ""2025-10-28"", ""2025-10-29"", ""2025-10-30"", ""2025-10-31"", ""2025-11-03"", ""2025-11-05"", ""2025-11-06"", ""2025-11-07"", ""2025-11-10"", ""2025-11-11"", ""2025-11-12"", ""2025-11-13"", ""2025-11-14"", ""2025-11-17"", ""2025-11-18"", ""2025-11-19""]",32359000000000,85799000000000,1,7.0,6.0,2.0
MIX,2025-11-21,included,,"[""2025-10-23"", ""2025-10-24"", ""2025-10-27"", ""2025-10-28"", ""2025-10-29"", ""2025-10-30"", ""2025-10-31"", ""2025-11-03"", ""2025-11-05"", ""2025-11-06"", ""2025-11-07"", ""2025-11-10"", ""2025-11-11"", ""2025-11-12"", ""2025-11-13"", ""2025-11-14"", ""2025-11-17"", ""2025-11-18"", ""2025-11-19"", ""2025-11-20""]",32366000000000,85799000000000,1,5.0,3.0,0.0
MIX,2025-11-24,included,,"[""2025-10-24"", ""2025-10-27"", ""2025-10-28"", ""2025-10-29"", ""2025-10-30"", ""2025-10-31"", ""2025-11-03"", ""2025-11-05"", ""2025-11-06"", ""2025-11-07"", ""2025-11-10"", ""2025-11-11"", ""2025-11-12"", ""2025-11-13"", ""2025-11-14"", ""2025-11-17"", ""2025-11-18"", ""2025-11-19"", ""2025-11-20"", ""2025-11-21""]",32380000000000,85799000000000,1,9.0,9.0,6.0
MIX,2025-11-25,included,,"[""2025-10-27"", ""2025-10-28"", ""2025-10-29"", ""2025-10-30"", ""2025-10-31"", ""2025-11-03"", ""2025-11-05"", ""2025-11-06"", ""2025-11-07"", ""2025-11-10"", ""2025-11-11"", ""2025-11-12"", ""2025-11-13"", ""2025-11-14"", ""2025-11-17"", ""2025-11-18"", ""2025-11-19"", ""2025-11-20"", ""2025-11-21"", ""2025-11-24""]",32361000000000,85798000000000,1,4.0,3.0,0.0
MIX,2025-11-26,included,,"[""2025-10-28"", ""2025-10-29"", ""2025-10-30"", ""2025-10-31"", ""2025-11-03"", ""2025-11-05"", ""2025-11-06"", ""2025-11-07"", ""2025-11-10"", ""2025-11-11"", ""2025-11-12"", ""2025-11-13"", ""2025-11-14"", ""2025-11-17"", ""2025-11-18"", ""2025-11-19"", ""2025-11-20"", ""2025-11-21"", ""2025-11-24"", ""2025-11-25""]",32370000000000,85799010000000,1,7.0,0.0,0.0
MIX,2025-11-27,included,,"[""2025-10-29"", ""2025-10-30"", ""2025-10-31"", ""2025-11-03"", ""2025-11-05"", ""2025-11-06"", ""2025-11-07"", ""2025-11-10"", ""2025-11-11"", ""2025-11-12"", ""2025-11-13"", ""2025-11-14"", ""2025-11-17"", ""2025-11-18"", ""2025-11-19"", ""2025-11-20"", ""2025-11-21"", ""2025-11-24"", ""2025-11-25"", ""2025-11-26""]",32388000000000,85799000000000,1,9.0,0.0,1.0
MIX,2025-11-28,included,,"[""2025-10-30"", ""2025-10-31"", ""2025-11-03"", ""2025-11-05"", ""2025-11-06"", ""2025-11-07"", ""2025-11-10"", ""2025-11-11"", ""2025-11-12"", ""2025-11-13"", ""2025-11-14"", ""2025-11-17"", ""2025-11-18"", ""2025-11-19"", ""2025-11-20"", ""2025-11-21"", ""2025-11-24"", ""2025-11-25"", ""2025-11-26"", ""2025-11-27""]",32387000000000,85799000000000,1,4.0,0.0,0.0
MIX,2025-12-01,included,,"[""2025-10-31"", ""2025-11-03"", ""2025-11-05"", ""2025-11-06"", ""2025-11-07"", ""2025-11-10"", ""2025-11-11"", ""2025-11-12"", ""2025-11-13"", ""2025-11-14"", ""2025-11-17"", ""2025-11-18"", ""2025-11-19"", ""2025-11-20"", ""2025-11-21"", ""2025-11-24"", ""2025-11-25"", ""2025-11-26"", ""2025-11-27"", ""2025-11-28""]",32387000000000,85798001000000,1,6.0,6.0,0.0
MIX,2025-12-02,included,,"[""2025-11-03"", ""2025-11-05"", ""2025-11-06"", ""2025-11-07"", ""2025-11-10"", ""2025-11-11"", ""2025-11-12"", ""2025-11-13"", ""2025-11-14"", ""2025-11-17"", ""2025-11-18"", ""2025-11-19"", ""2025-11-20"", ""2025-11-21"", ""2025-11-24"", ""2025-11-25"", ""2025-11-26"", ""2025-11-27"", ""2025-11-28"", ""2025-12-01""]",32349000000000,85799000000000,1,10.0,0.0,1.0
MIX,2025-12-03,included,,"[""2025-11-05"", ""2025-11-06"", ""2025-11-07"", ""2025-11-10"", ""2025-11-11"", ""2025-11-12"", ""2025-11-13"", ""2025-11-14"", ""2025-11-17"", ""2025-11-18"", ""2025-11-19"", ""2025-11-20"", ""2025-11-21"", ""2025-11-24"", ""2025-11-25"", ""2025-11-26"", ""2025-11-27"", ""2025-11-28"", ""2025-12-01"", ""2025-12-02""]",32382000000000,85797003000000,1,7.0,7.0,0.0
MIX,2025-12-04,included,,"[""2025-11-06"", ""2025-11-07"", ""2025-11-10"", ""2025-11-11"", ""2025-11-12"", ""2025-11-13"", ""2025-11-14"", ""2025-11-17"", ""2025-11-18"", ""2025-11-19"", ""2025-11-20"", ""2025-11-21"", ""2025-11-24"", ""2025-11-25"", ""2025-11-26"", ""2025-11-27"", ""2025-11-28"", ""2025-12-01"", ""2025-12-02"", ""2025-12-03""]",32388000000000,85799002000000,1,9.0,0.0,0.0
MIX,2025-12-05,included,,"[""2025-11-07"", ""2025-11-10"", ""2025-11-11"", ""2025-11-12"", ""2025-11-13"", ""2025-11-14"", ""2025-11-17"", ""2025-11-18"", ""2025-11-19"", ""2025-11-20"", ""2025-11-21"", ""2025-11-24"", ""2025-11-25"", ""2025-11-26"", ""2025-11-27"", ""2025-11-28"", ""2025-12-01"", ""2025-12-02"", ""2025-12-03"", ""2025-12-04""]",32356000000000,85799008000000,1,2.0,2.0,13.0
MIX,2025-12-08,included,,"[""2025-11-10"", ""2025-11-11"", ""2025-11-12"", ""2025-11-13"", ""2025-11-14"", ""2025-11-17"", ""2025-11-18"", ""2025-11-19"", ""2025-11-20"", ""2025-11-21"", ""2025-11-24"", ""2025-11-25"", ""2025-11-26"", ""2025-11-27"", ""2025-11-28"", ""2025-12-01"", ""2025-12-02"", ""2025-12-03"", ""2025-12-04"", ""2025-12-05""]",32367000000000,85799015000000,1,5.0,4.0,15.0
MIX,2025-12-09,included,,"[""2025-11-11"", ""2025-11-12"", ""2025-11-13"", ""2025-11-14"", ""2025-11-17"", ""2025-11-18"", ""2025-11-19"", ""2025-11-20"", ""2025-11-21"", ""2025-11-24"", ""2025-11-25"", ""2025-11-26"", ""2025-11-27"", ""2025-11-28"", ""2025-12-01"", ""2025-12-02"", ""2025-12-03"", ""2025-12-04"", ""2025-12-05"", ""2025-12-08""]",32368000000000,85799003000000,1,3.0,0.0,0.0
MIX,2025-12-10,included,,"[""2025-11-12"", ""2025-11-13"", ""2025-11-14"", ""2025-11-17"", ""2025-11-18"", ""2025-11-19"", ""2025-11-20"", ""2025-11-21"", ""2025-11-24"", ""2025-11-25"", ""2025-11-26"", ""2025-11-27"", ""2025-11-28"", ""2025-12-01"", ""2025-12-02"", ""2025-12-03"", ""2025-12-04"", ""2025-12-05"", ""2025-12-08"", ""2025-12-09""]",32374000000000,85798001000000,1,12.0,1.0,0.0
MIX,2025-12-11,included,,"[""2025-11-13"", ""2025-11-14"", ""2025-11-17"", ""2025-11-18"", ""2025-11-19"", ""2025-11-20"", ""2025-11-21"", ""2025-11-24"", ""2025-11-25"", ""2025-11-26"", ""2025-11-27"", ""2025-11-28"", ""2025-12-01"", ""2025-12-02"", ""2025-12-03"", ""2025-12-04"", ""2025-12-05"", ""2025-12-08"", ""2025-12-09"", ""2025-12-10""]",32351000000000,85799000000000,1,8.0,8.0,1.0
MIX,2025-12-12,included,,"[""2025-11-14"", ""2025-11-17"", ""2025-11-18"", ""2025-11-19"", ""2025-11-20"", ""2025-11-21"", ""2025-11-24"", ""2025-11-25"", ""2025-11-26"", ""2025-11-27"", ""2025-11-28"", ""2025-12-01"", ""2025-12-02"", ""2025-12-03"", ""2025-12-04"", ""2025-12-05"", ""2025-12-08"", ""2025-12-09"", ""2025-12-10"", ""2025-12-11""]",32367000000000,85798000000000,1,6.0,0.0,1.0
MIX,2025-12-15,included,,"[""2025-11-17"", ""2025-11-18"", ""2025-11-19"", ""2025-11-20"", ""2025-11-21"", ""2025-11-24"", ""2025-11-25"", ""2025-11-26"", ""2025-11-27"", ""2025-11-28"", ""2025-12-01"", ""2025-12-02"", ""2025-12-03"", ""2025-12-04"", ""2025-12-05"", ""2025-12-08"", ""2025-12-09"", ""2025-12-10"", ""2025-12-11"", ""2025-12-12""]",32359000000000,85798000000000,1,6.0,1.0,2.0
MIX,2025-12-16,included,,"[""2025-11-18"", ""2025-11-19"", ""2025-11-20"", ""2025-11-21"", ""2025-11-24"", ""2025-11-25"", ""2025-11-26"", ""2025-11-27"", ""2025-11-28"", ""2025-12-01"", ""2025-12-02"", ""2025-12-03"", ""2025-12-04"", ""2025-12-05"", ""2025-12-08"", ""2025-12-09"", ""2025-12-10"", ""2025-12-11"", ""2025-12-12"", ""2025-12-15""]",32387000000000,85796000000000,1,8.0,0.0,0.0
MIX,2025-12-17,included,,"[""2025-11-19"", ""2025-11-20"", ""2025-11-21"", ""2025-11-24"", ""2025-11-25"", ""2025-11-26"", ""2025-11-27"", ""2025-11-28"", ""2025-12-01"", ""2025-12-02"", ""2025-12-03"", ""2025-12-04"", ""2025-12-05"", ""2025-12-08"", ""2025-12-09"", ""2025-12-10"", ""2025-12-11"", ""2025-12-12"", ""2025-12-15"", ""2025-12-16""]",32362000000000,85796000000000,1,2.0,0.0,1.0
MIX,2025-12-18,included,,"[""2025-11-20"", ""2025-11-21"", ""2025-11-24"", ""2025-11-25"", ""2025-11-26"", ""2025-11-27"", ""2025-11-28"", ""2025-12-01"", ""2025-12-02"", ""2025-12-03"", ""2025-12-04"", ""2025-12-05"", ""2025-12-08"", ""2025-12-09"", ""2025-12-10"", ""2025-12-11"", ""2025-12-12"", ""2025-12-15"", ""2025-12-16"", ""2025-12-17""]",32357000000000,85797003000000,1,7.0,7.0,3.0
MIX,2025-12-19,included,,"[""2025-11-21"", ""2025-11-24"", ""2025-11-25"", ""2025-11-26"", ""2025-11-27"", ""2025-11-28"", ""2025-12-01"", ""2025-12-02"", ""2025-12-03"", ""2025-12-04"", ""2025-12-05"", ""2025-12-08"", ""2025-12-09"", ""2025-12-10"", ""2025-12-11"", ""2025-12-12"", ""2025-12-15"", ""2025-12-16"", ""2025-12-17"", ""2025-12-18""]",32365000000000,85793006000000,1,1.0,1.0,4.0
MIX,2025-12-22,included,,"[""2025-11-24"", ""2025-11-25"", ""2025-11-26"", ""2025-11-27"", ""2025-11-28"", ""2025-12-01"", ""2025-12-02"", ""2025-12-03"", ""2025-12-04"", ""2025-12-05"", ""2025-12-08"", ""2025-12-09"", ""2025-12-10"", ""2025-12-11"", ""2025-12-12"", ""2025-12-15"", ""2025-12-16"", ""2025-12-17"", ""2025-12-18"", ""2025-12-19""]",32370000000000,85796002000000,1,2.0,1.0,17.0
MIX,2025-12-23,included,,"[""2025-11-25"", ""2025-11-26"", ""2025-11-27"", ""2025-11-28"", ""2025-12-01"", ""2025-12-02"", ""2025-12-03"", ""2025-12-04"", ""2025-12-05"", ""2025-12-08"", ""2025-12-09"", ""2025-12-10"", ""2025-12-11"", ""2025-12-12"", ""2025-12-15"", ""2025-12-16"", ""2025-12-17"", ""2025-12-18"", ""2025-12-19"", ""2025-12-22""]",32387000000000,85795003000000,1,9.0,0.0,1.0
MIX,2025-12-24,included,,"[""2025-11-26"", ""2025-11-27"", ""2025-11-28"", ""2025-12-01"", ""2025-12-02"", ""2025-12-03"", ""2025-12-04"", ""2025-12-05"", ""2025-12-08"", ""2025-12-09"", ""2025-12-10"", ""2025-12-11"", ""2025-12-12"", ""2025-12-15"", ""2025-12-16"", ""2025-12-17"", ""2025-12-18"", ""2025-12-19"", ""2025-12-22"", ""2025-12-23""]",32380000000000,85794000000000,1,6.0,0.0,3.0
MIX,2025-12-25,included,,"[""2025-11-27"", ""2025-11-28"", ""2025-12-01"", ""2025-12-02"", ""2025-12-03"", ""2025-12-04"", ""2025-12-05"", ""2025-12-08"", ""2025-12-09"", ""2025-12-10"", ""2025-12-11"", ""2025-12-12"", ""2025-12-15"", ""2025-12-16"", ""2025-12-17"", ""2025-12-18"", ""2025-12-19"", ""2025-12-22"", ""2025-12-23"", ""2025-12-24""]",32369000000000,85794004000000,1,6.0,0.0,24.0
MIX,2025-12-26,included,,"[""2025-11-28"", ""2025-12-01"", ""2025-12-02"", ""2025-12-03"", ""2025-12-04"", ""2025-12-05"", ""2025-12-08"", ""2025-12-09"", ""2025-12-10"", ""2025-12-11"", ""2025-12-12"", ""2025-12-15"", ""2025-12-16"", ""2025-12-17"", ""2025-12-18"", ""2025-12-19"", ""2025-12-22"", ""2025-12-23"", ""2025-12-24"", ""2025-12-25""]",32380000000000,85799000000000,1,4.0,0.0,2.0
MIX,2025-12-29,included,,"[""2025-12-01"", ""2025-12-02"", ""2025-12-03"", ""2025-12-04"", ""2025-12-05"", ""2025-12-08"", ""2025-12-09"", ""2025-12-10"", ""2025-12-11"", ""2025-12-12"", ""2025-12-15"", ""2025-12-16"", ""2025-12-17"", ""2025-12-18"", ""2025-12-19"", ""2025-12-22"", ""2025-12-23"", ""2025-12-24"", ""2025-12-25"", ""2025-12-26""]",32388000000000,85798000000000,1,3.0,3.0,1.0
MIX,2025-12-30,included,,"[""2025-12-02"", ""2025-12-03"", ""2025-12-04"", ""2025-12-05"", ""2025-12-08"", ""2025-12-09"", ""2025-12-10"", ""2025-12-11"", ""2025-12-12"", ""2025-12-15"", ""2025-12-16"", ""2025-12-17"", ""2025-12-18"", ""2025-12-19"", ""2025-12-22"", ""2025-12-23"", ""2025-12-24"", ""2025-12-25"", ""2025-12-26"", ""2025-12-29""]",32375000000000,85799001000000,1,2.0,0.0,1.0
MIX,2026-01-05,included,,"[""2025-12-03"", ""2025-12-04"", ""2025-12-05"", ""2025-12-08"", ""2025-12-09"", ""2025-12-10"", ""2025-12-11"", ""2025-12-12"", ""2025-12-15"", ""2025-12-16"", ""2025-12-17"", ""2025-12-18"", ""2025-12-19"", ""2025-12-22"", ""2025-12-23"", ""2025-12-24"", ""2025-12-25"", ""2025-12-26"", ""2025-12-29"", ""2025-12-30""]",32370000000000,85799000000000,1,5.0,0.0,1.0
MIX,2026-01-06,included,,"[""2025-12-04"", ""2025-12-05"", ""2025-12-08"", ""2025-12-09"", ""2025-12-10"", ""2025-12-11"", ""2025-12-12"", ""2025-12-15"", ""2025-12-16"", ""2025-12-17"", ""2025-12-18"", ""2025-12-19"", ""2025-12-22"", ""2025-12-23"", ""2025-12-24"", ""2025-12-25"", ""2025-12-26"", ""2025-12-29"", ""2025-12-30"", ""2026-01-05""]",32355000000000,85799000000000,1,5.0,0.0,0.0
MIX,2026-01-08,included,,"[""2025-12-05"", ""2025-12-08"", ""2025-12-09"", ""2025-12-10"", ""2025-12-11"", ""2025-12-12"", ""2025-12-15"", ""2025-12-16"", ""2025-12-17"", ""2025-12-18"", ""2025-12-19"", ""2025-12-22"", ""2025-12-23"", ""2025-12-24"", ""2025-12-25"", ""2025-12-26"", ""2025-12-29"", ""2025-12-30"", ""2026-01-05"", ""2026-01-06""]",32382000000000,85799000000000,1,3.0,0.0,0.0
MIX,2026-01-09,included,,"[""2025-12-08"", ""2025-12-09"", ""2025-12-10"", ""2025-12-11"", ""2025-12-12"", ""2025-12-15"", ""2025-12-16"", ""2025-12-17"", ""2025-12-18"", ""2025-12-19"", ""2025-12-22"", ""2025-12-23"", ""2025-12-24"", ""2025-12-25"", ""2025-12-26"", ""2025-12-29"", ""2025-12-30"", ""2026-01-05"", ""2026-01-06"", ""2026-01-08""]",32387000000000,85798000000000,1,19.0,0.0,15.0
MIX,2026-01-12,included,,"[""2025-12-09"", ""2025-12-10"", ""2025-12-11"", ""2025-12-12"", ""2025-12-15"", ""2025-12-16"", ""2025-12-17"", ""2025-12-18"", ""2025-12-19"", ""2025-12-22"", ""2025-12-23"", ""2025-12-24"", ""2025-12-25"", ""2025-12-26"", ""2025-12-29"", ""2025-12-30"", ""2026-01-05"", ""2026-01-06"", ""2026-01-08"", ""2026-01-09""]",32358000000000,85798006000000,1,1.0,0.0,3.0
MIX,2026-01-13,included,,"[""2025-12-10"", ""2025-12-11"", ""2025-12-12"", ""2025-12-15"", ""2025-12-16"", ""2025-12-17"", ""2025-12-18"", ""2025-12-19"", ""2025-12-22"", ""2025-12-23"", ""2025-12-24"", ""2025-12-25"", ""2025-12-26"", ""2025-12-29"", ""2025-12-30"", ""2026-01-05"", ""2026-01-06"", ""2026-01-08"", ""2026-01-09"", ""2026-01-12""]",32369000000000,85797004000000,1,4.0,0.0,0.0
MIX,2026-01-14,included,,"[""2025-12-11"", ""2025-12-12"", ""2025-12-15"", ""2025-12-16"", ""2025-12-17"", ""2025-12-18"", ""2025-12-19"", ""2025-12-22"", ""2025-12-23"", ""2025-12-24"", ""2025-12-25"", ""2025-12-26"", ""2025-12-29"", ""2025-12-30"", ""2026-01-05"", ""2026-01-06"", ""2026-01-08"", ""2026-01-09"", ""2026-01-12"", ""2026-01-13""]",32390000000000,85797000000000,1,6.0,6.0,0.0
MIX,2026-01-15,included,,"[""2025-12-12"", ""2025-12-15"", ""2025-12-16"", ""2025-12-17"", ""2025-12-18"", ""2025-12-19"", ""2025-12-22"", ""2025-12-23"", ""2025-12-24"", ""2025-12-25"", ""2025-12-26"", ""2025-12-29"", ""2025-12-30"", ""2026-01-05"", ""2026-01-06"", ""2026-01-08"", ""2026-01-09"", ""2026-01-12"", ""2026-01-13"", ""2026-01-14""]",32348000000000,85798001000000,1,7.0,0.0,0.0
MIX,2026-01-16,included,,"[""2025-12-15"", ""2025-12-16"", ""2025-12-17"", ""2025-12-18"", ""2025-12-19"", ""2025-12-22"", ""2025-12-23"", ""2025-12-24"", ""2025-12-25"", ""2025-12-26"", ""2025-12-29"", ""2025-12-30"", ""2026-01-05"", ""2026-01-06"", ""2026-01-08"", ""2026-01-09"", ""2026-01-12"", ""2026-01-13"", ""2026-01-14"", ""2026-01-15""]",32374000000000,85796005000000,1,7.0,0.0,0.0
MIX,2026-01-19,included,,"[""2025-12-16"", ""2025-12-17"", ""2025-12-18"", ""2025-12-19"", ""2025-12-22"", ""2025-12-23"", ""2025-12-24"", ""2025-12-25"", ""2025-12-26"", ""2025-12-29"", ""2025-12-30"", ""2026-01-05"", ""2026-01-06"", ""2026-01-08"", ""2026-01-09"", ""2026-01-12"", ""2026-01-13"", ""2026-01-14"", ""2026-01-15"", ""2026-01-16""]",32370000000000,85782000000000,1,9.0,2.0,3.0
MIX,2026-01-20,included,,"[""2025-12-17"", ""2025-12-18"", ""2025-12-19"", ""2025-12-22"", ""2025-12-23"", ""2025-12-24"", ""2025-12-25"", ""2025-12-26"", ""2025-12-29"", ""2025-12-30"", ""2026-01-05"", ""2026-01-06"", ""2026-01-08"", ""2026-01-09"", ""2026-01-12"", ""2026-01-13"", ""2026-01-14"", ""2026-01-15"", ""2026-01-16"", ""2026-01-19""]",32369000000000,85793000000000,1,5.0,3.0,7.0
MIX,2026-01-21,included,,"[""2025-12-18"", ""2025-12-19"", ""2025-12-22"", ""2025-12-23"", ""2025-12-24"", ""2025-12-25"", ""2025-12-26"", ""2025-12-29"", ""2025-12-30"", ""2026-01-05"", ""2026-01-06"", ""2026-01-08"", ""2026-01-09"", ""2026-01-12"", ""2026-01-13"", ""2026-01-14"", ""2026-01-15"", ""2026-01-16"", ""2026-01-19"", ""2026-01-20""]",32364000000000,85794000000000,1,8.0,3.0,0.0
MIX,2026-01-22,included,,"[""2025-12-19"", ""2025-12-22"", ""2025-12-23"", ""2025-12-24"", ""2025-12-25"", ""2025-12-26"", ""2025-12-29"", ""2025-12-30"", ""2026-01-05"", ""2026-01-06"", ""2026-01-08"", ""2026-01-09"", ""2026-01-12"", ""2026-01-13"", ""2026-01-14"", ""2026-01-15"", ""2026-01-16"", ""2026-01-19"", ""2026-01-20"", ""2026-01-21""]",32384000000000,85795000000000,1,7.0,2.0,0.0
MIX,2026-01-23,included,,"[""2025-12-22"", ""2025-12-23"", ""2025-12-24"", ""2025-12-25"", ""2025-12-26"", ""2025-12-29"", ""2025-12-30"", ""2026-01-05"", ""2026-01-06"", ""2026-01-08"", ""2026-01-09"", ""2026-01-12"", ""2026-01-13"", ""2026-01-14"", ""2026-01-15"", ""2026-01-16"", ""2026-01-19"", ""2026-01-20"", ""2026-01-21"", ""2026-01-22""]",32344000000000,85795002000000,1,9.0,0.0,3.0
MIX,2026-01-26,included,,"[""2025-12-23"", ""2025-12-24"", ""2025-12-25"", ""2025-12-26"", ""2025-12-29"", ""2025-12-30"", ""2026-01-05"", ""2026-01-06"", ""2026-01-08"", ""2026-01-09"", ""2026-01-12"", ""2026-01-13"", ""2026-01-14"", ""2026-01-15"", ""2026-01-16"", ""2026-01-19"", ""2026-01-20"", ""2026-01-21"", ""2026-01-22"", ""2026-01-23""]",32375000000000,85799000000000,1,4.0,1.0,2.0
MIX,2026-01-27,included,,"[""2025-12-24"", ""2025-12-25"", ""2025-12-26"", ""2025-12-29"", ""2025-12-30"", ""2026-01-05"", ""2026-01-06"", ""2026-01-08"", ""2026-01-09"", ""2026-01-12"", ""2026-01-13"", ""2026-01-14"", ""2026-01-15"", ""2026-01-16"", ""2026-01-19"", ""2026-01-20"", ""2026-01-21"", ""2026-01-22"", ""2026-01-23"", ""2026-01-26""]",32354000000000,85798004000000,1,2.0,1.0,0.0
MIX,2026-01-28,included,,"[""2025-12-25"", ""2025-12-26"", ""2025-12-29"", ""2025-12-30"", ""2026-01-05"", ""2026-01-06"", ""2026-01-08"", ""2026-01-09"", ""2026-01-12"", ""2026-01-13"", ""2026-01-14"", ""2026-01-15"", ""2026-01-16"", ""2026-01-19"", ""2026-01-20"", ""2026-01-21"", ""2026-01-22"", ""2026-01-23"", ""2026-01-26"", ""2026-01-27""]",32344000000000,85797000000000,1,13.0,1.0,15.0
MIX,2026-01-29,included,,"[""2025-12-26"", ""2025-12-29"", ""2025-12-30"", ""2026-01-05"", ""2026-01-06"", ""2026-01-08"", ""2026-01-09"", ""2026-01-12"", ""2026-01-13"", ""2026-01-14"", ""2026-01-15"", ""2026-01-16"", ""2026-01-19"", ""2026-01-20"", ""2026-01-21"", ""2026-01-22"", ""2026-01-23"", ""2026-01-26"", ""2026-01-27"", ""2026-01-28""]",32351000000000,85799000000000,1,3.0,3.0,0.0
MIX,2026-01-30,included,,"[""2025-12-29"", ""2025-12-30"", ""2026-01-05"", ""2026-01-06"", ""2026-01-08"", ""2026-01-09"", ""2026-01-12"", ""2026-01-13"", ""2026-01-14"", ""2026-01-15"", ""2026-01-16"", ""2026-01-19"", ""2026-01-20"", ""2026-01-21"", ""2026-01-22"", ""2026-01-23"", ""2026-01-26"", ""2026-01-27"", ""2026-01-28"", ""2026-01-29""]",32352000000000,85793006000000,1,4.0,4.0,1.0
MIX,2026-02-02,included,,"[""2025-12-30"", ""2026-01-05"", ""2026-01-06"", ""2026-01-08"", ""2026-01-09"", ""2026-01-12"", ""2026-01-13"", ""2026-01-14"", ""2026-01-15"", ""2026-01-16"", ""2026-01-19"", ""2026-01-20"", ""2026-01-21"", ""2026-01-22"", ""2026-01-23"", ""2026-01-26"", ""2026-01-27"", ""2026-01-28"", ""2026-01-29"", ""2026-01-30""]",32378000000000,85799001000000,1,8.0,8.0,6.0
MIX,2026-02-03,included,,"[""2026-01-05"", ""2026-01-06"", ""2026-01-08"", ""2026-01-09"", ""2026-01-12"", ""2026-01-13"", ""2026-01-14"", ""2026-01-15"", ""2026-01-16"", ""2026-01-19"", ""2026-01-20"", ""2026-01-21"", ""2026-01-22"", ""2026-01-23"", ""2026-01-26"", ""2026-01-27"", ""2026-01-28"", ""2026-01-29"", ""2026-01-30"", ""2026-02-02""]",32352000000000,85798000000000,1,13.0,1.0,0.0
MIX,2026-02-04,included,,"[""2026-01-06"", ""2026-01-08"", ""2026-01-09"", ""2026-01-12"", ""2026-01-13"", ""2026-01-14"", ""2026-01-15"", ""2026-01-16"", ""2026-01-19"", ""2026-01-20"", ""2026-01-21"", ""2026-01-22"", ""2026-01-23"", ""2026-01-26"", ""2026-01-27"", ""2026-01-28"", ""2026-01-29"", ""2026-01-30"", ""2026-02-02"", ""2026-02-03""]",32369000000000,85799017000000,1,1.0,0.0,4.0
MIX,2026-02-05,included,,"[""2026-01-08"", ""2026-01-09"", ""2026-01-12"", ""2026-01-13"", ""2026-01-14"", ""2026-01-15"", ""2026-01-16"", ""2026-01-19"", ""2026-01-20"", ""2026-01-21"", ""2026-01-22"", ""2026-01-23"", ""2026-01-26"", ""2026-01-27"", ""2026-01-28"", ""2026-01-29"", ""2026-01-30"", ""2026-02-02"", ""2026-02-03"", ""2026-02-04""]",32364000000000,85797000000000,1,4.0,3.0,6.0
MIX,2026-02-06,included,,"[""2026-01-09"", ""2026-01-12"", ""2026-01-13"", ""2026-01-14"", ""2026-01-15"", ""2026-01-16"", ""2026-01-19"", ""2026-01-20"", ""2026-01-21"", ""2026-01-22"", ""2026-01-23"", ""2026-01-26"", ""2026-01-27"", ""2026-01-28"", ""2026-01-29"", ""2026-01-30"", ""2026-02-02"", ""2026-02-03"", ""2026-02-04"", ""2026-02-05""]",32368000000000,85799000000000,1,7.0,1.0,7.0
MIX,2026-02-09,included,,"[""2026-01-12"", ""2026-01-13"", ""2026-01-14"", ""2026-01-15"", ""2026-01-16"", ""2026-01-19"", ""2026-01-20"", ""2026-01-21"", ""2026-01-22"", ""2026-01-23"", ""2026-01-26"", ""2026-01-27"", ""2026-01-28"", ""2026-01-29"", ""2026-01-30"", ""2026-02-02"", ""2026-02-03"", ""2026-02-04"", ""2026-02-05"", ""2026-02-06""]",32379000000000,85799001000000,1,4.0,0.0,0.0
MIX,2026-02-10,included,,"[""2026-01-13"", ""2026-01-14"", ""2026-01-15"", ""2026-01-16"", ""2026-01-19"", ""2026-01-20"", ""2026-01-21"", ""2026-01-22"", ""2026-01-23"", ""2026-01-26"", ""2026-01-27"", ""2026-01-28"", ""2026-01-29"", ""2026-01-30"", ""2026-02-02"", ""2026-02-03"", ""2026-02-04"", ""2026-02-05"", ""2026-02-06"", ""2026-02-09""]",32367000000000,85799002000000,1,5.0,0.0,10.0
MIX,2026-02-11,included,,"[""2026-01-14"", ""2026-01-15"", ""2026-01-16"", ""2026-01-19"", ""2026-01-20"", ""2026-01-21"", ""2026-01-22"", ""2026-01-23"", ""2026-01-26"", ""2026-01-27"", ""2026-01-28"", ""2026-01-29"", ""2026-01-30"", ""2026-02-02"", ""2026-02-03"", ""2026-02-04"", ""2026-02-05"", ""2026-02-06"", ""2026-02-09"", ""2026-02-10""]",32346000000000,85796002000000,1,2.0,0.0,4.0
MIX,2026-02-12,included,,"[""2026-01-15"", ""2026-01-16"", ""2026-01-19"", ""2026-01-20"", ""2026-01-21"", ""2026-01-22"", ""2026-01-23"", ""2026-01-26"", ""2026-01-27"", ""2026-01-28"", ""2026-01-29"", ""2026-01-30"", ""2026-02-02"", ""2026-02-03"", ""2026-02-04"", ""2026-02-05"", ""2026-02-06"", ""2026-02-09"", ""2026-02-10"", ""2026-02-11""]",32386000000000,85793000000000,1,3.0,1.0,11.0
MIX,2026-02-13,included,,"[""2026-01-16"", ""2026-01-19"", ""2026-01-20"", ""2026-01-21"", ""2026-01-22"", ""2026-01-23"", ""2026-01-26"", ""2026-01-27"", ""2026-01-28"", ""2026-01-29"", ""2026-01-30"", ""2026-02-02"", ""2026-02-03"", ""2026-02-04"", ""2026-02-05"", ""2026-02-06"", ""2026-02-09"", ""2026-02-10"", ""2026-02-11"", ""2026-02-12""]",32372000000000,85795011000000,1,11.0,5.0,2.0
MIX,2026-02-16,included,,"[""2026-01-19"", ""2026-01-20"", ""2026-01-21"", ""2026-01-22"", ""2026-01-23"", ""2026-01-26"", ""2026-01-27"", ""2026-01-28"", ""2026-01-29"", ""2026-01-30"", ""2026-02-02"", ""2026-02-03"", ""2026-02-04"", ""2026-02-05"", ""2026-02-06"", ""2026-02-09"", ""2026-02-10"", ""2026-02-11"", ""2026-02-12"", ""2026-02-13""]",32371000000000,85799001000000,1,9.0,1.0,6.0
MIX,2026-02-17,included,,"[""2026-01-20"", ""2026-01-21"", ""2026-01-22"", ""2026-01-23"", ""2026-01-26"", ""2026-01-27"", ""2026-01-28"", ""2026-01-29"", ""2026-01-30"", ""2026-02-02"", ""2026-02-03"", ""2026-02-04"", ""2026-02-05"", ""2026-02-06"", ""2026-02-09"", ""2026-02-10"", ""2026-02-11"", ""2026-02-12"", ""2026-02-13"", ""2026-02-16""]",32400000000000,85799001000000,1,2.0,0.0,6.0
MIX,2026-02-18,included,,"[""2026-01-21"", ""2026-01-22"", ""2026-01-23"", ""2026-01-26"", ""2026-01-27"", ""2026-01-28"", ""2026-01-29"", ""2026-01-30"", ""2026-02-02"", ""2026-02-03"", ""2026-02-04"", ""2026-02-05"", ""2026-02-06"", ""2026-02-09"", ""2026-02-10"", ""2026-02-11"", ""2026-02-12"", ""2026-02-13"", ""2026-02-16"", ""2026-02-17""]",32372000000000,85799000000000,1,3.0,1.0,0.0
MIX,2026-02-19,included,,"[""2026-01-22"", ""2026-01-23"", ""2026-01-26"", ""2026-01-27"", ""2026-01-28"", ""2026-01-29"", ""2026-01-30"", ""2026-02-02"", ""2026-02-03"", ""2026-02-04"", ""2026-02-05"", ""2026-02-06"", ""2026-02-09"", ""2026-02-10"", ""2026-02-11"", ""2026-02-12"", ""2026-02-13"", ""2026-02-16"", ""2026-02-17"", ""2026-02-18""]",32363000000000,85797000000000,1,5.0,0.0,3.0
MIX,2026-02-20,included,,"[""2026-01-23"", ""2026-01-26"", ""2026-01-27"", ""2026-01-28"", ""2026-01-29"", ""2026-01-30"", ""2026-02-02"", ""2026-02-03"", ""2026-02-04"", ""2026-02-05"", ""2026-02-06"", ""2026-02-09"", ""2026-02-10"", ""2026-02-11"", ""2026-02-12"", ""2026-02-13"", ""2026-02-16"", ""2026-02-17"", ""2026-02-18"", ""2026-02-19""]",32400000000000,85793002000000,1,3.0,0.0,7.0
MIX,2026-02-23,included,,"[""2026-01-26"", ""2026-01-27"", ""2026-01-28"", ""2026-01-29"", ""2026-01-30"", ""2026-02-02"", ""2026-02-03"", ""2026-02-04"", ""2026-02-05"", ""2026-02-06"", ""2026-02-09"", ""2026-02-10"", ""2026-02-11"", ""2026-02-12"", ""2026-02-13"", ""2026-02-16"", ""2026-02-17"", ""2026-02-18"", ""2026-02-19"", ""2026-02-20""]",35962000000000,68397000000000,1,4.0,0.0,10.0
MIX,2026-02-24,included,,"[""2026-01-27"", ""2026-01-28"", ""2026-01-29"", ""2026-01-30"", ""2026-02-02"", ""2026-02-03"", ""2026-02-04"", ""2026-02-05"", ""2026-02-06"", ""2026-02-09"", ""2026-02-10"", ""2026-02-11"", ""2026-02-12"", ""2026-02-13"", ""2026-02-16"", ""2026-02-17"", ""2026-02-18"", ""2026-02-19"", ""2026-02-20"", ""2026-02-23""]",32347000000000,85793004000000,1,4.0,3.0,1.0
MIX,2026-02-25,included,,"[""2026-01-28"", ""2026-01-29"", ""2026-01-30"", ""2026-02-02"", ""2026-02-03"", ""2026-02-04"", ""2026-02-05"", ""2026-02-06"", ""2026-02-09"", ""2026-02-10"", ""2026-02-11"", ""2026-02-12"", ""2026-02-13"", ""2026-02-16"", ""2026-02-17"", ""2026-02-18"", ""2026-02-19"", ""2026-02-20"", ""2026-02-23"", ""2026-02-24""]",32380000000000,85793000000000,1,10.0,0.0,0.0
MIX,2026-02-26,included,,"[""2026-01-29"", ""2026-01-30"", ""2026-02-02"", ""2026-02-03"", ""2026-02-04"", ""2026-02-05"", ""2026-02-06"", ""2026-02-09"", ""2026-02-10"", ""2026-02-11"", ""2026-02-12"", ""2026-02-13"", ""2026-02-16"", ""2026-02-17"", ""2026-02-18"", ""2026-02-19"", ""2026-02-20"", ""2026-02-23"", ""2026-02-24"", ""2026-02-25""]",32365000000000,85796003000000,1,9.0,0.0,9.0
MIX,2026-02-27,included,,"[""2026-01-30"", ""2026-02-02"", ""2026-02-03"", ""2026-02-04"", ""2026-02-05"", ""2026-02-06"", ""2026-02-09"", ""2026-02-10"", ""2026-02-11"", ""2026-02-12"", ""2026-02-13"", ""2026-02-16"", ""2026-02-17"", ""2026-02-18"", ""2026-02-19"", ""2026-02-20"", ""2026-02-23"", ""2026-02-24"", ""2026-02-25"", ""2026-02-26""]",32360000000000,85799001000000,1,7.0,0.0,4.0
MIX,2026-03-02,included,,"[""2026-02-02"", ""2026-02-03"", ""2026-02-04"", ""2026-02-05"", ""2026-02-06"", ""2026-02-09"", ""2026-02-10"", ""2026-02-11"", ""2026-02-12"", ""2026-02-13"", ""2026-02-16"", ""2026-02-17"", ""2026-02-18"", ""2026-02-19"", ""2026-02-20"", ""2026-02-23"", ""2026-02-24"", ""2026-02-25"", ""2026-02-26"", ""2026-02-27""]",32379000000000,85795002000000,1,3.0,3.0,0.0
MIX,2026-03-03,included,,"[""2026-02-03"", ""2026-02-04"", ""2026-02-05"", ""2026-02-06"", ""2026-02-09"", ""2026-02-10"", ""2026-02-11"", ""2026-02-12"", ""2026-02-13"", ""2026-02-16"", ""2026-02-17"", ""2026-02-18"", ""2026-02-19"", ""2026-02-20"", ""2026-02-23"", ""2026-02-24"", ""2026-02-25"", ""2026-02-26"", ""2026-02-27"", ""2026-03-02""]",32350000000000,85798001000000,1,7.0,7.0,0.0
MIX,2026-03-04,included,,"[""2026-02-04"", ""2026-02-05"", ""2026-02-06"", ""2026-02-09"", ""2026-02-10"", ""2026-02-11"", ""2026-02-12"", ""2026-02-13"", ""2026-02-16"", ""2026-02-17"", ""2026-02-18"", ""2026-02-19"", ""2026-02-20"", ""2026-02-23"", ""2026-02-24"", ""2026-02-25"", ""2026-02-26"", ""2026-02-27"", ""2026-03-02"", ""2026-03-03""]",32384000000000,85796011000000,1,3.0,0.0,37.0
MIX,2026-03-05,included,,"[""2026-02-05"", ""2026-02-06"", ""2026-02-09"", ""2026-02-10"", ""2026-02-11"", ""2026-02-12"", ""2026-02-13"", ""2026-02-16"", ""2026-02-17"", ""2026-02-18"", ""2026-02-19"", ""2026-02-20"", ""2026-02-23"", ""2026-02-24"", ""2026-02-25"", ""2026-02-26"", ""2026-02-27"", ""2026-03-02"", ""2026-03-03"", ""2026-03-04""]",32353000000000,85795001000000,1,6.0,0.0,3.0
MIX,2026-03-06,included,,"[""2026-02-06"", ""2026-02-09"", ""2026-02-10"", ""2026-02-11"", ""2026-02-12"", ""2026-02-13"", ""2026-02-16"", ""2026-02-17"", ""2026-02-18"", ""2026-02-19"", ""2026-02-20"", ""2026-02-23"", ""2026-02-24"", ""2026-02-25"", ""2026-02-26"", ""2026-02-27"", ""2026-03-02"", ""2026-03-03"", ""2026-03-04"", ""2026-03-05""]",32378000000000,85798000000000,1,4.0,0.0,7.0
MIX,2026-03-09,included,,"[""2026-02-09"", ""2026-02-10"", ""2026-02-11"", ""2026-02-12"", ""2026-02-13"", ""2026-02-16"", ""2026-02-17"", ""2026-02-18"", ""2026-02-19"", ""2026-02-20"", ""2026-02-23"", ""2026-02-24"", ""2026-02-25"", ""2026-02-26"", ""2026-02-27"", ""2026-03-02"", ""2026-03-03"", ""2026-03-04"", ""2026-03-05"", ""2026-03-06""]",32356000000000,85794000000000,1,3.0,2.0,3.0
MIX,2026-03-10,included,,"[""2026-02-10"", ""2026-02-11"", ""2026-02-12"", ""2026-02-13"", ""2026-02-16"", ""2026-02-17"", ""2026-02-18"", ""2026-02-19"", ""2026-02-20"", ""2026-02-23"", ""2026-02-24"", ""2026-02-25"", ""2026-02-26"", ""2026-02-27"", ""2026-03-02"", ""2026-03-03"", ""2026-03-04"", ""2026-03-05"", ""2026-03-06"", ""2026-03-09""]",32373000000000,85798000000000,1,7.0,1.0,3.0
MIX,2026-03-11,included,,"[""2026-02-11"", ""2026-02-12"", ""2026-02-13"", ""2026-02-16"", ""2026-02-17"", ""2026-02-18"", ""2026-02-19"", ""2026-02-20"", ""2026-02-23"", ""2026-02-24"", ""2026-02-25"", ""2026-02-26"", ""2026-02-27"", ""2026-03-02"", ""2026-03-03"", ""2026-03-04"", ""2026-03-05"", ""2026-03-06"", ""2026-03-09"", ""2026-03-10""]",32364000000000,85789008000000,1,5.0,0.0,2.0
MIX,2026-03-12,included,,"[""2026-02-12"", ""2026-02-13"", ""2026-02-16"", ""2026-02-17"", ""2026-02-18"", ""2026-02-19"", ""2026-02-20"", ""2026-02-23"", ""2026-02-24"", ""2026-02-25"", ""2026-02-26"", ""2026-02-27"", ""2026-03-02"", ""2026-03-03"", ""2026-03-04"", ""2026-03-05"", ""2026-03-06"", ""2026-03-09"", ""2026-03-10"", ""2026-03-11""]",32359000000000,85772009000000,1,6.0,0.0,2.0
MIX,2026-03-13,included,,"[""2026-02-13"", ""2026-02-16"", ""2026-02-17"", ""2026-02-18"", ""2026-02-19"", ""2026-02-20"", ""2026-02-23"", ""2026-02-24"", ""2026-02-25"", ""2026-02-26"", ""2026-02-27"", ""2026-03-02"", ""2026-03-03"", ""2026-03-04"", ""2026-03-05"", ""2026-03-06"", ""2026-03-09"", ""2026-03-10"", ""2026-03-11"", ""2026-03-12""]",32382000000000,85799000000000,1,1.0,1.0,0.0
MIX,2026-03-16,included,,"[""2026-02-16"", ""2026-02-17"", ""2026-02-18"", ""2026-02-19"", ""2026-02-20"", ""2026-02-23"", ""2026-02-24"", ""2026-02-25"", ""2026-02-26"", ""2026-02-27"", ""2026-03-02"", ""2026-03-03"", ""2026-03-04"", ""2026-03-05"", ""2026-03-06"", ""2026-03-09"", ""2026-03-10"", ""2026-03-11"", ""2026-03-12"", ""2026-03-13""]",32368000000000,85793010000000,1,1.0,1.0,4.0
MIX,2026-03-17,included,,"[""2026-02-17"", ""2026-02-18"", ""2026-02-19"", ""2026-02-20"", ""2026-02-23"", ""2026-02-24"", ""2026-02-25"", ""2026-02-26"", ""2026-02-27"", ""2026-03-02"", ""2026-03-03"", ""2026-03-04"", ""2026-03-05"", ""2026-03-06"", ""2026-03-09"", ""2026-03-10"", ""2026-03-11"", ""2026-03-12"", ""2026-03-13"", ""2026-03-16""]",32352000000000,85790000000000,1,5.0,5.0,29.0
MIX,2026-03-18,included,,"[""2026-02-18"", ""2026-02-19"", ""2026-02-20"", ""2026-02-23"", ""2026-02-24"", ""2026-02-25"", ""2026-02-26"", ""2026-02-27"", ""2026-03-02"", ""2026-03-03"", ""2026-03-04"", ""2026-03-05"", ""2026-03-06"", ""2026-03-09"", ""2026-03-10"", ""2026-03-11"", ""2026-03-12"", ""2026-03-13"", ""2026-03-16"", ""2026-03-17""]",32375000000000,85789000000000,1,5.0,3.0,4.0
MIX,2026-03-19,included,,"[""2026-02-19"", ""2026-02-20"", ""2026-02-23"", ""2026-02-24"", ""2026-02-25"", ""2026-02-26"", ""2026-02-27"", ""2026-03-02"", ""2026-03-03"", ""2026-03-04"", ""2026-03-05"", ""2026-03-06"", ""2026-03-09"", ""2026-03-10"", ""2026-03-11"", ""2026-03-12"", ""2026-03-13"", ""2026-03-16"", ""2026-03-17"", ""2026-03-18""]",32355000000000,85799000000000,1,7.0,7.0,2.0
MIX,2026-03-20,included,,"[""2026-02-20"", ""2026-02-23"", ""2026-02-24"", ""2026-02-25"", ""2026-02-26"", ""2026-02-27"", ""2026-03-02"", ""2026-03-03"", ""2026-03-04"", ""2026-03-05"", ""2026-03-06"", ""2026-03-09"", ""2026-03-10"", ""2026-03-11"", ""2026-03-12"", ""2026-03-13"", ""2026-03-16"", ""2026-03-17"", ""2026-03-18"", ""2026-03-19""]",32375000000000,67798002000000,1,9.0,9.0,5.0
MIX,2026-03-23,included,,"[""2026-02-23"", ""2026-02-24"", ""2026-02-25"", ""2026-02-26"", ""2026-02-27"", ""2026-03-02"", ""2026-03-03"", ""2026-03-04"", ""2026-03-05"", ""2026-03-06"", ""2026-03-09"", ""2026-03-10"", ""2026-03-11"", ""2026-03-12"", ""2026-03-13"", ""2026-03-16"", ""2026-03-17"", ""2026-03-18"", ""2026-03-19"", ""2026-03-20""]",32386000000000,85795012000000,1,3.0,2.0,0.0
MIX,2026-03-24,included,,"[""2026-02-24"", ""2026-02-25"", ""2026-02-26"", ""2026-02-27"", ""2026-03-02"", ""2026-03-03"", ""2026-03-04"", ""2026-03-05"", ""2026-03-06"", ""2026-03-09"", ""2026-03-10"", ""2026-03-11"", ""2026-03-12"", ""2026-03-13"", ""2026-03-16"", ""2026-03-17"", ""2026-03-18"", ""2026-03-19"", ""2026-03-20"", ""2026-03-23""]",32354000000000,85793013000000,1,14.0,0.0,4.0
MIX,2026-03-25,included,,"[""2026-02-25"", ""2026-02-26"", ""2026-02-27"", ""2026-03-02"", ""2026-03-03"", ""2026-03-04"", ""2026-03-05"", ""2026-03-06"", ""2026-03-09"", ""2026-03-10"", ""2026-03-11"", ""2026-03-12"", ""2026-03-13"", ""2026-03-16"", ""2026-03-17"", ""2026-03-18"", ""2026-03-19"", ""2026-03-20"", ""2026-03-23"", ""2026-03-24""]",32367000000000,85797000000000,1,8.0,0.0,17.0
MIX,2026-03-26,included,,"[""2026-02-26"", ""2026-02-27"", ""2026-03-02"", ""2026-03-03"", ""2026-03-04"", ""2026-03-05"", ""2026-03-06"", ""2026-03-09"", ""2026-03-10"", ""2026-03-11"", ""2026-03-12"", ""2026-03-13"", ""2026-03-16"", ""2026-03-17"", ""2026-03-18"", ""2026-03-19"", ""2026-03-20"", ""2026-03-23"", ""2026-03-24"", ""2026-03-25""]",32341000000000,85798000000000,1,5.0,0.0,0.0
MIX,2026-03-27,included,,"[""2026-02-27"", ""2026-03-02"", ""2026-03-03"", ""2026-03-04"", ""2026-03-05"", ""2026-03-06"", ""2026-03-09"", ""2026-03-10"", ""2026-03-11"", ""2026-03-12"", ""2026-03-13"", ""2026-03-16"", ""2026-03-17"", ""2026-03-18"", ""2026-03-19"", ""2026-03-20"", ""2026-03-23"", ""2026-03-24"", ""2026-03-25"", ""2026-03-26""]",32375000000000,85797004000000,1,1.0,0.0,1.0
MIX,2026-03-30,included,,"[""2026-03-02"", ""2026-03-03"", ""2026-03-04"", ""2026-03-05"", ""2026-03-06"", ""2026-03-09"", ""2026-03-10"", ""2026-03-11"", ""2026-03-12"", ""2026-03-13"", ""2026-03-16"", ""2026-03-17"", ""2026-03-18"", ""2026-03-19"", ""2026-03-20"", ""2026-03-23"", ""2026-03-24"", ""2026-03-25"", ""2026-03-26"", ""2026-03-27""]",32364000000000,85798001000000,1,7.0,6.0,2.0
MIX,2026-03-31,included,,"[""2026-03-03"", ""2026-03-04"", ""2026-03-05"", ""2026-03-06"", ""2026-03-09"", ""2026-03-10"", ""2026-03-11"", ""2026-03-12"", ""2026-03-13"", ""2026-03-16"", ""2026-03-17"", ""2026-03-18"", ""2026-03-19"", ""2026-03-20"", ""2026-03-23"", ""2026-03-24"", ""2026-03-25"", ""2026-03-26"", ""2026-03-27"", ""2026-03-30""]",32378000000000,85792000000000,1,3.0,0.0,20.0
MIX,2026-04-01,included,,"[""2026-03-04"", ""2026-03-05"", ""2026-03-06"", ""2026-03-09"", ""2026-03-10"", ""2026-03-11"", ""2026-03-12"", ""2026-03-13"", ""2026-03-16"", ""2026-03-17"", ""2026-03-18"", ""2026-03-19"", ""2026-03-20"", ""2026-03-23"", ""2026-03-24"", ""2026-03-25"", ""2026-03-26"", ""2026-03-27"", ""2026-03-30"", ""2026-03-31""]",32363000000000,85793000000000,1,7.0,2.0,0.0
MIX,2026-04-02,included,,"[""2026-03-05"", ""2026-03-06"", ""2026-03-09"", ""2026-03-10"", ""2026-03-11"", ""2026-03-12"", ""2026-03-13"", ""2026-03-16"", ""2026-03-17"", ""2026-03-18"", ""2026-03-19"", ""2026-03-20"", ""2026-03-23"", ""2026-03-24"", ""2026-03-25"", ""2026-03-26"", ""2026-03-27"", ""2026-03-30"", ""2026-03-31"", ""2026-04-01""]",32369000000000,85799000000000,1,9.0,1.0,7.0
MIX,2026-04-03,included,,"[""2026-03-06"", ""2026-03-09"", ""2026-03-10"", ""2026-03-11"", ""2026-03-12"", ""2026-03-13"", ""2026-03-16"", ""2026-03-17"", ""2026-03-18"", ""2026-03-19"", ""2026-03-20"", ""2026-03-23"", ""2026-03-24"", ""2026-03-25"", ""2026-03-26"", ""2026-03-27"", ""2026-03-30"", ""2026-03-31"", ""2026-04-01"", ""2026-04-02""]",32376000000000,85798000000000,1,8.0,5.0,0.0
MIX,2026-04-06,included,,"[""2026-03-09"", ""2026-03-10"", ""2026-03-11"", ""2026-03-12"", ""2026-03-13"", ""2026-03-16"", ""2026-03-17"", ""2026-03-18"", ""2026-03-19"", ""2026-03-20"", ""2026-03-23"", ""2026-03-24"", ""2026-03-25"", ""2026-03-26"", ""2026-03-27"", ""2026-03-30"", ""2026-03-31"", ""2026-04-01"", ""2026-04-02"", ""2026-04-03""]",32377000000000,85796000000000,1,3.0,0.0,0.0
MIX,2026-04-07,included,,"[""2026-03-10"", ""2026-03-11"", ""2026-03-12"", ""2026-03-13"", ""2026-03-16"", ""2026-03-17"", ""2026-03-18"", ""2026-03-19"", ""2026-03-20"", ""2026-03-23"", ""2026-03-24"", ""2026-03-25"", ""2026-03-26"", ""2026-03-27"", ""2026-03-30"", ""2026-03-31"", ""2026-04-01"", ""2026-04-02"", ""2026-04-03"", ""2026-04-06""]",32350000000000,85796004000000,1,10.0,7.0,3.0
MIX,2026-04-08,included,,"[""2026-03-11"", ""2026-03-12"", ""2026-03-13"", ""2026-03-16"", ""2026-03-17"", ""2026-03-18"", ""2026-03-19"", ""2026-03-20"", ""2026-03-23"", ""2026-03-24"", ""2026-03-25"", ""2026-03-26"", ""2026-03-27"", ""2026-03-30"", ""2026-03-31"", ""2026-04-01"", ""2026-04-02"", ""2026-04-03"", ""2026-04-06"", ""2026-04-07""]",32369000000000,85797000000000,1,5.0,0.0,7.0
MIX,2026-04-09,included,,"[""2026-03-12"", ""2026-03-13"", ""2026-03-16"", ""2026-03-17"", ""2026-03-18"", ""2026-03-19"", ""2026-03-20"", ""2026-03-23"", ""2026-03-24"", ""2026-03-25"", ""2026-03-26"", ""2026-03-27"", ""2026-03-30"", ""2026-03-31"", ""2026-04-01"", ""2026-04-02"", ""2026-04-03"", ""2026-04-06"", ""2026-04-07"", ""2026-04-08""]",32380000000000,85798000000000,1,4.0,0.0,2.0
MIX,2026-04-10,included,,"[""2026-03-13"", ""2026-03-16"", ""2026-03-17"", ""2026-03-18"", ""2026-03-19"", ""2026-03-20"", ""2026-03-23"", ""2026-03-24"", ""2026-03-25"", ""2026-03-26"", ""2026-03-27"", ""2026-03-30"", ""2026-03-31"", ""2026-04-01"", ""2026-04-02"", ""2026-04-03"", ""2026-04-06"", ""2026-04-07"", ""2026-04-08"", ""2026-04-09""]",32388000000000,85798000000000,1,2.0,2.0,15.0
MIX,2026-04-13,included,,"[""2026-03-16"", ""2026-03-17"", ""2026-03-18"", ""2026-03-19"", ""2026-03-20"", ""2026-03-23"", ""2026-03-24"", ""2026-03-25"", ""2026-03-26"", ""2026-03-27"", ""2026-03-30"", ""2026-03-31"", ""2026-04-01"", ""2026-04-02"", ""2026-04-03"", ""2026-04-06"", ""2026-04-07"", ""2026-04-08"", ""2026-04-09"", ""2026-04-10""]",32358000000000,85793000000000,1,4.0,4.0,1.0
MIX,2026-04-14,included,,"[""2026-03-17"", ""2026-03-18"", ""2026-03-19"", ""2026-03-20"", ""2026-03-23"", ""2026-03-24"", ""2026-03-25"", ""2026-03-26"", ""2026-03-27"", ""2026-03-30"", ""2026-03-31"", ""2026-04-01"", ""2026-04-02"", ""2026-04-03"", ""2026-04-06"", ""2026-04-07"", ""2026-04-08"", ""2026-04-09"", ""2026-04-10"", ""2026-04-13""]",32360000000000,85799002000000,1,10.0,6.0,1.0
MIX,2026-04-15,included,,"[""2026-03-18"", ""2026-03-19"", ""2026-03-20"", ""2026-03-23"", ""2026-03-24"", ""2026-03-25"", ""2026-03-26"", ""2026-03-27"", ""2026-03-30"", ""2026-03-31"", ""2026-04-01"", ""2026-04-02"", ""2026-04-03"", ""2026-04-06"", ""2026-04-07"", ""2026-04-08"", ""2026-04-09"", ""2026-04-10"", ""2026-04-13"", ""2026-04-14""]",32371000000000,85799000000000,1,11.0,5.0,1.0
MIX,2026-04-16,included,,"[""2026-03-19"", ""2026-03-20"", ""2026-03-23"", ""2026-03-24"", ""2026-03-25"", ""2026-03-26"", ""2026-03-27"", ""2026-03-30"", ""2026-03-31"", ""2026-04-01"", ""2026-04-02"", ""2026-04-03"", ""2026-04-06"", ""2026-04-07"", ""2026-04-08"", ""2026-04-09"", ""2026-04-10"", ""2026-04-13"", ""2026-04-14"", ""2026-04-15""]",32343000000000,85790000000000,1,7.0,7.0,13.0
MIX,2026-04-17,included,,"[""2026-03-20"", ""2026-03-23"", ""2026-03-24"", ""2026-03-25"", ""2026-03-26"", ""2026-03-27"", ""2026-03-30"", ""2026-03-31"", ""2026-04-01"", ""2026-04-02"", ""2026-04-03"", ""2026-04-06"", ""2026-04-07"", ""2026-04-08"", ""2026-04-09"", ""2026-04-10"", ""2026-04-13"", ""2026-04-14"", ""2026-04-15"", ""2026-04-16""]",32350000000000,85799001000000,1,4.0,3.0,12.0
MIX,2026-04-20,included,,"[""2026-03-23"", ""2026-03-24"", ""2026-03-25"", ""2026-03-26"", ""2026-03-27"", ""2026-03-30"", ""2026-03-31"", ""2026-04-01"", ""2026-04-02"", ""2026-04-03"", ""2026-04-06"", ""2026-04-07"", ""2026-04-08"", ""2026-04-09"", ""2026-04-10"", ""2026-04-13"", ""2026-04-14"", ""2026-04-15"", ""2026-04-16"", ""2026-04-17""]",32372000000000,85797000000000,1,4.0,2.0,9.0
MIX,2026-04-21,included,,"[""2026-03-24"", ""2026-03-25"", ""2026-03-26"", ""2026-03-27"", ""2026-03-30"", ""2026-03-31"", ""2026-04-01"", ""2026-04-02"", ""2026-04-03"", ""2026-04-06"", ""2026-04-07"", ""2026-04-08"", ""2026-04-09"", ""2026-04-10"", ""2026-04-13"", ""2026-04-14"", ""2026-04-15"", ""2026-04-16"", ""2026-04-17"", ""2026-04-20""]",32367000000000,85794000000000,1,9.0,0.0,1.0
MIX,2026-04-22,included,,"[""2026-03-25"", ""2026-03-26"", ""2026-03-27"", ""2026-03-30"", ""2026-03-31"", ""2026-04-01"", ""2026-04-02"", ""2026-04-03"", ""2026-04-06"", ""2026-04-07"", ""2026-04-08"", ""2026-04-09"", ""2026-04-10"", ""2026-04-13"", ""2026-04-14"", ""2026-04-15"", ""2026-04-16"", ""2026-04-17"", ""2026-04-20"", ""2026-04-21""]",32383000000000,85792001000000,1,2.0,0.0,0.0
MIX,2026-04-23,included,,"[""2026-03-26"", ""2026-03-27"", ""2026-03-30"", ""2026-03-31"", ""2026-04-01"", ""2026-04-02"", ""2026-04-03"", ""2026-04-06"", ""2026-04-07"", ""2026-04-08"", ""2026-04-09"", ""2026-04-10"", ""2026-04-13"", ""2026-04-14"", ""2026-04-15"", ""2026-04-16"", ""2026-04-17"", ""2026-04-20"", ""2026-04-21"", ""2026-04-22""]",32387000000000,85799001000000,1,7.0,0.0,1.0
MIX,2026-04-24,included,,"[""2026-03-27"", ""2026-03-30"", ""2026-03-31"", ""2026-04-01"", ""2026-04-02"", ""2026-04-03"", ""2026-04-06"", ""2026-04-07"", ""2026-04-08"", ""2026-04-09"", ""2026-04-10"", ""2026-04-13"", ""2026-04-14"", ""2026-04-15"", ""2026-04-16"", ""2026-04-17"", ""2026-04-20"", ""2026-04-21"", ""2026-04-22"", ""2026-04-23""]",32378000000000,85799003000000,1,9.0,3.0,4.0
MIX,2026-04-27,included,,"[""2026-03-30"", ""2026-03-31"", ""2026-04-01"", ""2026-04-02"", ""2026-04-03"", ""2026-04-06"", ""2026-04-07"", ""2026-04-08"", ""2026-04-09"", ""2026-04-10"", ""2026-04-13"", ""2026-04-14"", ""2026-04-15"", ""2026-04-16"", ""2026-04-17"", ""2026-04-20"", ""2026-04-21"", ""2026-04-22"", ""2026-04-23"", ""2026-04-24""]",32366000000000,85799000000000,1,6.0,6.0,33.0
MIX,2026-04-28,included,,"[""2026-03-31"", ""2026-04-01"", ""2026-04-02"", ""2026-04-03"", ""2026-04-06"", ""2026-04-07"", ""2026-04-08"", ""2026-04-09"", ""2026-04-10"", ""2026-04-13"", ""2026-04-14"", ""2026-04-15"", ""2026-04-16"", ""2026-04-17"", ""2026-04-20"", ""2026-04-21"", ""2026-04-22"", ""2026-04-23"", ""2026-04-24"", ""2026-04-27""]",32364000000000,85796000000000,1,7.0,7.0,6.0
MIX,2026-04-29,included,,"[""2026-04-01"", ""2026-04-02"", ""2026-04-03"", ""2026-04-06"", ""2026-04-07"", ""2026-04-08"", ""2026-04-09"", ""2026-04-10"", ""2026-04-13"", ""2026-04-14"", ""2026-04-15"", ""2026-04-16"", ""2026-04-17"", ""2026-04-20"", ""2026-04-21"", ""2026-04-22"", ""2026-04-23"", ""2026-04-24"", ""2026-04-27"", ""2026-04-28""]",32343000000000,85798000000000,1,5.0,4.0,4.0
MIX,2026-04-30,included,,"[""2026-04-02"", ""2026-04-03"", ""2026-04-06"", ""2026-04-07"", ""2026-04-08"", ""2026-04-09"", ""2026-04-10"", ""2026-04-13"", ""2026-04-14"", ""2026-04-15"", ""2026-04-16"", ""2026-04-17"", ""2026-04-20"", ""2026-04-21"", ""2026-04-22"", ""2026-04-23"", ""2026-04-24"", ""2026-04-27"", ""2026-04-28"", ""2026-04-29""]",32362000000000,85797000000000,1,8.0,8.0,0.0
MIX,2026-05-01,included,,"[""2026-04-03"", ""2026-04-06"", ""2026-04-07"", ""2026-04-08"", ""2026-04-09"", ""2026-04-10"", ""2026-04-13"", ""2026-04-14"", ""2026-04-15"", ""2026-04-16"", ""2026-04-17"", ""2026-04-20"", ""2026-04-21"", ""2026-04-22"", ""2026-04-23"", ""2026-04-24"", ""2026-04-27"", ""2026-04-28"", ""2026-04-29"", ""2026-04-30""]",35972000000000,85795000000000,1,7.0,0.0,58.0
MIX,2026-05-04,included,,"[""2026-04-06"", ""2026-04-07"", ""2026-04-08"", ""2026-04-09"", ""2026-04-10"", ""2026-04-13"", ""2026-04-14"", ""2026-04-15"", ""2026-04-16"", ""2026-04-17"", ""2026-04-20"", ""2026-04-21"", ""2026-04-22"", ""2026-04-23"", ""2026-04-24"", ""2026-04-27"", ""2026-04-28"", ""2026-04-29"", ""2026-04-30"", ""2026-05-01""]",32376000000000,85799007000000,1,4.0,3.0,3.0
MIX,2026-05-05,included,,"[""2026-04-07"", ""2026-04-08"", ""2026-04-09"", ""2026-04-10"", ""2026-04-13"", ""2026-04-14"", ""2026-04-15"", ""2026-04-16"", ""2026-04-17"", ""2026-04-20"", ""2026-04-21"", ""2026-04-22"", ""2026-04-23"", ""2026-04-24"", ""2026-04-27"", ""2026-04-28"", ""2026-04-29"", ""2026-04-30"", ""2026-05-01"", ""2026-05-04""]",32400000000000,85798000000000,1,3.0,3.0,5.0
MIX,2026-05-06,included,,"[""2026-04-08"", ""2026-04-09"", ""2026-04-10"", ""2026-04-13"", ""2026-04-14"", ""2026-04-15"", ""2026-04-16"", ""2026-04-17"", ""2026-04-20"", ""2026-04-21"", ""2026-04-22"", ""2026-04-23"", ""2026-04-24"", ""2026-04-27"", ""2026-04-28"", ""2026-04-29"", ""2026-04-30"", ""2026-05-01"", ""2026-05-04"", ""2026-05-05""]",32367000000000,85799000000000,1,5.0,5.0,1.0
MIX,2026-05-07,included,,"[""2026-04-09"", ""2026-04-10"", ""2026-04-13"", ""2026-04-14"", ""2026-04-15"", ""2026-04-16"", ""2026-04-17"", ""2026-04-20"", ""2026-04-21"", ""2026-04-22"", ""2026-04-23"", ""2026-04-24"", ""2026-04-27"", ""2026-04-28"", ""2026-04-29"", ""2026-04-30"", ""2026-05-01"", ""2026-05-04"", ""2026-05-05"", ""2026-05-06""]",32360000000000,85797007000000,1,4.0,0.0,2.0
MIX,2026-05-08,included,,"[""2026-04-10"", ""2026-04-13"", ""2026-04-14"", ""2026-04-15"", ""2026-04-16"", ""2026-04-17"", ""2026-04-20"", ""2026-04-21"", ""2026-04-22"", ""2026-04-23"", ""2026-04-24"", ""2026-04-27"", ""2026-04-28"", ""2026-04-29"", ""2026-04-30"", ""2026-05-01"", ""2026-05-04"", ""2026-05-05"", ""2026-05-06"", ""2026-05-07""]",32348000000000,85798002000000,1,11.0,0.0,0.0
MIX,2026-05-11,included,,"[""2026-04-13"", ""2026-04-14"", ""2026-04-15"", ""2026-04-16"", ""2026-04-17"", ""2026-04-20"", ""2026-04-21"", ""2026-04-22"", ""2026-04-23"", ""2026-04-24"", ""2026-04-27"", ""2026-04-28"", ""2026-04-29"", ""2026-04-30"", ""2026-05-01"", ""2026-05-04"", ""2026-05-05"", ""2026-05-06"", ""2026-05-07"", ""2026-05-08""]",32354000000000,85799000000000,1,6.0,0.0,0.0
MIX,2026-05-12,included,,"[""2026-04-14"", ""2026-04-15"", ""2026-04-16"", ""2026-04-17"", ""2026-04-20"", ""2026-04-21"", ""2026-04-22"", ""2026-04-23"", ""2026-04-24"", ""2026-04-27"", ""2026-04-28"", ""2026-04-29"", ""2026-04-30"", ""2026-05-01"", ""2026-05-04"", ""2026-05-05"", ""2026-05-06"", ""2026-05-07"", ""2026-05-08"", ""2026-05-11""]",32352000000000,85798002000000,1,1.0,1.0,0.0
MIX,2026-05-13,included,,"[""2026-04-15"", ""2026-04-16"", ""2026-04-17"", ""2026-04-20"", ""2026-04-21"", ""2026-04-22"", ""2026-04-23"", ""2026-04-24"", ""2026-04-27"", ""2026-04-28"", ""2026-04-29"", ""2026-04-30"", ""2026-05-01"", ""2026-05-04"", ""2026-05-05"", ""2026-05-06"", ""2026-05-07"", ""2026-05-08"", ""2026-05-11"", ""2026-05-12""]",32357000000000,85713014000000,1,9.0,3.0,13.0
MIX,2026-05-14,included,,"[""2026-04-16"", ""2026-04-17"", ""2026-04-20"", ""2026-04-21"", ""2026-04-22"", ""2026-04-23"", ""2026-04-24"", ""2026-04-27"", ""2026-04-28"", ""2026-04-29"", ""2026-04-30"", ""2026-05-01"", ""2026-05-04"", ""2026-05-05"", ""2026-05-06"", ""2026-05-07"", ""2026-05-08"", ""2026-05-11"", ""2026-05-12"", ""2026-05-13""]",32354000000000,85798009000000,1,10.0,4.0,2.0
MIX,2026-05-15,included,,"[""2026-04-17"", ""2026-04-20"", ""2026-04-21"", ""2026-04-22"", ""2026-04-23"", ""2026-04-24"", ""2026-04-27"", ""2026-04-28"", ""2026-04-29"", ""2026-04-30"", ""2026-05-01"", ""2026-05-04"", ""2026-05-05"", ""2026-05-06"", ""2026-05-07"", ""2026-05-08"", ""2026-05-11"", ""2026-05-12"", ""2026-05-13"", ""2026-05-14""]",32353000000000,85796001000000,1,7.0,0.0,6.0
MIX,2026-05-18,included,,"[""2026-04-20"", ""2026-04-21"", ""2026-04-22"", ""2026-04-23"", ""2026-04-24"", ""2026-04-27"", ""2026-04-28"", ""2026-04-29"", ""2026-04-30"", ""2026-05-01"", ""2026-05-04"", ""2026-05-05"", ""2026-05-06"", ""2026-05-07"", ""2026-05-08"", ""2026-05-11"", ""2026-05-12"", ""2026-05-13"", ""2026-05-14"", ""2026-05-15""]",32386000000000,85798001000000,1,7.0,7.0,2.0
MIX,2026-05-19,included,,"[""2026-04-21"", ""2026-04-22"", ""2026-04-23"", ""2026-04-24"", ""2026-04-27"", ""2026-04-28"", ""2026-04-29"", ""2026-04-30"", ""2026-05-01"", ""2026-05-04"", ""2026-05-05"", ""2026-05-06"", ""2026-05-07"", ""2026-05-08"", ""2026-05-11"", ""2026-05-12"", ""2026-05-13"", ""2026-05-14"", ""2026-05-15"", ""2026-05-18""]",32373000000000,85789000000000,1,7.0,2.0,0.0
MIX,2026-05-20,included,,"[""2026-04-22"", ""2026-04-23"", ""2026-04-24"", ""2026-04-27"", ""2026-04-28"", ""2026-04-29"", ""2026-04-30"", ""2026-05-01"", ""2026-05-04"", ""2026-05-05"", ""2026-05-06"", ""2026-05-07"", ""2026-05-08"", ""2026-05-11"", ""2026-05-12"", ""2026-05-13"", ""2026-05-14"", ""2026-05-15"", ""2026-05-18"", ""2026-05-19""]",32344000000000,85790000000000,1,4.0,4.0,4.0
MIX,2026-05-21,included,,"[""2026-04-23"", ""2026-04-24"", ""2026-04-27"", ""2026-04-28"", ""2026-04-29"", ""2026-04-30"", ""2026-05-01"", ""2026-05-04"", ""2026-05-05"", ""2026-05-06"", ""2026-05-07"", ""2026-05-08"", ""2026-05-11"", ""2026-05-12"", ""2026-05-13"", ""2026-05-14"", ""2026-05-15"", ""2026-05-18"", ""2026-05-19"", ""2026-05-20""]",32379000000000,85793007000000,1,1.0,1.0,1.0
MIX,2026-05-22,included,,"[""2026-04-24"", ""2026-04-27"", ""2026-04-28"", ""2026-04-29"", ""2026-04-30"", ""2026-05-01"", ""2026-05-04"", ""2026-05-05"", ""2026-05-06"", ""2026-05-07"", ""2026-05-08"", ""2026-05-11"", ""2026-05-12"", ""2026-05-13"", ""2026-05-14"", ""2026-05-15"", ""2026-05-18"", ""2026-05-19"", ""2026-05-20"", ""2026-05-21""]",32386000000000,85798000000000,1,3.0,3.0,2.0
MIX,2026-05-25,included,,"[""2026-04-27"", ""2026-04-28"", ""2026-04-29"", ""2026-04-30"", ""2026-05-01"", ""2026-05-04"", ""2026-05-05"", ""2026-05-06"", ""2026-05-07"", ""2026-05-08"", ""2026-05-11"", ""2026-05-12"", ""2026-05-13"", ""2026-05-14"", ""2026-05-15"", ""2026-05-18"", ""2026-05-19"", ""2026-05-20"", ""2026-05-21"", ""2026-05-22""]",32362000000000,85798000000000,1,7.0,3.0,0.0
MIX,2026-05-26,included,,"[""2026-04-28"", ""2026-04-29"", ""2026-04-30"", ""2026-05-01"", ""2026-05-04"", ""2026-05-05"", ""2026-05-06"", ""2026-05-07"", ""2026-05-08"", ""2026-05-11"", ""2026-05-12"", ""2026-05-13"", ""2026-05-14"", ""2026-05-15"", ""2026-05-18"", ""2026-05-19"", ""2026-05-20"", ""2026-05-21"", ""2026-05-22"", ""2026-05-25""]",32375000000000,85798000000000,1,7.0,7.0,4.0
MIX,2026-05-27,included,,"[""2026-04-29"", ""2026-04-30"", ""2026-05-01"", ""2026-05-04"", ""2026-05-05"", ""2026-05-06"", ""2026-05-07"", ""2026-05-08"", ""2026-05-11"", ""2026-05-12"", ""2026-05-13"", ""2026-05-14"", ""2026-05-15"", ""2026-05-18"", ""2026-05-19"", ""2026-05-20"", ""2026-05-21"", ""2026-05-22"", ""2026-05-25"", ""2026-05-26""]",32377000000000,85794001000000,1,8.0,8.0,6.0
MIX,2026-05-28,included,,"[""2026-04-30"", ""2026-05-01"", ""2026-05-04"", ""2026-05-05"", ""2026-05-06"", ""2026-05-07"", ""2026-05-08"", ""2026-05-11"", ""2026-05-12"", ""2026-05-13"", ""2026-05-14"", ""2026-05-15"", ""2026-05-18"", ""2026-05-19"", ""2026-05-20"", ""2026-05-21"", ""2026-05-22"", ""2026-05-25"", ""2026-05-26"", ""2026-05-27""]",32379000000000,85799000000000,1,5.0,0.0,4.0
MIX,2026-05-29,included,,"[""2026-05-01"", ""2026-05-04"", ""2026-05-05"", ""2026-05-06"", ""2026-05-07"", ""2026-05-08"", ""2026-05-11"", ""2026-05-12"", ""2026-05-13"", ""2026-05-14"", ""2026-05-15"", ""2026-05-18"", ""2026-05-19"", ""2026-05-20"", ""2026-05-21"", ""2026-05-22"", ""2026-05-25"", ""2026-05-26"", ""2026-05-27"", ""2026-05-28""]",32383000000000,85791007000000,1,6.0,2.0,0.0
MIX,2026-06-01,included,,"[""2026-05-04"", ""2026-05-05"", ""2026-05-06"", ""2026-05-07"", ""2026-05-08"", ""2026-05-11"", ""2026-05-12"", ""2026-05-13"", ""2026-05-14"", ""2026-05-15"", ""2026-05-18"", ""2026-05-19"", ""2026-05-20"", ""2026-05-21"", ""2026-05-22"", ""2026-05-25"", ""2026-05-26"", ""2026-05-27"", ""2026-05-28"", ""2026-05-29""]",32353000000000,85799002000000,1,5.0,3.0,8.0
MIX,2026-06-02,included,,"[""2026-05-05"", ""2026-05-06"", ""2026-05-07"", ""2026-05-08"", ""2026-05-11"", ""2026-05-12"", ""2026-05-13"", ""2026-05-14"", ""2026-05-15"", ""2026-05-18"", ""2026-05-19"", ""2026-05-20"", ""2026-05-21"", ""2026-05-22"", ""2026-05-25"", ""2026-05-26"", ""2026-05-27"", ""2026-05-28"", ""2026-05-29"", ""2026-06-01""]",32351000000000,85793005000000,1,2.0,0.0,3.0
MIX,2026-06-03,included,,"[""2026-05-06"", ""2026-05-07"", ""2026-05-08"", ""2026-05-11"", ""2026-05-12"", ""2026-05-13"", ""2026-05-14"", ""2026-05-15"", ""2026-05-18"", ""2026-05-19"", ""2026-05-20"", ""2026-05-21"", ""2026-05-22"", ""2026-05-25"", ""2026-05-26"", ""2026-05-27"", ""2026-05-28"", ""2026-05-29"", ""2026-06-01"", ""2026-06-02""]",32370000000000,85796001000000,1,4.0,1.0,0.0
MIX,2026-06-04,included,,"[""2026-05-07"", ""2026-05-08"", ""2026-05-11"", ""2026-05-12"", ""2026-05-13"", ""2026-05-14"", ""2026-05-15"", ""2026-05-18"", ""2026-05-19"", ""2026-05-20"", ""2026-05-21"", ""2026-05-22"", ""2026-05-25"", ""2026-05-26"", ""2026-05-27"", ""2026-05-28"", ""2026-05-29"", ""2026-06-01"", ""2026-06-02"", ""2026-06-03""]",32347000000000,85797000000000,1,9.0,7.0,1.0
MIX,2026-06-05,included,,"[""2026-05-08"", ""2026-05-11"", ""2026-05-12"", ""2026-05-13"", ""2026-05-14"", ""2026-05-15"", ""2026-05-18"", ""2026-05-19"", ""2026-05-20"", ""2026-05-21"", ""2026-05-22"", ""2026-05-25"", ""2026-05-26"", ""2026-05-27"", ""2026-05-28"", ""2026-05-29"", ""2026-06-01"", ""2026-06-02"", ""2026-06-03"", ""2026-06-04""]",32345000000000,85793002000000,1,6.0,0.0,6.0
MIX,2026-06-08,included,,"[""2026-05-11"", ""2026-05-12"", ""2026-05-13"", ""2026-05-14"", ""2026-05-15"", ""2026-05-18"", ""2026-05-19"", ""2026-05-20"", ""2026-05-21"", ""2026-05-22"", ""2026-05-25"", ""2026-05-26"", ""2026-05-27"", ""2026-05-28"", ""2026-05-29"", ""2026-06-01"", ""2026-06-02"", ""2026-06-03"", ""2026-06-04"", ""2026-06-05""]",32371000000000,85799000000000,1,1.0,1.0,1.0
MIX,2026-06-09,included,,"[""2026-05-12"", ""2026-05-13"", ""2026-05-14"", ""2026-05-15"", ""2026-05-18"", ""2026-05-19"", ""2026-05-20"", ""2026-05-21"", ""2026-05-22"", ""2026-05-25"", ""2026-05-26"", ""2026-05-27"", ""2026-05-28"", ""2026-05-29"", ""2026-06-01"", ""2026-06-02"", ""2026-06-03"", ""2026-06-04"", ""2026-06-05"", ""2026-06-08""]",32343000000000,85797000000000,1,2.0,2.0,7.0
MIX,2026-06-10,included,,"[""2026-05-13"", ""2026-05-14"", ""2026-05-15"", ""2026-05-18"", ""2026-05-19"", ""2026-05-20"", ""2026-05-21"", ""2026-05-22"", ""2026-05-25"", ""2026-05-26"", ""2026-05-27"", ""2026-05-28"", ""2026-05-29"", ""2026-06-01"", ""2026-06-02"", ""2026-06-03"", ""2026-06-04"", ""2026-06-05"", ""2026-06-08"", ""2026-06-09""]",32400000000000,85798006000000,1,3.0,3.0,4.0
MIX,2026-06-11,included,,"[""2026-05-14"", ""2026-05-15"", ""2026-05-18"", ""2026-05-19"", ""2026-05-20"", ""2026-05-21"", ""2026-05-22"", ""2026-05-25"", ""2026-05-26"", ""2026-05-27"", ""2026-05-28"", ""2026-05-29"", ""2026-06-01"", ""2026-06-02"", ""2026-06-03"", ""2026-06-04"", ""2026-06-05"", ""2026-06-08"", ""2026-06-09"", ""2026-06-10""]",32377000000000,85795004000000,1,14.0,2.0,6.0
MIX,2026-06-12,included,,"[""2026-05-15"", ""2026-05-18"", ""2026-05-19"", ""2026-05-20"", ""2026-05-21"", ""2026-05-22"", ""2026-05-25"", ""2026-05-26"", ""2026-05-27"", ""2026-05-28"", ""2026-05-29"", ""2026-06-01"", ""2026-06-02"", ""2026-06-03"", ""2026-06-04"", ""2026-06-05"", ""2026-06-08"", ""2026-06-09"", ""2026-06-10"", ""2026-06-11""]",35988000000000,85789002000000,1,13.0,0.0,73.0
MIX,2026-06-15,included,,"[""2026-05-18"", ""2026-05-19"", ""2026-05-20"", ""2026-05-21"", ""2026-05-22"", ""2026-05-25"", ""2026-05-26"", ""2026-05-27"", ""2026-05-28"", ""2026-05-29"", ""2026-06-01"", ""2026-06-02"", ""2026-06-03"", ""2026-06-04"", ""2026-06-05"", ""2026-06-08"", ""2026-06-09"", ""2026-06-10"", ""2026-06-11"", ""2026-06-12""]",32356000000000,85782000000000,1,8.0,7.0,10.0
MIX,2026-06-16,included,,"[""2026-05-19"", ""2026-05-20"", ""2026-05-21"", ""2026-05-22"", ""2026-05-25"", ""2026-05-26"", ""2026-05-27"", ""2026-05-28"", ""2026-05-29"", ""2026-06-01"", ""2026-06-02"", ""2026-06-03"", ""2026-06-04"", ""2026-06-05"", ""2026-06-08"", ""2026-06-09"", ""2026-06-10"", ""2026-06-11"", ""2026-06-12"", ""2026-06-15""]",32383000000000,85797000000000,1,5.0,1.0,4.0
MIX,2026-06-17,included,,"[""2026-05-20"", ""2026-05-21"", ""2026-05-22"", ""2026-05-25"", ""2026-05-26"", ""2026-05-27"", ""2026-05-28"", ""2026-05-29"", ""2026-06-01"", ""2026-06-02"", ""2026-06-03"", ""2026-06-04"", ""2026-06-05"", ""2026-06-08"", ""2026-06-09"", ""2026-06-10"", ""2026-06-11"", ""2026-06-12"", ""2026-06-15"", ""2026-06-16""]",32373000000000,85797000000000,1,8.0,0.0,1.0
MIX,2026-06-18,included,,"[""2026-05-21"", ""2026-05-22"", ""2026-05-25"", ""2026-05-26"", ""2026-05-27"", ""2026-05-28"", ""2026-05-29"", ""2026-06-01"", ""2026-06-02"", ""2026-06-03"", ""2026-06-04"", ""2026-06-05"", ""2026-06-08"", ""2026-06-09"", ""2026-06-10"", ""2026-06-11"", ""2026-06-12"", ""2026-06-15"", ""2026-06-16"", ""2026-06-17""]",32375000000000,85798001000000,1,4.0,4.0,2.0
MIX,2026-06-19,included,,"[""2026-05-22"", ""2026-05-25"", ""2026-05-26"", ""2026-05-27"", ""2026-05-28"", ""2026-05-29"", ""2026-06-01"", ""2026-06-02"", ""2026-06-03"", ""2026-06-04"", ""2026-06-05"", ""2026-06-08"", ""2026-06-09"", ""2026-06-10"", ""2026-06-11"", ""2026-06-12"", ""2026-06-15"", ""2026-06-16"", ""2026-06-17"", ""2026-06-18""]",32354000000000,85797000000000,1,9.0,2.0,1.0
MIX,2026-06-22,included,,"[""2026-05-25"", ""2026-05-26"", ""2026-05-27"", ""2026-05-28"", ""2026-05-29"", ""2026-06-01"", ""2026-06-02"", ""2026-06-03"", ""2026-06-04"", ""2026-06-05"", ""2026-06-08"", ""2026-06-09"", ""2026-06-10"", ""2026-06-11"", ""2026-06-12"", ""2026-06-15"", ""2026-06-16"", ""2026-06-17"", ""2026-06-18"", ""2026-06-19""]",32368000000000,85799000000000,1,2.0,2.0,2.0
MIX,2026-06-23,included,,"[""2026-05-26"", ""2026-05-27"", ""2026-05-28"", ""2026-05-29"", ""2026-06-01"", ""2026-06-02"", ""2026-06-03"", ""2026-06-04"", ""2026-06-05"", ""2026-06-08"", ""2026-06-09"", ""2026-06-10"", ""2026-06-11"", ""2026-06-12"", ""2026-06-15"", ""2026-06-16"", ""2026-06-17"", ""2026-06-18"", ""2026-06-19"", ""2026-06-22""]",32383000000000,85796000000000,1,4.0,4.0,0.0
MIX,2026-06-24,included,,"[""2026-05-27"", ""2026-05-28"", ""2026-05-29"", ""2026-06-01"", ""2026-06-02"", ""2026-06-03"", ""2026-06-04"", ""2026-06-05"", ""2026-06-08"", ""2026-06-09"", ""2026-06-10"", ""2026-06-11"", ""2026-06-12"", ""2026-06-15"", ""2026-06-16"", ""2026-06-17"", ""2026-06-18"", ""2026-06-19"", ""2026-06-22"", ""2026-06-23""]",32378000000000,85799000000000,1,4.0,4.0,1.0
MIX,2026-06-25,included,,"[""2026-05-28"", ""2026-05-29"", ""2026-06-01"", ""2026-06-02"", ""2026-06-03"", ""2026-06-04"", ""2026-06-05"", ""2026-06-08"", ""2026-06-09"", ""2026-06-10"", ""2026-06-11"", ""2026-06-12"", ""2026-06-15"", ""2026-06-16"", ""2026-06-17"", ""2026-06-18"", ""2026-06-19"", ""2026-06-22"", ""2026-06-23"", ""2026-06-24""]",32347000000000,85797000000000,1,10.0,10.0,1.0
MIX,2026-06-26,included,,"[""2026-05-29"", ""2026-06-01"", ""2026-06-02"", ""2026-06-03"", ""2026-06-04"", ""2026-06-05"", ""2026-06-08"", ""2026-06-09"", ""2026-06-10"", ""2026-06-11"", ""2026-06-12"", ""2026-06-15"", ""2026-06-16"", ""2026-06-17"", ""2026-06-18"", ""2026-06-19"", ""2026-06-22"", ""2026-06-23"", ""2026-06-24"", ""2026-06-25""]",32342000000000,85795001000000,1,8.0,8.0,0.0
MIX,2026-06-29,included,,"[""2026-06-01"", ""2026-06-02"", ""2026-06-03"", ""2026-06-04"", ""2026-06-05"", ""2026-06-08"", ""2026-06-09"", ""2026-06-10"", ""2026-06-11"", ""2026-06-12"", ""2026-06-15"", ""2026-06-16"", ""2026-06-17"", ""2026-06-18"", ""2026-06-19"", ""2026-06-22"", ""2026-06-23"", ""2026-06-24"", ""2026-06-25"", ""2026-06-26""]",32364000000000,85799003000000,1,3.0,3.0,0.0
MIX,2026-06-30,included,,"[""2026-06-02"", ""2026-06-03"", ""2026-06-04"", ""2026-06-05"", ""2026-06-08"", ""2026-06-09"", ""2026-06-10"", ""2026-06-11"", ""2026-06-12"", ""2026-06-15"", ""2026-06-16"", ""2026-06-17"", ""2026-06-18"", ""2026-06-19"", ""2026-06-22"", ""2026-06-23"", ""2026-06-24"", ""2026-06-25"", ""2026-06-26"", ""2026-06-29""]",32382000000000,85797001000000,1,4.0,4.0,0.0
MIX,2026-07-01,included,,"[""2026-06-03"", ""2026-06-04"", ""2026-06-05"", ""2026-06-08"", ""2026-06-09"", ""2026-06-10"", ""2026-06-11"", ""2026-06-12"", ""2026-06-15"", ""2026-06-16"", ""2026-06-17"", ""2026-06-18"", ""2026-06-19"", ""2026-06-22"", ""2026-06-23"", ""2026-06-24"", ""2026-06-25"", ""2026-06-26"", ""2026-06-29"", ""2026-06-30""]",32345000000000,85798000000000,1,5.0,5.0,1.0
MIX,2026-07-02,included,,"[""2026-06-04"", ""2026-06-05"", ""2026-06-08"", ""2026-06-09"", ""2026-06-10"", ""2026-06-11"", ""2026-06-12"", ""2026-06-15"", ""2026-06-16"", ""2026-06-17"", ""2026-06-18"", ""2026-06-19"", ""2026-06-22"", ""2026-06-23"", ""2026-06-24"", ""2026-06-25"", ""2026-06-26"", ""2026-06-29"", ""2026-06-30"", ""2026-07-01""]",32351000000000,85798001000000,1,1.0,1.0,0.0
MIX,2026-07-03,included,,"[""2026-06-05"", ""2026-06-08"", ""2026-06-09"", ""2026-06-10"", ""2026-06-11"", ""2026-06-12"", ""2026-06-15"", ""2026-06-16"", ""2026-06-17"", ""2026-06-18"", ""2026-06-19"", ""2026-06-22"", ""2026-06-23"", ""2026-06-24"", ""2026-06-25"", ""2026-06-26"", ""2026-06-29"", ""2026-06-30"", ""2026-07-01"", ""2026-07-02""]",32358000000000,85796001000000,1,5.0,5.0,4.0
MIX,2026-07-06,included,,"[""2026-06-08"", ""2026-06-09"", ""2026-06-10"", ""2026-06-11"", ""2026-06-12"", ""2026-06-15"", ""2026-06-16"", ""2026-06-17"", ""2026-06-18"", ""2026-06-19"", ""2026-06-22"", ""2026-06-23"", ""2026-06-24"", ""2026-06-25"", ""2026-06-26"", ""2026-06-29"", ""2026-06-30"", ""2026-07-01"", ""2026-07-02"", ""2026-07-03""]",32373000000000,85799000000000,1,7.0,0.0,1.0
MIX,2026-07-07,included,,"[""2026-06-09"", ""2026-06-10"", ""2026-06-11"", ""2026-06-12"", ""2026-06-15"", ""2026-06-16"", ""2026-06-17"", ""2026-06-18"", ""2026-06-19"", ""2026-06-22"", ""2026-06-23"", ""2026-06-24"", ""2026-06-25"", ""2026-06-26"", ""2026-06-29"", ""2026-06-30"", ""2026-07-01"", ""2026-07-02"", ""2026-07-03"", ""2026-07-06""]",32359000000000,85798000000000,1,7.0,7.0,3.0
MIX,2026-07-08,included,,"[""2026-06-10"", ""2026-06-11"", ""2026-06-12"", ""2026-06-15"", ""2026-06-16"", ""2026-06-17"", ""2026-06-18"", ""2026-06-19"", ""2026-06-22"", ""2026-06-23"", ""2026-06-24"", ""2026-06-25"", ""2026-06-26"", ""2026-06-29"", ""2026-06-30"", ""2026-07-01"", ""2026-07-02"", ""2026-07-03"", ""2026-07-06"", ""2026-07-07""]",32390000000000,85799002000000,1,7.0,7.0,0.0
MIX,2026-07-09,included,,"[""2026-06-11"", ""2026-06-12"", ""2026-06-15"", ""2026-06-16"", ""2026-06-17"", ""2026-06-18"", ""2026-06-19"", ""2026-06-22"", ""2026-06-23"", ""2026-06-24"", ""2026-06-25"", ""2026-06-26"", ""2026-06-29"", ""2026-06-30"", ""2026-07-01"", ""2026-07-02"", ""2026-07-03"", ""2026-07-06"", ""2026-07-07"", ""2026-07-08""]",32361000000000,85796007000000,1,12.0,0.0,0.0
MIX,2026-07-10,included,,"[""2026-06-12"", ""2026-06-15"", ""2026-06-16"", ""2026-06-17"", ""2026-06-18"", ""2026-06-19"", ""2026-06-22"", ""2026-06-23"", ""2026-06-24"", ""2026-06-25"", ""2026-06-26"", ""2026-06-29"", ""2026-06-30"", ""2026-07-01"", ""2026-07-02"", ""2026-07-03"", ""2026-07-06"", ""2026-07-07"", ""2026-07-08"", ""2026-07-09""]",32344000000000,85787001000000,1,11.0,0.0,4.0
MIX,2026-07-13,included,,"[""2026-06-15"", ""2026-06-16"", ""2026-06-17"", ""2026-06-18"", ""2026-06-19"", ""2026-06-22"", ""2026-06-23"", ""2026-06-24"", ""2026-06-25"", ""2026-06-26"", ""2026-06-29"", ""2026-06-30"", ""2026-07-01"", ""2026-07-02"", ""2026-07-03"", ""2026-07-06"", ""2026-07-07"", ""2026-07-08"", ""2026-07-09"", ""2026-07-10""]",32370000000000,85799000000000,1,7.0,7.0,0.0
MIX,2026-07-14,included,,"[""2026-06-16"", ""2026-06-17"", ""2026-06-18"", ""2026-06-19"", ""2026-06-22"", ""2026-06-23"", ""2026-06-24"", ""2026-06-25"", ""2026-06-26"", ""2026-06-29"", ""2026-06-30"", ""2026-07-01"", ""2026-07-02"", ""2026-07-03"", ""2026-07-06"", ""2026-07-07"", ""2026-07-08"", ""2026-07-09"", ""2026-07-10"", ""2026-07-13""]",25141000000000,85794006000000,1,4.0,0.0,0.0
MIX,2026-07-15,included,,"[""2026-06-17"", ""2026-06-18"", ""2026-06-19"", ""2026-06-22"", ""2026-06-23"", ""2026-06-24"", ""2026-06-25"", ""2026-06-26"", ""2026-06-29"", ""2026-06-30"", ""2026-07-01"", ""2026-07-02"", ""2026-07-03"", ""2026-07-06"", ""2026-07-07"", ""2026-07-08"", ""2026-07-09"", ""2026-07-10"", ""2026-07-13"", ""2026-07-14""]",25143000000000,85798002000000,1,2.0,2.0,3.0
MIX,2026-07-16,included,,"[""2026-06-18"", ""2026-06-19"", ""2026-06-22"", ""2026-06-23"", ""2026-06-24"", ""2026-06-25"", ""2026-06-26"", ""2026-06-29"", ""2026-06-30"", ""2026-07-01"", ""2026-07-02"", ""2026-07-03"", ""2026-07-06"", ""2026-07-07"", ""2026-07-08"", ""2026-07-09"", ""2026-07-10"", ""2026-07-13"", ""2026-07-14"", ""2026-07-15""]",25169000000000,85799000000000,1,6.0,6.0,0.0
MIX,2026-07-17,included,,"[""2026-06-19"", ""2026-06-22"", ""2026-06-23"", ""2026-06-24"", ""2026-06-25"", ""2026-06-26"", ""2026-06-29"", ""2026-06-30"", ""2026-07-01"", ""2026-07-02"", ""2026-07-03"", ""2026-07-06"", ""2026-07-07"", ""2026-07-08"", ""2026-07-09"", ""2026-07-10"", ""2026-07-13"", ""2026-07-14"", ""2026-07-15"", ""2026-07-16""]",25156000000000,85799003000000,1,5.0,4.0,2.0
MIX,2026-07-20,included,,"[""2026-06-22"", ""2026-06-23"", ""2026-06-24"", ""2026-06-25"", ""2026-06-26"", ""2026-06-29"", ""2026-06-30"", ""2026-07-01"", ""2026-07-02"", ""2026-07-03"", ""2026-07-06"", ""2026-07-07"", ""2026-07-08"", ""2026-07-09"", ""2026-07-10"", ""2026-07-13"", ""2026-07-14"", ""2026-07-15"", ""2026-07-16"", ""2026-07-17""]",25171000000000,85793003000000,1,6.0,6.0,0.0
MIX,2026-07-21,included,,"[""2026-06-23"", ""2026-06-24"", ""2026-06-25"", ""2026-06-26"", ""2026-06-29"", ""2026-06-30"", ""2026-07-01"", ""2026-07-02"", ""2026-07-03"", ""2026-07-06"", ""2026-07-07"", ""2026-07-08"", ""2026-07-09"", ""2026-07-10"", ""2026-07-13"", ""2026-07-14"", ""2026-07-15"", ""2026-07-16"", ""2026-07-17"", ""2026-07-20""]",25184000000000,85798008000000,1,3.0,3.0,0.0
MIX,2026-07-22,included,,"[""2026-06-24"", ""2026-06-25"", ""2026-06-26"", ""2026-06-29"", ""2026-06-30"", ""2026-07-01"", ""2026-07-02"", ""2026-07-03"", ""2026-07-06"", ""2026-07-07"", ""2026-07-08"", ""2026-07-09"", ""2026-07-10"", ""2026-07-13"", ""2026-07-14"", ""2026-07-15"", ""2026-07-16"", ""2026-07-17"", ""2026-07-20"", ""2026-07-21""]",25162000000000,85799000000000,1,12.0,12.0,1.0
MIX,2026-07-23,included,,"[""2026-06-25"", ""2026-06-26"", ""2026-06-29"", ""2026-06-30"", ""2026-07-01"", ""2026-07-02"", ""2026-07-03"", ""2026-07-06"", ""2026-07-07"", ""2026-07-08"", ""2026-07-09"", ""2026-07-10"", ""2026-07-13"", ""2026-07-14"", ""2026-07-15"", ""2026-07-16"", ""2026-07-17"", ""2026-07-20"", ""2026-07-21"", ""2026-07-22""]",25158000000000,85796000000000,1,3.0,3.0,1.0
MIX,2026-07-24,included,,"[""2026-06-26"", ""2026-06-29"", ""2026-06-30"", ""2026-07-01"", ""2026-07-02"", ""2026-07-03"", ""2026-07-06"", ""2026-07-07"", ""2026-07-08"", ""2026-07-09"", ""2026-07-10"", ""2026-07-13"", ""2026-07-14"", ""2026-07-15"", ""2026-07-16"", ""2026-07-17"", ""2026-07-20"", ""2026-07-21"", ""2026-07-22"", ""2026-07-23""]",25142000000000,85799000000000,1,8.0,6.0,0.0
MIX,2026-07-27,included,,"[""2026-06-29"", ""2026-06-30"", ""2026-07-01"", ""2026-07-02"", ""2026-07-03"", ""2026-07-06"", ""2026-07-07"", ""2026-07-08"", ""2026-07-09"", ""2026-07-10"", ""2026-07-13"", ""2026-07-14"", ""2026-07-15"", ""2026-07-16"", ""2026-07-17"", ""2026-07-20"", ""2026-07-21"", ""2026-07-22"", ""2026-07-23"", ""2026-07-24""]",25176000000000,85793009000000,1,5.0,5.0,2.0
MIX,2026-07-28,included,,"[""2026-06-30"", ""2026-07-01"", ""2026-07-02"", ""2026-07-03"", ""2026-07-06"", ""2026-07-07"", ""2026-07-08"", ""2026-07-09"", ""2026-07-10"", ""2026-07-13"", ""2026-07-14"", ""2026-07-15"", ""2026-07-16"", ""2026-07-17"", ""2026-07-20"", ""2026-07-21"", ""2026-07-22"", ""2026-07-23"", ""2026-07-24"", ""2026-07-27""]",25179000000000,85799000000000,1,2.0,0.0,0.0
MIX,2026-07-29,included,,"[""2026-07-01"", ""2026-07-02"", ""2026-07-03"", ""2026-07-06"", ""2026-07-07"", ""2026-07-08"", ""2026-07-09"", ""2026-07-10"", ""2026-07-13"", ""2026-07-14"", ""2026-07-15"", ""2026-07-16"", ""2026-07-17"", ""2026-07-20"", ""2026-07-21"", ""2026-07-22"", ""2026-07-23"", ""2026-07-24"", ""2026-07-27"", ""2026-07-28""]",25184000000000,85799002000000,1,8.0,0.0,3.0
MIX,2026-07-30,included,,"[""2026-07-02"", ""2026-07-03"", ""2026-07-06"", ""2026-07-07"", ""2026-07-08"", ""2026-07-09"", ""2026-07-10"", ""2026-07-13"", ""2026-07-14"", ""2026-07-15"", ""2026-07-16"", ""2026-07-17"", ""2026-07-20"", ""2026-07-21"", ""2026-07-22"", ""2026-07-23"", ""2026-07-24"", ""2026-07-27"", ""2026-07-28"", ""2026-07-29""]",25159000000000,85799000000000,1,3.0,0.0,0.0
MIX,2026-07-31,included,,"[""2026-07-03"", ""2026-07-06"", ""2026-07-07"", ""2026-07-08"", ""2026-07-09"", ""2026-07-10"", ""2026-07-13"", ""2026-07-14"", ""2026-07-15"", ""2026-07-16"", ""2026-07-17"", ""2026-07-20"", ""2026-07-21"", ""2026-07-22"", ""2026-07-23"", ""2026-07-24"", ""2026-07-27"", ""2026-07-28"", ""2026-07-29"", ""2026-07-30""]",25150000000000,85799002000000,1,5.0,0.0,2.0
MIX,2026-08-03,included,,"[""2026-07-06"", ""2026-07-07"", ""2026-07-08"", ""2026-07-09"", ""2026-07-10"", ""2026-07-13"", ""2026-07-14"", ""2026-07-15"", ""2026-07-16"", ""2026-07-17"", ""2026-07-20"", ""2026-07-21"", ""2026-07-22"", ""2026-07-23"", ""2026-07-24"", ""2026-07-27"", ""2026-07-28"", ""2026-07-29"", ""2026-07-30"", ""2026-07-31""]",25183000000000,85799000000000,1,10.0,0.0,3.0
MIX,2026-08-04,included,,"[""2026-07-07"", ""2026-07-08"", ""2026-07-09"", ""2026-07-10"", ""2026-07-13"", ""2026-07-14"", ""2026-07-15"", ""2026-07-16"", ""2026-07-17"", ""2026-07-20"", ""2026-07-21"", ""2026-07-22"", ""2026-07-23"", ""2026-07-24"", ""2026-07-27"", ""2026-07-28"", ""2026-07-29"", ""2026-07-30"", ""2026-07-31"", ""2026-08-03""]",25177000000000,85794000000000,1,5.0,0.0,0.0
MIX,2026-08-05,included,,"[""2026-07-08"", ""2026-07-09"", ""2026-07-10"", ""2026-07-13"", ""2026-07-14"", ""2026-07-15"", ""2026-07-16"", ""2026-07-17"", ""2026-07-20"", ""2026-07-21"", ""2026-07-22"", ""2026-07-23"", ""2026-07-24"", ""2026-07-27"", ""2026-07-28"", ""2026-07-29"", ""2026-07-30"", ""2026-07-31"", ""2026-08-03"", ""2026-08-04""]",25159000000000,85799000000000,1,10.0,0.0,1.0
MIX,2026-08-06,included,,"[""2026-07-09"", ""2026-07-10"", ""2026-07-13"", ""2026-07-14"", ""2026-07-15"", ""2026-07-16"", ""2026-07-17"", ""2026-07-20"", ""2026-07-21"", ""2026-07-22"", ""2026-07-23"", ""2026-07-24"", ""2026-07-27"", ""2026-07-28"", ""2026-07-29"", ""2026-07-30"", ""2026-07-31"", ""2026-08-03"", ""2026-08-04"", ""2026-08-05""]",25185000000000,85799025000000,1,4.0,2.0,1.0
MIX,2026-08-07,included,,"[""2026-07-10"", ""2026-07-13"", ""2026-07-14"", ""2026-07-15"", ""2026-07-16"", ""2026-07-17"", ""2026-07-20"", ""2026-07-21"", ""2026-07-22"", ""2026-07-23"", ""2026-07-24"", ""2026-07-27"", ""2026-07-28"", ""2026-07-29"", ""2026-07-30"", ""2026-07-31"", ""2026-08-03"", ""2026-08-04"", ""2026-08-05"", ""2026-08-06""]",25148000000000,85798006000000,1,11.0,0.0,10.0
MIX,2026-08-10,included,,"[""2026-07-13"", ""2026-07-14"", ""2026-07-15"", ""2026-07-16"", ""2026-07-17"", ""2026-07-20"", ""2026-07-21"", ""2026-07-22"", ""2026-07-23"", ""2026-07-24"", ""2026-07-27"", ""2026-07-28"", ""2026-07-29"", ""2026-07-30"", ""2026-07-31"", ""2026-08-03"", ""2026-08-04"", ""2026-08-05"", ""2026-08-06"", ""2026-08-07""]",25180000000000,85799000000000,1,8.0,0.0,1.0
MIX,2026-08-11,included,,"[""2026-07-14"", ""2026-07-15"", ""2026-07-16"", ""2026-07-17"", ""2026-07-20"", ""2026-07-21"", ""2026-07-22"", ""2026-07-23"", ""2026-07-24"", ""2026-07-27"", ""2026-07-28"", ""2026-07-29"", ""2026-07-30"", ""2026-07-31"", ""2026-08-03"", ""2026-08-04"", ""2026-08-05"", ""2026-08-06"", ""2026-08-07"", ""2026-08-10""]",25168000000000,85797000000000,1,8.0,0.0,14.0
MIX,2026-08-12,included,,"[""2026-07-15"", ""2026-07-16"", ""2026-07-17"", ""2026-07-20"", ""2026-07-21"", ""2026-07-22"", ""2026-07-23"", ""2026-07-24"", ""2026-07-27"", ""2026-07-28"", ""2026-07-29"", ""2026-07-30"", ""2026-07-31"", ""2026-08-03"", ""2026-08-04"", ""2026-08-05"", ""2026-08-06"", ""2026-08-07"", ""2026-08-10"", ""2026-08-11""]",25162000000000,85799012000000,1,6.0,0.0,0.0
MIX,2026-08-13,included,,"[""2026-07-16"", ""2026-07-17"", ""2026-07-20"", ""2026-07-21"", ""2026-07-22"", ""2026-07-23"", ""2026-07-24"", ""2026-07-27"", ""2026-07-28"", ""2026-07-29"", ""2026-07-30"", ""2026-07-31"", ""2026-08-03"", ""2026-08-04"", ""2026-08-05"", ""2026-08-06"", ""2026-08-07"", ""2026-08-10"", ""2026-08-11"", ""2026-08-12""]",25164000000000,85799000000000,1,7.0,6.0,1.0
MIX,2026-08-14,included,,"[""2026-07-17"", ""2026-07-20"", ""2026-07-21"", ""2026-07-22"", ""2026-07-23"", ""2026-07-24"", ""2026-07-27"", ""2026-07-28"", ""2026-07-29"", ""2026-07-30"", ""2026-07-31"", ""2026-08-03"", ""2026-08-04"", ""2026-08-05"", ""2026-08-06"", ""2026-08-07"", ""2026-08-10"", ""2026-08-11"", ""2026-08-12"", ""2026-08-13""]",25171000000000,85799000000000,1,3.0,2.0,0.0
MIX,2026-08-17,included,,"[""2026-07-20"", ""2026-07-21"", ""2026-07-22"", ""2026-07-23"", ""2026-07-24"", ""2026-07-27"", ""2026-07-28"", ""2026-07-29"", ""2026-07-30"", ""2026-07-31"", ""2026-08-03"", ""2026-08-04"", ""2026-08-05"", ""2026-08-06"", ""2026-08-07"", ""2026-08-10"", ""2026-08-11"", ""2026-08-12"", ""2026-08-13"", ""2026-08-14""]",25175000000000,85799000000000,1,12.0,12.0,10.0
MIX,2026-08-18,included,,"[""2026-07-21"", ""2026-07-22"", ""2026-07-23"", ""2026-07-24"", ""2026-07-27"", ""2026-07-28"", ""2026-07-29"", ""2026-07-30"", ""2026-07-31"", ""2026-08-03"", ""2026-08-04"", ""2026-08-05"", ""2026-08-06"", ""2026-08-07"", ""2026-08-10"", ""2026-08-11"", ""2026-08-12"", ""2026-08-13"", ""2026-08-14"", ""2026-08-17""]",25181000000000,85799001000000,1,6.0,2.0,1.0
MIX,2026-08-19,included,,"[""2026-07-22"", ""2026-07-23"", ""2026-07-24"", ""2026-07-27"", ""2026-07-28"", ""2026-07-29"", ""2026-07-30"", ""2026-07-31"", ""2026-08-03"", ""2026-08-04"", ""2026-08-05"", ""2026-08-06"", ""2026-08-07"", ""2026-08-10"", ""2026-08-11"", ""2026-08-12"", ""2026-08-13"", ""2026-08-14"", ""2026-08-17"", ""2026-08-18""]",25190000000000,85799000000000,1,5.0,1.0,4.0
MIX,2026-08-20,included,,"[""2026-07-23"", ""2026-07-24"", ""2026-07-27"", ""2026-07-28"", ""2026-07-29"", ""2026-07-30"", ""2026-07-31"", ""2026-08-03"", ""2026-08-04"", ""2026-08-05"", ""2026-08-06"", ""2026-08-07"", ""2026-08-10"", ""2026-08-11"", ""2026-08-12"", ""2026-08-13"", ""2026-08-14"", ""2026-08-17"", ""2026-08-18"", ""2026-08-19""]",25180000000000,85798011000000,1,3.0,2.0,0.0
MIX,2026-08-21,included,,"[""2026-07-24"", ""2026-07-27"", ""2026-07-28"", ""2026-07-29"", ""2026-07-30"", ""2026-07-31"", ""2026-08-03"", ""2026-08-04"", ""2026-08-05"", ""2026-08-06"", ""2026-08-07"", ""2026-08-10"", ""2026-08-11"", ""2026-08-12"", ""2026-08-13"", ""2026-08-14"", ""2026-08-17"", ""2026-08-18"", ""2026-08-19"", ""2026-08-20""]",25161000000000,85799002000000,1,10.0,10.0,1.0
MIX,2026-08-24,included,,"[""2026-07-27"", ""2026-07-28"", ""2026-07-29"", ""2026-07-30"", ""2026-07-31"", ""2026-08-03"", ""2026-08-04"", ""2026-08-05"", ""2026-08-06"", ""2026-08-07"", ""2026-08-10"", ""2026-08-11"", ""2026-08-12"", ""2026-08-13"", ""2026-08-14"", ""2026-08-17"", ""2026-08-18"", ""2026-08-19"", ""2026-08-20"", ""2026-08-21""]",25186000000000,85799013000000,1,13.0,13.0,0.0
MIX,2026-08-25,included,,"[""2026-07-28"", ""2026-07-29"", ""2026-07-30"", ""2026-07-31"", ""2026-08-03"", ""2026-08-04"", ""2026-08-05"", ""2026-08-06"", ""2026-08-07"", ""2026-08-10"", ""2026-08-11"", ""2026-08-12"", ""2026-08-13"", ""2026-08-14"", ""2026-08-17"", ""2026-08-18"", ""2026-08-19"", ""2026-08-20"", ""2026-08-21"", ""2026-08-24""]",25183000000000,85799007000000,1,6.0,6.0,0.0
MIX,2026-08-26,included,,"[""2026-07-29"", ""2026-07-30"", ""2026-07-31"", ""2026-08-03"", ""2026-08-04"", ""2026-08-05"", ""2026-08-06"", ""2026-08-07"", ""2026-08-10"", ""2026-08-11"", ""2026-08-12"", ""2026-08-13"", ""2026-08-14"", ""2026-08-17"", ""2026-08-18"", ""2026-08-19"", ""2026-08-20"", ""2026-08-21"", ""2026-08-24"", ""2026-08-25""]",25170000000000,85799000000000,1,8.0,4.0,9.0
MIX,2026-08-27,included,,"[""2026-07-30"", ""2026-07-31"", ""2026-08-03"", ""2026-08-04"", ""2026-08-05"", ""2026-08-06"", ""2026-08-07"", ""2026-08-10"", ""2026-08-11"", ""2026-08-12"", ""2026-08-13"", ""2026-08-14"", ""2026-08-17"", ""2026-08-18"", ""2026-08-19"", ""2026-08-20"", ""2026-08-21"", ""2026-08-24"", ""2026-08-25"", ""2026-08-26""]",25181000000000,85799000000000,1,4.0,4.0,6.0
MIX,2026-08-28,included,,"[""2026-07-31"", ""2026-08-03"", ""2026-08-04"", ""2026-08-05"", ""2026-08-06"", ""2026-08-07"", ""2026-08-10"", ""2026-08-11"", ""2026-08-12"", ""2026-08-13"", ""2026-08-14"", ""2026-08-17"", ""2026-08-18"", ""2026-08-19"", ""2026-08-20"", ""2026-08-21"", ""2026-08-24"", ""2026-08-25"", ""2026-08-26"", ""2026-08-27""]",25143000000000,85799000000000,1,2.0,2.0,5.0
MIX,2026-08-31,included,,"[""2026-08-03"", ""2026-08-04"", ""2026-08-05"", ""2026-08-06"", ""2026-08-07"", ""2026-08-10"", ""2026-08-11"", ""2026-08-12"", ""2026-08-13"", ""2026-08-14"", ""2026-08-17"", ""2026-08-18"", ""2026-08-19"", ""2026-08-20"", ""2026-08-21"", ""2026-08-24"", ""2026-08-25"", ""2026-08-26"", ""2026-08-27"", ""2026-08-28""]",25156000000000,85799194000000,1,14.0,3.0,0.0
MIX,2026-09-01,included,,"[""2026-08-04"", ""2026-08-05"", ""2026-08-06"", ""2026-08-07"", ""2026-08-10"", ""2026-08-11"", ""2026-08-12"", ""2026-08-13"", ""2026-08-14"", ""2026-08-17"", ""2026-08-18"", ""2026-08-19"", ""2026-08-20"", ""2026-08-21"", ""2026-08-24"", ""2026-08-25"", ""2026-08-26"", ""2026-08-27"", ""2026-08-28"", ""2026-08-31""]",25146000000000,85799004000000,1,6.0,6.0,2.0
MIX,2026-09-02,included,,"[""2026-08-05"", ""2026-08-06"", ""2026-08-07"", ""2026-08-10"", ""2026-08-11"", ""2026-08-12"", ""2026-08-13"", ""2026-08-14"", ""2026-08-17"", ""2026-08-18"", ""2026-08-19"", ""2026-08-20"", ""2026-08-21"", ""2026-08-24"", ""2026-08-25"", ""2026-08-26"", ""2026-08-27"", ""2026-08-28"", ""2026-08-31"", ""2026-09-01""]",25147000000000,85798000000000,1,15.0,0.0,0.0
MIX,2026-09-03,included,,"[""2026-08-06"", ""2026-08-07"", ""2026-08-10"", ""2026-08-11"", ""2026-08-12"", ""2026-08-13"", ""2026-08-14"", ""2026-08-17"", ""2026-08-18"", ""2026-08-19"", ""2026-08-20"", ""2026-08-21"", ""2026-08-24"", ""2026-08-25"", ""2026-08-26"", ""2026-08-27"", ""2026-08-28"", ""2026-08-31"", ""2026-09-01"", ""2026-09-02""]",25181000000000,85798007000000,1,16.0,1.0,2.0
MIX,2026-09-04,included,,"[""2026-08-07"", ""2026-08-10"", ""2026-08-11"", ""2026-08-12"", ""2026-08-13"", ""2026-08-14"", ""2026-08-17"", ""2026-08-18"", ""2026-08-19"", ""2026-08-20"", ""2026-08-21"", ""2026-08-24"", ""2026-08-25"", ""2026-08-26"", ""2026-08-27"", ""2026-08-28"", ""2026-08-31"", ""2026-09-01"", ""2026-09-02"", ""2026-09-03""]",25183000000000,85799002000000,1,6.0,4.0,1.0
MIX,2026-09-07,included,,"[""2026-08-10"", ""2026-08-11"", ""2026-08-12"", ""2026-08-13"", ""2026-08-14"", ""2026-08-17"", ""2026-08-18"", ""2026-08-19"", ""2026-08-20"", ""2026-08-21"", ""2026-08-24"", ""2026-08-25"", ""2026-08-26"", ""2026-08-27"", ""2026-08-28"", ""2026-08-31"", ""2026-09-01"", ""2026-09-02"", ""2026-09-03"", ""2026-09-04""]",25185000000000,85799001000000,1,9.0,0.0,0.0
MIX,2026-09-08,included,,"[""2026-08-11"", ""2026-08-12"", ""2026-08-13"", ""2026-08-14"", ""2026-08-17"", ""2026-08-18"", ""2026-08-19"", ""2026-08-20"", ""2026-08-21"", ""2026-08-24"", ""2026-08-25"", ""2026-08-26"", ""2026-08-27"", ""2026-08-28"", ""2026-08-31"", ""2026-09-01"", ""2026-09-02"", ""2026-09-03"", ""2026-09-04"", ""2026-09-07""]",25144000000000,85799000000000,1,6.0,4.0,1.0
MIX,2026-09-09,included,,"[""2026-08-12"", ""2026-08-13"", ""2026-08-14"", ""2026-08-17"", ""2026-08-18"", ""2026-08-19"", ""2026-08-20"", ""2026-08-21"", ""2026-08-24"", ""2026-08-25"", ""2026-08-26"", ""2026-08-27"", ""2026-08-28"", ""2026-08-31"", ""2026-09-01"", ""2026-09-02"", ""2026-09-03"", ""2026-09-04"", ""2026-09-07"", ""2026-09-08""]",25174000000000,85797002000000,1,6.0,0.0,2.0
MIX,2026-09-10,included,,"[""2026-08-13"", ""2026-08-14"", ""2026-08-17"", ""2026-08-18"", ""2026-08-19"", ""2026-08-20"", ""2026-08-21"", ""2026-08-24"", ""2026-08-25"", ""2026-08-26"", ""2026-08-27"", ""2026-08-28"", ""2026-08-31"", ""2026-09-01"", ""2026-09-02"", ""2026-09-03"", ""2026-09-04"", ""2026-09-07"", ""2026-09-08"", ""2026-09-09""]",25186000000000,85799003000000,1,5.0,0.0,1.0
MIX,2026-09-11,included,,"[""2026-08-14"", ""2026-08-17"", ""2026-08-18"", ""2026-08-19"", ""2026-08-20"", ""2026-08-21"", ""2026-08-24"", ""2026-08-25"", ""2026-08-26"", ""2026-08-27"", ""2026-08-28"", ""2026-08-31"", ""2026-09-01"", ""2026-09-02"", ""2026-09-03"", ""2026-09-04"", ""2026-09-07"", ""2026-09-08"", ""2026-09-09"", ""2026-09-10""]",25183000000000,85797003000000,1,10.0,5.0,5.0
MIX,2026-09-14,included,,"[""2026-08-17"", ""2026-08-18"", ""2026-08-19"", ""2026-08-20"", ""2026-08-21"", ""2026-08-24"", ""2026-08-25"", ""2026-08-26"", ""2026-08-27"", ""2026-08-28"", ""2026-08-31"", ""2026-09-01"", ""2026-09-02"", ""2026-09-03"", ""2026-09-04"", ""2026-09-07"", ""2026-09-08"", ""2026-09-09"", ""2026-09-10"", ""2026-09-11""]",25163000000000,85798000000000,1,14.0,0.0,0.0
MIX,2026-09-15,included,,"[""2026-08-18"", ""2026-08-19"", ""2026-08-20"", ""2026-08-21"", ""2026-08-24"", ""2026-08-25"", ""2026-08-26"", ""2026-08-27"", ""2026-08-28"", ""2026-08-31"", ""2026-09-01"", ""2026-09-02"", ""2026-09-03"", ""2026-09-04"", ""2026-09-07"", ""2026-09-08"", ""2026-09-09"", ""2026-09-10"", ""2026-09-11"", ""2026-09-14""]",25189000000000,85798000000000,1,9.0,0.0,0.0
MIX,2026-09-16,included,,"[""2026-08-19"", ""2026-08-20"", ""2026-08-21"", ""2026-08-24"", ""2026-08-25"", ""2026-08-26"", ""2026-08-27"", ""2026-08-28"", ""2026-08-31"", ""2026-09-01"", ""2026-09-02"", ""2026-09-03"", ""2026-09-04"", ""2026-09-07"", ""2026-09-08"", ""2026-09-09"", ""2026-09-10"", ""2026-09-11"", ""2026-09-14"", ""2026-09-15""]",25173000000000,85799005000000,1,4.0,0.0,1.0
MIX,2026-09-17,included,,"[""2026-08-20"", ""2026-08-21"", ""2026-08-24"", ""2026-08-25"", ""2026-08-26"", ""2026-08-27"", ""2026-08-28"", ""2026-08-31"", ""2026-09-01"", ""2026-09-02"", ""2026-09-03"", ""2026-09-04"", ""2026-09-07"", ""2026-09-08"", ""2026-09-09"", ""2026-09-10"", ""2026-09-11"", ""2026-09-14"", ""2026-09-15"", ""2026-09-16""]",25182000000000,85798000000000,1,13.0,0.0,2.0
MIX,2026-09-18,included,,"[""2026-08-21"", ""2026-08-24"", ""2026-08-25"", ""2026-08-26"", ""2026-08-27"", ""2026-08-28"", ""2026-08-31"", ""2026-09-01"", ""2026-09-02"", ""2026-09-03"", ""2026-09-04"", ""2026-09-07"", ""2026-09-08"", ""2026-09-09"", ""2026-09-10"", ""2026-09-11"", ""2026-09-14"", ""2026-09-15"", ""2026-09-16"", ""2026-09-17""]",25169000000000,85798001000000,1,1.0,0.0,0.0
MIX,2026-09-21,included,,"[""2026-08-24"", ""2026-08-25"", ""2026-08-26"", ""2026-08-27"", ""2026-08-28"", ""2026-08-31"", ""2026-09-01"", ""2026-09-02"", ""2026-09-03"", ""2026-09-04"", ""2026-09-07"", ""2026-09-08"", ""2026-09-09"", ""2026-09-10"", ""2026-09-11"", ""2026-09-14"", ""2026-09-15"", ""2026-09-16"", ""2026-09-17"", ""2026-09-18""]",25175000000000,85797002000000,1,8.0,1.0,6.0
MIX,2026-09-22,included,,"[""2026-08-25"", ""2026-08-26"", ""2026-08-27"", ""2026-08-28"", ""2026-08-31"", ""2026-09-01"", ""2026-09-02"", ""2026-09-03"", ""2026-09-04"", ""2026-09-07"", ""2026-09-08"", ""2026-09-09"", ""2026-09-10"", ""2026-09-11"", ""2026-09-14"", ""2026-09-15"", ""2026-09-16"", ""2026-09-17"", ""2026-09-18"", ""2026-09-21""]",25160000000000,85797018000000,1,4.0,3.0,4.0
MIX,2026-09-23,included,,"[""2026-08-26"", ""2026-08-27"", ""2026-08-28"", ""2026-08-31"", ""2026-09-01"", ""2026-09-02"", ""2026-09-03"", ""2026-09-04"", ""2026-09-07"", ""2026-09-08"", ""2026-09-09"", ""2026-09-10"", ""2026-09-11"", ""2026-09-14"", ""2026-09-15"", ""2026-09-16"", ""2026-09-17"", ""2026-09-18"", ""2026-09-21"", ""2026-09-22""]",25177000000000,85798000000000,1,9.0,1.0,1.0
MIX,2026-09-24,included,,"[""2026-08-27"", ""2026-08-28"", ""2026-08-31"", ""2026-09-01"", ""2026-09-02"", ""2026-09-03"", ""2026-09-04"", ""2026-09-07"", ""2026-09-08"", ""2026-09-09"", ""2026-09-10"", ""2026-09-11"", ""2026-09-14"", ""2026-09-15"", ""2026-09-16"", ""2026-09-17"", ""2026-09-18"", ""2026-09-21"", ""2026-09-22"", ""2026-09-23""]",25161000000000,85798000000000,1,8.0,3.0,4.0
MIX,2026-09-25,included,,"[""2026-08-28"", ""2026-08-31"", ""2026-09-01"", ""2026-09-02"", ""2026-09-03"", ""2026-09-04"", ""2026-09-07"", ""2026-09-08"", ""2026-09-09"", ""2026-09-10"", ""2026-09-11"", ""2026-09-14"", ""2026-09-15"", ""2026-09-16"", ""2026-09-17"", ""2026-09-18"", ""2026-09-21"", ""2026-09-22"", ""2026-09-23"", ""2026-09-24""]",25152000000000,85799000000000,1,5.0,1.0,0.0
MIX,2026-09-28,included,,"[""2026-08-31"", ""2026-09-01"", ""2026-09-02"", ""2026-09-03"", ""2026-09-04"", ""2026-09-07"", ""2026-09-08"", ""2026-09-09"", ""2026-09-10"", ""2026-09-11"", ""2026-09-14"", ""2026-09-15"", ""2026-09-16"", ""2026-09-17"", ""2026-09-18"", ""2026-09-21"", ""2026-09-22"", ""2026-09-23"", ""2026-09-24"", ""2026-09-25""]",25147000000000,85799000000000,1,9.0,0.0,0.0
MIX,2026-09-29,included,,"[""2026-09-01"", ""2026-09-02"", ""2026-09-03"", ""2026-09-04"", ""2026-09-07"", ""2026-09-08"", ""2026-09-09"", ""2026-09-10"", ""2026-09-11"", ""2026-09-14"", ""2026-09-15"", ""2026-09-16"", ""2026-09-17"", ""2026-09-18"", ""2026-09-21"", ""2026-09-22"", ""2026-09-23"", ""2026-09-24"", ""2026-09-25"", ""2026-09-28""]",25174000000000,85799003000000,1,5.0,3.0,0.0
MIX,2026-09-30,included,,"[""2026-09-02"", ""2026-09-03"", ""2026-09-04"", ""2026-09-07"", ""2026-09-08"", ""2026-09-09"", ""2026-09-10"", ""2026-09-11"", ""2026-09-14"", ""2026-09-15"", ""2026-09-16"", ""2026-09-17"", ""2026-09-18"", ""2026-09-21"", ""2026-09-22"", ""2026-09-23"", ""2026-09-24"", ""2026-09-25"", ""2026-09-28"", ""2026-09-29""]",25169000000000,85797001000000,1,6.0,1.0,0.0
MIX,2026-10-01,included,,"[""2026-09-03"", ""2026-09-04"", ""2026-09-07"", ""2026-09-08"", ""2026-09-09"", ""2026-09-10"", ""2026-09-11"", ""2026-09-14"", ""2026-09-15"", ""2026-09-16"", ""2026-09-17"", ""2026-09-18"", ""2026-09-21"", ""2026-09-22"", ""2026-09-23"", ""2026-09-24"", ""2026-09-25"", ""2026-09-28"", ""2026-09-29"", ""2026-09-30""]",25161000000000,85797003000000,1,6.0,1.0,0.0
MIX,2026-10-02,included,,"[""2026-09-04"", ""2026-09-07"", ""2026-09-08"", ""2026-09-09"", ""2026-09-10"", ""2026-09-11"", ""2026-09-14"", ""2026-09-15"", ""2026-09-16"", ""2026-09-17"", ""2026-09-18"", ""2026-09-21"", ""2026-09-22"", ""2026-09-23"", ""2026-09-24"", ""2026-09-25"", ""2026-09-28"", ""2026-09-29"", ""2026-09-30"", ""2026-10-01""]",25154000000000,85799001000000,1,3.0,0.0,0.0
