symbol,day,source_sha256,ticks,volume,bars,verified
RTS,2021-12-03,95217aa007c753071e58af876dbfe2fd2b286acf7f0be89931fe46a636e1c74c,332102,676306,202,True
RTS,2021-12-06,c895292f362492ec34edfaabdf1c07d217cdb66f2839b29f56d8f59521de6e05,398585,826672,202,True
RTS,2021-12-07,2dd6dd5348842615d7e852e2c8124b38c7d5758e9910486dc2e1ed0561f6b6e7,377425,781722,202,True
RTS,2021-12-08,9578d351afb6cb38e5f894c8607c55fc71038f2333bf1da14efc6795151c52fb,442192,849163,202,True
RTS,2021-12-09,626663fd89c19e6712e5b9896355658ddb94deaf47f4aff718cf19dd384caee2,317627,672393,202,True
RTS,2021-12-10,f50db0f20bcae77a53f92d4ec21b0943401c558fd35338d666f2386e4c840aea,151118,287874,202,True
RTS,2021-12-13,2eef8e49937f3bd67733f570ef601bdb1494988f371ebfb6d341d2cbb4e22f4a,105484,172270,202,True
RTS,2021-12-14,92c55a77dd918815500d56d89d107cc6fe9370866506582b390ae71279cc549c,167345,275327,202,True
RTS,2021-12-15,70581f72140d48c1f3ac6f1737b5a3f11fa72e3620f35d06cdd5b8f750ee74b5,186578,317365,202,True
RTS,2021-12-16,aacfc118ea9c1f8c3afccef514afdbf54807f60036c455273b78d83ebe6d519f,322703,711907,202,True
RTS,2021-12-17,d45324b7aefdf25e4a20e43c14986dc71fde3c4108ac36aacad61726c0023fd1,289462,622233,202,True
RTS,2021-12-20,d68a8b4245d48398503149a66b6086bb35cc5e2464787c94757c90b39f848271,314529,634444,202,True
RTS,2021-12-21,91bf1f7a6a747b70543b118d4a54e6af9af5b5218e975671196a6e1ee65b9ace,270228,588633,202,True
RTS,2021-12-22,9c331306a595170ab9b870533c6ed0a21e51e444d72bec0298983d08987adb3f,238507,517043,202,True
RTS,2021-12-23,94859af223432e7036e46056f917e0dfe274ee74282dcab8c9ea6cd49fdcfe98,268606,548558,202,True
RTS,2021-12-24,0f1ad0b81018acb94429094274eed5179ab9bb93989c71e0d7a0698c875c467c,149607,325407,202,True
RTS,2021-12-27,56b0b4710b2498add1b1862415e87ff83327f87e11655cd5895a0e6516dc82cb,179869,394134,202,True
RTS,2021-12-28,c06240c7aa401fb233559e40fdf532b67ca89f85a91fa260f240e4bb5dde564a,204496,428401,202,True
RTS,2021-12-29,6dd15d5bb920658a013515bffa9de5839162b0b24d5a473ac8ea869ff3553337,230941,478080,202,True
RTS,2021-12-30,673f31897abe7e899466fad9ea0e030e67763dc26caa3d4f49f6c6f479fb016f,159625,349912,202,True
RTS,2022-01-03,acbd318c140cdc49d90bb09ed3250bad896c22aca3fd8d6f2f4a96a57645883b,181317,395977,202,True
RTS,2022-01-04,1b471c066e81ef92dcecbbb393fc3f19d0310b1a87b65a0a7de38c0245ed7cce,234360,494281,202,True
RTS,2022-01-05,4c7a383395ad43043648fc849acaca5f8b85468247b661c0ce072a703d74a7d7,341326,727481,202,True
RTS,2022-01-06,1653ab1d7604d55c3843174e7c83318ddde5a89a359663fc38f0d8ceb59f51b3,400230,804537,202,True
RTS,2022-01-07,f9fe8208ad14c27a6b5b1cb8b99adfae25f7927431734a9714e55783cf6efc25,158726,300983,202,True
RTS,2022-01-10,f13e03f6a847aa5e9f814be26cb30fe458c77aaa0758d08099e749a66e38a0e3,310656,643298,202,True
RTS,2022-01-11,bc220446efbac4d539af73c795c3f099b09fee341e1b9d0012f61e269751cfe2,298150,604572,202,True
RTS,2022-01-12,f2db5052a5ad017d3cceed7f77b119a05993ae75c40e5b1e9934f80698bbba0e,291540,622101,202,True
RTS,2022-01-13,51703393b086f27803077ad48449c76302a0ad8f8de9a8e7199b1232a60603e7,568983,1187521,202,True
RTS,2022-01-14,89666f96cc1c834ed374a420d52598099e009ee7232a046f82e4bacafe383ca8,862715,1512627,202,True
RTS,2022-01-17,9dcb5f841206b38a63de58c06849e7501555ee3c2233cfa10a455890acb52b8f,603116,1096260,202,True
RTS,2022-01-18,2ed1f2aa3713b803a76925c784e0beea56b87fa6c6f90749256eb9bcdedf56ee,912860,1600912,202,True
RTS,2022-01-19,db39c9301a249f451616b072f271ce0ef250adced7c8e97782d3fc067dcfcca9,863796,1536523,202,True
RTS,2022-01-20,6302f2ee9e66cce881ebcbd5285bbbc8ba847731ebdff57d56be210fb249cda3,757402,1300463,202,True
RTS,2022-01-21,e3816d063156dc833df1bd90ef0a5230b26265893cc38da9fcdbd6a4e6a1abd9,724476,1163892,202,True
RTS,2022-01-24,66cc1287f9baf3bfcd034caee4e0133893f10b825aeed597b2997e7d393a3114,1056802,1708992,202,True
RTS,2022-01-25,bfe08a602855da9f9028d04f05bb221d824fc617ac95e1dfb1e902169491aad4,796100,1328454,202,True
RTS,2022-01-26,802275be9363e37c7134c5fe9b2a8d257f75c2daec64395c87d8f3547d98bce6,807675,1437600,202,True
RTS,2022-01-27,b6150adbeb89128e3dfe80a0244a8b6fd6de88faf9394c47d2937d0370b45760,881455,1540856,202,True
RTS,2022-01-28,9592efecb0006e092e92cefa40d405baeb0703fdc90ab94c5fa31bb950f7bc75,584031,953736,202,True
RTS,2022-01-31,e6b0aaed2d73ee4bf5360217a4f292dcaafbfb4c2292990e864bebca998c8b44,380407,649256,202,True
RTS,2022-02-01,1d9e0082b04e602ed31b8a9b71288db1172ded8b0f9386b544013b3210ad035d,442384,778976,202,True
RTS,2022-02-02,7a57b0b52c0b04c6b920778d7b694492335837ffb4379688ddb536924e5ee137,387997,704165,202,True
RTS,2022-02-03,1c2dc1face9e467b879d800e59476c935ae9e29824cb14a7bba415acd3b54015,454965,821293,202,True
RTS,2022-02-04,acf48eb8473983fecab7bde9c347be43b2e16ceb4ccbbeb330722a82e361da7d,401090,791968,202,True
RTS,2022-02-07,24012ae640b4c3e290796efad5d89d16655be62adeea638aa95ae993558e72b8,334493,574969,202,True
RTS,2022-02-08,3aa36603a6bc3c83b7af3c4ad25736819972e5b95d3205c9b4864ec12f7dfb29,340923,638254,202,True
RTS,2022-02-09,0bd5a07024256da73be315fbf46d6c1454f86556865c950ad0029044c1bd7b49,311093,588190,202,True
RTS,2022-02-10,8e611ee5e3439592b1dd99ee3dd90689fba867a38e62fe612b3c95e4fd84a359,429628,803300,202,True
RTS,2022-02-11,ecc2a4e6e99c733ea941d643fa76e38522bdb0a4a8cabcc781198c5c3792ade5,681678,1226574,202,True
RTS,2022-02-14,7f9393596367ba74e22075fc0419e09f1108a946e70db2c4fb5f066f6331f098,863527,1483225,202,True
RTS,2022-02-15,36bf0381f582001e6f989dc068363abf291c3373fe6de46c5859af1352699577,581703,1057019,202,True
RTS,2022-02-16,fc2a7186a87e2f7114f72d4b83ed913151b46427a1eeedf2fba18c162fd2559f,481308,868598,202,True
RTS,2022-02-17,2621fb3e7f4eb6641a5bbf08252f6d9465079dc1d0b75a4b13cea12a9e4ae874,672452,1239633,202,True
RTS,2022-02-18,3c25c0339d50abb2772d55c9ae6b8be2ae386759a2fe61f53105820899e52b56,672731,1200891,202,True
RTS,2022-02-21,529e28f161e0a2c6741906e6e0cd400db4dadbf3ab739a43f98a1b37aac41e3b,1491633,2728293,202,True
RTS,2022-02-22,0ca7dcfe9c97fe5bfaa3f2704d8e2b66c2ecdba740d78ef16aca7cca401c7f60,1208317,2190606,202,True
RTS,2022-02-23,c1b03eddc9e56921089f3c56c6aee3358f0d92597c556108e67b08c7337b9700,694597,1126882,202,True
RTS,2022-02-24,3a95991749b09f9329f22abe5f1d4a684073848173a966de3b3702de7a58cdad,303818,722291,202,True
RTS,2022-02-25,9843b66656bbc0a83bc51ade48e39937a9152d1a5ce6c89addffb35b7f97ef6a,273169,528129,166,True
RTS,2022-03-24,0852db88d87ce9856479f8a503e82ed7680cb2711639c068f4028e138904f840,5322,9239,48,True
RTS,2022-03-25,6046de0c10a5a5d60295608ef73241ea987335430ae31ad1148a41a4b15fdffa,9018,16845,48,True
RTS,2022-03-28,18339a1d160d9542d3ef8b2b827a912f038d2a75748887a3e0f8d690c570a635,8269,13257,48,True
RTS,2022-03-29,b280787f66655ca35fbb4fb2f6593d4d4b391f598510223a42f4fa484f2e1719,41698,71552,105,True
RTS,2022-03-30,8073a8cf95c7bfec58c209131c42a752fca0facc732467b6165aefa5fc79d3ec,32208,49252,105,True
RTS,2022-03-31,d5b3339306cb09e57ea86df72f3b63a422b7f4615fc2bee3b482708024ed7f7c,41405,66658,105,True
RTS,2022-04-01,137e7a54934debc3b7e857dda1fd35ae5ff31224d0572f8e75a4a2c9158cbc82,53871,85039,105,True
RTS,2022-04-04,3dd09fc9226d20c0aa0baa5657b6ab1467ab1cd3e53bee53c5a146d11c4f55da,60376,96301,105,True
RTS,2022-04-05,40206d021dbb4e3abdd37499cfe5fa349c9ee7ef5243c71c24d08e4f4bfcdd22,80198,121458,105,True
RTS,2022-04-06,272ca5feb5453994b0e448b044c04097192a75bdae946633ef08a2dda2035acd,80284,107440,105,True
RTS,2022-04-07,619c40487fc621a0d260795adc7c2bf1bc1e84df643118b389ca1208862b4b01,82364,114941,105,True
RTS,2022-04-08,28d7b10ff2a26ad3b5becabd5730bec3475efc3bfa8943522f12f518541e39fb,98272,139068,105,True
RTS,2022-04-11,056b858abfffb6acf49ce1ac4b7b4d846273ee5a3e1222ca2cc9b692f06e20ee,70963,100601,105,True
RTS,2022-04-12,c90b72013a55651662d86ff99aa604dcb7fd73a403d7d081e1fc342b2090d6cb,73206,103718,105,True
RTS,2022-04-13,b33e96e46615876b5cb35ecb4f4639018049e6bbcaa56e1c0547121450babdb3,56182,76485,105,True
RTS,2022-04-14,6d6c4fb3393a93baa2606203deda9e7cef5292750601d36888873751a1ba4dab,76780,113836,105,True
RTS,2022-04-15,1ecb8affbef901d0797d72e22023e13fbe3f7faf2f7b168f20c38e3bd7a38674,94699,142708,105,True
RTS,2022-04-18,9f9d3c922ed2e21275a4422038a411a397e0378410034860a9125348c6f09f67,91769,135928,105,True
RTS,2022-04-19,bae6f9bac64a913ff00044a02ec12bf45d528cd3643ba3b94c980815ffbe088a,106932,167096,105,True
RTS,2022-04-20,f7cc587c356152c4b9f66b7b9340f7d125b58e1dae3a7bc0957df8bff9af4ee1,139107,218236,105,True
RTS,2022-04-21,0eb98dcad07cf922164027579b1f631a95102928e87daa1aca13a89e7ad33e7a,151249,241058,105,True
RTS,2022-04-22,29b3bffac92e75354bc32f293be9830350438584d8ab8e600739cecd384fe86c,98411,151861,105,True
RTS,2022-04-25,ed819d3f470d583519780bc6d82f13bc8cc2dcf3b74a4197faac08ba9299eeee,99422,144568,105,True
RTS,2022-04-26,2dbe5cc900abb622168b869367e589aabbef06d07f4f522ed93e834e4cd549b3,98300,142492,105,True
RTS,2022-04-27,1a55d862d48981d0412e2b2a6f08e36a2bdeb969f424afd6a33b58c70640ba51,103901,148610,105,True
RTS,2022-04-28,fe707447cc7344d3bd70058344b6de09f9109840aca3be831571f1ac194e2737,165485,239978,105,True
RTS,2022-04-29,9f729460d99c56c5dfa27b61d4619ca08d3b5b34adb06904345c6e644d68ee6d,147784,201005,105,True
RTS,2022-05-04,90a2b61de1ba4c0f1bdfaa94cdbf62b485c669ca6fbe8effc5a1bc6ceac9a47a,136231,187275,105,True
RTS,2022-05-05,4c17e273330b752a9e1a33988c6f340564802dec6c335251fd76dbe1afdf9abb,129726,172442,105,True
RTS,2022-05-06,5ff2ace5d2f4924205525b981eb42677e6bdb777ee3a55af9ff1ad7917728d80,133189,177295,105,True
RTS,2022-05-11,150c7007466a22118e745e0ff4bd5af7fd580015a001cad1a0753193fa92c444,150438,210136,105,True
RTS,2022-05-12,2bd9653e996e0b13b46a30a070383b4d4cb2abdbf77f0b14bdb0c08b28392e5a,157224,208698,105,True
RTS,2022-05-13,1ccc1d9b7184d28f5d668379f6d726b8786a490818a3db3743d73b515ed8cfb4,151381,197947,105,True
RTS,2022-05-16,6e4a0433e79fe25f34e2a65490246fbb85b837cb064802774feb1a8f53af4ca3,127392,166613,105,True
RTS,2022-05-17,5e679c2c753c73f4b99c98482dde726846893305c8161ee441e6214d2f08aa7f,109932,145160,105,True
RTS,2022-05-18,bdb47c56ff933c35b42f535954568109e23769c704dc04d3bcf8185814d9e269,104859,139174,105,True
RTS,2022-05-19,f0ff83e8abf542c50e5daf3e0ade54e36002b220b0d88d89c255b4867f378de6,133094,177680,105,True
RTS,2022-05-20,f5e5cbb8efa968e6a7515acc88d18c5af4e8bf76b085ea0e3b3773e1e2d0584c,156100,203375,105,True
RTS,2022-05-23,6bfe2983d662b09f7dc7882a9445950bdd738cc46af109899e988197935ffe0f,125104,161169,105,True
RTS,2022-05-24,93d12bbd791205e66d426886960badef82f25e9dd7e7359eeb2c35ae2fe5684d,160683,219417,105,True
RTS,2022-05-25,0157f0799b63af8cf2b821714c6141d5aec48e6318fd822258291fc02a614b7b,186424,245800,105,True
RTS,2022-05-26,cf65b3ff1a78e77d7a6b744cb1a082990720cad7099d3645c2b6be77ea308616,209700,286441,105,True
RTS,2022-05-27,1a5b32e0404bada95f8c86bf5df366eb93cdf78efe8fceee57bf3236642aee98,161955,214984,105,True
RTS,2022-05-30,93e4367349d248f22a4e3d9e1d0749ecfb1d7d3ecda4d650066cbd689b036c03,162115,208838,106,True
RTS,2022-05-31,4f7d2ff6135e9c1cf0f7453d044560c12ce723dbea4f7f6625bd54549ca90618,140407,184874,106,True
RTS,2022-06-01,26dba819724349ab1b490e88886696e714153f01c293746668a88180d6d1bc7f,101715,140415,106,True
RTS,2022-06-02,be76511835f90e0dc86fe430be2283daa26347247e720b1f2cb9aa7c351b44ea,117514,166557,106,True
RTS,2022-06-03,a177a582fc8725cdd68c6bb3d3b128aa4e5635c3bcb3fc944fc8544d46f52850,132669,177799,106,True
RTS,2022-06-06,194880bbd543b0d58b25e4bbd6e912bfae019644c65b106b2574fbd4f3c304ca,114626,156735,106,True
RTS,2022-06-07,203bb943bed4972016f0bf6516d13b62c4e54ebf43c40717b305a880de92e7cf,103870,145489,106,True
RTS,2022-06-08,833dc462f0d81b6af5e1d4bd69d2eb7e92ee40ee00a67934b174af07c2386bdf,118838,166393,106,True
RTS,2022-06-09,8b8106bd5317856c6b19672e9cbebb02d90356ad932af5d6d42f713dbfdcf76e,162582,228307,106,True
RTS,2022-06-10,0f7f2345cee027a4801da7cabc0b4cb3f0ba320ead25663f473970c55f82d11b,152225,205730,106,True
RTS,2022-06-14,0a3ea05cfec59af812cbe9b4af8348ec53728c4146569adbfcdf858af70eee75,123771,182832,106,True
RTS,2022-06-15,3ba0dea4be5bf689d5845336fc36e16b1624337e028c9f76b6ecdf026552dd11,22073,35784,106,True
RTS,2022-06-16,f8b40805422be0f6a677cb29922b70f30cc1e27420eb5ec92a0435c0b6c86585,64140,86128,106,True
RTS,2022-06-17,1189d32ade36d72680fae54fabada078c33c0b93a843c5893ed60e0217a9b448,86990,121856,106,True
RTS,2022-06-20,03c832fbe8df9024fe966d42ce4006652bf5b7ae5a1b8a34e88f24c8885de685,79382,113128,106,True
RTS,2022-06-21,690209d80b262404ed7f97f30bc8b51856534e5b28be0b936745b5bdf99be675,84802,120961,106,True
RTS,2022-06-22,4c5b100010e33496cb9efd462b76c723524ffb9ec62d229efd9bec66f94b03b0,94650,138708,106,True
RTS,2022-06-23,781a379847b814cdf791b8a504641343110546a3eb95245a2c81d6ca0ed8ff29,84134,118127,106,True
RTS,2022-06-24,533713641aa06a1a58cad9cc268b7e528ed4135bd906b855673f52ed0d540f55,80637,117602,106,True
RTS,2022-06-27,34cf8b6cd20a2dd82d75dc42430f4b144971f8dd3364bc86a67854d9891cac76,79992,120362,106,True
RTS,2022-06-28,5832057bb26b2d252ddfe2c70fd6f88c8ac7c2b5c6c4810d5f2993185909f1bb,90999,146580,106,True
RTS,2022-06-29,1671089fd487faeb977738d24a4a7b317149e253bf07aadcc738c997f2b1daac,168184,237818,106,True
RTS,2022-06-30,d53d0d73f0192e9cfa501af8851427717cfa3bb61032f99e2089761c7abe14aa,183006,270847,106,True
RTS,2022-07-01,acd345b991843291a7d3863b4a6c1fb8960ad49c726ea20410cc6dd0955ef594,164601,236124,106,True
RTS,2022-07-04,b6654b49b2862e9ea1b0884e9959cc99ecdcef9fffcc0581c766dca3099c8434,109146,156372,106,True
RTS,2022-07-05,8a183d196526d9a5d908119da9512d3c527894b7bde133dc5dc8adc51a4271e9,149072,227042,106,True
RTS,2022-07-06,a093fd4c63dc4e1a0627404fde928a86eb6d2e433f2970a27375313edd9b1f12,143099,224956,106,True
RTS,2022-07-07,1cb56af998d9a33c77ed702bab70305ec8c1d4ada7b9ea625c98f718aa88937c,105590,159984,106,True
RTS,2022-07-08,de57228d7e0bd480488416ff928a2841326a9aa23a08a20bad6d29fe63e47414,83215,127425,106,True
RTS,2022-07-11,7abc281e070ba47d07db4b49a1e6ad20715d412a1efa1801dc8b258cf3e5e870,133010,207297,106,True
RTS,2022-07-12,3afa6785abc8238f7f257c3cf910b6acff19fd526cf2b1bd02a03a52cdfe8b74,133187,191509,166,True
RTS,2022-07-13,689695ef40f783b87765c51d67ef6b4d38f0d99d558fee90b39684d3714941ba,115596,168000,166,True
RTS,2022-07-14,5864d0e6637f54ff826fe71201aa025f4f79d8bfc0ccb83256d780f5e55f9181,123699,188249,166,True
RTS,2022-07-15,5ad942300f78648184caf0fd5fa6114f19b12cf72150d3701b49d18ee81e01ee,119620,181018,166,True
RTS,2022-07-18,82a48059fa27f527274ab91f2acb41d5b76652298d1ad62a37fbbda2754b0b7c,94666,139353,166,True
RTS,2022-07-19,5c0747cb9f32202b1d5b2c46bb789ee5116d8ef98e32d0ea3b33ea7d16734689,106373,162177,166,True
RTS,2022-07-20,2c09429bfa07b20013ea014314cb34fdc6797061580c5bf2479ffc5b27bc3df2,105890,162008,166,True
RTS,2022-07-21,6500a84e24124317f4ecb6748047bfdb6f67fddafcff86f34b2800463438c8a6,144204,214093,166,True
RTS,2022-07-22,8804b3d027af5089b134bed871c70edbb73e33b1a7a099b9f7be5eba16a8da2c,107769,155203,166,True
RTS,2022-07-25,608f64b2b42eeeaf31691919ae0dc4977f5568300617e56f96abb2135999e3bb,69739,104925,166,True
RTS,2022-07-26,dc1128b03f63bc706e4e303bb6320f4593fbeb3612751e3d1c4fc5ec885bdd7b,81161,119833,166,True
RTS,2022-07-27,8d8673dd70ae72130e18807a120e28a36c27dca85c00bdb83b29d61b56d4ad7c,96002,142239,166,True
RTS,2022-07-28,19efec6f9ee325a074607500506daaf86aef4c2ab09762caa3e9615fb25ec684,114043,179558,166,True
RTS,2022-07-29,c395247de31c80be829113f9924b8a93f3f120c75f288d5d5ba453019c9b2196,98192,154683,166,True
RTS,2022-08-01,c30ed688ec61c02e2d36526f02e79d2b6493711b420dcdf1606534b13fcfc318,122890,190400,166,True
RTS,2022-08-02,ab88b380d1bd719a25266a508170b655be0e8b904313c61052bf9776c3cd34a0,93904,149339,166,True
RTS,2022-08-03,8c2d1caae24f1c7b52519d678037a031063e6f869bc9b8bfb34d7d96451b573e,81331,131172,166,True
RTS,2022-08-04,8ef9bb8127081b4efe5e5a7fc2a27e9dabf170589dff79a2ab9e05a3ee6a0197,66107,106641,166,True
RTS,2022-08-05,6183d97cd5fbe9c782dfa716d05df76c04eab308db7a10b0e877ab3eeb0cd4fb,97067,159780,166,True
RTS,2022-08-08,9b1545ce6d45ff2b0dec31f55b8057496d3a0c55ea8b1b8194165d537c09dac6,109254,180408,166,True
RTS,2022-08-09,55f5da45b0b8b3f61fb74ba19fc47990554d3e9937fc81757f2046d01820999d,82981,137992,166,True
RTS,2022-08-10,d465a0e8cd6d339d643371b028cbeaeb76681decf8a30d47a8a394dd9bc37cd4,76486,132455,166,True
RTS,2022-08-11,95f7167cdff7dd40a4e0145962ec4d8c4ddee4e73586f07c108a0450f0c95eb8,76909,134452,166,True
RTS,2022-08-12,40cc9d307e20b6a13e2f786e6c863758041e2244a6b686118d37916c2544dd08,100712,170453,166,True
RTS,2022-08-15,1a003d3904605d56d903870c015d6c400c42baa3821027146ddfb2dff9674afb,92072,154126,166,True
RTS,2022-08-16,ff2ed57e70431723f6208981312a2829bcd850f78669d85a41cd1e2c62a4c863,81532,133696,166,True
RTS,2022-08-17,269a03b927d8444d1ee8e6dfecb6a7f7dc2fd8fbaf5158871cbcc69508d34c9e,102889,175418,166,True
RTS,2022-08-18,b726cc1f0ee98b49a2789bcf2c143fe24fd99b412a525d981a4eb801da568683,112184,192157,166,True
RTS,2022-08-19,162da74436b5afb0a0e76c9e5804f5e016d10bd44afcd71f1489b55b56d0b674,85434,145596,166,True
RTS,2022-08-22,44f4a29dee49912fe99ada0f26b96631236c8cc1e2dacd692930d432c48779b3,95234,159202,166,True
RTS,2022-08-23,b892f37ff3a415bd7b802b81174e53ecc31caf33eb68d82d642126a5ee2d4a0b,73881,122108,166,True
RTS,2022-08-24,1b6964e460251d0937a7e79113d829322fa3bc19691760f486a98f207d864b25,54425,86949,166,True
RTS,2022-08-25,a1799ae47c75a7a2693d5dd277b76868b59f6662a0500b1c495688c66d908662,110275,192101,166,True
RTS,2022-08-26,6138474cc4d8c33b2408ae8013aecbf8b640788cb10da5ed3bac59bc3cdae732,78245,130287,166,True
RTS,2022-08-29,2e690d0a42821cdb81603d0b1114061bfe6f0eb0bdb929a6ebe1a23c485d3453,73273,117596,166,True
RTS,2022-08-30,70e32feb9ba6849c8d0523df87d6eb7b644410ef937610a1a06e1d9152936651,134634,222731,166,True
RTS,2022-08-31,4f0b73bc330b9e67a75e2e035e9b9ed0d687c7fe4e13c16697caf81dfe146c9c,117833,187942,166,True
RTS,2022-09-01,ef60f0a40e86937dd44f4da7a31d54a50aa660850178e24c179c8d2264220044,108604,169779,166,True
RTS,2022-09-02,0cbbd402b90c69eb925d13b8e30c5240ad632149328a65b0e0420b07d857aac1,82482,125015,166,True
RTS,2022-09-05,65f8df9d2d82cd0787884fed40ee8bb950d30661b0dfef988cc5ca249350ed1e,99231,149745,166,True
RTS,2022-09-06,c69d4b9cf9707f39d344d871224cf114ddfd2706b54d7a3a794b0529316c49fd,115131,184601,166,True
RTS,2022-09-07,f5f098e270f5ba97b94325b1574cf224d1196fe51d4a0ac22412c47b45b23ead,91939,142744,166,True
RTS,2022-09-08,69d54a1e8491a24a9a4b385590284451d10a1b4c0ff71b2e19e3cfe5ddaf29df,82256,129515,166,True
RTS,2022-09-09,5b11c50999c3dbe9fe9244e0fd2cadae0ef693834f37550644589f74f666262b,64510,101335,166,True
RTS,2022-09-12,722c5fa372288bf46816e49427417f12dc6a713bbfb42275c325072cb2b94457,70428,109571,178,True
RTS,2022-09-13,bab18b2989d477b46e46693969fab7a23da5c97b39ec351282dfb7d6cd0ceb31,75129,118992,178,True
RTS,2022-09-14,3b850fa292bc27383d0bcf77f717ac9600461bf581ea0a9ae22e8b2f55b8c513,30491,43377,178,True
RTS,2022-09-15,1206f9ae055d788d673a2c7e9b4edd554a491a06f2b72354093976c404ae4d86,95247,146291,178,True
RTS,2022-09-16,b4d3126c24a22fb76a504e0aa457d1c177d3b8593b37b5013f462c74dd7ee9de,84584,139677,178,True
RTS,2022-09-19,9a714203684e27b03d21dd3b6ce4781835e9d7ccc9cb7e34d6048b829cc4857a,84884,135513,178,True
RTS,2022-09-20,95ecb536aef6b283ecba519d66d0d71d618bd10cebfa7933c1d20f8b56af82de,245436,391775,178,True
RTS,2022-09-21,9abff9a7e53b4f32c262d2a97eda69670a06985e944389947adb8d20cd1ac0fe,207458,318233,178,True
RTS,2022-09-22,fa537daca824ceb9b4c2ba591899e1843d73355462ce5904677732e18ccd68dc,127171,200069,178,True
RTS,2022-09-23,2225a4065d550f5624018d643081a43add9a5f702a16d1672e9c33872e5b8ae0,157511,228323,178,True
RTS,2022-09-26,f6c3890388bda443ead244c9025436f0c79ee518d9b35d7e1db290e9ea8a172e,221027,336139,178,True
RTS,2022-09-27,135c7c7427b08c343346db66b4c4c9e43b1419163ef153156464b7f0b2d21c6d,171324,263628,178,True
RTS,2022-09-28,b0e1e4a0e6fd0fff9c70c8924819a51bacfc9ad1ab1eb8257d2e650446267953,157270,242671,178,True
RTS,2022-09-29,32ba8ec29697179a1308c5b3c0bfaa9c08990077f7f6285afb0fdfe485a52c19,147955,235893,178,True
RTS,2022-09-30,29891b1699d74ff92d886a5032ce7d5523cd2e07705e4d47985ec828ed56344d,262876,378528,178,True
RTS,2022-10-03,b00178d0b622614a6d926fb746a1d55928189ecff0b5a7dc1b2d3e85e594c145,116779,184308,178,True
RTS,2022-10-04,39e4626b5260fe1bcbf878dfafb0944e5bc4239e9395c05c7411c68057b6b365,128012,191642,178,True
RTS,2022-10-05,95da74f2cb60aa9180ce2dc1d37aa30f740b8c000bfaac44e4e5bda74385bc1f,124722,192655,178,True
RTS,2022-10-06,8d45c484ff1b5a36da9402c92582504618efe397bd1479434687f168ae425180,89739,135491,178,True
RTS,2022-10-07,2d0ee03ebbc018ab095395dd2430d87b6c2b346fa86132dd75ca09788a911ee5,101740,154308,178,True
RTS,2022-10-10,6e00362e541a4457a5b8b02eed705a2717afd15ae6e8b80c0a17a8033803c975,149171,219577,178,True
RTS,2022-10-11,0d9387c47ba768c33ddc3bc7e0afefe9204a176f3f9d6c91e140c13732538de2,110997,164335,178,True
RTS,2022-10-12,8652ddaf208ef29f9f9481068c32369601c25568b0f248765f88730aa6103b13,97565,144993,178,True
RTS,2022-10-13,2fffaa021070ce5aa41a08567376dd0595dd9d6693819d9e4b4a1f8706617d3a,90365,141288,178,True
RTS,2022-10-14,ca6b4824f07657bf05ae9a1a083d10e4792024d17a7a1047031a669783e22698,77483,123069,178,True
RTS,2022-10-17,3e4ec89e77c92ea7c5a9fe74d606ca56fa9e97cf81fad4ff17bde22082f20712,80988,131809,178,True
RTS,2022-10-18,8d9c6434edbfe82a02bf7f72d8434589924f5ff4baadfabd8575f563fb8f2148,101465,162969,178,True
RTS,2022-10-19,33fa77bfbee0e4830795d762b318505cdb7a5320a94d4a48fdcc53e580dad2d5,106933,172136,178,True
RTS,2022-10-20,1bf92ba8e75082a9cd62628911b447cfd31cc35522f93f24878cbda7b82d3a92,86212,137180,178,True
RTS,2022-10-21,d502b7c326519b9be6131395474b82f58dccc98d788c13949d57a002c0fa9802,90653,144527,178,True
RTS,2022-10-24,5e0e7318a026cef49eba8a9e4d9b476da0ba9c98afde48bcf6c1130e4afb4e32,94513,149322,178,True
RTS,2022-10-25,9f0dd983cf0bd8bdc913e5f2466ece677df13187aba49af74040819053a5551d,79326,124392,178,True
RTS,2022-10-26,9ad31c0bdb10d0665660843f609831f996ddca0742fe634253ecfe326bf7c751,84671,128751,178,True
RTS,2022-10-27,b188b49e9e2149d833415839b51d0d5d8e90fdb96caf653ece5884de3c283f78,75915,117673,178,True
RTS,2022-10-28,93ba05d2010ab19f51ccb80197abda6620d4098ef70cbfec5adb852e68669a88,82897,129233,178,True
RTS,2022-10-31,98219f481977ca4a9994a0612f8f4ef9c891e7482c58e550b5540776f0256e8e,67812,103226,178,True
RTS,2022-11-01,c9fc44efe2feb21b3dfac8e6723160baa37587f83cd82552140ac07a13a7e61c,53978,83140,178,True
RTS,2022-11-02,314ef56c1029c710bf04149ca68736447f24478a7aceae7ae4746ed9d8d0462d,65909,109875,178,True
RTS,2022-11-03,e18df29dcaf17c37b98dcd8baf831eaa7b64a01c2d5902ef4f62c750e841e47a,79753,125628,178,True
RTS,2022-11-07,2a851e8af1ec10d7e8dd9f18d2e4f889848bf82b08caedef5eda737ca535383d,77186,121569,178,True
RTS,2022-11-08,8506e0b7e7ded5c4ffacc710cf42f98bbc5d78e3faa9abd7b325440aad8bc5c4,71878,107891,178,True
RTS,2022-11-09,8808baf0ac89686fdfc07cf27c0df644aee6a682dadbdb5d964768ee49763c6a,91994,145979,178,True
RTS,2022-11-10,e71cfcbe5abce6213f0bfdaea3cd132addd3c0efb546f9129243e9e35e8da2f7,90494,143551,178,True
RTS,2022-11-11,e09a38d07bc643baa682a7db02aa30d20d7f67ec7a1b7acc35356017982a9f04,68595,103296,178,True
RTS,2022-11-14,233e81650252fbcacf8a4d269c3ff74e5f6f551970a01649d29dc916b8951a00,64432,98706,178,True
RTS,2022-11-15,7366066b5bab9357ea93f758e1491fdb60d48e0c8a882a8db930bde51e4b0534,110972,184120,178,True
RTS,2022-11-16,0f9b08e0dfff60c32ec65e608610628720229f6619d4b733b1d8e6799a611e14,77859,121987,178,True
RTS,2022-11-17,8bd8d5e3546de679d4ff3a5faaf5a438a6fad2b4367071debde8f805a9d97424,69329,105520,178,True
RTS,2022-11-18,4e61146af20fc820bac1f343e61b422fbb629a2f2701d17ed859c427de04a5d9,58081,88887,178,True
RTS,2022-11-21,ba2cca08dc821fbba53096d03b513ca62e301972cfb4c030dd2f37d2803bff4c,73517,115115,178,True
RTS,2022-11-22,787878a43b5661947a4cc4c514b7c461177bb3aa24cb772b915573f2df2e561a,67898,108434,178,True
RTS,2022-11-23,11dee672e160b62cc5aaef36c796d925ec290bfe683b4ffec24873748d18a174,65555,105584,178,True
RTS,2022-11-24,fbd4faa2d6768146cf83753216890e4bb4244e7257955e13d3d08d70fa52111f,50778,77685,178,True
RTS,2022-11-25,14085a9c5121213bbdab6356bb1820fa35ffdb307bfec8b6b6e0cd92e6aa4f6f,55595,85329,178,True
RTS,2022-11-28,6b1ca4a90e2481c4fb57fd480efea630271073b190bd1a30cdf8346a18d1a8de,52970,84075,178,True
RTS,2022-11-29,c81d6ca2af0f22118e1451190328c2c5884307e96c2af60ff5733c034ca4a696,42865,67832,178,True
RTS,2022-11-30,0318a7ebd1d7b3b381c512c348b610ed4bf6bdadef896541eda8cdac53d84cad,42829,68324,178,True
RTS,2022-12-01,e6fb086cbbdef0322145f728d3c14f1537d8959cd6243b065bda64dbfd89447c,51407,83833,178,True
RTS,2022-12-02,cab4ed6a052dca3c47f1794848ac2c59134205c517bf0179b5fe59659f00afed,48289,77318,178,True
RTS,2022-12-05,0517db8581d010410ff493f1f877123c4fd69cf8d6ed296e59654ee94e38e128,54817,91405,178,True
RTS,2022-12-06,af48a11de5b4b8087c6a150f5d695a6a3c2645416d6830108c35766bfd3d0bc5,60265,99023,178,True
RTS,2022-12-07,d6e70791ac217683649594a4443993e5fe158f9a8a64e5b6761d671c6d390e2a,52087,82820,178,True
RTS,2022-12-08,8fb399d070bd0d89f358a076258afb7b491f98c7c8fbbcdd1d0889c5b220d612,53182,87492,178,True
RTS,2022-12-09,a9e51d6cbc5249e27aaf19eabffb912b20dda83d9ebbbc20774cb8884168f97c,43922,72606,178,True
RTS,2022-12-12,c8cdba4c1f0f31369573cf85e57f6b834818f94ad2d2578479504d99295f0102,40000,62672,178,True
RTS,2022-12-13,c30bc44d512ae4cc65b329d05b8b2c751aeb01dda21e51e5585d5d38b1d04c5a,43430,72115,178,True
RTS,2022-12-14,10880f92a7a8089991ee498872c9ff6c47c0d4482b1110c606a900ca418e92c2,15716,23945,178,True
RTS,2022-12-15,ab20bb2ee078b9a57385de6622783435175725d4e4ba40379acb56b57daf7fb2,48975,77207,178,True
RTS,2022-12-16,1cdea1902539a3b9ac86e44a87afb83e790448dc2cdf604fdd56034f3a073ea4,46757,77092,178,True
RTS,2022-12-19,47ccb17e63c45408b9496daa41616de143e1c90b9dd3ff002ed53015fa26acdc,86705,140831,178,True
RTS,2022-12-20,0bcefa6bd691a6010b428adefd6a564348f5d17a8c0ad360f82af8b23d64cd36,68282,106998,178,True
RTS,2022-12-21,a0646845f159b89705d45462e63cb676a524d0699590ed4981652d32080a9bd5,75196,115783,178,True
RTS,2022-12-22,49267be1b940c2dd298346e713232619c81057fb051bbb140a7bba2c4aa89e1f,90341,139401,178,True
RTS,2022-12-23,8238c8653bfef6955873e043cbaa488a41e89bd928e1602ae92d65a6c04ec11c,69238,107928,178,True
RTS,2022-12-26,8a2c80280c3eecaf68e29e2de556f9c9950f0df1e4bb7fb904c6e1586f1f92a4,62493,93703,178,True
RTS,2022-12-27,0038a818cdee99345b68c377f6a2f3d61da44cfdf2bb896109405d2e0672a243,69606,105367,178,True
RTS,2022-12-28,a68d8abbeaef14a134b7cab75ef7d6488ef64f0a87d9cf401888fb4ac59ffe83,71526,111476,178,True
RTS,2022-12-29,2bea55088b0cc071d842286ba012329d685f4e32f4aa5a0e9f49f2d3388fcbd1,82706,121042,178,True
RTS,2022-12-30,bae39f8ede9ab44745453c7f79f2de6cea41a6965fd19fefcf0d717eabd6aae6,53721,78087,178,True
RTS,2023-01-03,fe7746eea22b0a5c70b993f277ad9cfb408d3d0dcb9091f930c680c5459be3f5,36282,50870,178,True
RTS,2023-01-04,8029d0ae6a386dccad8fef3255dc2e59002cd1903f4dfb0f706d642d78dfb4a9,41572,58402,178,True
RTS,2023-01-05,f296ebc5cf53b528a78f8f35c66724241dad63dcd8f3d973fe17eb5f3eb2097c,38823,54066,178,True
RTS,2023-01-06,d44ad1ec34de97ae3e32f0b2a6a830221f141a59c0cd5948c476c270d64ab52c,32841,45786,178,True
RTS,2023-01-09,d39e0983f29c1baa388fc91accf93b01e28863c90dca9f25d651e9bfed7eef0d,55673,79796,178,True
RTS,2023-01-10,fbe8990ff57d7f68bf4eea2a7a5ccd14f36e702b8d82ffd7360ca4ce7432e905,51324,78760,178,True
RTS,2023-01-11,846caf2d0c045d50972ef3e87fadac4efb8431047aef2b11af2796baceff107a,76940,120083,178,True
RTS,2023-01-12,6a917ca159b6f0afdb486e1bddf4874aede25bdd5b142c66ce80a006e71b1308,54025,89136,178,True
RTS,2023-01-13,df8dd5914101b75bcb3037faed0730d2726d08bf1c6cd50405a2e072e8268600,81909,125825,178,True
RTS,2023-01-16,f0094084417322b1e8ba23c5c1217d4a19fbc1445c70d826d225e5460b0c20df,61091,92822,178,True
RTS,2023-01-17,d1bd93b7888f7af900613f3bc42e0584cf0674e2b51a536c6caed80bbd10026f,55777,90334,178,True
RTS,2023-01-18,1aceb27ee07f75157a200ba0b20874cb04ad058a86d4ec4da9d38131ff2659d7,69862,109922,178,True
RTS,2023-01-19,bf151551c6a96f8b718a5e2b942add02d1172c96144ebe0fa51f7430002de2d3,63709,101828,178,True
RTS,2023-01-20,9c46b58436efd273b063f988280630eb5640c1ca56d29b0b070ac694e68cfa82,53828,82155,178,True
RTS,2023-01-23,37451337a1539aa052e1f645f31b48b7c17f802ecedfa38d0e3386776fac178c,55737,88021,178,True
RTS,2023-01-24,ea9933ffa5a6fe3d901f450d0b466560b251d5a9af0b0b8ff0fb0222ca37f4ba,57449,93157,178,True
RTS,2023-01-25,135eb1c04b91cdbdc9a817f7a4759b6176c3c19aead4ade9eba901f418e3c760,58864,91463,178,True
RTS,2023-01-26,27fadf1c35b3d0785b2e1892b82ddf44fe2d67c2ea84f4eba86f8ec974cfb3e6,62007,98984,178,True
RTS,2023-01-27,0d4b6c2521979b61fd21716e3b1a5d7da2f69ccfc160f103bb557d446519c2b0,38951,64961,178,True
RTS,2023-01-30,f5b1c157bcf50910b43a9a67f44d9da8fefa9e669803e086db071a1785d514bf,50865,84594,178,True
RTS,2023-01-31,13434933550d59c673e42a8ef71e7d3e76d207ab4e29a108616be2e09079ab24,59992,98588,178,True
RTS,2023-02-01,9bbf9064e4e25172baefced7093e04ae1abd83cdc2711cf80343e0f7d89598e9,57992,93700,178,True
RTS,2023-02-02,02a0cb9deb08b13544aa79245bb58be66950ae8314f44e342a49675dcec293ae,56660,91555,178,True
RTS,2023-02-03,2382a6c5a958f013219c02179afe6a198832f3b596c56cf631fa4f2a0a5ed486,61849,105431,178,True
RTS,2023-02-06,ffd86ea01052f32a2c8d701c41e07654023b94087d75a811e7e6ff167406ebc3,51535,86776,178,True
RTS,2023-02-07,b112e416380095776f4e808d0e1d19e509934f5f07e0cc60a12fdaafa0ea3249,55476,91969,178,True
RTS,2023-02-08,a6074a72f48f8a947ba9592680f1c4ed8951ef26eeac1e7f231a483188be9bad,62638,107556,178,True
RTS,2023-02-09,d00b45fe1b3404388a8e060da1fbe444ef2bee4a9f8fb00aa9559c9f68766b8c,77746,128189,178,True
RTS,2023-02-10,8e39051272b418e5a3eeecc105baee08bc0c429b3de31885ce83c78513d08048,47526,79779,178,True
RTS,2023-02-13,df6693ded83d457b37867681a3eb0bf6988e03509d42e4080556deb407739c9d,53408,86222,178,True
RTS,2023-02-14,acf530901f88092ea80be216f628c12ef53c7f728e56db718dac2a6b1a7f2e2d,62953,104661,178,True
RTS,2023-02-15,ebf008c0b2c5e8106a46cdd0cd7f712ec9615ede13bcb5642da1424af814513f,84306,146670,178,True
RTS,2023-02-16,dcfb163f00c4c284594dbc88292b0c432c899f374ed6c63212574d61298a8b07,71018,116899,178,True
RTS,2023-02-17,4f34135e460bf058c91d7cc41d95598355b194a7125f2abdba435084d863cf01,68911,112854,178,True
RTS,2023-02-20,1834402a2bdf0861c09f4b0690b4f29f4ab37239bdcfd4c9b7002dfadcebb5f3,65002,110478,178,True
RTS,2023-02-21,1bda46ec2dc5dee5b45ec3e855afbe484180a960445f9a0bb8034bba6ece3596,83091,141570,178,True
RTS,2023-02-22,b375404639e5628a849061bc7242f20256982792bdf49c9b3e1cf14e921d5ddf,51626,87117,178,True
RTS,2023-02-24,22a0f77661b9e97f84461976e42d7117adec70d1842534123a5951c89898b1fd,57954,94804,178,True
RTS,2023-02-27,04a813dbe5ba653a43534e5091e39475d7cdc01c163560cbbeff17b892fb2631,76360,128368,178,True
RTS,2023-02-28,4322b298af4b498195cfa950065787c42b566c5520e43366b0eb96ffbf7c5f01,60720,95741,178,True
RTS,2023-03-01,c1d1fdc49f9eee97ae20f7237255e1b81e3295f436e4b64133242a2575be534f,61618,96074,178,True
RTS,2023-03-02,12d2bb5dc857a32104018ae43288ef48b1b61bf908a605b208c3f02dd3459008,85267,142219,178,True
RTS,2023-03-03,c6c1735fb0bbba7dccea4702baa68ee8826eef8725f0740c6abb6d020d46afc4,51997,81709,178,True
RTS,2023-03-06,e987392b20b15f2b072b5238996ec853dca7888b055594288a0051e2ee4728f6,54148,85730,178,True
RTS,2023-03-07,e2f69cc0291ef7f8bb6cf866ec4f799f70c5cc835025f8dc2967e374ad844f61,49572,75959,178,True
RTS,2023-03-09,e58b3989a0adf5f2f4f7835936a7e3256cf45790bf7d27e4fa0721b827f4ea07,61896,91574,178,True
RTS,2023-03-10,eb7e2aab45fa7e8cad451b86f19fbca7fb0f4a953df73aefbd9002a15df46637,46738,71268,178,True
RTS,2023-03-13,b415b30e40b13e1c7ab54d254a8831550744cef6e428e854d74af625f8d94f37,67856,108540,178,True
RTS,2023-03-14,44d0bcb0fc95667cae701336143f197087ea64d6f350cae257e87b599b20f8a0,51052,76836,178,True
RTS,2023-03-15,82426afd189d361942fba9ac1efc2efa1f69bf145269d7ece4bf7d4ea4aa49d8,23817,35527,178,True
RTS,2023-03-16,dbfbb186913507d5543bde7a175c2d9ab446b44f37618dd9cdad021cf8bea6ef,65123,105216,178,True
RTS,2023-03-17,d5b11ac117b764efdfb82b076d0b9693f2ffb108edefdbaaacaeeb5ae5b481a5,92384,151478,178,True
RTS,2023-03-20,5431588bbf3f16db9d0faebab10239163a9b99ea598980eae5e55ad2fc80a584,74571,129819,178,True
RTS,2023-03-21,faf0414fad830e3632b577eaccf06205ab572b4df809fb8993ffaf7b7915affb,79510,129796,178,True
RTS,2023-03-22,f35560f22e319f82bcbd630fd8dcf498d8b12b78d47b58ab5d4c7a02f54d306d,66907,107696,178,True
RTS,2023-03-23,51cdc9fb57f71ea313fff8a8aaab7bbc1a95a069e4feada671f0efc8155a076d,61781,104913,178,True
RTS,2023-03-24,b4929812f0310f72a1797bfbc093532e7f618666cfb19db53f1a16469cfeac9c,51954,86394,178,True
RTS,2023-03-27,b13529ca5de9cd023d9a16642a959e9d453c538724a5708729ca3e2217fde528,58526,101652,178,True
RTS,2023-03-28,42b42f12b9380a5a165ebe4be66776c3388cb9fba8ebc01a8847aaec8199b3b0,52810,90210,178,True
RTS,2023-03-29,b53b17cddfc225c2eb12b90b6081b4e76fc462ccf78979334de0ee662f37a2d9,66141,103286,178,True
RTS,2023-03-30,ecc80c5a794b7099105f369f3c1cf32c92fa9030f991f22a6a23195955cd2bb9,59009,101777,178,True
RTS,2023-03-31,bd2e448eb3d0014f32464bdf169bd2e1c817a4570a88e26beb827cfa5cb7b745,76397,140728,178,True
RTS,2023-04-03,983ace7fbc5c808e6905a95f9f3f39784f4193310a63cc4feace924637522fba,59078,106768,179,True
RTS,2023-04-04,1d7a29112b55fc324b3f76a9f5556dcae974c65d32dce5f1b9dc9030d8aae081,53293,92401,179,True
RTS,2023-04-05,a19684e208664f5c594f932bc38cd302bdd81e94239bd990235167e8bb6f1321,55674,92121,179,True
RTS,2023-04-06,9cabd4445eb6fd4e5b9e347f722a600a8773259c1974c2ebceefbb37ff71f834,68072,114801,179,True
RTS,2023-04-07,5d2057b21543a294a45d9faab44033f4e5d509ac8ca17526eee1912bb3ab88b7,90818,153109,179,True
RTS,2023-04-10,faf76807fbc11bba954dddca49529125c0d160bc9c361057c49fb160b38a9734,62543,104159,179,True
RTS,2023-04-11,a91a3875c2fd3e656191114ad11222976a21427a148e2141e1cf7c821b345927,84588,137129,179,True
RTS,2023-04-12,e68f10a8c7bd0289529975db69a49efb4810525fc45adb1a7c3355b76ec7f7f4,66185,104608,179,True
RTS,2023-04-13,e82b9b35372e5a24fc891acdf809747b08cd4003e2d0373580edb7d8361f54f5,56947,94376,179,True
RTS,2023-04-14,7f35567c87efdb7e55322eb842a7fbf3aec35b6bbb2e7462aba2c07b3ef9b077,54732,93930,179,True
RTS,2023-04-17,a0e7d9c6ca713a561882eace5b580c5efe4137d45113c324516335cb4c8e4b27,65999,116348,179,True
RTS,2023-04-18,935ff1e6e6916e5f680e9b6d3e5b2dd11aaae30b9120865bae192e9f7c016986,54026,97597,179,True
RTS,2023-04-19,3f77a1b47ce6200d62173c2edc1593d65dc4861fa8bde3aee68c709dff46c0f6,87828,151081,178,True
RTS,2023-04-20,ba2c7c0d4aa1e1432ddeedbb628a234af2b210b127a7b3d547ab48d5ed8599a7,80285,139778,179,True
RTS,2023-04-21,296817742b359c38809a255891db63f3d8ba180f610b44d17f6ab926a6478563,52041,88094,179,True
RTS,2023-04-24,6bd61d6a0d9022e1923454771cd638c7c69e5f9bf2d06272e843ed3621a35b43,47368,79701,179,True
RTS,2023-04-25,23c7c9ae553e1c0edcd6c28d8db85a4f2d217484537c444e7d90e812b0e46d58,45762,77696,179,True
RTS,2023-04-26,376bf3b3ed60d85fc4c2070e4da80210dc4a29e0538570eb77255e1a25770ca8,49484,85607,179,True
RTS,2023-04-27,ef7451ce1391b7bfcd92153c1a9530af7cf5f10160dca9bd9fc7a9ef3c6246bc,53919,95684,179,True
RTS,2023-04-28,296e862b72e462e365f282b597e1c43bb18916b5e503e3908acb25f990b9183f,73749,131428,179,True
RTS,2023-05-02,59bb183dc1053fa5fe49398133389ef9769e09727030352db89de2ee8a2a4bbc,73725,122095,179,True
RTS,2023-05-03,99d843137edb5359bbe42e08c6196da56076d96ee906025bdaf06c7254cd5ca4,88490,154862,179,True
RTS,2023-05-04,2758ef06514055ca519d93f3a323e1a0318b50e66c1ded2f1856d4b248c24afa,70840,125940,179,True
RTS,2023-05-05,44b566d7ac0014ea97fe28b53d708b0cf22f6c3a7462c5f611425a98bf43fd9d,79858,145348,179,True
RTS,2023-05-08,d2f4b9b713f50f0802a779b7d1b3c0dfe905625a43604192895e1f129fec2049,49750,83315,179,True
RTS,2023-05-10,a908f8cb3fe2ada77e02991ef2f051722c2242f44c5092572cebf9363705e1d7,102655,189819,179,True
RTS,2023-05-11,2a6b9429efc2eb288d383cd26df69840bd652c16e7db57f45a3600e2359c98e0,127846,243380,179,True
RTS,2023-05-12,4830f4124192f4e59530cfc37f9874bf24e0a1f5c26b94c6c34ee2cf7c3a67e8,84808,154271,179,True
RTS,2023-05-15,45a0a438cbf14223b4b216d76d01a960ace93ce8246a645b4d2494c1eaabae49,72033,125304,179,True
RTS,2023-05-16,d18a0e3a7be89912d3550a747bf22cc025f3baadcc5bd49df44a7b8621d28721,80892,132975,179,True
RTS,2023-05-17,345770a9ba3ac6ddaa366f7362f32e784097827639bc3e72cf5358fec7d5073d,85938,150249,179,True
RTS,2023-05-18,8f770d13b95ee6814fe4cf34538ecc3969050a1f22e9e2c383643a9398d22200,87438,153962,179,True
RTS,2023-05-19,6cd90e82cd410a2ac3254f9cc357381109c34b73e12d9942f6dde7d6fad73ec2,61919,103179,179,True
RTS,2023-05-22,195b0855f30abc20be3aa25b9979aca09a34d9261882a4be86bfbbe9c4ad12f1,53807,90148,179,True
RTS,2023-05-23,c558f2086f1dcfa0f1e1813483346e7b7b6675d164f75fcf9a922e82ca7c29fb,87859,152199,179,True
RTS,2023-05-24,336acda49cc718cfe9ab2a8146674d61429faa98bc9406ac066450a8b599614e,59315,98110,179,True
RTS,2023-05-25,ea1a79b276aa5ed8597edf8262b623a55971c053b88cbc1c12ac5363c0ffea6d,54640,87116,179,True
RTS,2023-05-26,7990cbb01ba77a5a744c11c3b3e6c4f32076ddf799feb6f5ecc4f066d7f5afef,53652,92652,179,True
RTS,2023-05-29,afece6c0a9a29acc1e85b5a707c535643e68d460a705b6a7063689de3b5cd004,56697,99502,179,True
RTS,2023-05-30,a42dc06365c0ff71ffafe5d176487f1d588a9a27fc550b2be35908391b14e2fb,79282,146400,179,True
RTS,2023-05-31,5b88efcbd2954eed10b8bc18a6738c3261b377c4932aedd0515d42ae7a4207f5,62834,108569,179,True
RTS,2023-06-01,34a0bca40985a6d8b7e1289c96fa037ea3553f1639b70a39b377e64ac1d0ded4,53314,91172,179,True
RTS,2023-06-02,5753ae8032a3cccd834a6278ece8a9cbbcff79ccadc353316086b44cc188a90f,57121,102839,179,True
RTS,2023-06-05,0cd6e70a85c641255dae89a4ece8497bfcb1eed8ba49a84fe726c54639658525,78747,142680,179,True
RTS,2023-06-06,e42baa85803afa3c16351fd7b8c8311c94865c041f02ac4311859f2a12f7824c,85750,172905,179,True
RTS,2023-06-07,ac3e418b6ed79209f712ab6f7ac1cee52bce98167a28705b59d69ab082cb3f54,56256,113732,179,True
RTS,2023-06-08,199d3ab36d558c1b9bfbc0a583cf1e7edc78edee99e829f7fbe629ef61fd8c8b,55862,93275,179,True
RTS,2023-06-09,27f9915b88c43b40c556c6f1a220a60cc647526eeac75709d00b3ef70064edd8,56027,97038,179,True
RTS,2023-06-13,d2a8b60bf1c48718beb14ab513361066904c1807f7ab345db2808ede92d6fc66,58879,107512,179,True
RTS,2023-06-14,ae2e73444ed20928e0394e06588fd23903c4b6a241ec018e63bf55ede04ebf6f,23987,43340,179,True
RTS,2023-06-15,092a78e65c2c1a9ce3e32da7a71b33580bc48e44894d3a3fb719fd762621e853,52745,104047,179,True
RTS,2023-06-16,ea43ff3e0df4de68661e6096f74f7922775e497438f8c6b6b0c782c386632979,50147,87227,179,True
RTS,2023-06-19,377b52bf82efb5dd875b5442571ba6f04e74fb268e28864dd3da3f17f439e7b8,50092,87682,179,True
RTS,2023-06-20,5ab88cc7c8b4bb0effceda833e571319507ebecacdaf2001ff3c19661c6475eb,57470,104851,179,True
RTS,2023-06-21,9a5688cf502238b41c5d56c9aaf440f30f129a84a4f0d20295783ff990d13cdf,65120,121918,179,True
RTS,2023-06-22,f95f0f632210b072f39cc6b26fa4dc9d5671f2feb1a0fc0cea3f381242ee2c5c,44822,80010,179,True
RTS,2023-06-23,c8167abfc914d619bf9c5dbd630586041c5200533da77d570662698fc9ffc33c,92074,173386,179,True
RTS,2023-06-26,4f7174a12b773f3de1444b5671e462ae423c8c859b03aab7044fd5401900849f,121739,226534,179,True
RTS,2023-06-27,6c731710e32d66fc98a19b3cbfc7d8f5535cd56f8f373a13e3efecf8d5e9af99,54895,91013,179,True
RTS,2023-06-28,3c8e74b6200b0beac7e15ce98a836f85ab1e58e5e4a8bd45678084ce9905ca21,54728,95149,179,True
RTS,2023-06-29,96cae46f5cee1c52f8687c2e8a22e1ae9a0ecce505cc2a80c1467546470697c6,65863,117027,179,True
RTS,2023-06-30,4f6a2b25525c7f3799daa3ae187ab0736aabc60dfa2dad0c672202d9781fb1d9,84314,145243,179,True
RTS,2023-07-03,63b2d7a98ea70452cb4e023ae73fe878081fc568d608f76fbcb5be5753c7cbd2,59585,103455,179,True
RTS,2023-07-04,9f2319be8f5fb02d265f44d6bdd747f748a554a0511898c87c440dd2ee00e1b4,69242,118576,179,True
RTS,2023-07-05,50d163f32e6016f8c89888efe91d7b57c7ce2dd1043838db282de189f0c76807,56640,94601,179,True
RTS,2023-07-06,3b953a8e2e258feb0d3f85aa42f5421eaa8b84c03e3fdd106a0db9d7a7cfa684,82796,137646,179,True
RTS,2023-07-07,b991fe7178c33d1cf032f2a743e45198b699329ea79890d2b71373b2f0c37356,41193,68890,179,True
RTS,2023-07-10,350ea5cbfce2a95984cb196011bfaab10caf6e0a8b5f0e549d868f49030caa71,47905,84705,179,True
RTS,2023-07-11,a46a961f2cae7c8b014d0c13653593c6797f7c9a944658c7e9fd869915090557,49428,83662,179,True
RTS,2023-07-12,bc131f68327b39c3d7f3fdd58a69a59c5a51069aa278ef7fd09e7b9c0120e036,55375,90350,179,True
RTS,2023-07-13,899c86a2c23d3218e01658ee45ba67844cf430840531645b842dd9d5b00c809f,54982,93840,179,True
RTS,2023-07-14,7e31a2bce197d6746f587ee78fea19a4fb5057eb453371d3438908f55bb0da13,41581,68876,179,True
RTS,2023-07-17,fb4d85185e9821f8c8c55cc1338024c209c7fa451d2576c7e3c4d7a3ab65269b,54001,99648,179,True
RTS,2023-07-18,c615b7ca3d635bb1087befa72c7e7536b008c58d00fbf7c6f575a419b6943b9e,43474,77449,179,True
RTS,2023-07-19,7c0e4f85ad0490faff14a238741cf5c79b77f6fd5e0239252b2d3cd04548b896,38592,66076,179,True
RTS,2023-07-20,6dce898339c00c59c30fc40c998b5d7999157baa5641db0c1b3af54465ddfa24,54298,94237,179,True
RTS,2023-07-21,d4fe413b5357a6500427ddac815bb639d11050c8fb3b764e621ea48604f9fa5b,50233,94459,179,True
RTS,2023-07-24,7e60dc367f357d265d216b00154e762b652b0a27c2730a6cb055b9168a384648,35351,63447,179,True
RTS,2023-07-25,74fad1ef07a9a2966fbb603b7d067f6acddb2c14b5f3c908fc524f0365a8de5a,38012,67518,179,True
RTS,2023-07-26,8b47d9147cf027900f4c9bf1550e381705e9c6c9723cea242e8cd0ee0873f4e3,34328,56805,179,True
RTS,2023-07-27,bcde55a88ec372cb07db6269f98a1af2adb5726e352636d4f0d15a26a18b3414,37251,65456,179,True
RTS,2023-07-28,c2e66ce85fc698ab1a60a2eb2308ba2ee38609564b23b77886f9fd51fcb1a931,36816,63223,179,True
RTS,2023-07-31,6ff523ac52801959a404074bd748a8316ba007b73e5958ac6d64cc3a4f04702c,56015,98373,179,True
RTS,2023-08-01,d57f983c2c88308c85b8dff19c7c0132f19007da6841e0c550c743e11de05352,54996,94952,179,True
RTS,2023-08-02,b73901150b8773f9759afa1b2b8adac6c9e385f80aa0164425443bac6c02f367,67154,113504,179,True
RTS,2023-08-03,1274b64e18b8317137219f3a177ee3736b0d6553097f195682e90b37331ba3b6,56159,97540,179,True
RTS,2023-08-04,6a62f0d343003bd0c5abaeec6288d2b2eb8df1baddfe28cb3d986a607fe19595,113354,208629,179,True
RTS,2023-08-07,a03b440b46b1e54483812be7234cedd813462318de86fc85e3606f7417c281b8,66488,119654,179,True
RTS,2023-08-08,2cbc2eaf41bd05bf3acf96e9249c626d32ce6db1e3c29eda752edc9d08332348,57654,110613,179,True
RTS,2023-08-09,a2a8f54b95fac11120066967fbe947997cc30f4fdb2ef220bfa29168c32208d0,48285,89065,179,True
RTS,2023-08-10,5985930dec082af89456fae24cdbb00fa4e8f689afdd12e49cfa52a3ef76b838,44576,82054,179,True
RTS,2023-08-11,f8720f001917100a901d76697d24525293bc9a4e9d9e9cdffadb9d113bf7adb3,45057,83419,179,True
RTS,2023-08-14,6ce025ba726597f4d2c284e28ef95fae27333d6a48953afb28ff468a6873c9ea,87056,150551,179,True
RTS,2023-08-15,8e962f7014eca7d2f2a33961db7bd4cf6eb146befb2f3f5db547e01107fd664d,79664,148110,179,True
RTS,2023-08-16,e5f1c5d3ccbc29ebc82a15caeaa7e55ddde09949881335d85aa0601f59484fe3,77606,138803,179,True
RTS,2023-08-17,1730f9c6ba4395ecbe7c91828fc86cc337be2272814d6550103b8b3cbe7ae058,59700,110356,179,True
RTS,2023-08-18,0000aa79c62849cbb86cbe0a1683210540dabeb983cc8f52a157b633a9c79e50,46537,89210,179,True
RTS,2023-08-21,42c9f9ef7716167681094cf1af607f65b37bee44f34dd307e336892a8752bf92,49574,93557,179,True
RTS,2023-08-22,6bd2cb5ca5bc9523843ac5c21b4bc83d885b3d97faaeea95b72240b32b955df9,54828,102753,179,True
RTS,2023-08-23,583dd40e2bd6ccfcf95ccf644fda04f561298ce348f5e1dfc7d61b479dad465f,66382,135599,179,True
RTS,2023-08-24,32b114cc76f09182c7515771f5647145674dfcb7615b3b2421522532d788a464,41553,80038,179,True
RTS,2023-08-25,ee8d95993d687245537fced1ee4b30916f16f292a082acb76b9125c774731522,43608,85681,179,True
RTS,2023-08-28,1c8257509e812aea71323f3f9d75926861f3d5bbdf5837c8a34bd5618380acc7,38739,75957,179,True
RTS,2023-08-29,78097fffed4a1990181b6e2cbca3ad68f86895dd1263a09f8de31e5296e40ba3,48737,93958,179,True
RTS,2023-08-30,3f762362c9690502f65c9388a4c2d61e802afb6f7113dc7b88c5f0c00a9a5ffd,38160,70558,179,True
RTS,2023-08-31,7deff3e602fa908a26d0e7ca2f2fbf74cf67b39590d7cc63a9b7661486725ea8,34917,63345,178,True
RTS,2023-09-01,c9cafa0d169bba0d52c9badd6f04c911305150323d19dbac133773e28fc3eea7,34185,66704,179,True
RTS,2023-09-04,d81a203005a063edc6a8cf10fd9fb7a0b3db83356029c3a82bc258a84486866c,35319,66495,179,True
RTS,2023-09-05,cc2f618e7713596d02df8287bc60d427cea22e89ed59d77c22e3a062e8178033,51694,98970,179,True
RTS,2023-09-06,f61baf443a5129f83603c5720daf0664f8931376052761622407423452946f85,43826,83611,179,True
RTS,2023-09-07,fbeded28765cf10e8328693844101dab0cb60bce3abf1eb31399fc32eb28f3e9,80216,169275,179,True
RTS,2023-09-08,3475e8fd7ba24f285ea6ec16ab42bfcba17506d7c3c5cfa631365d7f8a40508c,55853,113309,179,True
RTS,2023-09-11,2b264d4e6f7005f716f8378201372218b79ff6c7be337ece6acc0d2df9d3a969,49546,99604,179,True
RTS,2023-09-12,6ddfe1ba9a24e847d15fef2d15fe4210134b09d06ffdd6f03ca828c2905decac,51601,101981,179,True
RTS,2023-09-13,28fb9f15cffe6480f93bb6c3fde5b801dc369ccd5475e2bc1cb0970ff6bab598,33365,67672,124,True
RTS,2023-09-14,8ccd5f491419a7310693c0bc48201766098e82c1dfda9fb0a3cb186b7361d605,72016,145974,178,True
RTS,2023-09-15,6b4ab6e4c10eeafbe1fff07303b7fa63bf5cf2b4cb490490d9dcf263eee66f5a,52643,104075,178,True
RTS,2023-09-18,6de3a0e89a589336f0306f0b415768118774459e64ceaa0648020fcfa944a63a,33623,64135,178,True
RTS,2023-09-19,8f8e56284aa9879fba3d25897123aae300eaebf60f6600b3d93a976e87af8d84,58567,122204,178,True
RTS,2023-09-20,cf90c958976f0742d396937e0470620db735c32dc6edce08b745f6f79bbb80d4,27466,44841,178,True
RTS,2023-09-21,5b74f9c74f43bff212f9166d91a191cbec7e95c4a8a9a945c953ab2bdd37c76c,60320,118362,178,True
RTS,2023-09-22,81f74e1f37be1347ff24bfc2b956f44831dc0638ddf300f34c1385a91d114874,59106,106670,178,True
RTS,2023-09-25,e546c8c7036ec387a9ca9c5d61f353968df4841b34786cb889a42863884a4de9,42710,74770,178,True
RTS,2023-09-26,5dce55ccefa59647b5376618a224eb66da737ffc4c22587047b2ec205e636f1b,42476,75161,178,True
RTS,2023-09-27,6c4069d467ae2803c93bb0119f63b221455a6dc7cd30c6ce1eab5622b91618bb,37053,69942,178,True
RTS,2023-09-28,91cd28867a3b09e2bbfed82a68ed30c76cf9c43c88fb042a2928a3f53d1749fb,38868,72704,178,True
RTS,2023-09-29,07577e9902c8a40cdaf80a6ff949dbf074909e8cda0cec4a22ee6e92aadc8f34,51686,100493,178,True
RTS,2023-10-02,2ad59341c30d83f0a13152a24a558ae3a7603655e5bb3f9a3e2cadbe8d0eea66,42101,78336,178,True
RTS,2023-10-03,3f148251b3478e9d988dc6a2c660d981820c24c63bcd4b1887736836384edc2a,41508,75712,178,True
RTS,2023-10-04,e6832b5606446ac9d80bc3d1b10b94156c1e2a2e52d00cbe5ff7dbe2bca2b092,38314,65281,178,True
RTS,2023-10-05,4e114c85146f5d81325cc400c419ab5f2f4b8cb908a064c591fe4683264ef94d,38133,69248,178,True
RTS,2023-10-06,326445e18bd8ba998331219865808560ee1e2668933d1cefb143c71c1a5abab9,42366,76836,178,True
RTS,2023-10-09,4a75d7e359bceaf73fa7e20e257eb409fb6a81fc7cda6bdef5377c92e090a890,53889,104224,178,True
RTS,2023-10-10,95dbfc735ab8972ba04d681952260a7a97a314932bce28fca2009201037946c3,34147,62453,178,True
RTS,2023-10-11,56d1b2d784da66abc023fefef800ea11e243b49ea933209dbdab469296d11b43,42991,78717,178,True
RTS,2023-10-12,ee454d877f104dbd7d9101eb75fb014f2a5a47a55cccf0263006de7e21cf8827,37024,68472,178,True
RTS,2023-10-13,03b72dd49e4d248211ca2c7305f1c9982adeb341f2852c9f26d8a0599a9d7755,37146,66613,178,True
RTS,2023-10-16,71d73b2d64b5467cd7cd79905ae8896289548fda5d5e6a5419dbd2f4632a7936,30459,58901,178,True
RTS,2023-10-17,91010447aeeaf854e5e159858acd00c273317d3d18b27ee2a203c3c800444da1,34505,59245,178,True
RTS,2023-10-18,5040244d1eb9684e341f6097418c3cf6805424fb60f6765010edd17d7e950026,42793,77148,178,True
RTS,2023-10-19,a17b603fc6fb991d24ce4557df7e8a8e8ad7838e79f54d6dd7b661404ae7dd8d,34084,59938,178,True
RTS,2023-10-20,4c4e18dd323202afc46f33f99284f42252aba4a18b3cb792c626711a59a33c6a,39747,72825,178,True
RTS,2023-10-23,658ace958f081f13ba0e0dde742f2c368df3bf9fa07f9f53c4a7042a4b4b1fc2,34859,61907,178,True
RTS,2023-10-24,5cbd6f26c25b3e24568607475b24fa0d05348417d083d99192ddda65ab5d6879,33139,57107,178,True
RTS,2023-10-25,c5e3d861ccf55633aabed4c976d8b7b600c30cef46e4ee50834a5eb18fdd3cd9,39732,67251,178,True
RTS,2023-10-26,efc00f955042585a9ecf55cabb0ff10b5c9fe5889343dbce1724cb9625768906,51574,93349,178,True
RTS,2023-10-27,34a14a07bf80308f1d1012efbcc2fd786970af7c6c39ae3ace25c463e729a6cd,51993,95797,178,True
RTS,2023-10-30,71aad98f53540eb05e14c6fbcff8fc04291a10f5d00531feab1e5bdb1e1c8005,37834,65409,179,True
RTS,2023-10-31,3d77a6aa118d68aa490f6c7e60d069228f1846d94ccf1b12e6777ac747ea6d56,51937,92460,179,True
RTS,2023-11-01,e4da3d8647bce7842f9a49c9864d0122bb58aac422649c9af79aa1077c5d138a,32833,61830,179,True
RTS,2023-11-02,e111651c2b9ff246c15271837306db370d58814322aa9474b6136af9ee287f45,32382,55649,179,True
RTS,2023-11-03,01fd0f7ed41b2fb9d460fa1fe6e18930f5103ff0b09d83b726fe7620e4ba30f8,31406,55900,179,True
RTS,2023-11-06,3548a264fbb8577bf80d1a49c27ccdaf93d5ee225e90c041a326018909082ee9,23691,42119,179,True
RTS,2023-11-07,2b28b89f967cf25c4cfaf9c71fd9874df56aa56ae6527fa59913eb22d1b04171,28642,49518,179,True
RTS,2023-11-08,bcd27bae4bc3ec92798be4e4575b9eb53f69585634989bfec51507daa687caaf,35038,57551,179,True
RTS,2023-11-09,d2fc1bbe1fbf722721aa5877009f4bf3f5c6227a675d7eb6a13ed2a7d970a143,37513,64130,179,True
RTS,2023-11-10,f2ef0bd6e8182d4b1575e0d4726b93448074e1262b4fc0ca9e1017b14551e984,29116,50989,179,True
RTS,2023-11-13,659387342e19f03fafd95678d04cfb0e72ab9a93ecd351ff778094080d452f95,34491,62570,179,True
RTS,2023-11-14,b71bacd4e09410d1aa3e04334a08242f9844299119afc69fb6c8a762f96bb19e,35832,63837,179,True
RTS,2023-11-15,60a7ae446a150484a4c25f1b48fbf8419e15900bde7262b0d37a06f4ecda3fa0,41354,72990,179,True
RTS,2023-11-16,4679c731ee6303b5eb2e9033334be66b3b61638b0df378730079a2ba8520c990,36874,65718,179,True
RTS,2023-11-17,ecc803fd5c14186d2f94aea0f733178cc013b45409b25f2a67d39530a5c90967,37383,63058,179,True
RTS,2023-11-20,cbfa52af0f193e9c15bdf61739e01f821d54111f510f088b63c2844b9d839221,38056,70575,179,True
RTS,2023-11-21,fe11682c703ed701c3b14bcda1ca39fe43eb1b4b68fa12cbafe7d26306063151,31740,54275,179,True
RTS,2023-11-22,1568245cf2b7fea7580cbe867b38ec66ed7ae51f88e97d67bbcb45df3ca05a58,32596,56242,179,True
RTS,2023-11-23,2ab5530af223505df226d44abd3a94829529d3c6dd279f2e7584bf509817b429,32037,52308,179,True
RTS,2023-11-24,9ee918cbd6212e0e1506d3f56ab3d4022d4e9dddc0d5d5fc72e4c2eac3cd04df,44326,79132,179,True
RTS,2023-11-27,b45af0dc9b7f53a4ab35aeef83210491fa0d73da31b72847074c4483814f47e0,39060,70841,179,True
RTS,2023-11-28,6303b450d28a0bd214b8eb8328635eda78197a82e199c315765e3a1841b9fae3,29945,51503,179,True
RTS,2023-11-29,ebda0af966ce421c4ff73dcf0a8bdefd7a591863f2dc504d1a5064ca56110ba7,39864,70978,179,True
RTS,2023-11-30,0ea553204ba77f41f6546f9a49254f9a7dc8beefa0aa7ded75acbb05329d8339,46871,82948,179,True
RTS,2023-12-01,ddf4773fedce7b904e2a9145ba17717b2b85f96ffc3d8cdb28679188097b1df2,36685,66070,179,True
RTS,2023-12-04,2575535077c1d74fa15574563cb944697865e9dc2f9bde533371898edfa40950,37617,73508,179,True
RTS,2023-12-05,00978c207fa2f5731195a745f236281c65250c2c6e704646059817c38fec6031,39228,76830,179,True
RTS,2023-12-06,a2d63edf39973c7851a74fc96adef2ee4c338fd729f0d943d7269fcf2e385c85,63640,125223,179,True
RTS,2023-12-07,3414faa08ca4c4099f62073d042a8b3bd3afe9ada1e78131c35e5c034f7443d8,47843,92497,179,True
RTS,2023-12-08,26ebb675017a7e8d4301f71b82516523aab1f643bbb6c676d6a0b547efa2cf73,39639,76935,179,True
RTS,2023-12-11,7b9c49d4d9f7920d177c0f09cb4738be6e7db26670115f739a40dba9b1a8dbed,49975,91539,179,True
RTS,2023-12-12,d8806e0e00c483aff320f072913d11985ddb3a8214d0fb024e4f64ea105785bf,47435,89329,179,True
RTS,2023-12-13,c2aeac200dda02e2aa726b7aaeb6c3b58e50cdabc7c9ecdea6a48538f4763c47,39660,73140,179,True
RTS,2023-12-14,93e043d6f9bea949e08c70a99ea141fe84fc817cba2359d9a5f0c7062212c52f,50200,95264,179,True
RTS,2023-12-15,e5448880bfd6ed9bd173b50e6fafa8a1347377671ab5ac704618e6a05bb4b5ac,51263,99291,179,True
RTS,2023-12-18,2bdddb1c957f73bb1aa1209702a0740b2fcca87d35d410d8d113a77dbe3bdcf4,40921,75023,179,True
RTS,2023-12-19,b9eed8e4e90503deb63fe7cf7fe0799990e637b94d53027012e458c9f46b41f3,39338,70575,179,True
RTS,2023-12-20,db61b104f92d734a357c10782bad5be7b866af9c1d18ebd8e99a63002dcc854a,12308,17059,178,True
RTS,2023-12-21,21d731a3fe2cc36a42941bf5ed5703d65408a7c56b1c6951ccef32975768c1d0,39409,64750,179,True
RTS,2023-12-22,c47fd999006b2787cb57f7df0cf1bfae455bfd5b6c988c70f1fabab44dad759f,31060,53499,179,True
RTS,2023-12-25,54ce80067a33c23f8e4a494b0198cb552d0f23a6af4bd994fcc1f0f77463059d,28028,49852,179,True
RTS,2023-12-26,434ce2551e004450d6bf8d7e5cf734bd3d822d7960a62cbf3e83462b663875a6,23701,43488,179,True
RTS,2023-12-27,3d74c2aa53bdff9bdcb42741ed25717d04c343a4f3d0ed2f7c744a80d50a7516,24440,44931,179,True
RTS,2023-12-28,de4ba7c8f7ef24b63fca1ead40bbdb6081132f11f9d139fec69877543a219727,36461,68645,179,True
RTS,2023-12-29,a3866fb0eceb5736f744e9b102aa077f0941b44d7875d059e7a450727d18c5a2,23902,44147,179,True
RTS,2024-01-03,51f2577e98960749ae29e3bc58d0d9241e330a38d8a65ca0312c72d205f1c170,17373,31084,179,True
RTS,2024-01-04,46a0dc320506032f7937e8e642b3af0f0201589f2002ad516be0c961911b5ab3,19294,32626,179,True
RTS,2024-01-05,fad7ee60ab3876178000de83b5c1e8635fb1b2951e26cf310053037ad83a0436,13821,25493,179,True
RTS,2024-01-08,546bdcf70f0db64b2efaa54bedc6ba162fec13df04798fac1c6a1b582b74cc9e,24316,41844,179,True
RTS,2024-01-09,ab41643cee86dc7f33233c3cfa9fb1a777f8b4585f787d76e091b9502d550d18,27227,46167,179,True
RTS,2024-01-10,e28873fd8337c6a3c20b9e08e7b0c75d9214109f2c545897bb6225a005f02340,22157,36855,179,True
RTS,2024-01-11,7e036cadb4f274d18a45658b993e36763b9d4cbf59ee79b3a041b1028bd7fdad,26098,44484,179,True
RTS,2024-01-12,dd71fa435d982cc52a328b7b936b77106b7c5e99f851573ff5d210f69f9d9132,26575,45669,179,True
RTS,2024-01-15,833c1107db22391bbc4f5b0d43a07f256a1f5f3d29b7486720b84de57ea2ece3,28347,48680,179,True
RTS,2024-01-16,d706366e8bf3aef0603afd720860ef9fffe9c21f77c715a240fb682809233425,36379,62209,179,True
RTS,2024-01-17,0ed29ec2cd93308bc1c0f59c627f03207ec7de66421262fd6c0d3735c2e296d2,35070,62213,179,True
RTS,2024-01-18,59ad952ea59bb9563c689110ac8d7efeb1dffbe85b789b4a0105f7b48a478bb2,27381,47430,179,True
RTS,2024-01-19,bba41ec5b91b4583718b6cf10afd71af5494f1ad4d7343418d6cbfd31045ce54,24427,45503,179,True
RTS,2024-01-22,ec6f649f84699f819a54c6d9e757139c1b8759a96b318b71c109a7a8d65a9ba0,21844,38617,179,True
RTS,2024-01-23,c6de9bb8c84f326b471630bb75e63b8d6facf9c520b8d39c0bfe0cdd8e998828,27363,49357,179,True
RTS,2024-01-24,ee7c9b9060d114bdb70c96b5b14835bb825adda6e7306db9a0db29e0e4498a2a,28649,50604,179,True
RTS,2024-01-25,b3d8afb75fb100079d508489dae516be21e850485df1eb5e768a795b7d91ce88,29609,53217,179,True
RTS,2024-01-26,101a878728e5d1f6b4642c123c58fe7749d555dff0db336fddaacdcccb671ce8,24488,42414,179,True
RTS,2024-01-29,37f8831d8e8bf7c799863b1499d8d572cb966fb1bf012addf8caa18d830b13bf,30624,54357,179,True
RTS,2024-01-30,7768dd7408a30ee6fe741f7bfa97cbab07fa9e589503c1765da41929db82b2ab,23571,41219,179,True
RTS,2024-01-31,32716585cc382e256bf537d36837cb469f19fa62bfa884cbbd50e8905b97fc76,32654,59624,179,True
RTS,2024-02-01,d1742d366fcc5172118509dd86f750f607dfa1adf79ac6456bbf526ee199fed5,27685,50635,179,True
RTS,2024-02-02,998504093747e7ede9faf5a1e44737a40a2b0ccdb68b38c4d155485deed2ca59,28755,54699,179,True
RTS,2024-02-05,d01c7c2cb7d66dc772a2d6ba39f132dd2f087fa5faa7dd23133ec9a7251cbdf5,30895,59307,179,True
RTS,2024-02-06,f41e4a74cf0e382a0bb33981dd2323abd4746caba894fd68d9a242e5cdbb2d65,18428,32566,179,True
RTS,2024-02-07,64de2fb83b31dcc826b27f598587e8217746eed810492281c9cd6bc936eaa3e0,28418,51956,178,True
RTS,2024-02-08,b81a23211192e735b1e198a686733d928aeb5658ef4398a730d35b1ac5f0325f,30433,56226,179,True
RTS,2024-02-09,27ebb0e2d84ae0f6bb2ab9b064e99f4744054ec81f68faf617b86cf4e9f9710d,25226,46019,179,True
RTS,2024-02-12,39782bca837463e34b54d436e569654e1de219fb19919b19ad7c9f594f94322f,29250,55893,179,True
RTS,2024-02-13,6494ebc53e5e7a3bf9d2a4316ad992527b33e84fbbf3b124e3f9a71336efb879,28892,55727,179,True
RTS,2024-02-14,813c915fc53f2c58284f41c62a69db19dace5af9a3ac164b15d2b36f8ab518f6,27714,54000,179,True
RTS,2024-02-15,e3747b8625d1f2d97086e386b573c7d6bb815b7bdb870c0fdea42516799354d5,32264,64918,178,True
RTS,2024-02-16,c0fc6079d54454643e2107620755e87b7122de4c50005c7db69dcff6e86eb3d0,32453,69932,179,True
RTS,2024-02-19,9ef0cd45f5a37055f9f59dd02294a7c1470b4ebba61cbec1c5fcb6328b66b202,27284,56611,179,True
RTS,2024-02-20,4a7d65555f41de4691d12726d373c9332810d93477198387e22aac81d5b08315,34117,67407,178,True
RTS,2024-02-21,96fb8315f399fbedc3e7590da6a54fd4511841ea136bb57fa7e7db7dce6f7b29,47723,89843,179,True
RTS,2024-02-22,fdb231e8e5998178111409afb5c9a378c95d1160c81f5691d1f06317fa7d2f10,41702,78481,179,True
RTS,2024-02-26,ecb9da6ec1e707018a30d0b8dcacb8d8054273c449f07156e04c0d5840bffa71,39601,77921,179,True
RTS,2024-02-27,c324058b363922c2ab2eaf80e9226c16e678703597d80c87183d2090613e3b16,21865,41535,179,True
RTS,2024-02-28,9bd1f236d9c33675a2d7d9194a4927f4af93182e9db91ebc44b06f48886ecfea,34147,66153,179,True
RTS,2024-02-29,c2b100afdaedc8f988a42fc7f8552fb4538f59e783865eff2c0921e6e382d526,32310,60278,179,True
RTS,2024-03-01,25cc8f3b92c5e4612c38b7c5d67684250de2b567c8c9788c72399e4fc4851d46,23611,40957,179,True
RTS,2024-03-04,6a40686413951a04ff6e866564806d712679f662ff4525064297f6d914f781cb,28544,53737,179,True
RTS,2024-03-05,3b0969cbaaa707df6566bb298aaee542661946127a183576d346320f077c58ed,25011,44477,179,True
RTS,2024-03-06,0a989b1c12c16ccf7df789d93034c2bc58456938ee1b413f7b221ad9bccd1946,31535,60341,179,True
RTS,2024-03-07,888cc90f41dd56765ea855940027dd93c6b7ea56792f885eb0cd9f2c5d8bb2af,26359,48360,179,True
RTS,2024-03-11,2630628236e47feb8ba53d421e6029c4cd193785db11f736392dcfb1179cd9bb,26563,53105,179,True
RTS,2024-03-12,d0af3b846a5c2093003ccc9b86598630ccb7aea2f4ce3ec42f9c761883044758,33364,69914,179,True
RTS,2024-03-13,27bbf562af07b7f899b7b334f172bead64636356d86bc9b3d100c9823c20abc8,35894,71266,179,True
RTS,2024-03-14,c2bd715d64b8cd5de530989b838dd9a7fea74d114ebd8d576e1e55b8d42660d5,36640,73134,179,True
RTS,2024-03-15,ea79c1f08d4c38ed76df4f27e413c59ca995131b1c0c694241963b5494eddb64,33665,69543,179,True
RTS,2024-03-18,daea85c7d76e3985d245977484e6b969bfd211980d1e0b2c5f3a61f8c761e248,25662,53227,179,True
RTS,2024-03-19,835fce13f67641fc88207162059b0e2e57e186a8a83c59ab986871ffba6e53f9,36581,73937,179,True
RTS,2024-03-20,12a91122bd44c7fa2357df23a32100e7285d1ee597eca18a693b6307cbb3525f,18850,29249,178,True
RTS,2024-03-21,cb2f218c3e2e693c6e2122d0d94539c46a7298a2a8cb7e1ab5fc8aa6c01c358b,33772,68316,179,True
RTS,2024-03-22,de28387a2db407cdb73760c8db54eaf6e9d14285515e326a882b0e6cbc2bf8d6,51575,98013,179,True
RTS,2024-03-25,7d320248c44f417fa933efe23ed859d68d199d74ffc4980c0721f36be958fa0d,39888,76397,179,True
RTS,2024-03-26,2d091823d1a56f34fcb5e70f1235ad44a91bc39c3b1db528c09d266c680f9a1b,25141,47527,179,True
RTS,2024-03-27,a26ad98797f8b21d1efcd838b174be2a84da9435d3768b71f8159b7e9ba16c56,32291,64362,179,True
RTS,2024-03-28,60f409c914664dc9d8b2f33313762bdff55c8e97095d20c05ab64b310ccf5e98,24817,46119,179,True
RTS,2024-03-29,4fbbf945ee79eeb8081e2574a950d88be1e241ada70cbd867359d709abd79c31,25276,48534,178,True
RTS,2024-04-01,0f4b36e1678bf59cde6d0e19d90ada04353d41340f66c72033949fc2e62bc019,23847,46810,179,True
RTS,2024-04-02,b9ce65ce8780dde32560feb31f7e270fe0e4888456b8d52c1900492dc6724a90,22849,44064,179,True
RTS,2024-04-03,12808a7ea41f81410b229bb3ea69243e9e4b9ceab46c026c75f991f0f61244f7,23627,47863,179,True
RTS,2024-04-04,7cb097f3108995e241c09192ed1b3f5cff165c99854f97c789c84f4e9ad700bf,23562,46757,179,True
RTS,2024-04-05,c66998878bf6c6649fdd55cfea6656667cc96811aa443a859fec2f8fe8720173,23352,46363,179,True
RTS,2024-04-08,e00dbeff29f9dea9971c687597dc5306f2f93871812033ebd15a81397fb07519,21560,41042,179,True
RTS,2024-04-09,f890ef9894e9a14a619d06acdc67a96d8e38e4a744794f9242049404b0aa147a,29301,58480,179,True
RTS,2024-04-10,40d7969110fe08b7a7e611cc00d3ee3d3900e7f77078b8563bc5e776d100606c,32101,66145,179,True
RTS,2024-04-11,dab2867f48a8a4ef1197ac933b875b087f2ff51aaf3a8e57826a2ce5c825b3c3,25555,48466,179,True
RTS,2024-04-12,c0cd8f1d6784f3747b0553e8199d2466ac2048b46f573fc441e9980003fd7baf,27528,51999,179,True
RTS,2024-04-15,f6e037de1f1e5de68600a1b7b893ee91105d83d754953f720105aa9297669ea6,22604,44081,179,True
RTS,2024-04-16,1d426a8065cd190a41e89b51ecff3db3d677986942d3e42131a238390d54f16a,29687,57676,179,True
RTS,2024-04-17,0765a33775df215f147e047456662fbf341aaa6c6809d7501d2d8fc23fb80224,29660,56050,179,True
RTS,2024-04-18,8533fd1265092ec28351e56164a2d8d262a04d68f9869bdcf00fa7e150c500dc,29184,58203,179,True
RTS,2024-04-19,5ea4cdb2003bdc4b4b78bd9577cca2f4c8c0134c9bd627f0968d9507d9c449e2,31389,59846,179,True
RTS,2024-04-22,62eb2ce78b149641ca48aab41c3b54b0eb5c5053420350994a82b9b02e0af2ae,24010,44752,179,True
RTS,2024-04-23,06962bd7e3f67258649cd2f38cfd07de145618fe1c128c14082722b2a3a3170b,37731,73905,179,True
RTS,2024-04-24,40cf1b8f875800eb60664429e400d58b3dff0039f9a03288608b21dd07a76b8c,39120,65540,179,True
RTS,2024-04-25,7d7b5eb7c82f36c8e47cdd33fe372bdbbfb3d3e205e36d2a9c347a1ade67e3a6,36290,65654,179,True
RTS,2024-04-26,6c67b75ef7f944b95ed92059b608965e1584d515fa0d31e52d42dce06ec24002,38751,69984,179,True
RTS,2024-04-29,ce97ccf0db688e4cea1c57f5a521c88f0721b5fc481fdd11025a4147a0027771,18304,32374,179,True
RTS,2024-04-30,3e6a966515dd2d0a2080c980c762ad0426d4ba591ddd19296c2f33653b806415,18010,30009,179,True
RTS,2024-05-02,77b17c6a4940ef5fbc953e1ec1e096f2a139a53989992c9c8d6364f9f94f6063,29081,52988,179,True
RTS,2024-05-03,51761d6ff787f857377c3f66cb31516d84ae8dd10bbe80a29e56898e1052abe9,21041,37029,179,True
RTS,2024-05-06,e4fbb9bf4ac086f0aa35867fde4768d3c7a23446c95e790991d450319b6b4791,32753,60095,179,True
RTS,2024-05-07,6df40d8c1ebe19012e4bdcb4231963339564aa7f1ea93b51b36f07a4d8b9438c,29754,53518,179,True
RTS,2024-05-08,b295f00bcfc76be98e222f7b272b095b1d3a464444c76250aa41a180bb601fee,21521,38817,179,True
RTS,2024-05-10,3c02d42b2fe6c9944355480332441265b4a7309c8de205380f8da9f444da4e59,15368,29661,179,True
RTS,2024-05-13,62e80a9eece8dd5ac2f8e7c0d13cae7c36f8df3589d4cd651033892e398c015c,27297,53279,179,True
RTS,2024-05-14,3a39897e99466946c7d58b05fb7ea1479f8887dd5eef8785d393c250bcc456d9,22573,38491,179,True
RTS,2024-05-15,c248d5cb172077efdce11345d63592fe5707f7337a39458657a46d3bc99735ee,27641,50858,179,True
RTS,2024-05-16,e85697b4a306ad8de478f1bebf55c561f90cec7c6a3df04445059f2e3d46076c,28205,48350,179,True
RTS,2024-05-17,0fc63ab5d71e737b7ec3e69f5baa3dc7a693b68858f92fc4a211e98c1ca2c3bd,50050,91239,179,True
RTS,2024-05-20,89584a167a7195211d43386a949c9f4fa80baf570cbced31b07bc9609b2ad3c4,49878,98556,179,True
RTS,2024-05-21,7942df045765586d892025447ff23f5e237bd7f95eadd87665bbb90fa38dc37f,43600,87385,179,True
RTS,2024-05-22,77cf6a0a0a2771ca75bab63239d4f8f2d1d613efb06bf38916f5250dd5ffe698,24124,45721,179,True
RTS,2024-05-23,956ddd95f7dedf52104bda8ebcfd2cea17fb4f726b6968d7dd657c0532973069,30434,63368,179,True
RTS,2024-05-24,46a89007debb87f4f824232fac502d438a570a8da5400f580b701ae84bc4c542,47727,99150,179,True
RTS,2024-05-27,cf05a646eff88507aef729271e828baf752f3dcbf78509d41b1628a8c4141623,38531,81652,179,True
RTS,2024-05-28,7437489435aacaf7347d79fe0444efe750f050ba7013c86403e17b30066308cf,43558,94981,179,True
RTS,2024-05-29,32909cd626d75675b9bda68209e58ca05cbb06554365ff32bb742e1b2b1bb2ac,39457,82309,179,True
RTS,2024-05-30,a3c188d1dc94d6a8a91a0cb028787c2e8ce7c6024c1897de7482c14357a89faf,47223,104067,179,True
RTS,2024-05-31,f533ae431479c2c6bbc8ce45e51087f26f93ab68a769816c439c888657344f5f,55708,110732,179,True
RTS,2024-06-03,6d707ce4ca445e9dbca7cf2e6ebbd6d95f64a72870e959ddce6d594168bd5978,92841,182482,179,True
RTS,2024-06-04,fedf10b0b218aac94b4b2dafb5da8ff28bc272fb0093cf701f9ec9f134471a12,45426,90593,179,True
RTS,2024-06-05,abcc41c36a7c9448c75a70194f40a4bc78bff7d40941b41fae7eaf69b074cbc5,59685,105135,179,True
RTS,2024-06-06,21b7ab055b707e43916c679cf709de5479ec5f86c5e41090a0c8e4c03ef17d19,54194,100711,179,True
RTS,2024-06-07,b4f6a3f1d7f966f7489c60df12beeff02cadb93a10afa6482dceaf340b54895e,57105,112024,179,True
RTS,2024-06-10,38efe5d5b13894aabfceec838c720435fa1cbbc31ae0148229c26a17562844b6,44489,85886,179,True
RTS,2024-06-11,57b8c250cff3695cabe8c40e64f22f66726b3e49d24c3ec3e9c24b19eebad35c,55810,106411,178,True
RTS,2024-06-13,6efe601e4bf3be7edddac240cfe4134f11608d5680cf682bc02fec5eb5a80728,37626,71302,167,True
RTS,2024-06-14,c8ee516eee02d059f10a78798ad972544e14629e638c55b88cd1c878372ec5f0,40656,68502,167,True
RTS,2024-06-17,f622f18c2cdf13074b7516b95b76c6e47cbdc4c9a053e5699f14dc4c0c660e81,27886,51605,167,True
RTS,2024-06-18,0cfd0b9546b7117067626857bf1489fce231918adc9b253a3087de402462fdd3,29908,58805,167,True
RTS,2024-06-19,14140feca16cb02c22dd69cd1f0840b5a63243a74c2c78370eca7c2a1a234d24,23969,38070,167,True
RTS,2024-06-20,8a066a99509428c63dd2d95a78f37809a6ef976f88c825d3079f9cbc6ea1e01f,55480,86400,167,True
RTS,2024-06-21,076d86698c49b246eeb3b70ec9e505f4778baac3e8a2f3f859ae4b4aa334d82a,41316,66820,167,True
RTS,2024-06-24,0d2381597d8d9410b623207c4481f93bf47fd5908dae92ef1317c35ed88c3616,27536,53271,167,True
RTS,2024-06-25,f5fb3d338e2dd49e458f8d306c1c7ade41645c06ccbc7c69c776c1654b95827c,31447,57164,167,True
RTS,2024-06-26,98404c3e7a112ae7881f0399706acef8b7ce64af270ff6b41a2a7dba91d86e77,37345,67849,167,True
RTS,2024-06-27,408da659b63addf0408107ab0045268bcd4c8088922cc87ceb30a364ff691668,32271,57562,167,True
RTS,2024-06-28,617bbb9981db1367363e23c1a81ee1af3bb8f1918dc097f6d2aff931ce16c28d,27258,48580,167,True
RTS,2024-07-01,fb0174a86db7ca4349e8cc2c7d1eb6d0e8f802e192eefb34c80fc0b4167b2219,25758,47733,166,True
RTS,2024-07-02,ff3e9f323358c3d55b7533606766264123dc8c0125a806629cddaaf5153bcbcd,24056,43864,167,True
RTS,2024-07-03,3e4640e2efd48b5e48414a7acbe24a26ed8907fec179b975125729aad6249c40,29083,52283,167,True
RTS,2024-07-04,5947aa39bb6e531247c50955192538e3c624a30757b5e5dfed85db97b609d4b6,40120,71975,167,True
RTS,2024-07-05,7bf58a37b1a9b3487d53279ff64063bbb5534f71ef72552513f4e144f279911c,41573,78661,167,True
RTS,2024-07-08,ea349575a300389840e3561bfd500309c18cc455e80dc024aaa6953114b85db9,28100,51387,167,True
RTS,2024-07-09,4a5b893beb3422d63f3d7b89d1fce9ce5d6c83ca39570e53542c6aea4d9e8b7a,33865,63507,167,True
RTS,2024-07-10,50f7e8d3069b48194330cab109e9e0b2052db48ec02b36bd40b897164664d6f0,53919,104917,167,True
RTS,2024-07-11,ce6310d4ff2973d773151aae1535c984370c2be57ae41f7615196063cad96d4d,48492,102885,167,True
RTS,2024-07-12,3fa7eef03f66ab0fbde361b2b95a30ac7a06bd955be05a4f68811dee94a1be52,47948,99323,167,True
RTS,2024-07-15,6675c1880bf38d453b0edaba0eb5f743cd9a84c395d83756fb943b23818a2a88,42920,91279,167,True
RTS,2024-07-16,555122d956eea9645330b5338ecb2e72c70a530707c6a920ddc66573cc79216a,65577,140470,167,True
RTS,2024-07-17,9f7b76f39b8bffa26bf99f67d88174be958d7d538795853e8a5bc2ca63cc091a,42387,83036,167,True
RTS,2024-07-18,0a26c932c9c999e82aefdb1310a2ee0c4dd5b3d580c8cd481dbd8035844e4b4e,40025,75929,167,True
RTS,2024-07-19,39f68245801f4b502a945088c8cbe1e9f06ebe8e5d68cd263de721612fb0825d,35901,71020,167,True
RTS,2024-07-22,674ea5201ccaf263879abf221c11751e533059936679ddc0eb2de3833b712218,33548,63063,167,True
RTS,2024-07-23,435e606552e5c31470a0d1a47be29908adc0e2daea55cbd8dfdfcf1e967f69d7,29744,58161,167,True
RTS,2024-07-24,6b0cd47c35dd03ee54ebcf09d7aa8b1704ef53e292b32acf97b5142569e9ae73,26554,52837,167,True
RTS,2024-07-25,25c34fe6a57b2f0d243c54d42df423bc995cd5c042fca6af6b0252f22f2d2616,33687,67818,167,True
RTS,2024-07-26,3e471b9cd52dd78dde3a48178eaf7919e6fd416286637b1425bcf062570de972,49723,99685,167,True
RTS,2024-07-29,60d87ea0b186a502ed437e7d4b067b94de8ad0a1417756626d2746a4033c0071,42595,85184,167,True
RTS,2024-07-30,4016dd9f5e192bca18e9582c5f6ded53b2b6df4ac53f2b801b1fdce5249aee30,35309,68167,167,True
RTS,2024-07-31,e0350ec96399cafeeebc3945cb0e09e77925d8d48338dd01e89aeca3b96b7618,40509,78098,167,True
RTS,2024-08-01,d202a5357c0fd2a5b4cdd31847698b413e0bc3c4e01e0e8fb74487e33deebf2a,31768,59629,167,True
RTS,2024-08-02,2c53c224924792c64c848520e55232a1f5b1b98702ab8926ca4e243e7fbd0dc9,38200,73421,167,True
RTS,2024-08-05,5140e2003cbe53b656cb89857a744b176ce14034e0ab5479a2431f31951724ed,46792,96211,167,True
RTS,2024-08-06,0ba95ed7bbcef430aa506b6088d12151cf408fedf08ac45021c0bb678246fd52,36926,80509,167,True
RTS,2024-08-07,b4026fd33b682c9288a967732ddc45c9f80544eab88046b0c27cf1e69a341735,47793,100057,167,True
RTS,2024-08-08,5e8a3a255dad8452a3570829374f76d68ba4847239119424722635ef3785ae04,35740,71902,167,True
RTS,2024-08-09,dc406621b8412fba6fa9962eb96f24ce0c5db2fc350090b71d82d2d053062df4,29762,55958,167,True
RTS,2024-08-12,0600a1992ee0e3220f73bf9a24ff472f6b48e11cfd2baca3a822ac9e0d69f1ab,43539,82170,167,True
RTS,2024-08-13,a57a2fb51ab6fe9ed8054159d503f909792ec5b642b095da3f32e90eabbeb4f7,33528,64005,167,True
RTS,2024-08-14,5c72aee3651eb8b739e82471d2e1e6748acbbd6e99a6797cd542fadc2edb9b65,36832,75022,167,True
RTS,2024-08-15,a2441ca51ae90ee82a75f158973f98fae729f1389d5cf71cc571780464e99dd5,36363,73753,167,True
RTS,2024-08-16,affd28a8f23ae8ce14b3935d10cf71c1a8df1e6e239174b24d87cdde7b1fc6c5,30355,62748,167,True
RTS,2024-08-19,600438e583e49977ff5d4d4bb864a6402601d4ef0fb911477fc189459082633e,42808,81655,167,True
RTS,2024-08-20,0ffadf07b630ee03a6302fcfe1b5a3fd2bf895d231db76432bfb49f2627ff8e2,40837,82411,167,True
RTS,2024-08-21,f37b92a5abdaf4ad404624483a7bc67a3c19d085f9deedf8e520fcf41dbf5c92,43990,89304,167,True
RTS,2024-08-22,0f29ad74c72e5e97039a9cf10925be7a6d15cea8907de8ebc859f6f7b06e8c12,49635,101425,167,True
RTS,2024-08-23,038f487cb564c2f191d2594e8dc7a9e1242213eb3c039e5e625b2425df068a2d,54171,106250,167,True
RTS,2024-08-26,f5ab2872834628391a1106e5ee37703da2e552cd37f0095625b7c585bf2bfe10,46086,96685,167,True
RTS,2024-08-27,03c84d864345648fe9a3ad40d2d7e8d397fb63eea4497047aa82ac0565c7bb7f,43260,92624,167,True
RTS,2024-08-28,382a5275211a3403bc1a02e5acf791a3c5be8d4d1b83d553498a959c20dd16bf,60421,122014,167,True
RTS,2024-08-29,d15950260a62a97859d6fd7f99b449eb482d7777caf3c6125ef423c1fc0ad3fe,57967,128557,167,True
RTS,2024-08-30,79a0d8f11fd8c38f5c2e11d5303e477e800a556e276d4bdfb8acfcd372fb35ac,58402,122258,167,True
RTS,2024-09-02,9e21b49869ecb7df01753bfee5642fb7891faceead4e15bb31fd30cd434bcf9b,60681,126959,167,True
RTS,2024-09-03,5aa51d2e7c68b06cca2dc4eedc4b5ac95ed6ed576d49a49ba7ebb510bb7ef4b0,79141,160867,167,True
RTS,2024-09-04,d81a10771455631a4ea01c2c91df17e846c7426c41502e602a4c1b01708d9447,50435,95661,167,True
RTS,2024-09-05,2fd60866f6073d385041310394dbbc962f94b48b130b6546ab4befcad0a47167,46903,90942,167,True
RTS,2024-09-06,7f8002902c2c757051ea636ad0bccee8ab044771da49d0b5bd48b94599db7ceb,39758,79796,167,True
RTS,2024-09-09,007aef3db142e6f5894702053aacc4a81af5fc21508a3cd03cfe19fc7cc5753e,36516,70670,167,True
RTS,2024-09-10,8f1d9214f6b1643f30119520b9f293b0f8b254460414c1ed46e4984c62c590b1,44923,84371,167,True
RTS,2024-09-11,66f203e4d749ab238bddddfffc9695b03cf908ab6223d00d4a9a7075d2595773,38462,72324,167,True
RTS,2024-09-12,a97faddd30a87cbb1619d87dbc7921ac643e1ac79d84d06ca3c512e911d5d70a,40936,75619,167,True
RTS,2024-09-13,d647605d483c7f3b4a9a9001b6fed5b3900fff510cf54fba576deb7dd7155b94,63847,121336,167,True
RTS,2024-09-16,3ab78c770954c33a865a7ded4cb4bdd56fa068067f0c978d5ce320105856788c,40456,78184,167,True
RTS,2024-09-17,9d8c4ff2aea8bec16024974ebd653c6712350e317d1cf6e222f34b833da92524,39338,71922,167,True
RTS,2024-09-18,95982d22d37aec2768faab9eba2959db3ec7d369f98b30596b0c09321ada22b3,17726,25969,167,True
RTS,2024-09-19,f64931bc16998c336e89ba848dc418d28c7615cb4d3cbcea71600f567d69cd28,36971,68202,167,True
RTS,2024-09-20,62f70f2e2d59b671781dd19546f1b3e78b6b6aa61d82baa50eeb52e2ed51a86d,34302,66611,167,True
RTS,2024-09-23,4e42ac603489fc9fffc2a213835d20fcf21c545cd6e0b5af9426e1865d47e1e6,29431,55096,167,True
RTS,2024-09-24,0a265830193dfc2714072556dc2fc58bced8fe48ea77fcc8bbebdbbd77d0dc3c,41097,80539,167,True
RTS,2024-09-25,a5e7804b8f8374a0d5295a6364b70969adff83a15b4cc619790d719d9ff44dd7,43317,86320,167,True
RTS,2024-09-26,987f717e8eea9558822dc1f3367ddc24ae76255b0d16b23b054420ad5c5627a3,41603,91255,167,True
RTS,2024-09-27,005c4d42ad4e320e31a0e605830b46aaaa55beac8400e666cf4f19f0e4784796,21656,39471,167,True
RTS,2024-09-30,0c9cffa88dee09a28b90b225c4b74d92363aba91acf85434839ecc7b50b70fa9,36825,69437,167,True
RTS,2024-10-01,6950a7243646019eae4a6c525b004c837fb6a165354ce85a9c5dbe12082be1b9,39286,73996,167,True
RTS,2024-10-02,7566d26e9cfa7b0c5729c385454254972c8e9cbe7ac4b953d2a60c38e7de4777,40306,80993,167,True
RTS,2024-10-03,87b6d5573393d4416ba6b7ac8184e6f76ddad71213e05490fbebb66f29e1dc38,52302,109796,167,True
RTS,2024-10-04,10e682833c3050f1cde39c5067108b9948afe56de547bfd5e0268b0b38e0f255,33269,67190,167,True
RTS,2024-10-07,cc952352da3fb4a2d4250d0f655a002a045a6d26e7b561fed488e2d073c541b9,34347,67251,167,True
RTS,2024-10-08,7a8e80a52a2feff442c5928fcdf719fd20da052d9f1dfbab8b6afaa68368a1b0,38930,78262,167,True
RTS,2024-10-09,8485a45bcf7e5e5ec84439c7eeb2b06d8d651d494f0e30e65635eb4b8e8cc6d3,47189,94527,167,True
RTS,2024-10-10,ad251041cbb9950048c495f64c98efc5771985346cbd0cc3bda481019c72e960,43020,85567,167,True
RTS,2024-10-11,9ceb93d22aba83ae946a833d3e41ed7b564fed62c3e97d34ca78f03939c25415,33032,64467,167,True
RTS,2024-10-14,58adc6b15b8c2aeaca8e9ea87a24c7f80e010408cdcfc6bab91ffd7938ae55e8,39459,76675,167,True
RTS,2024-10-15,bdb4bea7aa08d491b8289058a4814e7c076ce7107c66a86c7eea32cc5bc9347e,31110,57651,167,True
RTS,2024-10-16,51587c57f9be9026f8f9d92f699ab56bd6bc3b226ba379101360e5efc10263d1,31277,56664,167,True
RTS,2024-10-17,22df386e1a68af351983530cf26273c4394923508d5778f85287fc4b63033be1,35366,66106,167,True
RTS,2024-10-18,76371a6fd45ebd1a1f8f4a846d9a9204181e9d7c4e472da4d577a46fced09cd6,32091,65546,167,True
RTS,2024-10-21,df1e7077f337c049dd1bcdb14929973704f7ba858dc8281da246b205b3bad922,22235,41484,167,True
RTS,2024-10-22,904c044c3f5d33514bc2c62887d25e2453af64c154ccaff2eb72d33105c36e20,31234,61145,167,True
RTS,2024-10-23,f1b10801a83a27dc3ef9a70c40e4c7201705d1bd8a600d50fa1cadc862ab67a9,32491,63492,167,True
RTS,2024-10-24,0a138b874bda6d3d3460f0fce908ba930ba2fa62500e5001173bb47498b6f98c,29244,55225,167,True
RTS,2024-10-25,e99a695502e78881b1f42e0d7ac41586df781cb21155f67a9b58623cd6d405e5,68716,141855,167,True
RTS,2024-10-28,0b3a11d29929fd8ff6f0a3ff9a98c480e0c9f4bc9a6bb7148082269475728f5d,58348,118541,167,True
RTS,2024-10-29,46cc465b9535c1da34c28d950c4273b944538849a36387e2d84fbf85576bf3e3,58050,124341,167,True
RTS,2024-10-30,79f432e26a9de6a2d55db24f3087ca9aa7697e1a5dfeb72019c241d0b5ca1915,43817,92997,167,True
RTS,2024-10-31,780bb4985b9681998a88ce9d6d11fce87debb90804f03a8d3c82445e00772c3a,53208,114266,167,True
RTS,2024-11-01,af3bc2e1f34edfa051d23a067b2d06789c8e951e3ac2b4b7aa70fbb0998471e2,38533,83890,167,True
RTS,2024-11-05,1631b7c62fffcdf79aa43c5d2341649ba7fd21da0051613ce6d13c7fc38c7c0c,28094,59254,167,True
RTS,2024-11-06,591c0660fc65b5e58818cb584a2c722d589cc5affa6ce862e646d54cca353349,49267,108823,167,True
RTS,2024-11-07,5fde818d02f6c94423d01d95f76a1811b49e76374a37a8bf4afb840355baa225,42118,92097,167,True
RTS,2024-11-08,b466bab3c6fc93dfc99ecb5f807ee64576eb372405d60608eda58737a6e864da,47154,107116,167,True
RTS,2024-11-11,eccf38631dc59fbaa68fd41e9393a2b2a6136c4a1bd211d159b31b501736c553,41982,92449,167,True
RTS,2024-11-12,0bb483e1db865527fed32d60cfab6be88620ad892cbeaa42ee59b0083ccc3451,38386,81342,167,True
RTS,2024-11-13,2490e7d8165098a89ac82b060dc8271b815613de6e704b6921f5dcc9c51f30eb,40020,88094,167,True
RTS,2024-11-14,1b7ed764904d1ad2837816a9b83b76d53a7537d59702df5d5102e02ffabc8b21,38688,86492,167,True
RTS,2024-11-15,79a34bbda45dd10d56c9cd5c7f882a9f7534d0386c05b57b7653e6d9430f7d9d,39198,86743,167,True
RTS,2024-11-18,ff5d899d33102b54b38663ae8ea25c9bc8107cd90b738b60544a15144afcbd29,42694,94780,167,True
RTS,2024-11-19,c5be6175ef8d16bb5c93d12f02ac59b4822ee6497eade337cb84b2f563ba5d9a,56281,125931,167,True
RTS,2024-11-20,4a494f1bf44573fa2efd60633d7bef3b06be095352ccc21c62ba52708df5673e,61056,141789,167,True
RTS,2024-11-21,d9b8dbf4278e45ef61502bef5d931602d9801f498b2d33bb931db12e7126aadf,73298,176867,167,True
RTS,2024-11-22,b049bad66d95339065eb3bea593a00cce4393e90802837f0a2edcc9564064642,55840,136397,167,True
RTS,2024-11-25,48803a976e2f96dcfb4fbb95d6f170772492cb7eea4c932d63a7dad9d19f4ade,72015,174156,167,True
RTS,2024-11-26,9bd8f1c16c1365cee9ea5fe4a1b744586287f3adefc3fee2973940dc9977acbb,88667,225648,167,True
RTS,2024-11-27,8e1ca23f01cfaf2e54d7b1fe752c9ebd980e6cc80647c7371577e9021dbd92ec,134141,330559,167,True
RTS,2024-11-28,78b0a5b9f767a1a4e8a2b9227eaabfd92519ceb761bc826ffc12f0ae195671b9,83936,194158,167,True
RTS,2024-11-29,db60c3fe0c9c791092102dea0ad73a7e72124b33d8e34910a31a3edcb20ea419,59160,134163,167,True
RTS,2024-12-02,4defca1890d97b39bfb34b7a3a186a4203999e07f6e030ad48e6460b836b0788,46922,103334,167,True
RTS,2024-12-03,447751b9faa0bdb5c4f8f219803ecbd3ed21b733399ee8a2850cc65afb47127c,51853,115483,167,True
RTS,2024-12-04,65dafa62ecf8a9bb7c29f281156c11aa58479bcc97d4aa9c93a91da572ae7a7b,77762,188280,167,True
RTS,2024-12-05,08ed94a2f2f80c674807d4f76a7efadeb47415294b479f9555788a606be8b90d,97215,235270,167,True
RTS,2024-12-06,517afe137fdf03f1a96c0e85b0808159f8432b014703f9c833134838a61c6e1a,68172,157814,167,True
RTS,2024-12-09,28fb1ea9477ebd5f5b973d84f143697f37ac16cf4fce1ebad256e3141f6a49af,49904,112389,167,True
RTS,2024-12-10,28b12138b2c0376aee6f6afcc4a7ca61780a77c671df2b553a52227bcfd3dd72,55862,122197,167,True
RTS,2024-12-11,06c2ec5673f49583165e055106e8054746c9f974f4c5037d435824b7b0f8b5a8,66098,151268,167,True
RTS,2024-12-12,eb11b9ddd69a62fff9f0fe1fe571f1e99945085cf4894b6844e63462105078ee,63986,163903,167,True
RTS,2024-12-13,98039000ad49d9190f0f60638b4e72f02b84cc419d010c1924429c2fb3742fdc,43241,103862,167,True
RTS,2024-12-16,dfd05a25fe173754cdc25bac726412cb7d74bc125a6da7f95be3f97e0b120471,53620,122257,167,True
RTS,2024-12-17,a179102f785f6e2549723433805954291938dd040ad082d3d10326ca0236108e,43045,101707,167,True
RTS,2024-12-18,99fc51d919825ea613d13150b38601154d6aacbea726acb8749feb9b6d494fc6,39814,92641,167,True
RTS,2024-12-19,95055180e0d9b6ef2d685e5246bbf71378b678cccebdef1a5f5f5923a8d84899,13272,43792,107,True
RTS,2024-12-20,ce6df8cadf3a6c7a21b5c03b1d0f942234d24ac24af15bb6be38753834fe7cc3,7287,16043,57,True
RTS,2024-12-23,3a86ad1dfa00059e6bfe05b8bf5a37c8a26922fe28efcebd854db8935765b459,74353,161381,167,True
RTS,2024-12-24,bc045a3a339582a1f74df80de5cb5d86bd042dddefe842b8f9fefdf7f9e653e4,50496,105024,167,True
RTS,2024-12-25,6aed3247084492a8976a0a4aa67b825e8df9f0e23b5fcb9c007d04808e19f424,61492,124702,167,True
RTS,2024-12-26,f6a4e40c4ed30602ba4b599638861c68c65f683f23780c0f319391c75a5c0a05,56632,123629,167,True
RTS,2024-12-27,c6350a86b1bf70a6ba0a1d82fd020435c9927f63cb785e196a1de6f5cfb8bb0d,44715,96187,167,True
RTS,2024-12-30,1d93d4de38c35988623ddd72582de7bef20c994063b8e38bf1eead610cdc0c3e,37103,80628,167,True
RTS,2025-01-03,e7788012734d609f010a41bcaa9cbd8b5e2e3aac046d65608de0ee1bd48f9a81,33098,66127,167,True
RTS,2025-01-06,720986a35dd07483cdfc3219bc3f2a69fa46f6202ad4c9132de38ca8786b86b4,31999,67431,167,True
RTS,2025-01-08,85a1875cabeed132cf541b7250f17089d44bc57df76bc3f6f642a0c6f4068e02,29474,58105,167,True
RTS,2025-01-09,0f1dbd5f85c1a4b574a93a6473e25e3bde5e24698d249dfcb14e4e470ebab81b,54824,118037,167,True
RTS,2025-01-10,c6788c5e60dfb0f12ea4b7a17e8b8db9b55dcb2367afe37b7422aa47aa83eb8e,60662,132015,167,True
RTS,2025-01-13,9459de8c76fa4b990933d3a8b6beff68ab9e6b57a40faeb7928b404c67502327,50159,103916,167,True
RTS,2025-01-14,6aca2e9137f8500683979c6fb99019d1cd2cda0d978622e6d19a902664059197,44960,88682,167,True
RTS,2025-01-15,8de76550d9e04f971ea342e3d81daa85692832c9bfb3c3ba7c860e5c31442119,49897,100032,167,True
RTS,2025-01-16,704d271156ac43ff7c3abc2ee2c03569c0d6f6f9f7918934f285d94c047579b4,50964,103618,167,True
RTS,2025-01-17,0235b14895f550ff0f80d43f63019dc4ce8a260ed412d354cc5382bb4876c382,43544,88732,167,True
RTS,2025-01-20,5f384db4b518c769a5c0df7abca452ad266830ad1ef8910cfaf855b7ccc37a67,64906,130689,167,True
RTS,2025-01-21,99fb8933ccc728f46189c983c69e81f720b3d37038ec88b4c29cd912f5364ec7,60897,127207,167,True
RTS,2025-01-22,053e9c0f0273318cdcb6a4654ad8236fab9c4d8f31c0959eab4cbc4ab51a7b98,56460,116399,167,True
RTS,2025-01-23,abbae36045cbc191694c7aaaab5572abbf737c12f48a6c9e006d2a281380ee1a,55509,117979,167,True
RTS,2025-01-24,44646351231c1a0c175d2392aec9a55a6afdd9852e07763617e6565c5cb137b9,49610,102479,167,True
RTS,2025-01-27,83ac483a86c39fa78c77465d55ce177b759e1a44515a6885309f5c6b8b993010,49385,100232,178,True
RTS,2025-01-28,61a8f020158dcfbc56591feb155d5c044c2ac3bd3b0c51140a27fe84cf365610,50852,102409,179,True
RTS,2025-01-29,5084241e73b80ca0b2034742e36c1458d6f72630e2315460578a3c8643081e2c,42429,81530,179,True
RTS,2025-01-30,8b8007955f0682baaaad0808fba49fb9335edb0db64eef3b9bec76318c9b4315,46340,92819,179,True
RTS,2025-01-31,238342be7eceba830ecdb174256728a2602d8de96ce0f2fcb869f14714e7d801,54117,117701,179,True
RTS,2025-02-03,9b822d818e3ada6424db292f58b06d1152eb8d6e12bd616b4df64d250cb40166,50332,99250,179,True
RTS,2025-02-04,de49bad6bd521e00a5599bf811f8811c58bcea94821209018bc9e5e9ff577436,39736,76090,179,True
RTS,2025-02-05,9053cb9be2dbbc132ab7253ff177e4a9ca30ff487bfe0e5ae0f1a3a72eb62be8,69306,140399,179,True
RTS,2025-02-06,f94f7f3d345f07a61ea9b9d125e0fc0240e8ea68f3bf5593a0de643c7ae4a852,52329,101575,179,True
RTS,2025-02-07,1db5d644f4ae1b102ddaecaa4e0cab4ac5b4e628054c32c21161c21812006cfa,41528,75801,179,True
RTS,2025-02-10,633488d7f85507fefdac844bebf378e512929fbb3ce65ca00d03b0d00a7c86dc,43168,76862,179,True
RTS,2025-02-11,2262bfe9b8fefc8c98b10d39207f57a1ebdf5a440b387fd15fc79fa68f7c1efe,57129,120656,179,True
RTS,2025-02-12,7410363f28874df0e824abb9962c866aade4ef650b09a2b3be71157a5e799b34,98010,207346,179,True
RTS,2025-02-13,d414bd91b21e960dc1d62f7c6d59a49ffae4206c4a7180717deb64ea0347dda0,83529,171044,179,True
RTS,2025-02-14,4fbeacb175d177aab1b3892c3c3cd92f7eb44cf67421929836950a55697c52e7,135528,279891,179,True
RTS,2025-02-17,1733da3b90dcaef2dc138c5dab160ec359c4639a549e5bbf5b6be78e48333430,91438,198632,179,True
RTS,2025-02-18,46bb1559d7c5dc79d79a662d095e87c596e312b33c131cc14f29130579679707,119821,238590,179,True
RTS,2025-02-19,8a8ec321b04afddcf4b47d614b6eb11939b89a0b4f08b3335424e6eb6c707479,78657,147292,179,True
RTS,2025-02-20,021c4914400cd63126815b1578eff5a6532a5593dc3b90b976366ab2f3be7ee4,83324,158726,179,True
RTS,2025-02-21,2ae04b51952ca51b0b08d8c1c57ac27a96cf865ce20290fe33888b4900b80a9d,76463,148072,179,True
RTS,2025-02-24,02bd6f935a870920a7b6f67627db1954025f1050f08446ff27f85064d7a05585,73514,142658,179,True
RTS,2025-02-25,1ed0ef8a029d2f5f117a21ac8b3b3f8d5daa65657978c63792f5bdb231100796,66148,131039,179,True
RTS,2025-02-26,d04c8400ebf2d40995755f620073594287d38986e1b42156709ecf42936b3c85,133258,251978,179,True
RTS,2025-02-27,065ab0f7fb42c664290623fecd1b1196fe9bc0b1ce0650d6670ff7e8abc9cc08,122109,248780,179,True
RTS,2025-02-28,936e858021e4c99d54b0dea995914bd48122dca762194db9100aac548c5f2785,125672,230955,179,True
RTS,2025-03-03,d4e2f54150ed91480abbea63d7ad57948714597ae293ab3a90b262b2d0b37e16,118188,222001,179,True
RTS,2025-03-04,9f427809d2d262fccc274bbb788c92af375bae0e8af5193a7cf425623b6d319f,84339,152315,179,True
RTS,2025-03-05,a5c4f3259f2a6f3dc8374781f11d92fd824da74ce93f58807b00aa36e62f7c9e,88181,165155,179,True
RTS,2025-03-06,69ef07d00d187ff8db1e51b1f143bbabbff3ddee8e41d16cdc1de96afda9d5de,76543,135222,179,True
RTS,2025-03-07,0f89a3c405176da0ebfbccf5daf13d0fb46ea24903c0a2f51b0b092d033f46cd,96935,189997,179,True
RTS,2025-03-10,fe6b863bdd97c57b307220b64731ee820a232db99b9081038f4250d4348cd0a6,63181,103099,179,True
RTS,2025-03-11,bd42eb116524e90adff364f01f99c92d0180cbb58754e8e04200eb3b230d2ac8,92120,163393,179,True
RTS,2025-03-12,306e544fc44d5960778847d80fa6ac759868481f78a17f7c925fc65071dac831,65693,114954,179,True
RTS,2025-03-13,207df9fcf9248d15632c86fdea8248a827ec187152d0a0d249ed6d204e608688,116683,209344,179,True
RTS,2025-03-14,003645e319bdec074360eea0618331ceb6e058d6dda55393a23db7cc9baab8c8,73864,124642,179,True
RTS,2025-03-17,3edff57f5a38c9ff94bb58a1b154f7537d85136a887198faa6df43f991a4bace,73587,124511,179,True
RTS,2025-03-18,25d43cb339084aa41c9b96eb14bc639de4c4ac67b66b801b08be7f7d8bde0a65,120908,185412,179,True
RTS,2025-03-19,f1450b385db6ff179d8f3cae636ef79862553d0956611432bf676eb41abaacf9,33176,49003,179,True
RTS,2025-03-20,04c1a3f20149976bff46104953045b8fee7e7472e485788e899e4bd6cd7c3b8a,53415,83199,179,True
RTS,2025-03-21,7930634944c8c4418738f8bb40e33100a23c268077e2138c00f1cc2698a84b15,66175,98635,179,True
RTS,2025-03-24,6332d27cce0d89bd8947a09f63b4a72f4a9a389d88a9099f251d01b6cfaff5dd,53888,90754,179,True
RTS,2025-03-25,15ded0055e57e7204cecf2098e6de1d7eaf06f6fd747aa162946968fe655a43b,57943,102728,179,True
RTS,2025-03-26,6aad706de8bdc62400c098a08eb828dafc65453cc4b07a54174098ef66f4ff29,50708,81018,179,True
RTS,2025-03-27,bc49a689a1ace96efe2833909b020898bf0ff79bc678f491a3b7f37f30bbb90b,63558,102578,179,True
RTS,2025-03-28,fea746e8bff033cf09759f2c526f3817c586ac597e66882d2de778724dc2ea01,90980,157206,179,True
RTS,2025-03-31,38b650e713bc3fd68e7919e67041d99f85ce2de6deeb194bebc17cbdb560f029,72601,120153,179,True
RTS,2025-04-01,c824350e316e129f7995a26317af2b660aa18bb64b1c808cd0cad7b8ab8a1876,84564,145024,179,True
RTS,2025-04-02,b3fd792bab7f33f414378dcdcf54a191b6129a76a2199a8e81173bd47a76592a,73693,120882,179,True
RTS,2025-04-03,c8074f9f6e809dc51a00c19ea820a30dde4991c3d78229346cb70062805b3fd1,112327,202847,179,True
RTS,2025-04-04,dcf7dd69f92ae387788b5c1f47ef4bfdc0baba1f8e28043098f3b9a8393bf484,107113,188740,179,True
RTS,2025-04-07,6506e45fe6b0bad44a0440c5208fa97fd165cdb5aa55b91d1bcaff22445ce184,122870,216326,179,True
RTS,2025-04-08,0ba0b8e9ed4882ae61f22cea96bd1c8bf8631e65d2cf4a67fa281b60f85c024a,85846,137756,179,True
RTS,2025-04-09,131483a553545d973b4efa2643ac665c5b8c6d0ac3f0d4e0ef26e242901b5796,138992,235377,179,True
RTS,2025-04-10,8df2750fbeda82d3c8e95c8bc31880fc81808280a1f14f44197e0601041035bf,108885,189961,179,True
RTS,2025-04-11,fbdb71b037558c77553a454395c524c68619d423040e5a62cfa3208273f325e1,88456,149347,179,True
RTS,2025-04-14,defbd26a74a899b3833ab473d0b1921f8a5e42492b79213fb4f62dc7894aaa0c,64872,98103,179,True
RTS,2025-04-15,ac2c02a1e389f5ec9141f60753ae4519b9a1a706037268ed8c217f4a8058558f,61024,89956,179,True
RTS,2025-04-16,6f70753c66f41eebad8536ec14bbb639f539c5403d9efe8abd3acb69f4c664ff,72038,111318,179,True
RTS,2025-04-17,22382283add885fb18224769edd23c3bc046d53284bb1e1e5c07c1bfc644da72,79940,127362,179,True
RTS,2025-04-18,520e8f26e01a0f3e5f6ace8fc9a1be1ef0573eb49e2dd694bbc48558ee29462c,103220,168969,179,True
RTS,2025-04-21,714b3afbef97dc740a39834769e33e14e6b08358920b62014d75cd56e8fb315e,59367,90728,179,True
RTS,2025-04-22,b2c70b64f3a7ab323a67c4633ca6fabb47bdf2cc6e1909ac1b2b4aaf1dac6c9f,83205,139339,179,True
RTS,2025-04-23,aabc0a44b38e2761b90c943b16162bce3aa75fb390f199cf982d31598c2d3868,96044,154938,179,True
RTS,2025-04-24,73e6b5636081b419ff3f8234bab9f4fa5a5683abffaf85564b3909a3a2aa2135,53008,80833,179,True
RTS,2025-04-25,4a9fbb5ed3f134a0471d77df3eef4bcbeb6339990beda9a7bea64d77204e3f79,63874,102005,179,True
RTS,2025-04-28,2bd2a304894b8a4e4351b3ba6c4a25e3333fb19ed47986029eb5182bf14adc84,77297,119585,179,True
RTS,2025-04-29,a96adac7663af004ee29c3d5bff3108d7aabe0851941b3ddf7227b9454be4dda,64661,99020,179,True
RTS,2025-04-30,c069b615acd9e9ed536567eab8118e54f914cae173806fabbbb1ca7b34548341,69897,112116,179,True
RTS,2025-05-02,9f15f5ec7fc6a18445478964c10552e080852df24434d95cf42d55ec8bcd81bf,50521,84218,179,True
RTS,2025-05-05,d163552c9a1650f586d3192f418cd73518b5346512f57eb3e929acb7b070046c,59370,104895,179,True
RTS,2025-05-06,99483f118e3a943f749128ce7488bddd69da767ee6263fa915abfade55319d35,64635,110356,179,True
RTS,2025-05-07,1c666a87bec6d45ccb1a7bfed16d5e7b120eba338fd8b288cbeac0aa88dbafb2,60383,104369,179,True
RTS,2025-05-08,649704dcf7e51ee18de63d6f8e8869bb45823e8362ee65597dd9886f14ac024e,48290,84314,179,True
RTS,2025-05-12,5ed8874c4b1ded6e1e080da9145f8805cacc204c11e800f991a9c6d44668af67,51621,93505,179,True
RTS,2025-05-13,e735de7b24b5f84e4cd17505a9cd84692b54b891c6b66c0d3321f9670c8b8b6a,47099,74021,179,True
RTS,2025-05-14,a1c55141e51dd22c0560799056526b487d5708d63564b110ad84e4bdad30a8f4,53665,89256,179,True
RTS,2025-05-15,a27682bebf543c8222f180b218678717fc4b451a7cecafaf3cd41c6f7e6b9d60,68286,127107,179,True
RTS,2025-05-16,9b2bde1b0c50a92b92ec68cc5c8af06969d0d416da5aaaa5cee0ceab43beeb77,72596,126741,179,True
RTS,2025-05-19,dfcc889a45b9a032cd31288364d83aaf321e5ef7d22b228ad442ab54c86dabeb,61120,103747,179,True
RTS,2025-05-20,5830f3d6d4d0b7a51ed5ec44936a125866c8f491b241250af5bbed92cbd05276,38803,71507,179,True
RTS,2025-05-21,ef72f3f500883a15e205f0ca99c13b4948ca3a18ecf0cf7510b13654beece1ac,43626,78312,179,True
RTS,2025-05-22,bd4b68eeae9f12e215f8bcda92b4d9df5e6b07d808e54b794c29d0bd7a3dd873,57564,116082,179,True
RTS,2025-05-23,db0947cdd894983f02a3700034928477c0136b26906342017e29ebb2a9723a99,36799,70555,179,True
RTS,2025-05-26,0f492f37bad1a89220aa8bef43585b816979124d1b2a93b43d7f612ece36f635,41030,77945,179,True
RTS,2025-05-27,aef713dda30877e224396f530cf6f8626dde0e3a1232d93f1c777576c16c68c2,39225,68443,179,True
RTS,2025-05-28,53426c18810b1a8542565e6f56caae52fe26a1db0f52a64bf48d8fb26b62b105,51207,100354,179,True
RTS,2025-05-29,c38c21ef10470c46f8225fc7f1117b2c8c83c63dbee495683ce52ce265a0f6c5,51769,98110,179,True
RTS,2025-05-30,4bdec1a3c39b2400a4b58b2d364ed16c0146b8b17e4ae400a814be508063d82a,40479,74562,179,True
RTS,2025-06-02,38a72afdc467fff09f12326270e09f43a7459d9c88836ad63b5283edb1231d70,55608,106584,179,True
RTS,2025-06-03,a10b708e00fb8de9e683e970898d9c6f7e69eb98eccd1151e5fac3a5a9fb1967,36473,69501,179,True
RTS,2025-06-04,f584faf3387ec19619db0f1ce164975ff288cfdcd27da24ddc298d6d2f114008,55574,107979,179,True
RTS,2025-06-05,5c115553657fdcb3e4b2bacffe70b8b41ecbe68755521ad3ef25f05349b7259e,40054,82622,179,True
RTS,2025-06-06,0d4f03a729e6c7e68c4a41e272041e0522c622313f8f91e10a670de2d70e21a9,87171,172206,179,True
RTS,2025-06-09,a8b090914816b48aeaeafbbd88b3518ed8e8ae3339c840ce89b58b304c23f620,44595,87171,179,True
RTS,2025-06-10,d438fcce7c911e69203fabde8b3ce73be8e9ae7f7d8cb9359d961fe882ef0253,38622,74185,179,True
RTS,2025-06-11,c213584ab1e20dafc8aa43c106868e846f33dc274f1423c5b5a0a776842352b0,45511,89489,179,True
RTS,2025-06-13,b220308811ba56463c27a70fda1a8cd96fb88c826a2c56e4243c7b1a858576d1,37237,74062,179,True
RTS,2025-06-16,c378ffb2e3a58c150df5db5e236641c204055ac9fcdbe9a20ee0b300673b2be4,34071,59743,179,True
RTS,2025-06-17,0469701cbf1ff537843d272717f92b9175f85378e97057e4128252f8e1cff228,39954,74479,179,True
RTS,2025-06-18,2d83357285be0d44f105d728ad782e7ba008e6616d2fb34c63e0e1301f7e5dee,18433,26915,179,True
RTS,2025-06-19,bdd50108c97bd15e791eab90dd354c13b5a466e13cabda0e277de461d1f741b7,35848,63688,179,True
RTS,2025-06-20,1b81687b8d301603768bf52bb96ad82cff9d9adef0c6703d47780f005fdbdb8b,26673,47443,179,True
RTS,2025-06-23,04bdb46ab369b67e3611d789a8bb43d6d35ae11acf780e63ce9f078fd15ca800,31285,58209,179,True
RTS,2025-06-24,acfbade6a2e3e135a766bde078b58b1f56675d3105968c0682a03eb1b55af779,42099,81229,179,True
RTS,2025-06-25,c129a836885d1ca828b2d2e7bdcf54ee02f22fb838f4fcd5400dac9bffe3521b,32079,63509,179,True
RTS,2025-06-26,936e15e7af31b67f35280575c3936cfe17e8cb2be0a5468168996fb28f0e087b,25089,46501,179,True
RTS,2025-06-27,8d66d51ca1b6c2b5a053779dd0501100c63272e050edb4701325f2e90bd9b23a,33265,65326,179,True
RTS,2025-06-30,2ffa3cb13461527df2e11f8d33d58dd0cb3f93d891a56727aa4ff6e32de33120,27951,49663,179,True
RTS,2025-07-01,1666b7edfa139b33b0caf64b055d96f4066ab6960829ab0c68bb0db825e69aae,28225,51735,179,True
RTS,2025-07-02,5fc352fa7760dbb2352bddb8bf543229b5c0cdae920fbeec02a3f249bfd4e446,39728,75534,179,True
RTS,2025-07-03,f14caf6b78fee4d406ebf2d2b1fa449508d9d7c9124300493ad60eb54eb9d7cf,40814,82170,179,True
RTS,2025-07-04,51fe2b0d386b623b52bcb966db2d5be6ade784194bebfc427d9cd23254b38e60,27994,51980,179,True
RTS,2025-07-07,54b3cdf32e14cbb552aa9212c3d211f76756e8a2fca9591593108c6876230627,28587,57831,179,True
RTS,2025-07-08,c7d1ee1293485b1bae12a3600f62da39011ac92e3a0607e1379e4d34e7c8029b,32241,64254,179,True
RTS,2025-07-09,d00bc9e4af09e945943ae64d6ff6a766763efe12f78f737f37ea3c67bb75bd44,35490,72721,179,True
RTS,2025-07-10,d3f7261b1cde7a0bdff58df5764396cc27ba915708cd9021170ea18422527f75,30205,61286,179,True
RTS,2025-07-11,6decd4ec0a4f705f25943fe2cf50c65fff607c16ffc4b21b75a4a2675aab110d,41327,85446,179,True
RTS,2025-07-14,10f1dfcbe477266f3090b6fe0aaf3dce6e0e6a14a99136556751a48ce25f7cb4,53239,111598,179,True
RTS,2025-07-15,260ab72437b35f33bd4f49e751aba3ea1f079401623c334c3c3362440a1ed56e,27999,56343,179,True
RTS,2025-07-16,6f403871821f7420921bdc4bb83c0b644549a2f6333c25c4c8ca458c8c2a1dc7,29019,55168,179,True
RTS,2025-07-17,88f23da5dfed38305203bd96ae182324053ab05803b151d6b3c452a72defd8a3,30271,55426,179,True
RTS,2025-07-18,cdb452cbab4aa9bde467fb45f0412326ee8cec8d3985944012f6f55f29135fb8,34470,66407,179,True
RTS,2025-07-21,f39b841dffe504067bf49e5fbe23fecb36baf54ce0711436d57ae5f0a9d2c534,29030,56574,179,True
RTS,2025-07-22,bf3abe80b4f213a3d942a668c42a3edb0e962d9c3e66a6e9f56ac858c5e1cdaf,23359,44661,179,True
RTS,2025-07-23,66e285ff1826be2a40992d586235c897e8061969e23f244f8e501dc41fa4d7f0,27993,51189,179,True
RTS,2025-07-24,df91056e23b8d8d636191168a58541c6a5eb9e4f41172c9272e7fb0e18006820,33982,65361,179,True
RTS,2025-07-25,d4d9ea241ac8545e4e7387ce7e1b631e5ee624064cb0cdc110617185a2ac71aa,46282,96531,179,True
RTS,2025-07-28,d2fdeeb9d67895f0930417e3e575307e212f881a45edee1539875f00d0a318ce,49009,96312,179,True
RTS,2025-07-29,3d50d6b4beacfc145b21f227654f5db5b0e46dee10466d87e6bd652eb2aeaeea,43372,86442,179,True
RTS,2025-07-30,135930ca8d46a97bf5d8d69da269e4b81fb0ff33c3b30f6ad07f940658b73c40,29429,58006,179,True
RTS,2025-07-31,e0745dc480cc2ccdf956c8d7065f6a29cea189bc26b157a412f528cfd9d69686,42909,86904,179,True
RTS,2025-08-01,3546fbce44e8e79c463a55768b4221ab0212d90c710c18711b347780cebb59cb,28918,54878,179,True
RTS,2025-08-04,c64c68221f7176eb5af3282279db799df40c1375f0b1ce58ba0545cc88222c79,30571,60611,179,True
RTS,2025-08-05,81dc2330c29a24c24b6185b2230245ef546ee309f81b350b4e633d93626c61b5,31236,60532,179,True
RTS,2025-08-06,eb9890ecf980e5c9c1ee139684bc19a1bec0a2f2fd717135753aae393edf4409,88679,174374,179,True
RTS,2025-08-07,259a857d0ae52a3a4bb1b8c7712a3c9ff1461e042e73a9b89bd458ac51e0a32c,74709,137582,179,True
RTS,2025-08-08,ffb49f556874a2354de9c03959ffee2d659c04a22333d18a206a16254b447e7a,47531,88731,179,True
RTS,2025-08-11,03f965e70886365144a6a0e9ecb63d49e4f40b1fec8e64e9e1becc4a4feadbdb,42026,72258,179,True
RTS,2025-08-12,afa0f0decf0566c27c8bf620027024e2fe1fb684e1e12d6475cd65e0cb856da6,27465,48020,179,True
RTS,2025-08-13,0cfaed940a1e36dcd4df72ef62ff9e88c1fa69ff2f7b4bd627f6d0855ba66960,32219,54877,179,True
RTS,2025-08-14,1aa8e475b1a07f14237b2168be8b1b5296d914807c25e76b7b02f1d8f18ddb24,41957,75624,179,True
RTS,2025-08-15,da17252bf33df982cba0c7f0e4989a0af68c2b9f39b437616065049e8bd44e97,25408,44059,179,True
RTS,2025-08-18,fd611db2d906f1996b2df4a0062201ea5e2eceef36dcdabc33ab2546c0bc1ccf,55958,100256,179,True
RTS,2025-08-19,fc35a81bd2d11253a72e507a9b1e960e96077891097548547fd0baf28a6c12c8,28505,50237,179,True
RTS,2025-08-20,c653ad1ce833cfde11de1c9217956b2f6aa03ba5a49493afd0a02e3edab67d50,28414,49371,179,True
RTS,2025-08-21,db7253c120ca96d90f3b80b04ffd7d3a4d010283bc7b8e06c5a5df2aa4907efe,45435,87649,179,True
RTS,2025-08-22,50561d63a5e3b20e4b43491d5521d04df243089d3307e51128c64e89aadd63be,37571,73813,179,True
RTS,2025-08-25,4df3b97de5805d1299ed1cd0f1ef26f6d667546478daad038cd9e0041b16b4a8,37307,73578,179,True
RTS,2025-08-26,ed06d471f641f7aa5a1596a9e461152731214cd09caca0f3ff270b8ff8ebe61e,27935,53307,179,True
RTS,2025-08-27,d358b39f1792f3f28c058543a745b652733f13b6aa360dc0ecacfede7fc2657b,29145,56434,179,True
RTS,2025-08-28,5dfcc18ba73d3a00544fb30f4a18b09e87c3b9b111645e2ee14d297ff06e312a,35720,70789,179,True
RTS,2025-08-29,4b87d0cf8059bb29c72c2ba62c651aa7d6845a65b48a084513daeddd68f67dfd,29059,52404,179,True
RTS,2025-09-01,54e341837103cb683f3d217e6525ac51817386f6e06a0ccdfcccf6ba57b66da7,25641,48205,179,True
RTS,2025-09-02,68980cff1f66bcd858842aac55dfbcb4b962f9809b1dd431255c975448463624,37357,70900,179,True
RTS,2025-09-03,a1c9fff9adb02eed1d1f3a35ab54fdc45d16efd172dc6c70c4bc0344c1f6b57b,30513,58216,179,True
RTS,2025-09-04,0dcd4a48890664378b9bd351d54e4f85b12ce6c517853f487db91742473cae65,30802,62460,179,True
RTS,2025-09-05,478deb9363d20557001c1533d679003232b67cc1c2093e97fbec2622d3e6cced,20016,39243,179,True
RTS,2025-09-08,fc9c18c972beeecda78e8a901227b922b13c31a4135f3db166c997d8cc283eda,23575,48104,179,True
RTS,2025-09-09,e7ccee7d2f6b8cb7427581a93ff16e1587e95860def8576007e826b21dc137f9,31368,60411,179,True
RTS,2025-09-10,331540df35e39e4ad30cb51cdbad85b664142634c0e6baf336f921a6ea0778e7,39705,78044,179,True
RTS,2025-09-11,31ed0aa56d749f0dae870841a23dfdd3fb46f3f345802aae293e1e556f183946,38109,75258,179,True
RTS,2025-09-12,904b9f578e3d6b4a683d85614934151b021f237f2e7f9cdb6e28718042444d42,51176,96306,179,True
RTS,2025-09-15,31926626387b5b69418be8c0c7b99c4d2f0710e2f6ff760521eb8adb224f0585,30547,54932,179,True
RTS,2025-09-16,dc0f11b7990ae59d3088317d7387ea6b03f912f70704109ab11234e0b1923199,44031,86154,179,True
RTS,2025-09-17,087384b98104de6fe5394f2142a94ddb1744f80a7669ad011e6dcc32cb682b0b,18759,28585,179,True
RTS,2025-09-18,33a2c883773f5e27ac59e14f6d89eb7ecd8fae6df53d4d8c360cf8e0150ec246,30828,55529,179,True
RTS,2025-09-19,f5265c8809a666f47aecdb18c4840ba638dc5a56ce60c781aca8360f7f841370,43474,73427,179,True
RTS,2025-09-22,06b9a28c9bff7bd4e0757b01cce6622fb18016419b699e3b7c25e35583030650,52199,92916,179,True
RTS,2025-09-23,1441e5bb20eafcd4b32e0e4f6fd0a79789a4f7b9bfc2c8d2d6636876c79b1973,49304,88312,179,True
RTS,2025-09-24,eac9a43bcda80b1485fd9209886f4cc930e0e9778272b74f7844e5cb9e42a62d,62366,120386,179,True
RTS,2025-09-25,6c530d64c7cf37a9503dbea11e2d6fe0a4bb66b9dc730d6f723d1fa3af56000a,37127,66405,179,True
RTS,2025-09-26,459b6e5d64616292b543fab101dc7c14ef4586edb831e112885702bfb5d5f1aa,38670,75352,179,True
RTS,2025-09-29,9525ffb24a333e62b8883318aa19e3f7efb1db07e46538df0bf0a748351f49ec,43195,80218,179,True
RTS,2025-09-30,6447e52e9a5a1aab3ad870bc429a2d4cf62093de64ab9ff8a6204c836ee850d6,52098,94131,179,True
RTS,2025-10-01,a958257963c126fa1cc50d0756891e89e5a2991fc8cdc2fb3e07c99cc563ec46,49885,89775,179,True
RTS,2025-10-02,d60dc73cb2351c549b2a1f03d520ba2daab5e660be4acabb756f598ad72ee947,48284,90693,179,True
RTS,2025-10-03,221904df7fa517b046ed924c63ec7b857452f59ecfcac870f0ee401975b33df7,51304,95639,179,True
RTS,2025-10-06,0fc2405ff19281f57d987abab5a367cc7e1d3788f5af03373c229555203711f7,74331,144929,179,True
RTS,2025-10-07,b384787d71d7a416e2140c6eafa52b795a3c83b4e9725f179497aadf3a4fbf7d,45132,77208,179,True
RTS,2025-10-08,5dc290c4f82a4a03c38e74253b66ac906eacfc80d7ed38ba1fd9e09732076fbe,81201,135644,179,True
RTS,2025-10-09,04ead9c05fc87cdc6f4b5280fe3d356cd422d913c3b0be7a28ee9c643e7cc6e0,114206,193715,179,True
RTS,2025-10-10,236ed243ac00fcaa3bcb12a79b15b119d97492ac10d44e167ea736b5d7000517,75421,122097,179,True
RTS,2025-10-13,05d873858bca151c0d08d9967073e9489bc4fa5d0e0a45fdee8c1bea73630750,66840,115534,179,True
RTS,2025-10-14,100c57ba75a3cf7f9c195bdca039bdfd088a1b5e529d379c0e3c32579248d623,51221,85656,179,True
RTS,2025-10-15,521e0ea54a0cdecaf6445583495630269255413087cdd7664ab6897178cb3cbe,55769,94538,179,True
RTS,2025-10-16,c96d8d324b0ac541f66ee733784f38f364c729fa7ee5813feb200e425f447308,121776,216232,179,True
RTS,2025-10-17,d3fecf1250aba69c0cde603650c715020a77de7b83b4058ebb1e9e8cfbb0fa91,74185,124351,179,True
RTS,2025-10-20,5c43431c09d927aedc1e8e6e7e827ac1b08b70af5172185100ebf408cb2d75dd,39191,64471,179,True
RTS,2025-10-21,86ee8e1d5c601ffa8f1abf607fa97b77ef2218f2a7e0a6aaf150e723ced4c731,90152,157015,179,True
RTS,2025-10-22,ee46f9ba3ea200c7389901e8eed7409199d9ce6bf59bc3d5a44924a78e847ad1,76498,133064,179,True
RTS,2025-10-23,67a5a45fd399500ba854efb8900d05025263d7e21f7e61c73402e5b1f7c10371,52718,85937,179,True
RTS,2025-10-24,739eaa34c9cdb7b06b9d1ed5d28eb23ee25e240a3ba0223cec9c67b1241caf3e,61321,101788,179,True
RTS,2025-10-27,c98291b25dee829ad7dab3fdc3236569a1f0c864ea5b175fb8b6edc6942e7617,54288,97042,179,True
RTS,2025-10-28,b410dc1222bfbddf5271aa1fb96992ad057aea1769c507d4e19b847ce1526631,52309,93895,179,True
RTS,2025-10-29,57a35768442e7b627e71552934d73b3f191dcca3bfd22fc0659bdbe0ef8b9ad2,41512,74555,179,True
RTS,2025-10-30,1a77d03ccc0ff2ace8e593170ce91cd646effce28db2129da7000d6e8c6189a9,37666,61646,179,True
RTS,2025-10-31,c91082ff5aafffef5fe8eec605a40918e24e3c1cc8524b78ee7f549614dea912,45384,75682,179,True
RTS,2025-11-03,bf83ab50cb07ac38b39ba80d75171b12076893ca527f727603c70133f9048bc0,22978,42024,179,True
RTS,2025-11-05,28f6d5b2ae4347484807bf5be1834761ac2f07ebcf70ef0e2e5939cd9e7de275,48943,84725,179,True
RTS,2025-11-06,964f67ebe23f5209195cd22dcc09ba1c961d2e2c1a0036d507d3db9c2fc3b41f,27692,44705,179,True
RTS,2025-11-07,8195eacca136c6a68cf17921e4ba012cd356e95010e9c4af2462767c215f1fe6,37344,64907,179,True
RTS,2025-11-10,01ddde8763335b642c4a3d7bd825ce48b141671f2c6721b34992db62a941c2e5,34444,58681,179,True
RTS,2025-11-11,ac10f33239b7cc10e328717e4dc7ab9c9547ed427b140c8401a2b0cc55d88f5c,33544,59480,179,True
RTS,2025-11-12,c00205ce0579ed0fa7d71d901ee978238490379ea7a70c40ab5409a55e638e35,33686,55078,179,True
RTS,2025-11-13,b61842bfe67d9091051043199495f16f3c87f9f3bae674a5a4a467101071f10d,32393,57985,179,True
RTS,2025-11-14,b49cc2751cce3ba1f59e69797f97d3cbc167d3553f882ca7309b64bc60b89f93,32745,60519,179,True
RTS,2025-11-17,f991b98fe2aeefb186b4198b9581a9a3785859d4dd78f9459dc1873276993d42,26519,45906,179,True
RTS,2025-11-18,ac9701bd264823275d874d9129a1208080128faa3fbe70b02828f688bb6662a2,55301,111748,179,True
RTS,2025-11-19,a9459e429f8940391387ae6f37bec31183fc809f3bdde8cab15def235ecbd8f2,80666,161361,179,True
RTS,2025-11-20,5023143b25a3291ee31f7b90c280b8fd136865aba2590952a3ec116fbe5804b9,70529,130427,179,True
RTS,2025-11-21,a813cb780f7c36a5a2717c634f12767c9a6bbb2dce0aac37491522584adc2a60,51971,94796,179,True
RTS,2025-11-24,19ec7320b04045f233c24a262bca58ed7801610cba934fb1e54a9888c448def8,45946,84607,179,True
RTS,2025-11-25,ef36139b0a90dbc8ff3234a3acc531f89b1fa9702f33022a3d495563d1cd9536,65525,119848,179,True
RTS,2025-11-26,6801b816ac132bd015534dc3c38c9db2a571b40fe1c981de83cef4a4bed47b97,24565,42711,179,True
RTS,2025-11-27,57762e04b57832083660b5c394d3fc39ff56014061de6aca303d2a8afdc8e879,42031,73647,179,True
RTS,2025-11-28,cecccf4375c3239c581da7020e698d84a867a1f30cc93d0cd28ade35be818624,76031,173303,179,True
RTS,2025-12-01,244015fdbc74ced0e6e8941da212a7bb8dd3299c22a0281d021386c577c11da6,43962,82351,179,True
RTS,2025-12-02,6c62142a80255d8d728c0ce88165be41cc1c9b18bfccaa09c2abb5d8d27c9b71,44119,74051,178,True
RTS,2025-12-03,45275eb12d2cc746c63520d4b30941ad18e58e5c5d002061ce24fa1e8dba175b,48991,87671,179,True
RTS,2025-12-04,a947b4943bf5a346e8e43dacde1f04bf47dd1fb1b534a9b55b0c2a61dd3e1aff,39001,72991,179,True
RTS,2025-12-05,ee149c56c76e1cd65b25608d3abb94bf3c9eb041fc8a337d649af6514924fd1a,45968,84523,179,True
RTS,2025-12-08,f55e477839181503bfa26d20c3c8620d5c721e984dbd4d8621c74268c7e58801,42045,77021,179,True
RTS,2025-12-09,83768c6c8e5aac647196cb711c4c98a541b974762c239e141f024e2cb875f713,43107,79520,179,True
RTS,2025-12-10,640a26a599b1963d7acb59df97d3e897b5315c11c170d4d98af1183604a5051c,35980,60667,179,True
RTS,2025-12-11,9e4e906a5d28e489373d42060d7d85a21468a5d55cbe76cf14b44d80700ed8f8,61126,110806,179,True
RTS,2025-12-12,4c489df1348743952d3cdf928cd0334b67750d63bf59cb646e9ffb09705bcb61,36236,61784,179,True
RTS,2025-12-15,91f92e22f3770b6be35eb77789758fdabf5cfd466ec32ea819553cc5dccbf47f,43977,73190,179,True
RTS,2025-12-16,1d6308d546b5bb88d11801efd28f632533363037f0c1921f79c8b9db690617ed,28324,47382,179,True
RTS,2025-12-17,2de8d426fb426729a1867a91545bbbb119e9f8224be1368120e698d6aba68871,24461,36442,179,True
RTS,2025-12-18,29145094217e28e2b99c605d28c10ca8d3df63f901b2db8fdc1f2673564f423b,39914,71314,179,True
RTS,2025-12-19,0b56567aef7f98c704a84e9c351d77f405dcdb96635576913ea50c13620e860d,53358,88042,179,True
RTS,2025-12-22,f262b6fdfa45219f87cfd7bc2d9803d133b363dad8057540e108cdb50dff3715,41137,71921,179,True
RTS,2025-12-23,81f0f28675e0c3e8a92744a8a0019dece7418bb799d9e743881192df68dafc95,34333,57700,179,True
RTS,2025-12-24,a67491d6a8b3bb9c72e8b9ba9835df332c5c2525bbb37167a7a35278760d97dc,35377,58695,179,True
RTS,2025-12-25,6e907520cb790cc09c13e7e800744119c144019acd6bf7cd6a6376106db9fbb4,22942,39671,179,True
RTS,2025-12-26,45fd4eb79c9a3e03d3aa308c986027a3eff755722de7a01d8235f342ba05fb19,33543,57337,179,True
RTS,2025-12-29,108a1162d92eaf395f7c456ed9076f7e47d3d50894da42e355a5b4fee772136e,57281,96907,179,True
RTS,2025-12-30,b08d1ea7d479394f93afaad372e6fde09042713c87d76dfb9a5db33a41aa294e,29306,51437,179,True
RTS,2026-01-05,d0ffb2ccdfeaa86799b49bab10b53b6fd4edc90127aff831ae01f9de06063e48,25403,41675,179,True
RTS,2026-01-06,9a022c3a15a181f3b684c60833f43932e4caf611dde0c4436cdde1d1ef16699a,18864,29244,178,True
RTS,2026-01-08,234638405f860c55d4ad234e676328fb8a6e120b2d4f345f47f19d764abd93a7,23627,40333,179,True
RTS,2026-01-09,0f5185f258a3e984e18a5eec289d58b5f1fabdcad982dcf4fc83fc973debb31a,21047,37271,179,True
RTS,2026-01-12,5cb42572585d2e53f0ffe6b3cf02d315973eb921a9221d6681fde8a1ce799894,24464,41984,179,True
RTS,2026-01-13,ab00e6d4b41a179de8576c4f12d1073ab989503c9b906f87a512922c7b7de7d0,22992,41214,179,True
RTS,2026-01-14,692547871a461304724735790b5ef3185bb5805df7c376bde42a6c9adc777a82,38557,70574,179,True
RTS,2026-01-15,887c9029b405479dff21d62a87543274dd5a443cffa88b62255901f246c5af11,32943,62590,179,True
RTS,2026-01-16,6148624eef0171201cc20d1f7f0bce2d3b0fa43274d3ddc4515e04cb395f90ee,26400,50795,179,True
RTS,2026-01-19,5dd3ed92ea04d4c1b6c67218e0022c8e32350559a27165c1828e044ee7c4344b,24899,47199,179,True
RTS,2026-01-20,d54e932c16191befeb74622d12abc90d6a4e96f2efd78e94b4d643bbe6972590,23096,42244,179,True
RTS,2026-01-21,08851da4134bd68f526c095aa80894e631a48f9487bb4f24c8ff484875738422,36947,66581,179,True
RTS,2026-01-22,3468a33160fb35733bd38fdd87643478b8d5be7640983ec16f54fecd6def2520,40523,68462,179,True
RTS,2026-01-23,552b5e3bd923f3acecdd6bb05c370d3c5d0685e3913fe4c6d5a44b54d6119389,23693,38010,179,True
RTS,2026-01-26,70b83af5ae974d66553ac7597e27ea755f668ce514df64874dcea0a86c5e0caf,36754,66316,179,True
RTS,2026-01-27,50603907fb4e4c4336d320779be06b845936e37e511cdb1961ff185c6b1e2495,28767,52220,179,True
RTS,2026-01-28,2ee4b208a740574bd0ea3038e82878d36a392aa370873a3ace77ae2b9b104a2a,30510,52039,179,True
RTS,2026-01-29,7b7da676af0d2d7f427831b5dd6cf55efe6f9805c5f814a58d9a688560f9b44f,62310,109856,179,True
RTS,2026-01-30,9a3ccbac2f88d493634799f92315d34e43026597ce97506c261d5d38fc53ced8,42364,74487,179,True
RTS,2026-02-02,7d8b1030271394bc3e6257c5c1ba2b2fa64c7c591e6fb200b7e5291b97457a4f,39919,75395,179,True
RTS,2026-02-03,d2327cac29b4a608c1ac0680f1ea2b4fe2ee80c563c3c268f1d3ac5eae643d75,25567,44733,179,True
RTS,2026-02-04,7b57b91cf2865ec19c9a652f576d27850419c699be8e77f9db07575d7a11cbe8,36238,64406,179,True
RTS,2026-02-05,1509b0bca733f22a5d76bfb2e37c0f865a8784de6c4c3917170d56814a421039,43721,80885,179,True
RTS,2026-02-06,c00d172caff5d9baa031078d689bd64537ee63c62de5fef84f31962c27f7af66,30320,52810,179,True
RTS,2026-02-09,e9532575b5fc6dc8870bb3c47a343c01264706d221f4ac32e3fe0ff8db90d939,26613,48719,179,True
RTS,2026-02-10,6729409732dd6068295d9bfe014ad2a0b6ea103a0e0c3b11a142f01d774595ab,24631,45146,179,True
RTS,2026-02-11,0c019c6a0149d7b407ac694e3557120a50d24e42fac8290fbb97b9bd24660b39,37680,75041,179,True
RTS,2026-02-12,cf092204ad66e833e4809dc3c4492b000e44b68049535a73a35d8db52053aa4c,26233,50823,179,True
RTS,2026-02-13,abc56947b3df925be885d2d60d4841a0ce4474f2b7ba0e912d02e1ea121432d2,35475,68777,179,True
RTS,2026-02-16,917798976ccfa7400765b3deedabf75215601019c414abc025f0f8e0f976f67c,19810,40325,179,True
RTS,2026-02-17,f28fecde511f980e2466fed29daa9711b29544abef0933bb88ac4e19ee7aa521,23292,45199,179,True
RTS,2026-02-18,1b0f52f12e48258b92015675ba02d33872c7163239f49d06bbb9294c58046fcf,35947,73665,179,True
RTS,2026-02-19,cd9c4dd918ced86c9230c867dbd798b7046fe499e2ac0810d3b39a65eb9a1bc5,26145,50658,179,True
RTS,2026-02-20,bf9e305c1efcc37834e248eef8b7d1ce9465d3545561e34332408de8a6c59af8,22958,42532,179,True
RTS,2026-02-23,b7431d35a72717c4a4853c1322644ff77e147a9c3222d60b71b8e89f090e8e76,3884,10014,109,True
RTS,2026-02-24,fb9e50303bc307f1d82d3292da0d62299bdb84e2d9c6759951e77a22186040a3,25040,51543,179,True
RTS,2026-02-25,850a89546f26db640b14b0b21d8634851bbb44acdb94978300c17a195dcf5877,30746,64410,179,True
RTS,2026-02-26,a91f1aeac389af7e4b6812c05129a5a58b5398c8fff89c666ba9cea055bb75d0,23463,47866,179,True
RTS,2026-02-27,959c5ef3a9a115d28556997d0064c18c5b3e5ce54592a72b046cdfdf08b63a16,24092,48272,179,True
RTS,2026-03-02,93d47351a79b5cc6db5170e862adf243f305c893534179cb74a70cc21b23fcd1,38201,75982,179,True
RTS,2026-03-03,d139f44ac75061b4d1137444c7c79361e2a5e87095183605e73d678285cdf37a,27355,53967,179,True
RTS,2026-03-04,c2b20a267da49a32fc0dedba2c95d6c2eb54b1d49440192a62cff2ed02994c08,30817,64335,179,True
RTS,2026-03-05,5feefb66ecabe5c806cbdd64e50ae8903c6d750f5d46c71d68f01571e41eaa1c,24598,49675,179,True
RTS,2026-03-06,ce7db4e65be21ac77b9111faadd50001a93349b36ce3c1234bb07002d0b28aea,29055,60245,179,True
RTS,2026-03-09,72643aada894fed61fde03eb583087385782af1451bd338bcb24da7c6cb65237,35495,71461,179,True
RTS,2026-03-10,d490aaa25bbec38a1b1e1b88172964af77866359730fb14d1e4088c6f2118cfe,34096,66286,179,True
RTS,2026-03-11,aa9d336beedf1614c2efbfa5a0d844f5c1873f847822da9ae3be50d2cdbccd90,24054,44178,179,True
RTS,2026-03-12,b91b56c1915a6e250ae46517bdf7b9c427ec95f975c7082068cdf16f07b8c478,23205,46797,179,True
RTS,2026-03-13,437955d749c6c48f31c8c7c43a810ae971ae2ac76822240ea744c6678a21654a,22269,44422,179,True
RTS,2026-03-16,23336b2032020e3213fd9e67b48629457f446fd3b4e962a5f8f4070d109a35a0,27313,54118,179,True
RTS,2026-03-17,5f210a071d9cf9bd178989b2f227b42022ba6f05d211c4791ade8d556f7ffaad,22696,43342,179,True
RTS,2026-03-18,006f9261015797b4a0a73dce330ef2fdbcce4274a868159ce8bcc206246f13b5,15862,25666,179,True
RTS,2026-03-19,db7f7417370f65bc6c4b6213cb9cc12d09253ae5af931953101014e4e019424d,42061,71464,178,True
RTS,2026-03-20,fb30b924693007f3b94bc77159c3606170dc0d674555bffc75a7b9971a1fa398,39180,65052,119,True
RTS,2026-03-23,6e6b53cde5a6e995c28107158d4c979cedc7dbd5ad757bcf58fdf08508541392,46941,82485,179,True
RTS,2026-03-24,7217c5b941ead848fdf7593a33d2b46a884224c922764ce76e7533a44065b54b,35401,62572,179,True
RTS,2026-03-25,b3a0a745acdd71068d933afb45936a1c402b18001bdb604aa43cd0ddaed98f40,26191,42224,179,True
RTS,2026-03-26,cb597776b7c10a2e906398e9d957706df3fa81771ad172ebe9ed524949580796,40778,68732,179,True
RTS,2026-03-27,299fac35b4985d2c590e2b1946498a5b7e572c5a9cead0e3f83ff5a9eabb8674,37756,64567,178,True
RTS,2026-03-30,369d8f91d5ba977ad8ad42e0dbceac58ed68db0868f3283b8a9de693d4879bc8,33801,60229,178,True
RTS,2026-03-31,22d00aff49dcfb7c47b130f056cfe67f69d1fac3926b907e17b4d67a65a25908,32767,56668,179,True
RTS,2026-04-01,714d43b43b428763a8ec51b04881ed0d0307e014f7760902f218a48f4865d698,31256,53432,179,True
RTS,2026-04-02,94060d201b95c24533475a3eb953ddb383fdce08f2b20225133bdc50233b42fc,23947,40995,179,True
RTS,2026-04-03,f3b290f0c26fc4de7d517ee42a81bc42b04ffe34d941c6af23fa9bf91bcd7e29,23413,42312,179,True
RTS,2026-04-06,e76ec2d905c6ace2fff01d3c5ad0987d307a44b7985ff1f1d989a0b5b93f4b80,29284,56019,179,True
RTS,2026-04-07,774115ccbe51e41edc5f1d6c284f10afc747196d76b04b9a548b11873d97b826,25925,46538,179,True
RTS,2026-04-08,ee35afa06872653999c2ee43d5b1c569ff2af01ef0bc35605ad452d9aebe9fe0,23769,40294,179,True
RTS,2026-04-09,31c0a4eec4b6a568da4a858480c5580de719d21695d849e3d0cc02c361dca5d2,29444,54538,179,True
RTS,2026-04-10,a2901edec7568b6a43b82fce8c110b8bbfa57e9722404fc04887f52f8f51727e,22137,39732,179,True
RTS,2026-04-13,ea1c709f5a89de50ba24d1fb99a15c0d1f58dff1b2bf59375b997fbe05176d30,31496,58487,179,True
RTS,2026-04-14,315a75aaa42b1c932d534f8b83285857622a58ff534a82ea6d29961acf6d7af5,29170,52096,179,True
RTS,2026-04-15,caabab2d9d40b8cfd4cf1ee617f8a751fe24d8e30894227703b78f044bf3f67b,30614,50785,178,True
RTS,2026-04-16,b78bb4cf0d79df1609bfb4a2bf8e6fb9c54a9c809b89fad6a7f7b37eab39b53d,33951,60966,178,True
RTS,2026-04-17,e07d3b04b476ded19b7899c56ff38f8aa59e22b1cf2d92c115f4784c27d23ad3,31720,55240,178,True
RTS,2026-04-20,079a408b405973e1ae12fb80691a19caaedc15579276bf97dbc51755ac911bb6,28522,51223,179,True
RTS,2026-04-21,5cb0ca629c9e7e0188004b8b662ed584940efb24539569b8503a6117ecf5a05b,30183,51777,179,True
RTS,2026-04-22,36b929a76f51e885c5fa7d8213a2861da8db86a2c94a6c21210563617631cc59,23143,35760,178,True
RTS,2026-04-23,bfa0e0c2842005e70cc80c272506696b95023d7fadec4e99154ebfb33903dc72,30743,50192,179,True
RTS,2026-04-24,2e00fd2ba9003555775a829dd00af6d216557122a6fe499b86eb5f10a19ea2d2,32609,54991,179,True
RTS,2026-04-27,fc9747d5acf0e09a026ac709e4e84e9aad1b0821f0f111f43d70c847c0da70b9,20720,35645,179,True
RTS,2026-04-28,cd9b9f824c4cec21c373077ddc5265ee21b1ad6a2140e6c56ff6ee297bfe7d1c,33929,60158,178,True
RTS,2026-04-29,bd3e10aaccc494676dfcaa7a728a30e9321790acae990960ccb3ab54e836dc25,39503,67779,178,True
RTS,2026-04-30,d1f7d6e8bc7f6d80406ca143ba3620400b0af41f09e3a8797507b01bd7cd3ef6,25868,43083,178,True
RTS,2026-05-01,4caeec00e8d4f8912641bc122497996b5b30b5215d3c2a8d7d897599d5e89a96,2503,4662,166,True
RTS,2026-05-04,7df7296f925a137c778b7b2729075ccdccd823a80c0211a5cf4d3fcbc81500e4,33191,59090,179,True
RTS,2026-05-05,ba490a4ab2f615c80e006db5487606a5c3f23dde992b7e3926d978c7ab6a2f46,33276,55603,178,True
RTS,2026-05-06,428fc33486066f0e1ff5eceafd87df4b96464db668b8adaf45de4dfd75863b78,39427,68325,178,True
RTS,2026-05-07,6d8fde4e22c42963b7e413ddfe3bf10dc815744a20db6e69978ab4e9d57332d9,22294,38099,179,True
RTS,2026-05-08,d19c860fa5c24aa358ca936141a68ab2d853e4eb799a0e4d7d3346f73ff3e5bd,23061,39330,179,True
RTS,2026-05-11,a659fa767a200f8d7710a1e1942e144e47ed8d207e4a157903986e4f37b34116,21644,36247,179,True
RTS,2026-05-12,5d7799a9f425af7b975728623d7fe1ed1a2e70274825a3a6c03421629e6d5e45,28747,47015,179,True
RTS,2026-05-13,3d82c2c3adcbe24a2e69be14428883b7bbe457d29602d0b878b1fc7bfc57bf3f,23309,39982,178,True
RTS,2026-05-14,73e1b69395248cde44647b9df92be2d57740214e5f8c883398366d026ef7f9a3,29018,51032,179,True
RTS,2026-05-15,0a38b948c1a070fd343ef8d3ef65948b70f2608bf1117f3dcd1c529ff0cafd9a,24397,40916,179,True
RTS,2026-05-18,36e653220c6e43e8c4ee6d90cbeb7f21013e989e839b95f824cf3393860e5bd3,35519,64212,178,True
RTS,2026-05-19,ead66b3c6e7ae226afd165f3e49da2154f12b88d458e1f656525bb221ddf2849,35325,62617,179,True
RTS,2026-05-20,b05b9d49562b64eacb91b5624dcd2b4a51530b3ffaad176d56ac5563f38874e7,46273,78692,179,True
RTS,2026-05-21,b819c32e84887d801db82f8092a3c8e6651876008a4fae2cbdca1829968f1c36,38885,68906,179,True
RTS,2026-05-22,827b7f3a26f150c2bed5ec0025d52dd83df3465a5d060c15356a8a9633651bec,43891,74919,179,True
RTS,2026-05-25,9bca432bf5562cf67d0fbee3a2e7371939f19599815f789d05410bdd9dc6ca07,49186,85790,179,True
RTS,2026-05-26,a0a56104039cee7449f052701ae3b7816ac49549d94441aafcf589c4090a1be1,39479,68756,179,True
RTS,2026-05-27,20e234a67de3c5b4eca8846f223faf57044833433efd01fbb7ed041d36dbd2ee,34804,61211,179,True
RTS,2026-05-28,427a98be79dde5dfab37b55ec03da7c73dbe4c28407ac8df896502a36f8f206d,31639,53985,179,True
RTS,2026-05-29,63e07f46891341d21189f8bb0edd854b859edb33b0c6cedd27a9ad9aef9100f9,27251,45823,179,True
RTS,2026-06-01,442e8fa90a72f2b2e7efadea996e39cc62617f88b92b2e9cb2581e01881bb006,34062,62416,179,True
RTS,2026-06-02,62ff553566da599208c347fb30bda0cd80654abd5702fc92d3d93fb833f62645,36567,63055,178,True
RTS,2026-06-03,1e5e7276a6ff65e502c967326738610a849bde7390b889a1349eafd3db32eb7b,40562,72161,179,True
RTS,2026-06-04,f96f0a8adbf8b879a215afa3fead8480e0b4ab72caf74e972bf056f6c551d073,31843,51454,179,True
RTS,2026-06-05,da3d509c84a6eb11683997e50ca5bd5dc93e654ec570c332ad1ba120b7cdc792,25806,40143,179,True
RTS,2026-06-08,722a45b4e02536f23908e0ece662dafa548f97a8b51305150a5990d3086105ad,32444,56623,179,True
RTS,2026-06-09,25b082db5cde1e442dc80690c472bd998a77a5f35c6098f3edc2d1795f295360,44881,78747,179,True
RTS,2026-06-10,3d67ea44c2894d241096db161b89c807f84cdca1ed5c019c4809a172d646cf47,46331,80118,179,True
RTS,2026-06-11,8c83509cd23eb658e7a86c42718ddc3eddfca7f908d0cbc489c2dec228198478,23711,38693,179,True
RTS,2026-06-12,fd62547dfb7b943cbdf0b74044c0fb733a8dd5f1d7d45802cc6b2803ca85e20c,2378,4283,166,True
RTS,2026-06-15,120d4aca13f6eca7f4d330fcc741235fe4e87a7447c934960c9b944e2dc0ceb3,32611,56303,179,True
RTS,2026-06-16,31321851ff3a8492b158574882c63723b134f9e55e383fc15b280fc0d62d9b51,43824,79181,179,True
RTS,2026-06-17,41069005c3f1cee60ecce1c509ae512643b837911ca4829af3d33b8cc26483f1,16965,24812,178,True
RTS,2026-06-18,cec9b80b7937bd392d70079ac12400298c0d262dd2b1efefec02422f2a5199d7,27087,48599,179,True
RTS,2026-06-19,a3d6b3fcd27177ebd604e01d00eb3a497e6ce187ffb0f992487379b5f06128c6,33917,63522,179,True
RTS,2026-06-22,5085f539fb668b70dd111fb3018434ade4abcf358d4aeea1e0efa787bd107b62,66957,138554,179,True
RTS,2026-06-23,5351ab126912fb61f52a2574060953094ee5e7c6c87a13dc3a9ee2d4998cddbd,64673,137397,179,True
RTS,2026-06-24,3e35276dc4bead4be06314164992875a454ba495c4dfa26207f4d614ed78dddb,60441,111399,179,True
RTS,2026-06-25,e5e10812449e516be2daba24bbbca41644e4eaa5db504096d9108cfe462ffd73,61311,112431,179,True
RTS,2026-06-26,10eb2930108b67b87bd82e0537632894c0879bbf244705dfdea5e37a2914107c,94490,191021,179,True
RTS,2026-06-29,6a665a749ca6b0a55e3855e5f95457239a82f199ef502e5d434fe19d34593245,84163,156279,179,True
RTS,2026-06-30,f9bf6a62e8883894b2451ba995649f187a70a400a50196cd059ad0b63d280183,58464,102625,179,True
RTS,2026-07-01,6df9f112d353ef75044c682405cfba5b0ff5c33556bf7da044041aa6b69dc56c,55656,99313,179,True
RTS,2026-07-02,f5951ae9149e0e01388337f144ec4176d1130630226a6191ce97ab3ac34baa38,60851,114030,179,True
RTS,2026-07-03,6b7e6316b83de070efc10b7f09e4c2bfb381b4a226fbb69c1b617ad953c9804d,53859,93191,179,True
RTS,2026-07-06,bee967cb862031d86ddb49ae603a99eef69b0fcb85c5653704086d413633f6a4,53373,105155,179,True
RTS,2026-07-07,2a4818c36ed415eb05aa6f100fa9d7c22c6cf50236a7a8f27418720771fda5cc,69263,138391,179,True
RTS,2026-07-08,7521f8a7ad8687cd7d6d63923d3437153dda35238bbda058bd218546e21eded9,57421,105340,179,True
RTS,2026-07-09,cff13b0b1d2ef36fb2477d902c56d258ce336a7d3044838f3b20ed1266b45d13,43759,77745,179,True
RTS,2026-07-10,710b73e8f8b4661f461e67a0e3929f8f5cb25921469b562677674b2217bb2f2f,35701,62217,179,True
RTS,2026-07-13,74fd6736e3dc29167daffbbb84a7851f6c8667fcaf25ff978b2135a445a00057,55300,108038,179,True
RTS,2026-07-14,e62869827554143c8074665964b1c5b06a1605a81b97f459e16cf7277cb9758c,46439,84316,202,True
RTS,2026-07-15,d2269bb37abeba4256b1cbb1bc020973a3ee15d234cf2050d3df5da75925572c,59110,116397,203,True
RTS,2026-07-16,4340726e902c90b45ea353fad276e746592dee08c274b3db22e7420c306fea57,82531,176228,202,True
RTS,2026-07-17,1ca6362864c8cf62eb0960982663f0ccbcc3a4a3bbd0e3fb58032279bb6b211f,78722,155524,203,True
RTS,2026-07-20,5852d2506dd2583367923d02bd66e4af37b573b194a8c18acaef88ed835073b5,95909,188458,202,True
RTS,2026-07-21,d6024d1113afe154a64ee0f7b81c458b96394361e9234cdfe043aeab372ed0d0,104110,212888,203,True
RTS,2026-07-22,e1c29657f563d110a3f2c1ec49d6feaf2be2ab5fcb3ab138eb2049a40b77d24e,82059,164263,203,True
RTS,2026-07-23,301ab95d3a2ad60a81dea2608128e5c54d97ef38ad59846a6ce1feafd8b854ff,70291,141304,203,True
RTS,2026-07-24,34db9451618b63a7aca890dc71e2dad2686b7fd5ab804deb2f70bfdca66a4fe4,96477,192846,203,True
RTS,2026-07-27,ee034289489604305910cf0b40fb31293377e6bcc50816f28cb13cf8340f0bab,54903,104869,203,True
RTS,2026-07-28,55af7062faf03935b17e662a13013520710198f706f267800a8366f9ed22b8c3,53101,100747,203,True
RTS,2026-07-29,53847fc13d371c0a8eaa9daa0c4f2582fdfb431538fa0307ecb7468e5502cfd8,35765,68621,203,True
RTS,2026-07-30,1d8ea9a3ae1868fcd17121ff31f357dd19efb9bcac14d01e8cac3c55e95fb211,51649,98781,202,True
RTS,2026-07-31,776e738681bd1d40c1b84a4a8a904027cd882c888718846bd9aff575f3249bb8,40432,74770,202,True
RTS,2026-08-03,28aa93d16e65cbdc46c4676b8900640ba62d496fc2c0f3793cfbe766908d84b4,28315,52269,203,True
RTS,2026-08-04,7d9759895ea72f06572f190cf16518927d8e4a55c60c56028671c53357d457d3,47275,93476,203,True
RTS,2026-08-05,54e0a5090fc6f7297c2c6a8ed9af2f6fa502066c2794efd520e7f2bb47457122,33335,64787,202,True
RTS,2026-08-06,3238e66c7bc2782efc820d6da29f0b2a9cf6dc120b0a4b5bf54b4028558026ac,42559,77348,203,True
RTS,2026-08-07,56bc52daf89e201c980d250c670c2f5df2eb8ec3e8cbb632848634153ddb39a6,34332,64192,202,True
RTS,2026-08-10,4aa9a3c64efdf8da50b4b9fef469a092871d552a80ebe88b4b8c731fe0e5239f,30760,56850,203,True
RTS,2026-08-11,e0594bb4532c6c3c1c6bb2029b00e5a5b494c9bcc222ed4690a8ce377eedadd1,27725,54964,202,True
RTS,2026-08-12,7f25db9cb5c19654345f230ab89b62d0bf4f17b8711b642d70fff590b4187aed,30282,59244,203,True
RTS,2026-08-13,01f6c5291ef15233de4547fd3d2159fc2387ec947036141b7cd60a314d6f1896,50816,106962,202,True
RTS,2026-08-14,ea81d9ea7ff1c4f75387e8e99a6ff973284ae7a8b1e82cf20e5b31d7ffc53a92,61313,121792,203,True
RTS,2026-08-17,9d60896b056149efa71171e192eabba1d63f3574370a71afcbe6a0279f8a0ef9,66301,135814,203,True
RTS,2026-08-18,2014a71db675f637768403f25bf772d69724002e447e9cd5cc04c7857d6c9ffd,58751,126419,203,True
RTS,2026-08-19,1e905967b4d1d919699b2b64aa28859f770b60d0c2c1d5684e7f28b3b16bb4e2,55513,115272,202,True
RTS,2026-08-20,30fdb965c01961c2ef104d1d4b2c3b63067d746139fcb4822c8168d9db971a9c,54440,112385,202,True
RTS,2026-08-21,9bac5efa764bdd412119373b274f81098e839118d8f90c4e721bc926fe2c435b,42029,88752,203,True
RTS,2026-08-24,666674d46c228b6591ffc2e6216edcd84ee33d690b2bb1cfae91f0f4713df70b,50792,103098,203,True
RTS,2026-08-25,ae071846f772bf41e5028e973dd660b052f6253fd7e9233c10ccae85cdbc8db9,67421,149138,203,True
RTS,2026-08-26,07941b4bebc05f9c1770540ce6926a638558c67749ae5a507174e3a392df5ffc,56239,116197,203,True
RTS,2026-08-27,8b601c388d0b2a0a45db4af73c212b0ee253099b1da634531b99bc131124d0ea,53755,117758,203,True
RTS,2026-08-28,35ac831caa75ec1326d4fa4b94584dd5fdf5ced9a10c7a0ed3f7e6e28e11e262,42992,92084,202,True
RTS,2026-08-31,77733241fa84ff5446915b24b40e68d92cf3b6d40d32dfc93c487b2e30413ec4,56392,126016,203,True
RTS,2026-09-01,859af2d0099e52edb815b5442d78695a7224f426f8f42a6c865ec6b41b6f1a1f,56307,116245,203,True
RTS,2026-09-02,217a2212a52a0c755b15fd216650a2b50547adb2e1f3b01105c59bc7b8be3474,34658,65849,203,True
RTS,2026-09-03,8326a1f8c072dc747acc6c19ce1388192811d5f747904668afa3a1b6b0a0acdc,54122,115734,202,True
RTS,2026-09-04,744912ec66b85f4d8a472f1dbe8d36cd47c629f35f38055dddb09dccb376855e,48320,94751,203,True
RTS,2026-09-07,005dd4fa2fcea598f5606b618abd4ea507d96310ab81357a8de99dc94c3a9151,34489,62945,202,True
RTS,2026-09-08,578e14e0330b18a7b0f4d777fbb45bd97642488b360b55c00392d16ee0a468bf,48727,92749,203,True
RTS,2026-09-09,e964364f40f7c432f4b7d6d613dfe31e1953cdb0579c02fe1b7417796033437e,41876,82595,202,True
RTS,2026-09-10,3fd3f79b67586ab2b04eed5901fc1a6a5787f4a466c1b21d2c347ae2fd289c2d,40954,82642,202,True
RTS,2026-09-11,d9f0f2ab4dbdeae1abff245f8d8c737f4c4073c52ab7433794a1aa49d9f0bad8,45925,93592,203,True
RTS,2026-09-14,3b3a6ad49a0835ded7085b615249082e2714f9784c3ba8eb1203e0379e4b5e9c,49626,107554,203,True
RTS,2026-09-15,5e5e71911940867c5af4b4509352e4c0f98f361544a75666e694e4ed9cb56213,33053,65826,203,True
RTS,2026-09-16,de142e0a57ff534bb964fa11b21df5092a8011f3907ebbbc52566f6265bde318,22720,35262,202,True
RTS,2026-09-17,695e787a7e963d5df91f5b1bbe64476fe75aa840d5af8e3f49a3c89ad88bb0bf,41579,84715,203,True
RTS,2026-09-18,c5b70d30227130ee5baf94c4d80e71391b3b2ddfeeea3a10ee531d2577572179,34235,69914,202,True
RTS,2026-09-21,2a941f837ea3850a5e88ab6b970debb176d379f38634f5638b46484766a2b340,33858,65584,203,True
RTS,2026-09-22,8293bb91baced0660761fe942dcfc6bf576820610130da8ae46a8c0b20eab7fe,40312,80808,202,True
RTS,2026-09-23,7516278abd0a5349d54d225e098e569f4bf6eec1f6ad6b49398e4beebd290204,43584,84986,202,True
RTS,2026-09-24,56dbbde8a6c9647dfc46f28fbea098dd7276c8a0468bbe656cf6adbd74113550,40879,81144,203,True
RTS,2026-09-25,fcdb5929f667e82716cbf6bf095f17950ebf36eb4212f9a22f49bb20aea54939,29590,56737,203,True
RTS,2026-09-28,4b9b5b55c78ee6b5c33aa8f6a8d441c1df5615d81aeda7d951ef284c0acca6ef,30909,63098,203,True
RTS,2026-09-29,c27e7de0a36d830e12c96ee1328264b44bfad4e981754f8003da874564606bc7,44655,92978,203,True
RTS,2026-09-30,4e71eaf4c099704da2a70b5ae067aca5a281f876dde985bf02e542feb1f66e28,36084,69932,203,True
RTS,2026-10-01,4f21bd8c66fb452d967711a48271ab2120bb197e949f605f39f38817e8426ff0,30936,61650,203,True
RTS,2026-10-02,e9837689a244e715180e1c83e59464dd8840248e1f0f869403b01c7c5ce234bf,24584,49701,202,True
MIX,2022-01-03,a94650182387855872f24e6ad2b7315a089389f702d86d0a387a3f85cc5aeebb,10311,19025,202,True
MIX,2022-01-04,0ae7bfc6f3221d869a01c6964a14971d95c5f1608f666f43317f71c988185857,13047,23985,202,True
MIX,2022-01-05,767e5bd1563548c3e85af473884a981271426efa551a1230095fd99bfb202262,16096,24790,202,True
MIX,2022-01-06,0d006a0dcf97635b9c5f82a84c4f10ee59a24f8fb111c2efe97f2d7a18ee8f85,18421,30685,202,True
MIX,2022-01-07,8930ab406b111fa4481464a1cb9115d066a6c927df636c88f5b1d14828410088,6337,10589,202,True
MIX,2022-01-10,422f4022c1193f7f1ea52ac1fbf1b19ce328d809048699ac506802224a01820e,13434,22242,202,True
MIX,2022-01-11,e5c7e1880d708328eefbd1e844a2cdbb63a7dd5f9f644294794d8159fc67a71f,13717,23315,202,True
MIX,2022-01-12,e6bd8ed48125b416768778ddfd281d5904650c22686cf22abaffa71899ee31a6,21784,33811,202,True
MIX,2022-01-13,6e15b7a50af95bc7b2901c9a81651564a53fb830ad587e69c3d10e8687ea5278,29843,46280,202,True
MIX,2022-01-14,4e1757a44605aa93ab259d1ddc14ac011d7bfec892d5cbde7ae2d4784aea51b7,39623,65170,202,True
MIX,2022-01-17,3943b6d843035526205b29d2c52c81311399ed194cdf2c931b471f0fbc0a6c13,31247,52856,202,True
MIX,2022-01-18,f971366e29acc8a2f8b84cd08e00e4f2f1029809dbd5c14819b026f033ff7c89,43612,70536,202,True
MIX,2022-01-19,70563be93fa76de0f06dea06a9e4aab82823df62d02433f94c954fb06f21aea4,39069,59255,202,True
MIX,2022-01-20,ea176c2ae8370f2ea135659d078235f6fe5c4d105aafb8e746802cd142b14767,39023,57107,202,True
MIX,2022-01-21,45bad8e7a27f9dde4ff1cb1220a64d505ada197decae07509f5d39811c51721b,28261,40628,202,True
MIX,2022-01-24,cd15672ccc9afd2dd9894224315c7d0efd8f934db6ef1a86cf0f825682572bf4,38312,60177,202,True
MIX,2022-01-25,ad42357784f0ae7819d92a453954f5ab9b42ba502fa6a57aa29864e6b9c9f9be,29225,45601,202,True
MIX,2022-01-26,871b1c6aae194fd6e7da4932236610fb3d7ea249041e582fc87abb6560268d38,34983,50766,202,True
MIX,2022-01-27,47ee0bc9cfd070bee8bf8f22c5b4921492912d649582ead6ca3c112494cf32e2,31475,48480,202,True
MIX,2022-01-28,01c4ac6349cee10227646964cf7dce558a23272cdcd0b822a359605ae5b1547e,23717,36374,202,True
MIX,2022-01-31,3b5c9e703ddc98122a68541933f50c3f4dbc26485433e33984aa51ab80c993ff,12716,19545,202,True
MIX,2022-02-01,db9d724f2da6c7405f1954363ab69e1053c5fa5a9d5ec9b6d804341a503b6e6f,15183,22407,202,True
MIX,2022-02-02,15124ca59abcb2db372610bcc3c8af42e8102312243d2f89752ba73d79138d3f,13555,20218,202,True
MIX,2022-02-03,8f3bc9763d5ba158122ae4a33934976b753322eb63d3ce5af2fc4e9c5b478f5c,14823,22073,202,True
MIX,2022-02-04,be2b4f0d8c25f7f10a950ea82c4b702eaeab357a581a906db90c476326d4d9b5,16338,26212,202,True
MIX,2022-02-07,b2e55851b11dcc2befe3dfa966cedb5d4a3b745de117089852c81b94799411bf,12507,19357,202,True
MIX,2022-02-08,000dd5cba5e153ea160bd854c95bf776e89a12e0c17d84a4f8a6656c3cf5ddb8,14484,23642,202,True
MIX,2022-02-09,803ea7a7cc32c72065312a8f0ff0a33dea83103aeb55d8308d65cc56e5421ff0,13915,21810,202,True
MIX,2022-02-10,fa9ec7299137bfe0e43889a080167c3a9d6d8108668276fe9659a0aa8b88e7fe,16738,25379,202,True
MIX,2022-02-11,2c214adc38f1ae87eccc4b419025f5254a38ad447a5c83af1b33c740c4393849,29706,45648,202,True
MIX,2022-02-14,b1522bb80d69b93c5fbef0126e785bab6a35b82083302280d3d1d83d26780b08,30072,48384,202,True
MIX,2022-02-15,3777c364ee90f5d36a1081a317a204fa95162053957dcfa104e0f45c2b014f49,19903,30808,202,True
MIX,2022-02-16,be46296b667448d7532d9bc46f4793884c47ebd9927f76b7b05b0b521ffa15c7,32070,42526,202,True
MIX,2022-02-17,7e711a2133b34d163a042c485b6a494f738fefff93e64ac7ff8a65da72d61147,39356,55776,202,True
MIX,2022-02-18,2ea42c560331565d2c97cffd40c887feea766ac50e759059e5e1229c8794be4a,47567,58998,202,True
MIX,2022-02-21,07ee22f916c6ba7c47e4d35607e18a1dc1bca5cdd0f8bf7ea4e6d6821b9d1940,54774,96664,202,True
MIX,2022-02-22,c62110d25fbeebea9b7f07caa808c522cf802686b384a1fa96c3b8c5658ed4fa,60509,91879,202,True
MIX,2022-02-23,322071f29bb7797cb1e8b163513406c520b2d1f51c93b747323a8f4d88f8dec0,22425,35965,202,True
MIX,2022-02-24,44e0902573d387fd4bc5158015c9c9dbe62c10c5925bec5b63b29427c268f313,19334,26940,202,True
MIX,2022-02-25,07ed76507b483bfab83f5bc9e59760bb18de3055993f768ae6c04ccf9cae6085,16378,23124,166,True
MIX,2022-03-24,abad52f630c56f5ebca7486f2c4ebfc3dbdebbe7ec5c9ee28bab2ec0a3ee29d5,547,692,48,True
MIX,2022-03-25,cadad6ed7a10c47713275e45a28a6f09fdd84e40d2ddb04de59ce82088654151,509,544,48,True
MIX,2022-03-28,1615fcedbebc7ea19e0a52679f987b1d65caf04669ec44292f75dcce83c0f2d1,878,919,48,True
MIX,2022-03-29,4481b6d2ca8fbe18752c0e9ba6cd380e0d7860ffa7d3b9cb9057080fc2bda606,3821,4195,105,True
MIX,2022-03-30,64bbce14f893ea912c81818765c2b31efca054ad5479e7de8b059a53852babc9,1478,1705,105,True
MIX,2022-03-31,a89c407d1e60f4854cb27b50690638654db737f1e630225a841cc0677d997391,2346,2637,105,True
MIX,2022-04-01,db68e715d278b3315173f3cb0f730568e15eb851741a11a01a671116da6be6d5,2506,2668,105,True
MIX,2022-04-04,e81c8415667664ef981dde03a94ac28744ec16600cb49a8bfc234bed8004a814,1935,2284,105,True
MIX,2022-04-05,0617040931c35086c2e8649e91a7d15ccc0faffdefbd140acd4047334f9cd45a,3674,3947,105,True
MIX,2022-04-06,049db2b57e1e648e6d88c2728c2a95a8340e72f40651e38cd367699e821b10ee,3086,3496,105,True
MIX,2022-04-07,47763c689fd3c4175925e821c651c775be37d4b46d466b92314e0fafa83506d8,3544,4095,105,True
MIX,2022-04-08,52e3633463612d1acb0e38e12829da70e6e5247d37223aa4b6b03784b0652cc6,3981,4376,105,True
MIX,2022-04-11,1276172c9c59f840d0534b63715e88f7fc3b5c67a0cbd3c20e94279005d8610f,2784,2987,105,True
MIX,2022-04-12,5e4f3f410f29462c72d2349309be0e17aec22fed741f0c6b02ce70882e02d367,3916,4161,105,True
MIX,2022-04-13,3a0034761f61cb0f1cda7c5d041bde623983802e3f55e117a6f4af28a3a09e55,2308,2372,105,True
MIX,2022-04-14,93336523092dc2b673fa0b7180ed27577ee2052176637437982437ca259666d9,4820,5219,105,True
MIX,2022-04-15,d49073d7f6918e2b66129c2c7edbfaf056ec2f09466efa560ff8a1d4d5ebd45a,5756,6139,105,True
MIX,2022-04-18,1533555147b7407c9f04dd806472fae038fdec1fdc4791b2b4331fba4f1ddfea,4945,5492,105,True
MIX,2022-04-19,229983d04ae85814acfda9dfac611c34bc46a2fdd2542f9d2c27dde282b0ba54,8354,9830,105,True
MIX,2022-04-20,e212a99cc921de7ef1e9db2e37616b31d7ac7111fa7dbb9a0dddeed20a0c76e8,11966,13522,105,True
MIX,2022-04-21,486df7424d2593f01f57fdad71442a16fb336a85db85f7d5e2874d72fffa522a,8824,9857,105,True
MIX,2022-04-22,cc1a6558a29e259952d607917bb1016099dd0fd4a2061cfdfa2ff8514c9e7302,6476,7370,105,True
MIX,2022-04-25,b58d8b805825b98cb48e337d83bd0852af4c5a772501e2d025432d8e3daf553a,7746,8801,105,True
MIX,2022-04-26,3bc8fc35f9687247fb7a1012b208aef8af18a9cabe548a1dbe03fa4873367ce5,9138,10783,105,True
MIX,2022-04-27,93d4c26e3b4b6ea7ec1cceaf1198e6d29e1f47caad1f710147a8f9e4e6f99c58,9757,11403,105,True
MIX,2022-04-28,431d26deea193ec23a0c67db3026245f23bad29fc6cf2712a828e26ce529857b,14710,17469,105,True
MIX,2022-04-29,41e1da28dedfc4f42670d05e26c97fc13af2b88e4a24c95ad174e1e125d24cf8,14029,17037,105,True
MIX,2022-05-04,d1bcffce7d2e2a9d65f93eb81282988234f15a643001b60ce483f3c8386dea6d,10406,12758,105,True
MIX,2022-05-05,f48259fd5964b827a91b0bbc6e43357efae164881fd59049278843dbdb218e66,7853,9031,105,True
MIX,2022-05-06,8726e4a331fb68fda81640dbe97e58124216c97f48c863314be2c34c6a3b6bae,9707,11701,105,True
MIX,2022-05-11,0abb938975e69ab7590054c61deb2c73b984b04356c12abb6d3f8c403292b162,9253,10663,105,True
MIX,2022-05-12,55328cbdc5f23ea359520a8f758530004bacae323ba449bf547c1ac8fa3977fe,10107,11217,105,True
MIX,2022-05-13,a0a619342c32e49dd2d5630ea47f6ae8de0bc4a391ace18b33f69ade502c70f8,8662,9844,105,True
MIX,2022-05-16,2137829db0efd90aa7e062e07cbc45432363d117b9e5fe56ab1ec717bb3a1db3,8287,9841,105,True
MIX,2022-05-17,4a3e8a914dd56c1b02b242b31cf61a213c59c14611ca66a285874d44b806d9e4,7311,9085,105,True
MIX,2022-05-18,e6eaf7e22194048ed953d2d087da59ec3f3423f11ba3934d5b5e135ebbd7b6fe,8685,10860,105,True
MIX,2022-05-19,efee42f5e1a8da89ffb2748ad65d1839921ac07cc2a2cdfeb6457fd316dd195f,9183,11567,105,True
MIX,2022-05-20,7b371dbef9bffef56d94990feeb956d00571a91dc4d1d319dcd4e80c8f7b6116,11790,14410,105,True
MIX,2022-05-23,b756fdd74ea8a59d4e5f0e40f7ddfa226b90f1ccafbf63c8188ed7c505563079,9130,10482,105,True
MIX,2022-05-24,886160fe3ea69d4c4fd87de26e8e77ccc25b5b3e6e3087778420b98f8bba31b8,14505,17891,105,True
MIX,2022-05-25,07f146949f6235df771850d4dd69c45e1651449f2d1c98cf0ea399c22f0473af,13850,17244,105,True
MIX,2022-05-26,0a22ce698a9b894a4f69be37db75893c7007c3365c398c9313e5b63100544853,14484,18314,105,True
MIX,2022-05-27,6f9426c0a4c2fb2688d2aca676600da24d228efc7f9c238b4637c06d5e026b26,9858,12050,105,True
MIX,2022-05-30,0bcc0a86e52b55e39dd2db5f1ef9e67656f738f7a2a45b759cb7dec9bdd4d95c,10367,13611,106,True
MIX,2022-05-31,741a2ff5aad3c53f39538d63547be8ff30301fe0c5b03c320003239c54efce5b,8663,11170,106,True
MIX,2022-06-01,e696d5701f5c29cc06235e919c4bb84f7ce93a5eb07bc901520c6b77b39f3721,5908,8254,106,True
MIX,2022-06-02,4a736c4701639b67f737c91125b645382d0e15268b4f9e1f9dd5de749d89028d,6228,8321,106,True
MIX,2022-06-03,8da2477fca893610c016a05c269773262f8942d1636ef882fd200bf8a60a4739,5890,8142,106,True
MIX,2022-06-06,0264c3a7f8f72de3f839c43bbac7d1f96678ecec05cd4b2884eca29b86105705,5850,8310,106,True
MIX,2022-06-07,21aa18a420fd8af9b044fd1503e23592dcbe29b3e62163e9d8b9d3edadaf819e,6578,9254,106,True
MIX,2022-06-08,4404bdf60cc1f4ba919d19cd2e114542c0542b728ebc2669340ba4b4c36ac0eb,6339,8847,106,True
MIX,2022-06-09,84cd6e293df568bdfe2e5d3394364012271a284b243bfb772391f70520d4b64b,7510,10659,106,True
MIX,2022-06-10,011c573add85688b79f5fcfca45a2950bc20ee88879a53485641c7714020d41a,5893,8584,106,True
MIX,2022-06-14,31cccb6d63760a13af2f8a3d98d221f913b4afdb63efb8e7460107237b13da5c,7102,11631,106,True
MIX,2022-06-15,f929f8a6943bd9e6c6660092298edf4e07feb270de314e2d996bccca9a82b5b6,3455,4629,106,True
MIX,2022-06-16,c1d809818f2a096017fb185f48c7e55fffd0f32db1081bb0b1466a37860509a4,6638,8625,106,True
MIX,2022-06-17,40dc75e6f5470b7be7a79159d99625d5f9210dc0af278099b495e2b30756c2a4,4053,5322,106,True
MIX,2022-06-20,ae7e68cb44d660cd47b1e027eef97e048647ffe846cb7fa83199bd7369009a5c,4935,5936,106,True
MIX,2022-06-21,0ed201a9c2b51d79ada30b6456436f3c313a6ab4da25c2cf5f8e9c2346b0ec2b,5123,6502,106,True
MIX,2022-06-22,914c74892e2c76293bff99915e1fc87bb3a093734f3f9606c63633d9558f3c9e,4910,6559,106,True
MIX,2022-06-23,a066e1c27f262b00e466b5ca8571fd35a70c62c96b8717f21cc8d37bdc42a6be,4906,6022,106,True
MIX,2022-06-24,7a9d80897aadc03b5ed82336eecd1c6bf949034e18484695c860142dc5b60497,4307,5335,106,True
MIX,2022-06-27,fc4f61f5fb919d2cce3f7c60f443fb8a2daa53a63afef023eb39050e4483a2c9,3772,4856,106,True
MIX,2022-06-28,8a0725f28be353fac2fd8a9fc92d447490257ebf56324515734d8de7022a051b,4910,6976,106,True
MIX,2022-06-29,71c008b40370e118879aa7535c7bc3f4326c5ed6bf1ef4b4bce87eaf1549c3c2,6668,9583,106,True
MIX,2022-06-30,0bf0e8793099e1f93aee9dab1ffea9bdc77c85089ea53227b4a777316f2e8e3d,9829,13868,106,True
MIX,2022-07-01,babf5a3f552cf5ba8acd4d3483250d9975a394f2c121557b6e0be84049f82d10,7078,9994,106,True
MIX,2022-07-04,1955685202f7444dd089dc78940522994adf8c750bbfeaecd2907edc0d210389,4209,6433,106,True
MIX,2022-07-05,1b6b6b53c5495f1eab25a06a1e0c9f44ef25686af97d2009d339d4f685138c8b,7884,10794,106,True
MIX,2022-07-06,c04e99586248fdb622f62864348877aeb8964914ce4aafb8dddd4235168501f0,10707,15086,106,True
MIX,2022-07-07,a28b9ed6a9983a4f52434c076c130cc11d689e0f14ae88db6777d2af26495a2c,3935,5580,106,True
MIX,2022-07-08,5538d1a1c5232b09d0ab7317356fa24a9d73494e7605a67bc1ec82148299aede,4243,6668,106,True
MIX,2022-07-11,3a8152bf7c2982f4d758f1edfc175118c55db68cc32950e0d6336b6e9fa71aab,7346,11534,106,True
MIX,2022-07-12,7a41631af08c3e1b3986ef1860ada460a708dde752730b032585aa88178fe6f0,6381,10157,166,True
MIX,2022-07-13,0e1079dd0d90a5a7eb29a92a041b354e3655169b84c649488d0f84610d52e331,5848,9092,166,True
MIX,2022-07-14,372cb686107f7164a6c144d40f82656a39a9157468d210f256cbd9b1acd1b9ac,6620,10312,166,True
MIX,2022-07-15,2e4d9318d43525f37aa50d8635b8b1908053791d114f7a7bef8cb5630928b590,6178,8843,166,True
MIX,2022-07-18,c27540ffba45238d9232766f1caa94229a28e94ba46642bd638fc92fcfecdd60,4599,6605,166,True
MIX,2022-07-19,d22454e3814a90a0b7744fdfc770947e0c6230b9595b752256ffa78dec702791,5528,7696,166,True
MIX,2022-07-20,3711541b5c40b42ff186352ba90a984eb63a7aeb93558e75840f9afe9277d760,5272,7431,166,True
MIX,2022-07-21,2ef10a8519fae59b14c0202af04233d490e31ae0115c9c1114a2a6b8fec090f1,8524,11836,166,True
MIX,2022-07-22,84b91b8811aad80195b569e2170a34c474a7d916edd9e9fd3ca9164a7bd63726,6348,9109,166,True
MIX,2022-07-25,c33a8aa90d934e2f17eb9934b0ef7d903416ecd9050e145cb1c616f0f604d186,5075,6874,166,True
MIX,2022-07-26,a032bfa94f4a93153ca61c23885f238b005943194ad23f899004ae482eb51e46,6886,9533,166,True
MIX,2022-07-27,23fb26f191e7df3217e49297b60124763074f297551d0e0dba0e063c5fc593d7,7767,10857,166,True
MIX,2022-07-28,d1770d682624d974f428e395918d92201f378890924939129092ffd3da02cd2f,7572,10839,166,True
MIX,2022-07-29,61dc60c913b971898a79cd637c8b61dd063df56cdb23e094f49a081906b1b761,5641,8219,166,True
MIX,2022-08-01,f9ce1c14a4409b14d6efabf9ae2fb4b7067379d42be78443f9253d808cbfd722,7550,11143,166,True
MIX,2022-08-02,385f0231a964bf7be278b5e7457910b64b29ba58b6d6f826eba7e10a0ee8e20a,7519,11717,166,True
MIX,2022-08-03,e4cad690c7d3006f27e4fc6a75ed2832558e7c4a8c097a660f18533f3a4622c2,5235,7659,166,True
MIX,2022-08-04,e3c71de32198a6aebc269d55e1ed83e1c91e638fd98945be5626fd10f9b80c90,4606,6829,166,True
MIX,2022-08-05,209601de207ed061dc6f91bb6b4c0fbede29a1e003b0b64916548403da46e89c,9233,13988,166,True
MIX,2022-08-08,031796cca0409660b46d8c51a90103e42f83f3c049700519af6f271c09a97b49,8686,13022,166,True
MIX,2022-08-09,e344d6b896a876d8bf7e17ceca9638c71fb3ec991163e7f9005c5247c9841331,6343,9663,166,True
MIX,2022-08-10,e409a67704667e04e5fac429bbde44976320dd0811333f750348af78c6dc95ce,6977,11091,166,True
MIX,2022-08-11,446e8a42b551886ec975a452a7f2477e4ea3160c11150b9dbc9fc333ea0f0377,6974,9925,166,True
MIX,2022-08-12,32dff759fc5536d2893bc965dcb438e8a0689b36eed49412fcbd2972a1aa2fe6,7121,10272,166,True
MIX,2022-08-15,9daa373e3747d5353a3350e07572e2a4d2a53bdddbe165696b47b630231176f0,6520,8961,166,True
MIX,2022-08-16,87fa866dce0244093f8fc43c3844f90a0e1e806b754e273d1b384df44afc1fca,8015,11438,166,True
MIX,2022-08-17,ac387cfedc1a9b00ee8c09153e5cc943b3ee0ea286394bea5d85093a81bfa3cf,8207,11520,166,True
MIX,2022-08-18,1f02a0b871aadddd54be0608ed572df03fc76b935384d86d2981d32dec29a975,7292,10412,166,True
MIX,2022-08-19,0e6c4a74cb0c112c2931634628dc5a38f855fe70df7ba663658e254c091a1195,5824,8431,166,True
MIX,2022-08-22,cbf98d23ad19755acc4650d4428fb45ca3a85034ecb559f1ce98186c05558ed3,7930,11643,166,True
MIX,2022-08-23,2fba813edd4b0bd36af7976a433747febc0a62042053c783b37f9186b1a73496,7645,10484,166,True
MIX,2022-08-24,a678a04c21d2a3028bfb4721495a1aea38f5e45d029549fc066d23369301c686,6053,8157,166,True
MIX,2022-08-25,67a31eb278cbd3c98380658fda7350a5c0b087b4d254fc90a5463e757a9aedd7,10317,15767,166,True
MIX,2022-08-26,823ad4c9c5cfef6a67ddf9d1cc226189a2dc2dbc81dd40633026f516cc2a9232,4863,6832,166,True
MIX,2022-08-29,6aa50e726e0784dae0a45052658f536bb55ccf8a2cfcbf86a7f08c0b5fec8de5,5609,7939,166,True
MIX,2022-08-30,9037ed6861c1993bd945b6675adbced0a5a540f750c56996cfe6673951c2937e,16240,23962,166,True
MIX,2022-08-31,8692e7b6b4c20a948b91ed13545d9d1c1bfa198e94bbf85d0266c82349dda3b6,13851,19518,166,True
MIX,2022-09-01,b43de25c9912fc8330894528ca50c2e065871a556d50b4aeea66c7882d5e3c9d,9963,14527,166,True
MIX,2022-09-02,e7e68764d9bc7fab1de92003a11092b90518885d963ab7609c569f30fd2847a8,6598,9554,166,True
MIX,2022-09-05,0633d7b40075218546dba50b49f3445196d771d50ef241030f88f407a6e8a842,7329,10166,166,True
MIX,2022-09-06,65f6d6c8d52525353dd5a8f940f27ed183a7133f03af583b74905a5398dbd7ea,12182,17923,166,True
MIX,2022-09-07,5b5deae223d5333844a1bf12ab208cfd27f93303b929241117a18ce93bd724a5,9792,13510,166,True
MIX,2022-09-08,ee7783f8d49dae82fdb3baf7a696ccb77db956583501922791ce80852c80ead4,8528,11911,166,True
MIX,2022-09-09,02c5c18b6244a8a9f363825d438c018422530db7ce6297937fe0e411714d58e0,7742,10167,166,True
MIX,2022-09-12,7558b093daa420f55d8075c5fdb7b02e4e05db76ba62d83941adfe660ada2cd4,7857,10348,178,True
MIX,2022-09-13,add8bb6e20da49d2db925deabcedf8d22f9bac8460e0e6cb1786a5b35f14e4cc,7942,9884,178,True
MIX,2022-09-14,9428fc6710541b54a92ce4973bc3c84750b390f7bcc0d617096c992ad56f29e4,5655,6861,178,True
MIX,2022-09-15,a986f437aaef9d30f5483bdfc63eea020cf07efe205143c2256833755de1d218,8949,12655,178,True
MIX,2022-09-16,2b1b32303acdb476c6716f3134120e1664d29d543cde020a7c54dd7601f5e6e5,9739,13773,178,True
MIX,2022-09-19,4cd1057b6065eb299d4e0a770adb69335652f09cd8694c5ce8e24fd71e761af4,8055,10808,178,True
MIX,2022-09-20,ad02a77274d0b9189525c6a32ca55775bdefc0910c8723fd856a69fcbaa0d2e5,33046,51221,178,True
MIX,2022-09-21,e70c85c70c2f27a183ffa6dedceebb5cbc7d75c14b2de660a8fdc63c4bdd4c26,24624,38032,178,True
MIX,2022-09-22,90a5e15d2ac28a40d718ff1843941518c1d94cbbf1f57f26376cf2cb3159df6e,11927,18248,178,True
MIX,2022-09-23,3fb34fd9e145fca57960ce9c0c4cb04290bc6e40d926397e2a7076f3db883db9,16465,24555,178,True
MIX,2022-09-26,25a81ddb584dc86a11394ac45e4b1f78c0234d9908468fbd80bb6e5c0e1a8d51,29647,45796,178,True
MIX,2022-09-27,88d8a87c4a77245834d16a624ddc41307098d0e553fbd4585988b07009d4957d,22023,33462,178,True
MIX,2022-09-28,9042934ee5d56ee1b94e7652c95f6e926e4af2c9cec07c3a816669df1128206c,19857,31571,178,True
MIX,2022-09-29,9f90138f2bb03471e7fc61a98e58686ec77051e3b1ae04873540f3c93e8d0c16,25534,37866,178,True
MIX,2022-09-30,fe99a9eb3f0b1d08d7bc2e1ca1fc4fca6d4b2a589e2ad4a789b078bcf9c4c901,30980,48443,178,True
MIX,2022-10-03,88c24ac64f66a9a15f576889d21421c51f0ce7cb16579f45bb70a718184b8931,17118,27001,178,True
MIX,2022-10-04,6707e4085899869a83538371544a8504bda44e4d80a7046b992b5750a2024cf3,21766,32588,178,True
MIX,2022-10-05,f78e7e42271c0c45e5762531f6d2d0f972469287a8278d3ca7f28fa6c48f8fc5,24195,38119,178,True
MIX,2022-10-06,25ba57c29f0da8f86179db01e639a321d3b12dad819db7ee3c2a5866b4b80aa7,11644,18218,178,True
MIX,2022-10-07,07f23e25fa60c1c3b7161ff1ca2b01167019ba9184046f8dcb08e551ad36f7d6,21080,33643,178,True
MIX,2022-10-10,8532bd66b63d81510f7d4c55288de7d4e3247c82b116043c66252224f8d031e2,40229,62432,178,True
MIX,2022-10-11,81c6109f21e9bb12966e0c4a02608f8fbb98d65294a2d1b9656f462e32c8eeae,21453,32287,178,True
MIX,2022-10-12,2ad49e0ecded71d58cde8ee6d0fcab332d74a1aae50fe21147140593172e73e8,16133,27332,178,True
MIX,2022-10-13,6613c589b6a4cdda9aab8a7b2e75427d3c6ac2a9a87fdd5a117004b9449519f8,15308,25034,178,True
MIX,2022-10-14,a427d01151e1424097718b19d6bc62a400d6c35be8b0660db3ac0406407b2b91,14300,23259,178,True
MIX,2022-10-17,9cf22d365a04c849583438d7961e437e923bb563cfe2ed298b7b72a436c3b5aa,14926,25218,178,True
MIX,2022-10-18,180c822e1a51bab258b839a535bea4c5d65cd0cfe162991a931087c357bae6b6,22490,36926,178,True
MIX,2022-10-19,1e5f5d6b8d59cb1e0cb91e451b078132c9585f1ff540d1604a5213eea465c603,21064,33874,178,True
MIX,2022-10-20,5716fbd0f7b2998d44c089969b4f16cf32e1548b7902e849aa59193586e4e2f5,17333,27792,178,True
MIX,2022-10-21,22d7cee2d53a854196e4b635d95274a15fb15afc7d8f7fea17c83e12e44bd7cf,19305,31974,178,True
MIX,2022-10-24,02037f7a3e03e8fc1ca61d9ef47ad6d579065756310a4ddbd2d77bb50d2a5c0f,21021,31705,178,True
MIX,2022-10-25,1c52d2270d5f2af18b070521eb797e1c5975a1610366997b2e946eaaa6ff7963,21846,35440,178,True
MIX,2022-10-26,9f5caa98b6291523675f5c4751e5701768539c937c39da3a0104466ca744f077,22434,35031,178,True
MIX,2022-10-27,9e4639e7d465d21706e4b4147aa5af35624e8ada73d590860d5967f184ed5445,18095,27310,178,True
MIX,2022-10-28,7a4c82d38b41cda0d0f482d401ef74b5368893fc0436b7482be86f91740e2eed,21151,34742,178,True
MIX,2022-10-31,2331d20f8fdeb937bcfd050d458cda735646fa043715c31df312498a18428065,13609,20497,178,True
MIX,2022-11-01,dce10fd65aee26974d55f37013d66767dc91989d2f9594a8138372fc339ed088,9790,14498,178,True
MIX,2022-11-02,d2ba367df9b1e3a02d81f1b2a30a3f5adc303a6b86064a8f2514ffa163818daa,12587,19589,178,True
MIX,2022-11-03,1e6018b1e4e7b8664a61155c18bda8c5ce9a563b86468d7f9780042c9e7c4f0e,16167,25028,178,True
MIX,2022-11-07,07cbda247dc71bb1be1e3eff3e7f2d1ffd2c16f3e11b2edde934fbace2a83baa,16976,26268,178,True
MIX,2022-11-08,562d267ffd3b5ce03b6fa4795ea5047974f3683bd3c1d5128cb3add16db16caf,13857,21087,178,True
MIX,2022-11-09,2080ea6e988c74e2d720e31731f51c826879bd5e76f3cdc8096742b81a58c1f2,18151,27746,178,True
MIX,2022-11-10,42fc92d5a59550747768ea0453f29539dda6e4625a3d720e43f9cd7fb95b091e,19661,29781,178,True
MIX,2022-11-11,ebc14f64c9bb1b553c72695e5f75fcaf4ace5b7a8da72d96200c21f4829ca88b,13913,21015,178,True
MIX,2022-11-14,b0af35caa9a01d0c6441e512c4ffa2b10e7a6615eb4def1fdcd29265b1184e19,12325,19105,178,True
MIX,2022-11-15,671e9c3b9bd0de3c7e4616151b8aaec37935a083189d0b4de97af72568765ace,30469,48732,178,True
MIX,2022-11-16,bf2da588febd8f6b47b86733b10015be73267ddd389249a0e55e9db616336a2b,18951,29280,178,True
MIX,2022-11-17,84e96bc4123bac75c0a5376a8e5a8f9016fec3fad7fcf7c4ff1cdba18ad6ff77,12873,19587,178,True
MIX,2022-11-18,4fdc28245eddd60378a65d72d5a2b78fc92d282d4b6492e0163579ec85a827b8,11040,15832,178,True
MIX,2022-11-21,e00891311d662d93d2abaef94e2be42b6a99104dbc0eaa76696bc97e6edd7295,17632,27027,178,True
MIX,2022-11-22,01f8540c9659213bf8b2ac8efd0c6c013e0aba340f65d2f467321621548c5f00,12749,19184,178,True
MIX,2022-11-23,26960dbf1ecc2f428bf6a379fa49743e3a2f8bdf47a8066a2ffe2c94fbdf9886,13861,21453,178,True
MIX,2022-11-24,6f4d266c5680085e261a15f4296fa11b8f0c75b8abfd77b9cc8762da5b6bc8f6,9011,13695,178,True
MIX,2022-11-25,25a1b6fdc130b43d4003148e350497adfeda93ca31ebaaaa73c106a97c5379fa,9240,13723,178,True
MIX,2022-11-28,edad5464a9fd8581bbe8b42a2866ae7f760ed04decfae6c848881cd79a15f114,10458,16023,178,True
MIX,2022-11-29,ce71f12ccd6440ac48692919054b067666e3bb0c13b616d5c22401d5293cdca6,6750,10060,178,True
MIX,2022-11-30,4b535bfd987e911f7d5b2c7639e73be6df30fa640f73c7faae79ca35b1173355,6648,9883,178,True
MIX,2022-12-01,a2b431685a3159931ff9617b32f743e70163037775f782ea28f62f4491fd2bec,6639,10071,178,True
MIX,2022-12-02,40afb618d08329432a3e47204ac5bfd4a7472dea0625b69b148f4b6a494e5bb1,7981,12540,178,True
MIX,2022-12-05,9e3dab2789d88f42c1bc549322c1b04459fe25c714e58aba6c8cc239c0e4fc1a,10895,17208,178,True
MIX,2022-12-06,3c4c1c030ada79b2cb27294d0fcd2d7472397c88914413f85e9bca361c9f4326,10447,16056,178,True
MIX,2022-12-07,9426c25ba395b0b07e9a99a2c8e98042bae1614a3721e81435195aa2b71d3bc4,9995,15731,178,True
MIX,2022-12-08,13c06b4be3d72f518fdf40efedfc992693ae0e10ee2cbadfbd66b2bcb37f55c7,9720,13992,178,True
MIX,2022-12-09,535cc563b371373ba58edef9d5b023159d2d76fba990d8e0b7c66093a73d9a28,7335,11126,178,True
MIX,2022-12-12,7a2214c8ca262a8b9431139753136b685c6f593b5b559557e23c1cbb200baba1,7395,11515,178,True
MIX,2022-12-13,30728e3f2b79bb62f7782e414cc7836dee91efb797c5dc4c6470ea7b2698e318,9522,15147,178,True
MIX,2022-12-14,4296c2f0e76d26f4198dfa66c680205df52770fc143b2f5c5aa1a21ba7e5faf1,4631,6578,178,True
MIX,2022-12-15,ca35cba82d6c3c63576dec47c63d61c7c769ed7ecdb147c8dc7e6ba465fa5ea7,11532,21082,178,True
MIX,2022-12-16,423d573e0aa1da3a7ec6642668871063db64624eb4181bd959640da3df6d90d9,7008,11402,178,True
MIX,2022-12-19,1105887c7016194d31e181300c357e03db393fd1f3511dca410c870d17e42324,15813,26993,178,True
MIX,2022-12-20,fb388763b0cfdc0fab5552e88dac8fc88c81018fe38d27fd50689924792f2569,15868,26273,178,True
MIX,2022-12-21,ea6c2e4b83e0c3d88ad2652b1b02cff8fea7ff4307f145acddde18db39e58e15,11822,18212,178,True
MIX,2022-12-22,a3c3a06dbdac3cec9fbcb7d5fb484e6e0705a16ef602583eb6c71f1f549fdcdc,11231,16957,178,True
MIX,2022-12-23,832a5c751c8e01940b844995382d02b385f71a405077c3480e4fbb8c40755783,8277,12520,178,True
MIX,2022-12-26,bb6a46bc22baa3346a81de8e81d49c2fe6444c3b15081a0b186eaa5db11cc118,10198,14417,178,True
MIX,2022-12-27,251d98b708c1550e879f3a2f1ba3a9695bf5c168b858e89a87c321ebded795cc,12612,17854,178,True
MIX,2022-12-28,a510ee4648e1034c59ec5a4075645b621b123bfc39e2292525557c84c6aa2436,10689,15565,178,True
MIX,2022-12-29,6e3cbc5bb695207485b7ff144e6dc99564dd3bd6ad752cfbbef258f57d150121,10776,15717,178,True
MIX,2022-12-30,41c3c59ef15916946bb1c492d7fa58f8f1202ce583a140ea2400f0dc450f07f2,7702,11353,178,True
MIX,2023-01-03,0e9605c84fdecb004495fb66e6ba13a38bd321db434eec4fb374b85c2a4cce3c,4699,6946,178,True
MIX,2023-01-04,8c234ba2a5c985e1001a4dfd9bc64a89c19a2fb4529c2410e10ae1331fe0001e,4505,6919,178,True
MIX,2023-01-05,507dd70e20f29de964c236583c44d2009cb8ec2144d323ceda14c645498cb95f,3624,4937,178,True
MIX,2023-01-06,6b6588c87f3e981af327030a3db8808ffc3b7c549152e15e4b16eba7ea06d226,3153,4692,178,True
MIX,2023-01-09,816344a71ea009b20ade1e3c44f24c9bd1c89f6206491028fd8e56f2b0c8f8b7,5017,7319,178,True
MIX,2023-01-10,98b0099a3a4d957a64937b07c49aa4f23c52b48fad4368325d8d5813d918e26d,6364,9729,178,True
MIX,2023-01-11,286a3de602ece57dc08bc0dfdda13e4491e1dbbfc5f0159a85dff831b57d5355,10935,17188,178,True
MIX,2023-01-12,3bc846125a2af2178d684004b16f7e0cadb42abb3d50a5566ce85b1e7b81478e,7867,12523,178,True
MIX,2023-01-13,dad6990d641b2a97e8e10b6aa8413e57fd1d893e3638a988e33ba4a668ac82d5,12084,19429,178,True
MIX,2023-01-16,61dda973fafd8eeb7a045e8343be1035c2e4727462d73b0a7dd3de11fca4c48a,8455,13489,178,True
MIX,2023-01-17,76030d8d5495d634591de516c03df6adb8aa8c0afe00f5f1f9dc4c33e0987b82,7080,11913,178,True
MIX,2023-01-18,c4a8e06a129954a306f032e333b6697084e4d0a80c879f20dc334b4af9bd7c32,8709,13750,178,True
MIX,2023-01-19,001ac32a82ba35bf1899f0aa509c0110239c5392498e6296dba4359b7628b449,9011,14230,178,True
MIX,2023-01-20,a87222da061aaa33c81d3c8fe935b430989d60fbd4f9c363c680f1d26a9fd791,7462,11529,178,True
MIX,2023-01-23,d685bd79e5f34f7609aef821ee43a55024dac09f0a408e4cd6b42d57ca815c7b,7422,12032,178,True
MIX,2023-01-24,a7b264e99873fffb12670c752b0fab1feeb28dbabd84228f1b27b32cc329098e,8016,12702,178,True
MIX,2023-01-25,d2c67616806c91ec50abaab3c8b03efaf5e74ba4519fe33e0b4bd8bad1fd6d2a,9738,13843,178,True
MIX,2023-01-26,8563ea7748366d24207be1339c8dcf5a888ec37b8abba526f062a3e256b4b2e5,5382,8279,178,True
MIX,2023-01-27,2dc8838fe71a84d7d26be0ae822a1096403b3ea46cab7a9c68be7f8740f7b3ab,5297,7853,178,True
MIX,2023-01-30,5b33dfd28ee4d8f738257cb6ecb28918df916ed263eeb953f14ddf378d46dc91,4940,8018,178,True
MIX,2023-01-31,4a6e7c7f33d3dbca8296cc2009918a1a5d373b997bc15660bbd1e62c988e081c,9285,14445,178,True
MIX,2023-02-01,3fe2a6c962eee2ee2e00118145dc14349fac014dc54eecc51ce4f3905d4df846,7675,12181,178,True
MIX,2023-02-02,b6a732b8a1ecc2692e9d11d63f4445918a69d0ba6cc7dc8252cda9398be65009,7332,12611,178,True
MIX,2023-02-03,06ea07a44304f3a6e43ecfc8b880806f3ce81473a20154c3e773d874f9067f3f,9480,16260,178,True
MIX,2023-02-06,838c05c9d6d2448e48d7b8db1e8e1b1cdfff88f8bc113b7ecee87c1a9859bfb4,8396,13403,178,True
MIX,2023-02-07,6e777a7ae4eb2fefa36925f329a393d7aca0c52b77b0c97e0f4946ca225cb6c3,10657,17617,178,True
MIX,2023-02-08,0cb8b5e7182752c05a64167ef7c73a5d3de0ad26fa27fba2032efa6bad496411,11476,18782,178,True
MIX,2023-02-09,d7a22fbe06b01c79c0dd8e2e52ad1936d5a2b5654c2a342fd929d899c5e523fd,11229,19159,178,True
MIX,2023-02-10,c6d947038cecb058abcacc47ded05291d01d2646e5adc6404f84b1c6b5abf804,7899,13100,178,True
MIX,2023-02-13,0d212a82ea51f07bdee5020fe7d20724b387067dc1aae0959f5a680f4ce2faa7,8097,12193,178,True
MIX,2023-02-14,08929eac1925bb6bb780f979259e3c9f39556ddeccf0a7c398a390777803d683,12553,21210,178,True
MIX,2023-02-15,e89999f71b87e0d56e10cd57937a336fadeb76b86641d8d71fab339d0c2e2357,19751,35131,178,True
MIX,2023-02-16,fd5582866d663165bf2155a2301fb8fe3b5de55e66a7cea3ccf6e9827fcabdbc,15107,27062,178,True
MIX,2023-02-17,30b7066a9ba0306faf2e59654cfcdd6fe6325373dfa1aab4e6f28e3557f8629e,9765,16184,178,True
MIX,2023-02-20,fa0a3883496205dfd26e5bd5abce243aba458eb15b597cab2abcbbed17633d5b,13567,22143,178,True
MIX,2023-02-21,9d0194cc45e7d17c25a0b3887dbccd7744af785d3d4b052d2b9d4c552e389c3d,16770,30047,178,True
MIX,2023-02-22,bc9b9aa485a6024172bf559a96346e6c055687d5c5a3ee13853bdef3a43a622f,6698,11148,178,True
MIX,2023-02-24,9528ded38f3cfd4e6ac1e57a8b41ddf100deb9dc22d98c0702705693f2eca772,5783,8880,178,True
MIX,2023-02-27,acf9cf53ed05b4760f54feeedba34334a5f06eecfa761179395656b6269d4dfe,12468,20586,178,True
MIX,2023-02-28,cad08a5be9eaf5d7162c3eba1c3be55cb5420b3d888fe827ed985ab85e642c6f,7725,13259,178,True
MIX,2023-03-01,a1971354ce31bef81345207a22186095bbba80c152ee5cab9df15f2f0c123eca,8724,14703,178,True
MIX,2023-03-02,db79d2bff1e4beaa42c9a32e9ed37f3400382a6f9c5f21a7b5cfd454ccb636bb,14798,26691,178,True
MIX,2023-03-03,703e8403f3b206d1a68f34d314924a0bb7fe490b6d8e74e586e4ecac1a0d5890,7582,12527,178,True
MIX,2023-03-06,f1bcb64375f48e2e5359cbd5bdc6b4d36f7440adc907183240388a01c2adb5e7,8174,13603,178,True
MIX,2023-03-07,1f5069d2d5b725721fbf16b7e8580cde1f5de06007c9a913a61a631be6eba247,7528,11406,178,True
MIX,2023-03-09,39ba468f3aa33a295af1dbd2e64e3129db947e15bd8880b025bb33fc538b7f4e,10559,16434,178,True
MIX,2023-03-10,4b1f0f629229c61c6cece140fe8aa94fbcc0b520448b6305d9dfa848b7f3c94a,8100,12172,178,True
MIX,2023-03-13,e0f65a99cd1ed91a8931faed855bab0f340584b68e2d0b7260169fcf705857b4,14009,20933,178,True
MIX,2023-03-14,90927eb40365a07b40353fcb81e4104b3964873f14dfc61f21a31c05526c183c,9879,13988,178,True
MIX,2023-03-15,39c20909911647b7e10039ba5dd8bd54864339a1cfc627da4ffb771e787baa82,6074,8283,178,True
MIX,2023-03-16,18bb8d7d0825d6da43040fb2d2a669da5a922351965b9f51255d99c942a381a6,14460,22030,178,True
MIX,2023-03-17,6c945645c674e21088dff2dc21352eb8827d0b6309e970724b9c472bceca7625,23867,39572,178,True
MIX,2023-03-20,b219f8d978be336bab1064b95e537604ba1d96376174ea8c167a3f52ee7a2903,17777,29041,178,True
MIX,2023-03-21,4585054c4560ae72519eb82b3f54d7095a14a01ef2e9e1b9a1a8cca769172a9c,16449,27648,178,True
MIX,2023-03-22,7238e09ecc17cd83b9abf495d767c8c000276505a5ccac7c7f81cb9a0d6a36be,10213,18353,178,True
MIX,2023-03-23,aa4796cfd484443c7494cca3e34707646035b93b4e5ebc6b15c004ed57e5416f,8176,14585,178,True
MIX,2023-03-24,068f2b53748a258697efe6edfb503031da5359071cf4d1dad27e79b91b7025b6,6814,11151,178,True
MIX,2023-03-27,0272174aefa859d4649983afe1fe7021d89f9a4f899c3952af5ec9adc5bf1f9a,12670,21869,178,True
MIX,2023-03-28,ec08fc036ce52b584485c0f9f11765612528f6e85403bf9cc1f7a5be566113e0,11287,19212,178,True
MIX,2023-03-29,c5965f9e86e9bf737bc4bac7423b00e08d8dd83ac1a0a5892a6ffbb71d20997a,18103,26046,178,True
MIX,2023-03-30,db9bbf724eabe13954d8579e6f83455174f8af210e1facb16782ee21e66920d3,11010,16076,178,True
MIX,2023-03-31,8edc794827265b12571664cfd312846258c35944ba8c1238404c7d02afc258bd,16380,26620,178,True
MIX,2023-04-03,aea5078f6278f4b1fcc886d7c614eaadfb70687688e822d18b2de7e9acc495fc,13528,22057,178,True
MIX,2023-04-04,b95a0f2fcb9a2e69fa58a315178729704129211aa84ba7ed1fdeb3f9f34e77e4,13770,21419,178,True
MIX,2023-04-05,3d43a688952524f34d0585999ce2a8c4edf83932905a8d249fc411128113bb9b,14110,22602,178,True
MIX,2023-04-06,6c350810947fd8988b73ecac6cbff2bfa0c1b83e07d1d77882b010a7861a215e,16352,24458,178,True
MIX,2023-04-07,1d7c8f9dca920cfa4946d502cb6f5ee785d304f1cbeded7d2df848bef05fc04e,17432,26949,178,True
MIX,2023-04-10,dd821f286a055eee1522e740a896acaf16faba2be4f730ec8d9b78bf34756d14,14276,21926,178,True
MIX,2023-04-11,2257405ff085269957e2722e5b72586c7aefabb13acceb012b028615da2c4108,24111,37664,178,True
MIX,2023-04-12,d566dcf4923e0b34d404672d87e8fe55f0523a278c8767d4d944d09ea61fb852,17040,25289,178,True
MIX,2023-04-13,ca9c3e822b2f977d44539fa94307ec1c05c13fc48c5f6ef2d59a0b68234a5ffd,12105,17103,178,True
MIX,2023-04-14,f281f6767f5544bdbe974fe068032c43b5879980f6e993d13d4200a3b2b2571e,11744,17025,178,True
MIX,2023-04-17,5d4410828828c69c38544fafe52d2d7313f69792107d6ddaf6ab07a612d5595d,14738,25575,178,True
MIX,2023-04-18,c449412b383d14322e9ac0bd1c2f22927cd0de04977d116677e27dbc264f6a17,14399,23925,178,True
MIX,2023-04-19,4a8fc1100f8b0a606d146545deadb5548ccc585d0d7f3b9011b254780b6a035f,21790,35589,178,True
MIX,2023-04-20,badaebe61b97dfad808221877899660025571add94492e767890f0b43247675f,19598,33383,178,True
MIX,2023-04-21,6369cf60dbd7723ce6d17f8f4d5ee03a531f632e3ba9a4df1a143efb3197ebb5,12428,21097,178,True
MIX,2023-04-24,ac2d6e480cd52b0d2df6270821fe5dd96d3d7274bdf783bbf6342e9f1cd7771d,7618,12239,178,True
MIX,2023-04-25,1c8c842a4f2fdf25cb4e9eba215605db2813c931ed0bf5f045fcf8bbced853da,8683,15665,178,True
MIX,2023-04-26,722e2939b9a101df9597bd4bc565b46fa7aff29a5413d939ea7d3ef26f2c99b1,8486,14876,178,True
MIX,2023-04-27,1890f3c31f713f41de4234105659f073f4d07d7580d57b0705ff0fdb57780d04,9682,15244,178,True
MIX,2023-04-28,40a2ce560fe674928c44c6d889f7cd59e23fd18bdfdebce546f65c5c56d99251,13889,23079,178,True
MIX,2023-05-02,3967edc0c3afe887a08d4c3f626d7ce333139481c34bd25947ec9d6307acca68,15297,24307,178,True
MIX,2023-05-03,df5b30292259d731ef1888cf9e35adacb909ba10b01dceb00ae29346433e43d4,23387,39352,178,True
MIX,2023-05-04,1b1331cb6a0b08bc4bbd5129dbe72f22381bb6ce3e592638a2d7d3f699b22f3d,17499,29027,178,True
MIX,2023-05-05,c405d66c2c514d483bbcd683e55b7b4746f44bccceb437c8707f8469eb57edcc,16754,28048,178,True
MIX,2023-05-08,e9abc259a37a9cc69aa7460b87961da0ba28f244b404c98a8ab98b59bc8c1ce6,9183,15011,178,True
MIX,2023-05-10,aae74f838f1a514ae5ac2477d0304735b70c44d02c880b67360ac9c5bbc18587,23491,38316,178,True
MIX,2023-05-11,e0fd85859c2947ebbf84e8e6e696b5268b0d6462c16cd28cf12b13d2c18a9d69,34333,59442,178,True
MIX,2023-05-12,109af7254dc292183d44cbc29a72722e1e36960e2c11e6e6b6d5e5449f03bd7d,19660,33105,178,True
MIX,2023-05-15,6d7269a2e5275849fa6a6597262d1b651101c8f6470516c1ecb3dcc7b367e6fd,18500,30272,178,True
MIX,2023-05-16,363704b27555788238fc80c08f970903de62e89bdbd186a0760c21a570abcb20,21551,31997,178,True
MIX,2023-05-17,68d1d8f37b0b5d150e8538e46668f3c770a0914a9bac1938450d7aceed3b18e9,16327,25858,178,True
MIX,2023-05-18,20e8a3ace9eec39eb753a9f7a29650eb80ab1dac8a8d3c0654986189f998543a,17745,32305,178,True
MIX,2023-05-19,af950e73381107e651bf0f942e8115cb15a226788604d65954bbc7aee84bc820,15438,27558,178,True
MIX,2023-05-22,ff7231e50bc13c529a811f295a5348c1e8e590d07b2597406f13c313bec67d2e,11049,18877,178,True
MIX,2023-05-23,05afc5ec3224da86d6cd44ffc7f813d13f6a1051ac112ac0e0a6b3cd8ecfa819,24884,39519,178,True
MIX,2023-05-24,bebd974018457704dcd56ace7119d8a2568a632a8388e44d12afaa14224813af,15199,23963,178,True
MIX,2023-05-25,e90eed06cb5476e1c3e9bd77499532194209780b98cbb4be31d0b1fe99f95a20,12156,19039,178,True
MIX,2023-05-26,04896b8a0d80348e96d21a45795a0e55274e6c319a75e7497cdc652b1ba833f2,11765,18767,178,True
MIX,2023-05-29,d6aaff438603e617d938b146599d087dcf6e30a55f84ac5e4d29aab09e18cf8d,15085,24180,178,True
MIX,2023-05-30,1e91b0692e294cc7f93601f040fec432cbf177581d0dd10b4261c344c5f30e85,26628,44051,178,True
MIX,2023-05-31,622491536fcc243710416788c47011d9256c84560f5ac8083799c511af82c756,16818,25805,178,True
MIX,2023-06-01,3ab1f188cebd53d15ce974b4cab8ff309a4c724e7baf05ab0e07b7bf0f47cb45,14050,22779,178,True
MIX,2023-06-02,2eba26be51f7f41083d88ca725d65ee71864804e41bb14f8a1f73626e5ad4b5e,14201,22279,178,True
MIX,2023-06-05,2e736c5a56b5a4563479d7130925fd8e2d1f4f1d290e85709d7029f69abcf324,23024,37615,178,True
MIX,2023-06-06,5cf0da5da8fcd91a1c3e176b2d9648b30c482401c6cb4268c952fd73a5ced372,28493,47256,178,True
MIX,2023-06-07,105b744af277dd735a41740babf68faf5365abfca7bf5157d13890454a725813,19389,31415,178,True
MIX,2023-06-08,bc2260cc1f47f1cbcb4a73527230ef7225eb770975b3a81160c00ec8d10fcc2d,14331,20987,178,True
MIX,2023-06-09,6247c77e3a8e6d94370b633613a814d7b967ff43997d1a2b910bc2b0da575a35,17900,27425,178,True
MIX,2023-06-13,417bd37910e6e41721b7da778b26612986e5d76b01bddb5bef073aafc808d9d3,24330,39074,178,True
MIX,2023-06-14,7f3a07e3d467fb10b84ec92e58dfc63497786a250617271814cf6e96cc5a2a2c,15163,25010,178,True
MIX,2023-06-15,eb07889fa97b2d2822172417c553b0c616fd1bcf1b51609e7e8bb2cf5a6b066c,24265,39617,178,True
MIX,2023-06-16,561a0ae6968222e768269a8b8bd704672b4313b7e763af0086a9246d6eb879e2,20577,32116,178,True
MIX,2023-06-19,626f323f87d4712da2110e95f63f090eb2fa1cc63af4695ec7578b0e4adea16d,20132,34300,178,True
MIX,2023-06-20,301f1923bf0c565627a1bbe0b1be7e4bde7cb5b3875381292a55b61118e376fa,21976,34994,178,True
MIX,2023-06-21,2ad9037097b25b25bf8d4fecf3998084eeaedfeb9c9a1be7650c9e5542720169,18575,28992,178,True
MIX,2023-06-22,f453d1c6b3800c4ec1bf011e7a6f0316813918ad8874b14b54fdbb0da5b9c843,16082,26613,178,True
MIX,2023-06-23,9d6134802833e358660d853fc0999edde24dea770f70da90a9389512988c583d,41373,71973,178,True
MIX,2023-06-26,ae143b9c776dafb6a817e716bdf555e508bc2ba12c8c1ec851265ef02e270abe,45659,74250,178,True
MIX,2023-06-27,73053e16ca085190f784a926e40989dee835167c555fc88221911f4aa1fe092b,18097,29862,178,True
MIX,2023-06-28,99cbde13f6fd0c282dd4aa5dad481bc393f539cffb95436d84615e8f12729a6a,17436,26260,178,True
MIX,2023-06-29,924847464e65147a194712f2a70fc363f716023edd85c08fecc3ae3ecf0f24a0,21248,33617,178,True
MIX,2023-06-30,ee5981e43cf3a7638ac9c75b111dd78c7a7286928e3e07cdbf71169f607190e2,21498,36957,178,True
MIX,2023-07-03,657e2a3af9f5ea01b6951a9ef6af9b94f9d20cbefac7bcd87a1fffa0644b86bc,14864,25228,178,True
MIX,2023-07-04,932375658285824d44121cf9e7b122e50f05fd17fdd6e4641bf6f99cc8ee6b8d,19617,32303,178,True
MIX,2023-07-05,63954ac60996b137af7bef6cced90651262087cbaed189f36db9b590882ed5af,14567,26223,178,True
MIX,2023-07-06,621b772535fa360ae6284b8be6962b9d4181635a9065abed4a50ee975bb259a5,19775,32569,178,True
MIX,2023-07-07,b4a573743654b9583dbed82d7dff29c7d77f98c2388d8906135c9d824a0b65dc,10071,16123,178,True
MIX,2023-07-10,3c6f33015c0fa7f9474fd930978e9ba3f90bc41f544617919dc728456277d447,19385,32059,179,True
MIX,2023-07-11,871032e12d0fc78319f1f8ee8bdd1deeba427b7b59c67b8cd9e671a87bd481fa,14805,22719,179,True
MIX,2023-07-12,3da7c28ac8c671eadc3c791091ef114e5607f25df0e23bf01d021aadd8499e24,24526,41812,179,True
MIX,2023-07-13,a7c8da7e91e4584db4b52c482701b529cbb2ef8d3775db3c340a300dd09836d8,24000,40183,179,True
MIX,2023-07-14,20ec33354a9a06cfb4049415e58047930dbac6131a8a38289908525d4d635e1c,14591,24361,178,True
MIX,2023-07-17,b68e8e27a69544be468086e185cf1e16bdb87286a3a9a514aa90f3cc54d3606e,23736,39826,179,True
MIX,2023-07-18,32bd1e5ceb4275f7754a05486f529e7a48a0da3c66e9d6fb36734f43d8c3f7f0,23116,39078,179,True
MIX,2023-07-19,d80a8cb8bd6e2e5170e79d3af7dbd4cf9718a2680f55d3cb84032f877d187ab5,20352,32137,178,True
MIX,2023-07-20,6cfb3b5a4f5ecaaa47ff36fd25f2e5d9b62be2444ce40a540dbdc09badb2ef35,26607,42633,179,True
MIX,2023-07-21,9d5513adfc04ef3362575b9b5ca6d7ca4c28ce8753fee3ce67ef5258637c50d1,23883,38603,179,True
MIX,2023-07-24,3915b5a4140ea2b9687d95be49e2eaa2b4e72eb1abc17d66ceade35e7c81f2ba,16278,25772,179,True
MIX,2023-07-25,b5a308b20f01ec3d50d09a8322e2267a52092c347b1d2854d364ce2aaf77c58f,17050,28077,179,True
MIX,2023-07-26,ad1b914e2d8d0fc31ef7cf6618637dec1ba513004789f8c19d9d632337648d1e,17254,26979,178,True
MIX,2023-07-27,099af5ba880eababe678fcd9012be3929f9840382a210b3610446271a77c6a3d,18584,30428,179,True
MIX,2023-07-28,7481efa094235e188a750ff344eacf3c6b4e44dccf2cc05041b6349ccea0a3f8,19142,32968,179,True
MIX,2023-07-31,4c891cad696a057e7fb4eeaa33472937c0de01a1b1bbf4af24b0d030a8d38166,29554,49827,179,True
MIX,2023-08-01,a38f544c0b6926cadff5ebb7c9aa7c8db160683b9af7b8156499a089f59c5731,34140,60629,179,True
MIX,2023-08-02,cf59a37d82e1dedf5f853b0036e90d72ea963791157aaebcc3fd09c8354f8d41,28998,47293,179,True
MIX,2023-08-03,5efd6701ac6ea389c5febd6b60e8120167aa9befae6bbc991e3a77df63738deb,30450,52462,179,True
MIX,2023-08-04,643d01c764c6836a0c8628b5976ac00ea49afea5b7028ecc848e8401424793e9,83409,143385,179,True
MIX,2023-08-07,21bd5ecdf963bc78cfbbe1d53f83e524a43b24426ac00a65ce970145d985be21,49569,86582,179,True
MIX,2023-08-08,73112342e92422b0cf1f5733d59a599844ab2ff736bd303c45a58b0c4cb32ff4,53381,92888,179,True
MIX,2023-08-09,aea89dc4e030ebb8a7af2b99a2ce889992a5eecd171c024da506b3bc8c8abdbc,35017,58495,179,True
MIX,2023-08-10,66da391538f3e3de28e06c569a1862ee0f100d27343b1b4f32de8f0795ff54a6,28498,50566,179,True
MIX,2023-08-11,5a5d1379dff3545d81bf2fe82a52e07577f078ba2ba16f451d2ca120b0e91f98,27398,48241,179,True
MIX,2023-08-14,81208a3782646092c74f3f473b2c1c87ed2751ddd5d4a1c9c67108c06b6e9c25,59637,103196,179,True
MIX,2023-08-15,1821baba566edb29956defd473ffff61adaa4266731dc6c867524f0169bb674c,64899,107320,179,True
MIX,2023-08-16,938264a1cc3b07dd09fe108aba991d0a4c9f0bd26d5b5a029bfe50832857dd7d,60651,100948,179,True
MIX,2023-08-17,6011169b7f5281aa544020c94186d0922d8237eca8ed583fc786508511c57d2b,44630,70614,179,True
MIX,2023-08-18,56017df0189a231326b10a21644b07d5115e8c36a84108d9dd60977eed35c0c9,33213,52962,179,True
MIX,2023-08-21,a340791b85ac42ff159982acdaea4283dffe15a9346336abd35777c8977d9f23,32498,53159,179,True
MIX,2023-08-22,5fd8195bf17f9c0a40aeef14e98d51743a6f15198f280d10a4d0b4fafdd5b941,28498,47578,179,True
MIX,2023-08-23,4034f84689900bc8e73dbd16674d380ab6a87cc44ba33f953963cd96d8d814e1,45233,87343,179,True
MIX,2023-08-24,8313d888d53d98282ec2d005617717eaab3ceb58b4ae6b22120ad0042e85e21c,24836,48535,179,True
MIX,2023-08-25,0eb1588a083c913b2508c573061d7a7f2143afe8288eb8cbb0d1b9cc40521405,21529,42500,179,True
MIX,2023-08-28,41a4699c16b02ea85f3011ad8057addcfaadecb788456df4cfde2ecfc3b6e62b,24795,47834,179,True
MIX,2023-08-29,f88ca1e029cd8dc4622b9ada40b0c3289f2b60cc2534c0009deb7e322aafca3f,23783,44640,179,True
MIX,2023-08-30,5ca1a6d673801b51a4a61a9a0fb835f6dbcb159b230ce77d815aa3cc65dd0ab7,21450,40471,179,True
MIX,2023-08-31,761f0fb0c19c3bd3d06ec7d180d72060e82754f8f75e905df7f2d9a41731caf3,19562,37331,179,True
MIX,2023-09-01,484334d90c005df1c4aa01a0f7c074938e844c55dc99d305c792cdfbcad3578f,16269,28625,179,True
MIX,2023-09-04,293106874c7b88e85fd2d366d178902b2a0ec728bd63235ed6868dabafd67938,21814,41489,179,True
MIX,2023-09-05,e1faf9b9b4d3a738ec0d338a1902eae2c95f65febb1b558b5d4ec8872fe5dada,31175,56545,179,True
MIX,2023-09-06,e227db011cb5001eb1758e09a05ff2d616484049cb8640d52f0c8c890cf1f0c4,25681,44386,179,True
MIX,2023-09-07,fe86c955823882d44ee46b9272b25f276a4f27be8c68e9359b9170de64b0f983,55447,103739,178,True
MIX,2023-09-08,0bc4e5aaa5bb6f39fe0bbc3dc3894cb2e95d07a6177df84e5c47b7a6235b7616,43494,79204,179,True
MIX,2023-09-11,288d34cd8475c3a5aff2644ee9f6fc537f3d7b55b1c58ea9ea980d42cc38f775,37428,69384,179,True
MIX,2023-09-12,c83dad8aabfaccd207ea8b78454f65c47e03ce0d60cd177c2d8a5aafa3bc647d,40448,77242,179,True
MIX,2023-09-13,3b277a33bd0fdad6016ea6eda67f95bc19d98d9acd9180d950a75e4cd8571ab1,15478,27765,124,True
MIX,2023-09-14,8574681aad27d4d280dd42e3cd31baad4e570d4baa72646fd496b1a583f09265,45422,83243,178,True
MIX,2023-09-15,ed00dd638ec890aa13d4b101979bbaf41c65d81613d9a2410b3da683a07d71d0,31444,54692,178,True
MIX,2023-09-18,380472e681851edf745a934fcaeb08bafdcdee1e5fd7741dbb887366e8353a22,26760,49854,178,True
MIX,2023-09-19,5dd58f9cea9a801cf0a184cd7d5cdcb327336a82b91f3973e7526415bb0f3e39,49103,95320,178,True
MIX,2023-09-20,47756be294a7bb81a6547ebe5cdae7272afb6ff4b348a8e8efabf045534b2bf9,32565,53029,178,True
MIX,2023-09-21,d4dd08efc987076c9abb5bbf5297bfc24ca531d55d2470db29909b4fe5f01551,51653,92356,178,True
MIX,2023-09-22,e8a5a8fc5493affc0ac6c3d6ac82ec41e9fca2251770aa8f6ae105991ce7f8d6,43344,73867,178,True
MIX,2023-09-25,8d652677929c2ed1661c67f89aee4cd51fdbee724c66587e31b619146ecd575d,27703,47794,178,True
MIX,2023-09-26,ee4ba492a9aa01d330c176aa451602913778336bc36e0645906adb3bf3275e1c,28531,51099,178,True
MIX,2023-09-27,22f33d4200dd2f4d3689926d6fdcfb892471785c839596a57cd498286a3523a1,30008,52094,178,True
MIX,2023-09-28,d9479c1f4d936c3d5ff6afaf9bc016000bbe37510c976a85334c4b8113a09d8e,30278,52867,178,True
MIX,2023-09-29,85afafd9b007af4715e970be8f35315654b90026673d1ca977f2787d2a48d14f,36084,70383,178,True
MIX,2023-10-02,684774f122ba9b6c99602ab495e1349c6cc95c4e46f5109e080f681b95d8608a,26293,45607,178,True
MIX,2023-10-03,81cc70580cfc58bdc3a155936e9d54abbf111213b45c7db39e15c0094818485a,32283,57360,178,True
MIX,2023-10-04,000729f081271579d9fe52b03c914f23965e75991e55ecfe92661e18b8c3c9a4,25232,39912,178,True
MIX,2023-10-05,af77acabb088e7b096d63d02054e06819e3a038112bdbdd8534e4d947a1e3448,26190,43678,178,True
MIX,2023-10-06,ecccfd927ed3fa35a88e70d8dbf63084b51ddcb944792772bd7e873d6a080728,24445,41653,178,True
MIX,2023-10-09,f51e3f21fd3a4844da3d5a3e40dfd791a8b53e25b720777da58502140bb9b7f3,33028,59346,178,True
MIX,2023-10-10,6e27a5b44a9a6b259a092afcd6864464ad4dac2459bcb6c14d5d6cb0a816ea8d,21202,36321,178,True
MIX,2023-10-11,1791cc6720f00af0e6c7a532bad41f8e1790863a3abef03634f7678b58c5772e,29393,55442,178,True
MIX,2023-10-12,295f92c01a438ab73e38034a4cbedb8a720a398d8b6e84a7d0f982b03ad40305,26138,48143,178,True
MIX,2023-10-13,599299a68a4f2fd50846072cf599e09c5b1b592335533c394f9e706b843b4073,18729,31366,178,True
MIX,2023-10-16,4a98c61dfbb583c0cef3ea38173a7aae8422570822143589613ac68728925825,19812,36051,178,True
MIX,2023-10-17,fe03c629d3da6b4586b403e93987a7b36f33c9b079ff54089a0ad722362cb06a,22903,47721,178,True
MIX,2023-10-18,eefddf47fcb4f5eb54e9e54e5d010b682f96760e59ad4b4dde40336e4f305400,25467,43847,178,True
MIX,2023-10-19,34c4642947c71c3b774cbffb8aa1b2de681413a4395f987e5b147a4b353e1fb8,19871,33630,178,True
MIX,2023-10-20,04c7d21b5288764724d38cdfecf218c335e43753d221c88f9faef62a2e067711,23903,42665,178,True
MIX,2023-10-23,cc95c225850e1b8815237448da365f555e9471fbee42bbeea37b7b10dbcfec55,20422,37999,178,True
MIX,2023-10-24,bb54ad63ae62e47a1f636037abb42a24ae4cba8e6670c48e37061bcb7a3c1eea,17908,31367,178,True
MIX,2023-10-25,759c3e795844be23913ef6e7a91b43b57a01991c70b00eac0fc261de4173adb8,16473,27485,178,True
MIX,2023-10-26,b0084f1223928db573f5df48847e411a3540907a3f8fe4bfbd6be0e931e9a9ad,31894,55252,178,True
MIX,2023-10-27,713925bc097f282ce13ed2327de5b30ff4fbeb7e147e2a9d8393d5b321700f5b,35266,59995,178,True
MIX,2023-10-30,91f7f4a16da3eb23e62a4d1ec4f808c32b4e5d7d3d654f856d5ab657579ff90c,20823,35006,179,True
MIX,2023-10-31,a8f6aead8b649352ae210854a1c42b109fb252edc6849534b1d4bed0ddd21dd9,31223,56332,179,True
MIX,2023-11-01,03752b48f0bc77ef9b279e4ed5b1f553cd6a8e05a4325002093229cbf534bd4f,14551,23803,179,True
MIX,2023-11-02,443ed30213893e75ea9fc5fcd4d5929a761446ceb03a5d43d64442e1e7b45ca0,22395,38515,179,True
MIX,2023-11-03,93ced35221046f12379318f9dbd1d30f1fb4e8e49c726b413936eadea9aba2fa,21032,35665,178,True
MIX,2023-11-06,78dd0aba9386159c26988062141ad086748a31bad119c0681c9490775cfcb211,11406,19529,179,True
MIX,2023-11-07,5014d00ad5a6f6bba685aa98a871b94802b0aa0385474f223df028713be65adb,14402,23763,179,True
MIX,2023-11-08,03c5ac2afc19e327a46a5d4a4df9c522fdb093bb30f75cc36f6775bbfd4b7044,16904,26923,179,True
MIX,2023-11-09,9c4e24533112be9fb7a6849812a7620003928bc9e12b6864bd837d450c7327f8,16483,27108,178,True
MIX,2023-11-10,c22a27ff2ffcb6a91e19e594edb6ce989e3e21ba8fe519fe5676a416711b1a45,13146,20962,178,True
MIX,2023-11-13,5505597cb7314972cfc6d9141097cbfd4face70b2201f9377de08a6013510eef,13604,21707,179,True
MIX,2023-11-14,9abd7af527ad9862cc354bf36dd546eec06fe195d1e422360eb443790fe03bec,26875,46771,179,True
MIX,2023-11-15,909fa2a20e4cf738fc417b5dd7804c1e5ba86bd83cf41c0207cd20ce6f5e48b2,22202,39751,179,True
MIX,2023-11-16,ee7f980e4a4dd0b7a36ab77f796d3b58aa9997d8305c64b5eed2a4fbbe3be616,20657,34555,179,True
MIX,2023-11-17,44cb0da1841cc4da78203cb4922f66d097f4d4d1cb4e7bbd1c547f06fc1bc05f,27410,51522,179,True
MIX,2023-11-20,689e3e449962b6834f47333a7e8b8f8e2aeecc79fcf47123eb800df3bd8f17b5,18218,29240,179,True
MIX,2023-11-21,2b69c8b8dc553d334febbaa1fe4e01c18755ae9a77161bdfc15f6deb7e990e52,15166,24483,179,True
MIX,2023-11-22,da2aa0d1c9ed765416123d1f570f5b168f2beb895106b74da5c94ca48c983571,16680,25902,179,True
MIX,2023-11-23,0395489b48a78d4dddd51b12851835d552ffff29486909fddc452702836f0222,14503,23055,179,True
MIX,2023-11-24,f469a4380477481f7509ec293c36d5ef39ec0fb50050c9d897d374ae7185aa65,16196,27413,178,True
MIX,2023-11-27,bc5ab94b841c461f6918e7215cc94d955f8f8f109b1b2a941b03b1bb7e4b4486,21223,35022,179,True
MIX,2023-11-28,276e642df69ffed62f8f2bb672cb68d7721bca0fe61d1e8d16b68c50fc530fe2,20024,34143,179,True
MIX,2023-11-29,bf31b2776f122f13395b9bb06064e6ef1288a81ddd0e7a7253c75b2af9ba523a,19084,33544,179,True
MIX,2023-11-30,cbf87bbee247f6991049c7cf0a2b9cc7a8dbad657a92ffa5c62e196d70f359a3,28049,52685,178,True
MIX,2023-12-01,260306334dc534ad1e1507577c4b88cb8954ad47e8e528cb5e3af18fc3e8a927,21822,38546,179,True
MIX,2023-12-04,a699e2b3dea2fd4e6574d8d39e5192f797850d74896938b086eb2e41e463af7a,23490,42400,179,True
MIX,2023-12-05,4857801c8ca29a84fcb9ae76903068f0361c382bb6ff9fdf2fb75072b7e38eff,26618,48410,179,True
MIX,2023-12-06,3f891149ea95447d8e28b4665d671ca191fc3fcb87ae9193dfee1a5ec7ee28e0,39135,70564,179,True
MIX,2023-12-07,45c0807d3d8775503f62c2c0ff9ba02c2444c4fed2bf6d690e91418b7840644c,33372,59918,179,True
MIX,2023-12-08,bc0478a98c0d3f111c7dd3cc35043cb841c1d1fb8b5f08311f6db743a892af5e,20802,38242,179,True
MIX,2023-12-11,41dc24327d6844c1cd6706d1f806701e78db5c558604fe84b85224ff25f80957,37299,67832,179,True
MIX,2023-12-12,d1437aea9f45be41fa80d98c36786293f41c65bd5dfa45735359b00712f0cf76,32530,60688,179,True
MIX,2023-12-13,8da99a041272dd9651b003987dd52ba92640c360819575c8fa076392a09fcc81,19936,37401,179,True
MIX,2023-12-14,cd90d67ea0ecf608f87a800eff8d88a36dcbe498b84e30b9974ce6ddff46f62b,27944,56600,179,True
MIX,2023-12-15,ddb97235c3d7e48f478c03974865ffef608ae6750c5aba7206cfbe850b75fe61,33386,70622,179,True
MIX,2023-12-18,6f74a23407a1307ac205111631ae54296f32773850940bc69917958e61af6424,22838,44341,179,True
MIX,2023-12-19,65ea4f0d9073df9d81a437baa7af929226ac5a42773c83e1244c389e1fac5d0a,24423,40667,179,True
MIX,2023-12-20,27f1fafcb1fe21e8e4f6ed33a7796ff0f01d950b42853f0f0dce8363ba8fbd76,14035,21661,178,True
MIX,2023-12-21,7b4d86f26d188b9f54315e649df80aebe11b57e2eb54d9ae9e6b698387d7f4f1,24307,44086,179,True
MIX,2023-12-22,6a63c0b562f12e19073c3182a1313448aaf32ac0587afdf92f9c802f2d5dc270,14958,24381,178,True
MIX,2023-12-25,057ee2834a77caeb5d39dfbece9e90c84161bfb534ebbd2766286b84c55bc9c9,13954,22605,179,True
MIX,2023-12-26,51c198739de59461293a85839adc920f4fb749f5915ba53b4e3ac6856c2f664b,13118,21667,179,True
MIX,2023-12-27,8d63b4f89f5a1e40af762f15338d00a19780753f6f287d1ecf4e3497da2b77f4,10802,17018,179,True
MIX,2023-12-28,6b2ae02bb1837fc12b89869dd490cbcf51ad8b803026fbd0886534707203f53c,14492,24361,179,True
MIX,2023-12-29,432834eb283a83f9cd704e6026d2b86288c4e8b4e40d0f99c1ab4e55d35e8d5d,9002,14143,179,True
MIX,2024-01-03,a72b61e7275a6e4f452909bc1b6c43efc843a565803eb5c8683f9361e88dc0f8,7997,13752,179,True
MIX,2024-01-04,79309f7e9a2c4b7af2e21fec504ccf4055e1b6397716eeee4531b2bcba145c1d,6875,10795,179,True
MIX,2024-01-05,1e64880cdd4a45b75b2af124f9d8335e29352af7bbbe4828137061102c5bdfcb,5844,9241,178,True
MIX,2024-01-08,cca39c2ea893c477ae27e6c175d71aafcbb5de7c123580d320ab5ef1264c40d3,8815,13857,179,True
MIX,2024-01-09,eb0b3ac375edd9c39adc9d9f3f6cf5b01508b0c3631e1c6dcaa688e64f23ea28,12787,21461,178,True
MIX,2024-01-10,4d7655b9338fa4c2448a08e53b2537eae9183b78b30e526d0e581ab3b6f26b65,9212,14378,178,True
MIX,2024-01-11,914349efe8184da5b2d1b7b4769188a083020582b89bf474b56346632ca591c0,11216,18488,179,True
MIX,2024-01-12,7ee769903f77c49660701ff4fd6e08b3968d1a578de18114bb5d90b8497eb9db,10707,17451,178,True
MIX,2024-01-15,180aa3e713b6059f5bebf4a7beaae149dcc73c3cf363eb6c225faf49b4bd42e0,11486,17583,179,True
MIX,2024-01-16,ed0332d39881b045af09b593f65adc798fbaa6a7fbad8e1b8180b881ff4df8f6,12893,20964,179,True
MIX,2024-01-17,a35b59e6bc62d7f36781de677b46a261090afca2000e19e5b96a1c282e4235b7,11353,18056,179,True
MIX,2024-01-18,b6b2702a2b17a2bedbf3a028155794e44cb96cb5a14884374d953b0ce234ff33,8647,13593,179,True
MIX,2024-01-19,c309394616c5db0b501b940971cfa334fb89adb9dc0bb8d00a72df3077294323,12455,20372,178,True
MIX,2024-01-22,0e98e69bf09b3dca855803539606afcf2044f1aa6573c4925e3abcf47c6f9b2c,9129,14614,179,True
MIX,2024-01-23,6658fdc9c6616b113ad6666471a3fd85c1cb1cc73c02e2e7811d424a546f5665,9232,14420,178,True
MIX,2024-01-24,566636c0b6853c1705e648fa3d87f1f1430b719646b0b52008f16aad3897c64f,13491,24691,179,True
MIX,2024-01-25,d8b07cc7f7f38a09ed28c7ca61446075d539dfa83b79e1e322b1a0f171f33eb5,11268,18819,179,True
MIX,2024-01-26,82dd1a1d2360ad5978a6a8f56095f54c5934515d6ab7c5411b5b1ab2b9704c8f,8953,14377,179,True
MIX,2024-01-29,92cd06ee09d97929684e5b0a622810bf69ccf70392101125653a7b875a5f50d2,10666,17891,179,True
MIX,2024-01-30,4a18537e3487d59099788e8ea93d4b00ab5d513045979c097f493b878ef0349a,22439,32534,178,True
MIX,2024-01-31,dccdb61f73b6fa0f48458a42d4dd6ad57ce83af56a812b3875a4f228b79fa70f,14528,28067,179,True
MIX,2024-02-01,d876500d8deb5e333e725b4a320b24efe2f004ce32c3ca11f842a54cacaa8118,10748,18351,178,True
MIX,2024-02-02,40a95e820987bc14c4fec87d9c32e5eb5de71bbd506308a4a1490144878f340c,9940,17388,179,True
MIX,2024-02-05,a2063a67c523166bb6fde97275bf070457729f2c048fe4b89d7a4d1e5a999b36,8437,15026,179,True
MIX,2024-02-06,ed952b579e1e64ed3601b8968e3400f8b748e70d2a952d4f079b9f2e81236d26,6262,11304,178,True
MIX,2024-02-07,aa64aac12a2f80e3b78fc3272a0ce9c685b485afe9ded28bba2cce49ce066667,8482,15539,179,True
MIX,2024-02-08,4174cd607fd95d29db3a305f70501bff371aa8a5f12b20f1bb3537be016a238f,14246,25108,178,True
MIX,2024-02-09,9df48ead96f56acc4974d2f77730b90305989da02a46e949de26d03444886f21,10050,17072,179,True
MIX,2024-02-12,40aa73c63f0f93d2656ed18ab78a81af3614a253b7ad5456dd44955aa8738813,11765,21189,179,True
MIX,2024-02-13,2e07b0406d8839deb20edc17f672d522805fceace4c8899372f6b10ba67dcc15,11179,22700,179,True
MIX,2024-02-14,4e1091d9bf30505bf0bea43b936d90850cf4e209f1c9d7a1ba8557df1067c183,10506,20306,178,True
MIX,2024-02-15,cfaeb15ef89ba2435712f3aaff9fb4cfe821144a8679f985f909b34316bc64b5,12053,22491,178,True
MIX,2024-02-16,f0548f3a7522f71c148cb7b7184072500cef27eb94d4f3ea9ffcb46efacf25a9,17650,39933,179,True
MIX,2024-02-19,a53808c8058aa92249d29e2ca3e7fb3aea12783499b871201bcd9927954172f6,11721,21942,179,True
MIX,2024-02-20,da213f6ba80fb1a26696d08859e0ae7df9fafe6a0788cc473e40af8e651061e1,22663,43891,178,True
MIX,2024-02-21,f310d30bcb8bb508d03591ad63b17ad00c11108726bafcdadef0fc677d4d6285,35291,68171,179,True
MIX,2024-02-22,c8ed76219c72bc1f50b267b931db2968feb0a121ecfeb6007153dd4aef700819,17285,32635,179,True
MIX,2024-02-26,b174d256c4432141ee46467a72a2fc65f9062476411e2a6aac19429ab824894f,20514,37549,179,True
MIX,2024-02-27,1681294f1f4666d1a0f21afbc443223270e1b5ed8cbe3b58f4da251ef852a69d,12363,23383,178,True
MIX,2024-02-28,2f4c1f5aff0e1b310880fd94a3b92ad91c9473e68954451716a91c1325ca1c38,16046,29930,179,True
MIX,2024-02-29,194307680bb8d10decd9bdd41bca823e0ff7cf4cb63252f8232058aa9bb2cd7c,15510,29592,178,True
MIX,2024-03-01,3a600201eee4b6a620d2240da35e788011dd74797ba7e5a842d6c866dae005e3,9778,15731,178,True
MIX,2024-03-04,fc98cb69f56cc801ef6e75e6f7718abd2ae464deecbd23216af833441defeb2d,12955,23909,179,True
MIX,2024-03-05,7c17f1a2826b10b2b27fc75642049eeb067b114f22ec499aa49904db2de7f9e2,12174,22543,178,True
MIX,2024-03-06,baa93ad9ae41c57b68799a84a0aee66f93c1d10313a3b051d4bd69e7b2f72ad1,12115,21968,178,True
MIX,2024-03-07,30b8cc7ba423a246bea7ed3b6278daabe127a76cf208102dd59a2d382f76f882,8098,13285,179,True
MIX,2024-03-11,0bad82d559b3fff23cccd55a4359f95f267c99de6c9c219ab9dccdbfbbeea44b,11625,23970,179,True
MIX,2024-03-12,57c8607e80d91a8ec964e4daead47aef7b6db26e8bc23cab92553dab6858671a,13804,29175,179,True
MIX,2024-03-13,9aa2575b65ce5e1983d943b8b981484a13f04174f51d1d46035a1a4100a384ff,16100,31356,178,True
MIX,2024-03-14,94ddd76ad57967115a2ca3e12fafd1b6ec9ad281e59afca09ab83362dcdf9301,25990,48635,179,True
MIX,2024-03-15,28c91d3118991dca3b6e94f83793366c59aaad800aaef6270d3f0f02eecf05ae,18221,30516,178,True
MIX,2024-03-18,e3f4371a767d0540c98d06441b7ed199ae74cb566e414189249b21b4eff1cb83,17036,32560,179,True
MIX,2024-03-19,d41d349db9c875cffe6145b1d73643123035c2c9b4a8b67a39d4768395b0a6c2,25466,47456,179,True
MIX,2024-03-20,2ac40727512c1fdc3df90ce2d114e6e177d06af7cabdc075047c41723dc457d9,14219,20906,179,True
MIX,2024-03-21,54c450fd6051515a5971b25db0b777915b4978ff3185921d4d0edc156b30ebaa,16394,26915,179,True
MIX,2024-03-22,113452be75d85d0568db17c92f1b730e21d0649eae2f821ee17d6e040f460be9,30933,48308,179,True
MIX,2024-03-25,96f45767164595037e702a2c4c27b07cbf44199f53a300c16c6e7495b878838b,22450,42425,179,True
MIX,2024-03-26,4fda9f02c9aa6107d2b745da6a162730806eb3f51b5aaeaa9b0077b594192097,12403,19745,179,True
MIX,2024-03-27,d4c8aab7da209d19d4b6bf010fae7e55d21bf5a5ffa20b411525acca53878c6e,13063,19389,179,True
MIX,2024-03-28,35c8804e8601d00e1ea5d29b9faf698dd3c771312d72fc29f61e39a3b5e2a5b4,10513,16404,179,True
MIX,2024-03-29,fa6a1523fad6e96f752f077a269566034fd8114347d91f548c8a53fcc1209c22,10254,18389,179,True
MIX,2024-04-01,3761869b36227bc4054627839ad88671232bc2620baa179df8e66cf5fa1985f7,13375,25278,179,True
MIX,2024-04-02,e0e16e4adf33746a65d4af075843bec690353b238f005807acb5ffb5f89000ae,8974,15917,179,True
MIX,2024-04-03,eac403adf91a3917d675b1f47855d4ec55e7a835c2a40fdd524b957442536728,10118,17320,179,True
MIX,2024-04-04,da6c7f227da111ffc0dbcc6e0b417cdc890224a1f39bd5d6da868cf5b44fc8cb,13526,25618,179,True
MIX,2024-04-05,705b65ba4b415c62b7ec0b63cecef6d28a033219a85b993a4acee7fd8030be9a,12161,20552,179,True
MIX,2024-04-08,9034ff95088485fcc1892277b798c6765cc6a27e6764bc092aed1f241e8cec24,10471,19248,178,True
MIX,2024-04-09,3f5da751b0d9ccd829181633c0cced8ea589271ecc718fb022da15f10580bee4,14309,28091,179,True
MIX,2024-04-10,613331179bce6a9ca5a91d88e4ac9d197b8cd983cc01a44e082bb56eb8468cd9,14255,23644,179,True
MIX,2024-04-11,797e0b8bdde9a67c31bb2e664b9477c60e411db38676df5a8db702f861518c54,11936,20357,179,True
MIX,2024-04-12,a5c29ec99a85e947d8071a0dd9d1764e342ebbbc805047e9cfb03ab3df2d390c,14654,25001,179,True
MIX,2024-04-15,ad5a6e36845d6a8794af4a5d69a648cd1b0b0dd827bcbbaea315295e056e43fe,13487,23264,179,True
MIX,2024-04-16,761d041312ded42a6a094b9266e34e2691ffbd381d6c20e4b32e40fd190738bf,12147,20620,179,True
MIX,2024-04-17,f562aae29e0ba06b99a4d21dec871a8c47639a10d021d2022e6990c8fa1617cc,15584,27758,178,True
MIX,2024-04-18,04ea3aec9ad545af62981b8d1ccc7a8d826d39cdcce698cc7ec90ded33390f9f,12191,19630,179,True
MIX,2024-04-19,03ccd801e05a98ba56f7ae4c25b608926be2bedf73504206e39800678c074c48,13330,23782,179,True
MIX,2024-04-22,9f4f2b95b21033d9ed01a8aad5f56932d81338b872f1d412ab405fbb65f97831,12906,22523,178,True
MIX,2024-04-23,0066fd16c06d8475b4c121eaa27b98e3f22055367cc78c881bab726897f37e92,24699,41735,178,True
MIX,2024-04-24,dd9cd527877d5dd79a6d8887f20fc92a7420061cd80ff2a03815ddaf39f1a2e1,17988,29769,179,True
MIX,2024-04-25,3f7c8eab4a82c4e5886e74294dd28ca7891cc1da81c93f6c73ad113780544212,19222,29112,179,True
MIX,2024-04-26,0e5e10073dc8576e8f73d4b00e6151793b2d52c772236ed010412d304daa2c92,23358,38506,179,True
MIX,2024-04-29,855724889755ba7afa00b50a4ae9e9f03aaaa8045fb54e3b9d651f1d587efa67,6139,9434,178,True
MIX,2024-04-30,b82c0d10d8ba5aae258ed82ef33ef960b25a527019607084fae5f99dbc1cf018,7994,11940,179,True
MIX,2024-05-02,f8163c5fb0f632e1fe1d86ac40a35176899682ce2c13c2c36871261c0ce0a283,13231,22900,178,True
MIX,2024-05-03,d9c9b72f590a1c141bcb86eb3477f56d572c5b0aacd6851600c30e11a6e9fe2e,9721,18296,178,True
MIX,2024-05-06,3bedb6b41ffcaf399875426cf1de7d23b04c4943ddedfefedf31639f933bacea,17691,27525,179,True
MIX,2024-05-07,ca41a922d0692b677e8f33df7f6397931bb3ce82ac39075b70a87f68d1407887,14222,22834,179,True
MIX,2024-05-08,b3c93b430f3fb40cf714e893e4154751e253ebde9fdccb2e6225a569785beca0,7652,14466,179,True
MIX,2024-05-10,b1e1c385ab02daded8029665bd6a92ef0c4c7615708af459100812cc547c7f68,5880,10157,179,True
MIX,2024-05-13,e1665baa1e6365b790f13fb57b7f688b7406666ae76f3ee8301229d053ed7cbc,12447,25023,179,True
MIX,2024-05-14,d3516eaa83452d7f57130a58da9fa994cef814f00eb20ebaf9a4063698ee925e,11993,17809,178,True
MIX,2024-05-15,a60fba9ed5bfa1447c877d2aa6e8883f63fc5ced953e572a688deb14f8f4aceb,10732,17501,178,True
MIX,2024-05-16,2619a46b6e01f088f207f58a086d48c9a97de1f9c4f6d68821f2d3d85cf85582,13690,21505,179,True
MIX,2024-05-17,f0adee251c71f48bf3b4c067bbbf5f617d4f17fe9fb49286d8ad614628108d01,27343,39934,178,True
MIX,2024-05-20,ff7bf622743051d5c40fec6ff877389a15e007e725a37de06feac2075a703eca,39535,69548,179,True
MIX,2024-05-21,63ef6633b3510ce0cc16e67fb56e4fde3de251000495893ffbff6a96a7998e85,40484,66747,179,True
MIX,2024-05-22,9fe7e9e5502602d27f90f6fc0b3075ec68020fc1af45b1551443ea629a960ec0,15094,24277,179,True
MIX,2024-05-23,0f1ef2f390bd7ff8432bd0fd1eeba712ff181b721cb83c0c4cd691ea9df48436,18415,32227,178,True
MIX,2024-05-24,43d5a4d356fa81aa2ef520f6f61bb5a060cf674cc579861d2db3c5439bd3c3c3,32311,59337,178,True
MIX,2024-05-27,4a28b3ee8d18af3af5055aefd0c569c7f26cee7766d25a7772610f87f3fc75d3,35120,73444,179,True
MIX,2024-05-28,7e46961ebcfe936351ee5f9ee56b82bf345df1cd8685000463fe3f5e7f51aa09,31227,59863,179,True
MIX,2024-05-29,1b39dc5c8b886aa13a6b1598f109974cab533a67539468c582166ff679be217c,26328,44680,179,True
MIX,2024-05-30,58273c651f2a0f136a2e04eb1cba926587d3f683d28bbec24d28c3e317419a3f,31213,53961,179,True
MIX,2024-05-31,9c6680986465eb3ba9b6633f6bd75f2f7b79aefa5afdf98a71cef6e50ba15a1f,48759,87601,179,True
MIX,2024-06-03,953e70fd82a064a452a4a511c63c0fc2d5b74f509a31fc43887d492f8f746e22,68354,137489,179,True
MIX,2024-06-04,c9192744e1dc03ccad043f25e2edd13dd8ee89e562ff63c994ecac6475ca1cea,35250,67545,178,True
MIX,2024-06-05,2bd64a43dfe6b17c4e477d38cd25369f1dcd09b5573b146cbe89ed40de33864e,40844,81715,179,True
MIX,2024-06-06,a2386752fd412a0b54dab4bfc46791a9a30d8c42c3b77ef86769e5e4e8af99c8,28727,51658,179,True
MIX,2024-06-07,f81898b628c12618681a92ded185570b1cdb20d3773add1034dc9a59db4b9415,48480,94907,179,True
MIX,2024-06-10,c8da78b2be84924a25ee2b80c882acbf994913fd8eabc1fcc713904492a204a4,33005,61836,179,True
MIX,2024-06-11,d0543d3d15459e8fea1e29e5e5044f5274d24de48d1140bcb466a310cbd9f2a1,31271,61095,179,True
MIX,2024-06-13,1fb213409a943c011abc5b204e7703ff9689f2d1420edcb74e5a7fcc52590674,39849,74597,167,True
MIX,2024-06-14,ef089840c44c3edb0d5e2c168e4376356aa8c54fc9f36536f8b5d562b5943358,23956,50288,167,True
MIX,2024-06-17,134fdc00cf6c4a81c7135101f8f0388f7358f5aad04a64590d0f7661da4a94b9,20302,40438,167,True
MIX,2024-06-18,3b33104af2c86086397a972c2c488c53583058debfad3db45ea9a2d3f19ed245,34851,68374,167,True
MIX,2024-06-19,281e0a8bd3eebd8029b6e84b5b5913552d07e3abc64c46eae350cdf2d05c5abe,34587,55642,167,True
MIX,2024-06-20,3b6ef06ddb5badb98399a3e17648eaee737e2fe29cb5cf3fa019eef50672a1aa,72826,127024,167,True
MIX,2024-06-21,42191841e629770b8cd393d7b33f44fdfb0475457411b6f2ab6ced1e5b3dee50,46072,72888,167,True
MIX,2024-06-24,2b3ee0d635bcdd9852baeaeaae6b6e381852bd644c690215494e103fa094bdcf,23576,41702,167,True
MIX,2024-06-25,959071af7f3ee79280ec74fb7d52d1f1c3b1cafdd8b6f9f4ac2088fdb8b22b6f,27134,48004,167,True
MIX,2024-06-26,28a8179c0d997195e601128490b0efc8a2d96838c49dd4008c0fa7ed5235970d,23841,43848,167,True
MIX,2024-06-27,7db539c4b970eaceeb9ed405f19fb08d3e1bae93a69eeef63d2bf4f0275519d2,21476,38561,167,True
MIX,2024-06-28,5c462e727e0e58b895e570079abfb4d8c80b283762ff78279a90c6908433c7ce,14502,25251,167,True
MIX,2024-07-01,22b68b6f0b520ab0d72975ee717562038113839b5478545d26f4450d15bf184f,14331,25372,167,True
MIX,2024-07-02,d7384b806cdf937372bbb2d6e71cbd45ab563dce57de0856c2273de9067675b2,15326,31713,167,True
MIX,2024-07-03,d5fe763492ddb904567ab4e0ef8cd48dd39080a3818533941fdd784c6f22540d,19265,41427,167,True
MIX,2024-07-04,3bdc11307171412ed869fa6052d9afa50c69f24722cbb55569bf30a0c65feb25,30721,62934,167,True
MIX,2024-07-05,1b297edfdef134f9d8a92b72afa4d0f9058575f73e1f3336f1dc71afc362dc04,31744,66569,167,True
MIX,2024-07-08,852dd12ab8e7b757c5a8b4376c24e6d830f1a46987b7dabdb572cbf2580fc86e,21851,44237,167,True
MIX,2024-07-09,661c2f33e10d657316c34958377dbc86cae35725c8f4d46ca6d2d535baa66239,27466,54817,167,True
MIX,2024-07-10,dd2b631235218c6dba85444afca7cd747795eb3db273aa0c4d341ed1b34d7b10,47220,102549,167,True
MIX,2024-07-11,10063936f5582476b7ba3f4689df3575d9bda0bcd7ba661c0d1667aff7dea5f5,50253,107052,167,True
MIX,2024-07-12,5bbf0af3481dc25eef5c39957c50ceb658a4c36158c529130462476f34377892,45608,99308,167,True
MIX,2024-07-15,3651ce8025bf33789da3cc17bf570b2262b28f5b1f432f6de9ffb4beb738e72d,36787,82803,167,True
MIX,2024-07-16,eaa45e89055e8ad99e047b770a31ffbc75142f77f707da44e657702c0b94d793,61481,133030,166,True
MIX,2024-07-17,9730acb3b81ba4bca1dc1c11c4d69de36e7941ac8c35fce6e61a9bac82616ddf,38451,80582,167,True
MIX,2024-07-18,b5b0b26b2d4190798a7ce3bf8b2b0ac59b0a12d6ed6ec5fc4b287abc701423d5,37600,80994,167,True
MIX,2024-07-19,bd87b9354d0f4f16ce0f105550157b1dac1a8f00a15f6744a5489dadb5bb752b,29282,59563,167,True
MIX,2024-07-22,83d71189326855f6322148ec0bb872ae9efd5364cd533532354b1886671cbc39,26377,53279,167,True
MIX,2024-07-23,70db6c4445af20bcd8e22997f7a4c650f935c29fa288a2621106514ee22944bd,21467,45500,166,True
MIX,2024-07-24,1291fe323a9ee52e34df0e8aaa824b90c0149f51843065c9bc197b7a7024b3f8,22833,46423,167,True
MIX,2024-07-25,9403e7f3a1f97e0d7f06afafb19fe9bf9422f5d2eaaa8ead7165057763e3261f,24304,45750,167,True
MIX,2024-07-26,942ed96718af20e36db5fcd0797f92278e243053a680454185e6f449777b4323,50528,104647,167,True
MIX,2024-07-29,14d6f431dc8bd3a8d7f769964fc0675f131a75407f7c31565093479dec86c79b,40824,84330,167,True
MIX,2024-07-30,7b61401475794f62dc7a2f9f40b7195041935f8c58b5f770772616961f6cb4f4,33207,70027,166,True
MIX,2024-07-31,307b3d626ffd0a27bc63a20f470aabcce9843675c4822bc1bf74645723079437,34593,74609,167,True
MIX,2024-08-01,a3e5eda6722ef384320bf51e557fbd7037d8cc812b50ca7a0c06d336556d877d,21385,44344,167,True
MIX,2024-08-02,122e6b454d0f90cb096cbe454d629193bcbe5537e44405464bc6daf2ae53981e,32448,70102,167,True
MIX,2024-08-05,8c0d0bd9bc0152831b8797900050cdb42e04f83abd74ad2fe923a03ed1571461,43972,95393,167,True
MIX,2024-08-06,ac8d035b494ede01b83e75e0d1bb51146cce29c9dc600b4057d3d6053b0fcc31,37624,73126,167,True
MIX,2024-08-07,f4ee011913e1b85b3a858afa93d119324316776ad77e38b889208c528845ed24,53523,103458,167,True
MIX,2024-08-08,42c1cfade790b7c8e405b50c438659f3e84ace5757479aaa733b4498faac7d1e,34375,65878,167,True
MIX,2024-08-09,91f2da4da26d1352a9a1389d34d3e787ca92f5774038c8e461b16a162d5bd3b8,33021,64862,167,True
MIX,2024-08-12,1ae3c439990f1a9f48f37ceb45b299d31f12b7ddd605ed817aa7c83549e4020a,34520,69873,167,True
MIX,2024-08-13,119a808b7b586e41074c31e1c97e6673d8b9c04b1a48ad97537ce3e5c5f8274b,27327,55226,167,True
MIX,2024-08-14,03fba2da2700fb3dedadb773398538b7799f54d2f35fd0634674ebfa7aba42d9,34115,65977,167,True
MIX,2024-08-15,74da55c8e71cbbe112cf3158c24b0bfba85f91431f1d65db5da63427e50d9fc4,31506,62982,167,True
MIX,2024-08-16,35bfca9b7fb27cde9f460450ac236c9d42c1d263224fa58b733484c0d18bc28b,25327,50947,167,True
MIX,2024-08-19,77faa6384e2c96bcb17768b97ae19e7d3c29c77c913950d069d9ebda052b2550,37855,83276,167,True
MIX,2024-08-20,e57ba6278d1ad6e202fb50e34223d0f3f0f3abeef9333cd93e4ac8080038c307,41296,89571,167,True
MIX,2024-08-21,9a6cd19a384a63c52338c5fb2d4ab25e8225c25d465f05fedeaf24d84f9b0ed5,39159,86028,167,True
MIX,2024-08-22,a0f00aca721f4682ddba0748c9eb85d053797e6b973cb33c6fde468afb4c6ddf,43829,94386,167,True
MIX,2024-08-23,85c7d0e1c7dc7c9ca634a7213b9600b161c86a6b9d1ef6e430d36d40f6d0fd99,55373,124539,167,True
MIX,2024-08-26,c26dde43b79ca9b9402c89a32822326e516ded025c40d23d90ab235e006c268f,49395,117607,167,True
MIX,2024-08-27,abfbc0fb9072a864b2f951d225f3d5cd264b9c9d6bf08d4b21e394601a5bcf6d,42034,94430,167,True
MIX,2024-08-28,65574665046f8e986b3a3d3a2ced6d6de22da0c0bc97ea69c94d7151afc03f66,63593,136598,167,True
MIX,2024-08-29,edcacc5276127c26187ef9af25165ddbf4097a34fbd638f96e3fe2517eb34d50,51598,116389,167,True
MIX,2024-08-30,1c4622969b5287554b18735b8812a35d83c0577ef1235d9e09658db834c3ea5d,79843,178695,167,True
MIX,2024-09-02,27d3abb7333b1b5cebd7f6fc187a2cbaeff3db2cc415eee13e7f4238e5538205,85079,206382,167,True
MIX,2024-09-03,e6cb488ed23931c622b08b4651c3a73739788c3b86f7695bf7769775cb4ecdab,100355,234322,167,True
MIX,2024-09-04,ca6520a7abb9e7b75f4f4b0cafa055140c21369dae4af2f1518cce9255fcaa3c,66948,157731,167,True
MIX,2024-09-05,ca707eae18e0ccf2abf168aaaae875cdb61d8aa096fbba45e16e3b3fbcbb400c,64321,133473,167,True
MIX,2024-09-06,5bbbd0869b9ecc97bc0a5b25a7870c6aec5e56a7262cd48a2ddafef1ba6391ee,51740,104060,167,True
MIX,2024-09-09,f4eeeb19449377f35c87dea1aaf8f857caf0dd1ca2748c85440a9cf3783453b5,52602,108058,167,True
MIX,2024-09-10,7e6d21e5636d7e6362bb7d328cd3237eabb2d7f0aa3e736200ec60aab7f4c7fe,63305,126732,167,True
MIX,2024-09-11,0a14a146eceb00d3db2ca4bd8351d2ad5883bbb3e2db27a4ed2d48499e5667b9,52056,109342,167,True
MIX,2024-09-12,1d7ebbd8c7ac7a22a8969f0904b667a86e13df256d275c1d13170bb79020118f,63037,132152,167,True
MIX,2024-09-13,52803c51dadf74b8e696cb19295ca9d808c43a78f8f65f58ad1292c054c476c0,112206,239338,167,True
MIX,2024-09-16,13fdd041b2011d9daa949b0dd8cd4f2b21da47970dc3a77c3084e6ca0a110d70,66875,130827,167,True
MIX,2024-09-17,edbe215abcddfbe23269d03de5eafcc1d0205712513ceee23fb086a27ab9e708,63207,127591,167,True
MIX,2024-09-18,352159cf8e42e59adc8ff2f1d67929e0c3547eb8dae006e9f79af43e1909b978,41777,72719,167,True
MIX,2024-09-19,66d50523f1a999fe826a0b7a30d9eb021e13c36b6baceec4120f69f1bfc04d7a,47170,93048,167,True
MIX,2024-09-20,c2c7e3508316edfe31ace8b26f4fa0a590bb5f21f726c8f133e56761f4f97d50,46266,86999,167,True
MIX,2024-09-23,bb9231de82f1a328661169ea339ece41e680de2ae764e47ebe178b46e8fa16e8,39374,79970,167,True
MIX,2024-09-24,132e9e81c54018ea78cd5d5d553fb2ecadb12ca06c173d70120e12ae1b95a37c,50196,106786,167,True
MIX,2024-09-25,7e5ead96fcfc587b056be8c1ad742350fbfc7aa2a403a316f771c61305fa649a,55415,118151,167,True
MIX,2024-09-26,aa3f825fcf59543495d2e4530de8b0b12be5b7e7325fdc82d013c192dfd26f37,45795,90636,167,True
MIX,2024-09-27,0b8d5adaeb72b4b2c7fcae60ef2a489cf3ab6ba96aee9817b5846990548a2be0,28803,57470,167,True
MIX,2024-09-30,27eb6572fdac9942151e6c225cd972a840347c0aa31710ecb1e6d8a6878a9b9a,55511,122388,167,True
MIX,2024-10-01,4731cdcb38665cee24ee3f92db6b003eecdda7ffae6a8a7a8bd63db0250c22ed,60838,128173,167,True
MIX,2024-10-02,33a71539f63d67226992242df32258bdb36e97b09c657e78f1add6aa0eb7cb11,57667,136777,167,True
MIX,2024-10-03,b2de70af4d66885cf950ad556be7083488295f08354871ae764b2987c1a20ac8,66031,143934,167,True
MIX,2024-10-04,47d5a9f7d899825205772cc6bbf3609a6974c06ef71cba6d347d40ca43635a05,45825,102528,167,True
MIX,2024-10-07,45e4ff219779c595533ec6edfb5c9a0484c0bf8c4d639f92eb33da796f3b5a15,42999,90088,167,True
MIX,2024-10-08,4f8d49ac94a105a7cae2a2ee6d01ee2b233cf49321e755b7315bb1fe05a0930c,41465,79365,167,True
MIX,2024-10-09,c18c386c3594419e15366e1b74eb125417a68e83ca00c3d69d2829203697e2db,42150,87427,167,True
MIX,2024-10-10,a610164f24e9322c5d82444a619902efe1796151f7bf045ec60ba9802364984c,38572,77220,167,True
MIX,2024-10-11,9d7ec31acbd2b3b32b899cca6ca30ba7edbcb7107ccaf7163f4ca9f6c2f198dc,31636,63430,167,True
MIX,2024-10-14,c2f6cd0016f83215a4a6584f7797cf38216b12ffd79c84bd1b97dfd570c6490f,48462,101768,167,True
MIX,2024-10-15,5faa407488526462e214704ccaa0ef5f003351ce48f6efc45328bf2cd2c4055e,41657,85573,167,True
MIX,2024-10-16,2db53365b80304de0973cec5e810ff850fd7d09181424f95bf1ecf5a86a26e2e,44242,95527,167,True
MIX,2024-10-17,f1a48a9120f358d44f9e06958affe7af2dfeca1610dbee4ad38abe1f9b566e87,36852,80415,167,True
MIX,2024-10-18,642f332de1c4aef72bb8576652efd4f67ba9b618feb160a74feb04d196d81b06,34494,74134,167,True
MIX,2024-10-21,6a66feddfc63ccad2ea98c474d92d9a2b8452fae35973abe566606ead167021e,23670,49714,167,True
MIX,2024-10-22,d8ff4c920e8daecd2e03795e00fc7dc077a24bab81a4ee13bd5edba14a3badc2,26493,55367,167,True
MIX,2024-10-23,3c4aaa353586df70c76c46e0581ff87c4fe425e387ec63f54d64ab40eb16f6a5,35815,76403,167,True
MIX,2024-10-24,a86ab316832b317d61f5fb3d427c8c42f10dbfe9ac8065c13a7193935b155a7d,40822,91113,167,True
MIX,2024-10-25,3fe763a40d135b6a5ad29ecaf52c677713ba23cf1a4338d9603d75ffb114cb34,90042,217345,167,True
MIX,2024-10-28,b98007b8b7431661f525f0dfd0852fb633ba3bb1fd8cad537da778bc5d574d16,72999,175649,167,True
MIX,2024-10-29,6615655eb526a8a99370d55b38225cc12d92f4ddb33ab6baa2513dab3a008f37,71840,167950,167,True
MIX,2024-10-30,0e65ede825d1f7c2e27e972d1b8ed1bcaa9c24778f03a44649805ea7a4721c38,61975,139735,167,True
MIX,2024-10-31,38dd4104f247d54fee828c4f5526951c4e825ce630704fb8cb85a6eb0f9df3d9,69708,162394,167,True
MIX,2024-11-01,3269b2d78a649a26f5727d8d806d6bb863569fe10a704f04b30aa86885949e07,52158,124033,167,True
MIX,2024-11-05,da81a6ab3697b93c94af71840eca9d7ce080bf307fdae2ebf59d35827391a717,40547,95893,167,True
MIX,2024-11-06,882c188e861b1c52cb58660e6298a6764fad68934baf5d243521f2d865ad791c,77541,202837,167,True
MIX,2024-11-07,b8d82062d3a9591876d14d48d76b1bf020745a1b40696bb9379938f6be51acc0,59025,151499,167,True
MIX,2024-11-08,d43f2f7defa51dbc81011eb0dc14c8b2b39cdeb8619ce6024bd44823d1f07140,74824,194673,167,True
MIX,2024-11-11,4c4e2a16e40206b6822f1d28b6b0210ef5eb5dc4ab5a275c8c3c157659dfb408,62924,145712,167,True
MIX,2024-11-12,aaf493c5cf85fbfc9f44255b34082f475279ce4a5fba593177bce9f6e592e55c,56090,144080,167,True
MIX,2024-11-13,5b16894d119f57aacee196f32e075ccbb1f62e608a6f98cf8740ff0506e07837,58387,144439,167,True
MIX,2024-11-14,65205f09c1934494b72c53e2137166f1492d210d7fd1081be775bd867db764e4,53227,131889,167,True
MIX,2024-11-15,bf1431542ff7e60299c9548462955bd187d7fe202a83d137f707b701c2e029cd,54051,133295,167,True
MIX,2024-11-18,719b45ea7f6a2498f97802482145bb7751c21ad03162d84e7c01d82dca9c5f77,62993,173879,167,True
MIX,2024-11-19,1b7529a080d0432fa26edfcbb8a99661c5ad1d54e762c6b13ff90cfbd6db2637,84926,222951,167,True
MIX,2024-11-20,b490d4fd7f9a3d43a4439582ec162eab83eb86293f385ebe6f59e300f2899ff2,96003,276739,167,True
MIX,2024-11-21,06b49f42b6de748f81e01167f1c3a0a5e0732988fce4a012e7cb14d26321b1c8,105978,284715,167,True
MIX,2024-11-22,84b993194f7466a14c7b43c180128d9a13e5f8562afdb45885afc1afb36110de,67183,175779,167,True
MIX,2024-11-25,4d60afe0bad9ba2912c28a04ef1130a88b2298fd505e5a8b09f98802091d6798,84607,210301,167,True
MIX,2024-11-26,b213008f742e8f2bf4c97d9721a33f596e0f8c35d4c4ab7e6ce2576449bd9b99,99069,258431,167,True
MIX,2024-11-27,5daed20720d1e76caf98eb935b660feae210d01f81ea940f698b6ca3c9903703,150571,375515,167,True
MIX,2024-11-28,3365ca4c0d7a39ff53806a8f2b13f71691972b548d02b49cdea8e23145c1c4db,100464,247223,167,True
MIX,2024-11-29,fbf282cc1166786eac42f723bfcf721c2c85112c7a8d014333dc42a64e3cc84b,68275,159494,167,True
MIX,2024-12-02,dae4309886561219b34bf694e4a661cc195866cb8aba51ed6fa2c470d4c4d3f4,48348,110463,167,True
MIX,2024-12-03,aee70f1fb41b37452ec790a6ecbe7c4eb1ff0d7d516627d944820d87e1e926f5,62713,153232,167,True
MIX,2024-12-04,df6e2f7b668d7c23b841dc74a61f44bba733fc368150ff90e0631ccf746a1dd2,99536,256583,167,True
MIX,2024-12-05,6fdc7e267fed037a01e179a6be1e6139e21e4b0cdc83b03b8a23da8de2a299a2,130976,328516,167,True
MIX,2024-12-06,205b157a08e2ac29d9d3a590208785f4f96e4c4ec5ff39ac6791f94fa1afb997,83117,207167,167,True
MIX,2024-12-09,a75243e153837ee1ba798f1fc0445f8cf53849ef8fd1cee7a64e9904b1255bcd,62579,139570,167,True
MIX,2024-12-10,cec2279f3842ba03ac2c5d1c2740057b3195fccd32c0b703a7ad202f70e2f2a1,82383,199570,167,True
MIX,2024-12-11,f333dca279015640b6cd96e6879f29855263026aa9e0377a14f100cfa0fb15c8,81476,192676,167,True
MIX,2024-12-12,aba6321ab63c3edfa3558b602a4d56bf5abf4da119f3aecf57d1a1439a29f116,71159,169856,167,True
MIX,2024-12-13,b8c663d635d159b93cae16b13d08b47e01c63611185a8013189580f776ef3655,50130,117455,167,True
MIX,2024-12-16,422893d0c507260b894a1c4221191ec1be4fe6d2fcdf7849427a0509e0110af7,73326,181685,167,True
MIX,2024-12-17,aac25432ee99a3f5cd834dfd6dd10293b0c5ecad99adc8be420c8b7d010e082f,64125,147330,167,True
MIX,2024-12-18,e5458166880c52c90f2a26bf1f2d3cdc99b9cd0c59452ecb2d1df6134412d9f3,49753,122191,167,True
MIX,2024-12-19,db9bee8dee2a95146290e88649c63fa2a6563b7dfa82f31ea788def0385d176b,21317,69539,107,True
MIX,2024-12-20,9f03c21af20f0e967740865ad3b70fb81cd6ea0ec0013e492a083b8cbd175ad5,13298,31866,57,True
MIX,2024-12-23,5c9325aa014b363055132d3422fb1924c8b8b6c660883d1e7f6681c50c942e45,102381,230567,167,True
MIX,2024-12-24,c54315623d5518fd339e542359071ab72ad554fcd23099063bb07373b3d8ef3c,76959,164694,167,True
MIX,2024-12-25,915d374e5ef0a79fa88757b2bc9f9500f5a8aafe8cae1d0221264f80451c5e01,80417,184322,167,True
MIX,2024-12-26,9ceb59d3febc21ca56d8a0cfe0bd89d981dee42cd6eb994c4d00cc707074b9b9,67086,143968,167,True
MIX,2024-12-27,d58f72492c6d316d2adf27a84d4c19545e12c775ecdb64ca41826b49de0a3e00,41241,90759,167,True
MIX,2024-12-30,2674dd32831a794c83bc2e1fd2cc958ca63bb9564fc0a8de6566af12980a3b0a,47958,111523,167,True
MIX,2025-01-03,882776467cf5be0949703ea7524c533fdc2ce26a3fcb3ff9953711cbbacb0ddf,44684,106893,167,True
MIX,2025-01-06,90e89ad5599fded8b48dd4e9617a449e0dc2b6b6f1a9facf19daced9803f5c5b,32402,69306,167,True
MIX,2025-01-08,4d41c5b014a4aa363785cfc68aeefa419f4145d87590d97794565ecdab2d8f58,28884,63375,167,True
MIX,2025-01-09,1d1ed12b798e9ff15b05742e47904a10408d13a637fa369717730df204fb9997,73358,169827,167,True
MIX,2025-01-10,64718d31c97049377893c376d471b23d24d9d6c18424619cb503d166cc709b4e,92404,238398,167,True
MIX,2025-01-13,33b498805a53b79d6f9a6e9171403a7d41b3b383264bb0c8a26605d19f086aeb,87843,210084,167,True
MIX,2025-01-14,bf2a270a6937014c2aa3700605f2bac78c640f610d345d0133fcca64ae94744c,61848,133981,167,True
MIX,2025-01-15,6645567ddd29fbbe78eb3b516914971f34b014571d5cccaf33519e36a8c4403f,71318,160429,167,True
MIX,2025-01-16,f6d2e68753c8fa03b2483d0e630acdefb3704f151e35be21e6b8b86cdc5cd863,64657,151166,167,True
MIX,2025-01-17,3593b694be8a3de24cc48fa6f299c75d9b5986bb549a8e7ce3e074780a8bbc90,57145,137836,167,True
MIX,2025-01-20,4f6297819aff16a67b4e339c74aa9a8d6e497e709e540aa38cc1ef157dcbcf72,101311,242570,167,True
MIX,2025-01-21,8f559773369614086cca569958543f5efed600bca8195f5501d75812c5299d16,72040,174563,167,True
MIX,2025-01-22,457d91c3890d692057d64c225862039f6b540bd30a88f687de3e18bbc77f3838,82322,209557,167,True
MIX,2025-01-23,214eae3c5fb9fa48ed3e5b7819fbcdf8817393072b5bd769360b49959bdb2155,77975,195136,167,True
MIX,2025-01-24,c7d2cd0304bc703f9d6d7a1c1ec0c0e278ba8a2d38ca8871dc3dc0a75c533052,65525,158781,167,True
MIX,2025-01-27,8a9888def00fbd6db7a8305ac16840c7a3581bd381e9a9827968c0c7842dbf65,79909,201448,179,True
MIX,2025-01-28,9b712b5c7a35ba6ee703405fe40afa451e6a7992f3289357ee9949bbf1de90dd,75559,191674,179,True
MIX,2025-01-29,e0b553e26906eddc21754cf8d60cd41c73bbeabd8b46aff502e437bb4a735fee,57442,142475,179,True
MIX,2025-01-30,ce8d4f30b279a92af6c08eb8db63d869740589f1de331ced2852ce84aa5aa3c3,46708,118510,179,True
MIX,2025-01-31,39dd99be06976a293cb4cedb3ea12cf991e46c926c9e94b968debd3924efa3f6,63493,154069,179,True
MIX,2025-02-03,a2924453e9bb074fe0d41adf43a17272dc3dc5668b1adce15edb27afcb91f8d6,58141,146662,179,True
MIX,2025-02-04,fcd1b53adc57677f911c2e3d3344c1c0d99082f8a2ce758581bc041049be29a0,49523,120288,179,True
MIX,2025-02-05,c8b0791daf37b8197180bc95cc791836e77d5b6438ac08be02c3d2a290d13dd0,75092,202365,179,True
MIX,2025-02-06,837922b1a6240f525fe8226d0ebb96192d77d975828507d28a62a2426e95cc75,54065,139111,179,True
MIX,2025-02-07,1bca11616412a0038274f3873e430ad702cf90cfa51e260e9103d76ef23935d1,45136,109949,179,True
MIX,2025-02-10,c3e1663574e00f14507bd6887a6301778c9bf7585e80883bdf1224a0468b36a5,57989,150770,179,True
MIX,2025-02-11,ca8acd1ab939faf04de4d09f3fa420c18f52f785dfe57bee5ebe484f017d838e,56840,131605,179,True
MIX,2025-02-12,6452cad793b3b0750644f1db07268e10cb59ab5e9af893898eab7cf35f80cb70,122987,303455,179,True
MIX,2025-02-13,570aecff466662dd1cc09b6e5dc1da368347ed62f1b902ae1aee8b7e0c644a59,106961,264718,179,True
MIX,2025-02-14,ec92de1095ab1ae5ca946980396fc065d68d14d7dd9da41a89e6d974d6d62d69,148758,357713,179,True
MIX,2025-02-17,4dc090d18434b37712b3383475210b5323b748c9b8987ed547f5f561f6a79806,92643,218933,179,True
MIX,2025-02-18,8e8bfb543b4a431093980dfcc8ecf129333830b041c99349ce9e14569e7e7be3,165501,390228,179,True
MIX,2025-02-19,fd5c6520482b07fd9075f96a62dece43ff621660330e4a77cd4c2d7db574dc18,90820,212957,179,True
MIX,2025-02-20,67797bd6025cd32d4320a6f8afb2f27ea7c85df4b2e044465cdcb0590a249bdc,66356,160076,179,True
MIX,2025-02-21,4dc1bc18eadd36388694c88dea3e430b3432c9d17e5372c9384566d3266743bd,65211,164964,179,True
MIX,2025-02-24,de8e505422da9a653d941916f3bce708f3bfe57d0eed13f10ff8005af660fa79,66124,153061,179,True
MIX,2025-02-25,054866537b082c89c4008fceaea7ce116d53394b1137e69ccb3c5cce57ec83fb,76856,171154,179,True
MIX,2025-02-26,579bec1e7a8ac113b81f91baa83adc564b787c3106f929cfc9f6916bc26bb7b0,131419,295861,179,True
MIX,2025-02-27,7e4acbf9b8b5f7e2743f36ba111b3a2d1572269b0f3e0a7109833e8917d84c28,120996,266439,179,True
MIX,2025-02-28,63bba7fc9b77633ecd156e1319e52890f046fb2c75477de1ec0f38579cffa290,146232,309778,179,True
MIX,2025-03-03,385b35f6ed850a8b6a8ec8b49816c99ecc1f047f1d579cff3c0deec9318ab39f,129773,288137,179,True
MIX,2025-03-04,046177b1741ee0b1046f3fc9714319575a4ee91a24f8282629044ce9c2b3cbaa,99375,220190,179,True
MIX,2025-03-05,b76641de24bc9c2417e7078e24612558305f5f7ff3b83f4617ae5be793fc56f5,114225,236421,179,True
MIX,2025-03-06,f8bd3df8fa92b126840aca8f09c953a9d71718c283d2e4ad971fdf02095d4687,88208,189038,179,True
MIX,2025-03-07,f9b1b295ce622bc9ee9e12eb43bbb2c0e6da5c2f2b890cbdd44421cbfe638f66,115145,258166,179,True
MIX,2025-03-10,605f8c0600cc84426e6329348d60baf1080c44b10935e7eaf975351d4dac2028,62914,123187,179,True
MIX,2025-03-11,ec7b32a2258843ba1c2ed476573b56562f49674063369f69a1ded3155b621331,95418,194234,179,True
MIX,2025-03-12,c09930e4cbd5ef9fdc55af76700dcfc774d8774000278b9ac158ce832648d82d,65033,131839,179,True
MIX,2025-03-13,f28dce87594f77bb6f315bd4174913be988f810c20c0895d7715773e69cf3111,145406,309433,179,True
MIX,2025-03-14,3a8a8f209d022059d58bfc68daeaef358c362b54e910a562513fb9bfe8fc9a3b,73986,141330,179,True
MIX,2025-03-17,2542d588ee07873a726001df585224c05eac2fe71680235aaf10054caa8bbfe8,69630,132140,179,True
MIX,2025-03-18,f34ed62c1793f9d590b5188c114ba25e599e1562143256870b323d18916fd05d,120897,231764,179,True
MIX,2025-03-19,e4c3e8d0f3d0c6482f71957e272c28810d2e30c0645a10dc269766c7fc32d803,37438,69024,179,True
MIX,2025-03-20,a6ae8153766d59c83c9118d8bc8d3a632356fb7d8bd1ae3076b10ba2be91577b,58805,117789,179,True
MIX,2025-03-21,714000bb447f4b5a1a063e9cb3a6e2f6fa87db8e2d621ab836855913e0c95cbd,51622,115146,179,True
MIX,2025-03-24,a19346446478a4114c9f8c8220f6ab16b557c996ab5949582117276a302fcee3,46661,96391,179,True
MIX,2025-03-25,f914089d1f73c35367b860fbbb8cc766333beb56c2df0d3d423830475d9aca5f,66613,155498,179,True
MIX,2025-03-26,140d27776433fe17466576a4016a2d8fbd1c3ee1b48b41e4be5fdf846de24081,46580,107167,179,True
MIX,2025-03-27,b1b04137b64e6b1cb3381cb6398aca0370fc65e9f0c5a28fba6d453c05d14243,61707,137049,179,True
MIX,2025-03-28,ac5b01a76c084b735cd8b301477c3a0142ec31fe15b71ad1355cf936931670c1,83336,176694,179,True
MIX,2025-03-31,163acea96c7195fd1c774c6027036f63babdbf51ccf138115aeba1c0f85b1659,73615,147179,179,True
MIX,2025-04-01,6ccf47b2d1313d63ee616e688ead28c4cd0466b9b976331ee5cd5f09027c3598,96112,199512,179,True
MIX,2025-04-02,c30f51f155c2ed1378ca4aece0bfd06a181440316bcc70f622e356cb6823e35b,93604,192172,179,True
MIX,2025-04-03,ade5fb1bdf6c824ff5288cc4543a12b27667c6db15e7f0212c4017ff85c06f57,128141,259912,179,True
MIX,2025-04-04,90449eaf8051ce53498559c0cf4bea11a0ad026a96cd44821197ee2744a591ce,136678,286518,179,True
MIX,2025-04-07,751e79da8e520674d81ea4a47a58837ea4bfc00e1f920d551906411807fd8653,197672,395068,179,True
MIX,2025-04-08,490791aeaabd4d8e680d620407a75ed62afb323d4b6d5e6c852320a1b58040c5,119237,234668,179,True
MIX,2025-04-09,9118e81a4616d1bb230a3aa5d9e56efa3e848662e0090c3c25367697d2a4d1f2,190886,385409,179,True
MIX,2025-04-10,2c6beeaa283f52c5477577e62cd92acd8c98e85272d37cdf9c02488ec1d95116,132088,242322,179,True
MIX,2025-04-11,d1720989524ef1dbce7f19df106515257580adc5b39a073e306b817181897d23,116674,220307,179,True
MIX,2025-04-14,7dc75d9b3fd3454c9798a80a0b8f4777eb1f36087180c04a7265d13f1c1ea901,80924,160528,179,True
MIX,2025-04-15,bfd3202c30c2a90f2c1a80d11bf41b2b9575e547147e96729303f7bd974e6c5b,73839,141569,179,True
MIX,2025-04-16,626a6bd53ea19086c81bb697e87ee19a9f7d1ce2b4719ff0966bf9570e43b7f6,86170,161215,179,True
MIX,2025-04-17,78514aee69c79a0f1e944a49b494bf0fd1578a5e9a0276387ed6d803067a6a2a,82285,167708,179,True
MIX,2025-04-18,4b6c83760b391d0d2797f40bb1795dec20c2e884d4b2de8cd3103dd1e221161f,101087,198177,179,True
MIX,2025-04-21,7ce0657d7a58e875c8198f78acee6decf6d5ab37fea66411a15bc9176c98f687,77588,151654,179,True
MIX,2025-04-22,246619a545c556fecfc1d932999111115b1db95eeb6e85ebbd52bf13640a9121,103940,208365,179,True
MIX,2025-04-23,23b7b5524469612ca7a61d41893ed1decc4eda711678b3aa83dc4135c8f97adc,111660,223676,179,True
MIX,2025-04-24,2c4a3bcf25a755450d309d77a727fa55195e39216f7fcc1671faad0256eae795,58410,120154,179,True
MIX,2025-04-25,1468042cd1e318a0006bcb1959cb50669ca6789bc40d01cb3e4ad468c32d7dfc,95871,198583,179,True
MIX,2025-04-28,dfe9dc99898f117aabb75bf32f2e1310d23d93b6433450850c9b8b5374c3f706,117268,244285,179,True
MIX,2025-04-29,3e6019dc44be9307c755b51f9bd7e3caeced6ce88d219325c8cceb8b9af59fa1,89350,171959,179,True
MIX,2025-04-30,d142b4614446278e32c3a1dea3ace25895e8663e7146cd4255e09f9381a338dc,108817,223220,179,True
MIX,2025-05-02,568c195a2f3bb11f3c746e571ceafc136e37e40a4a7dbfd31376076914c65eab,64156,128143,179,True
MIX,2025-05-05,0731f5f9da28d5368d771b031bfc98ffdb3eb7ffa161bf0648605ad9b46130fc,95551,192627,179,True
MIX,2025-05-06,7a59201247108150b66837ad3dae5c4c6359192a11af325ae4750de74d435ca2,106381,224778,179,True
MIX,2025-05-07,81e03e175c2cf76bfb7032ac606fa3d975a7076b54e43c45a25b060d74edd87e,104574,221630,179,True
MIX,2025-05-08,62f053f2852b41bac7ccd6bcf99c2249bdc53087aef2167c925644ef6d02ec41,63583,121917,179,True
MIX,2025-05-12,a3773afe5fa7feaf510d8eec31d51641d597ede9070e532aab0882fd96afc4bf,77227,163072,179,True
MIX,2025-05-13,ac17673c09ac406aac26ab503a08af3c2b929b86c9bfe123e4db737ee0244e29,67194,137369,179,True
MIX,2025-05-14,907c5983a56a38e8b0f278690d0d2ac2d4a9bbb390bb1c783a83a75a5ef61feb,78250,163281,179,True
MIX,2025-05-15,3904d664ccc22c2ec2f49fb49810f4f96c78076610cbecde27b66743137cca98,115234,242008,179,True
MIX,2025-05-16,f87f7e925d34a20bb93e88f5536ed230d2bb872c5010a6fa9dbf56026036e95e,134425,297392,179,True
MIX,2025-05-19,e89deb37c96898fe88e4521d59e33926fd2af224af7759c8a1618445418172b6,121526,251629,179,True
MIX,2025-05-20,0c0d03157f6c5220b0921f0b7c71bc7201d22569fd9d3c13f969e99fe2e3558d,52361,106799,179,True
MIX,2025-05-21,38bd7f67a6ef1a5f079e85faddac0ccc678931e4ca29b6bb3726318e800df644,55347,110694,179,True
MIX,2025-05-22,bfe02e6cc9cfca75398f37d2200bb4f0291440ca6f72172282eaaefecc3926e7,96844,202763,179,True
MIX,2025-05-23,5cab3c5a3345aa6bf9fee139a322ce131ef22ab9882999454bf9f137bbbfcfa9,56470,113089,179,True
MIX,2025-05-26,1fe7f683b4098d4354d78dd146de7efa978ac619cedbffd8ab57d6dbbfbd6826,62569,139971,179,True
MIX,2025-05-27,1c662950f9bf3a981b59289d8d257eb9f93d42f0c7de453f289a2801b3bc4b27,62732,140598,179,True
MIX,2025-05-28,264a8c021bd304f9a0d7a1f43aec6aaec4e0cf1e1631321bead1122f10655edb,80724,196028,179,True
MIX,2025-05-29,03a28a196b6489a3bf252a514d33abefb07a7439fd5576120a39b1c2cb1e9aa8,71748,158924,179,True
MIX,2025-05-30,8d72be350bef265c0e19149be21a2d57de8715a1588c25bd6ce84ae8654d5bf6,60855,126794,179,True
MIX,2025-06-02,74dd537ed18352e71164b7909625de8b529ffb476e0b017d0b211c8e7ccef56e,89428,207801,179,True
MIX,2025-06-03,00d6f516cce916ec6410ee79ac64f618e8ab5644b786e317efba6e372177ac76,62344,134496,179,True
MIX,2025-06-04,5f65db05c4981569cbf4ed3f929902ff66b25b659ca020bcca60d39ab615a81c,89783,203154,179,True
MIX,2025-06-05,dc510cfcad7a73e619161c9bd1203636d333d87f43fbd1971f455218cfabee0f,44474,94647,179,True
MIX,2025-06-06,0f92de52a2f8323b4cf70c14a25a183e5915a2194d156bc08c09861a987d9492,189038,418253,179,True
MIX,2025-06-09,0f1d9218e2928f98938e828397eb2f77304de7b5d806e7a312bd4b0e4b10667b,74102,160439,179,True
MIX,2025-06-10,ff74a7bfd3b24270908ff3e252d441b012e3d708daf0e8968d0fef8ec648404c,71254,155964,179,True
MIX,2025-06-11,0ca8f823b18e3b25de4c96eef45b28f54c48b4e73c651ea21a82d77e7d8f3a7f,61967,130858,179,True
MIX,2025-06-13,d2a3651588aa02ef19b117a44a80bc8084391c3828c8fd5b293b5ffc7eb1d4c0,40512,83374,179,True
MIX,2025-06-16,eba2e0e4f5371e0c74651d38269f46c0e7a92e86c17b93af24af28eccbb36f0e,54288,112731,179,True
MIX,2025-06-17,72c3b778b2e988afae04070998a089e748205f670a1570f607b990e2d44d341d,65408,138857,179,True
MIX,2025-06-18,43e4edddce5af9a76672890c1aa23edb933900c554ced1aa67271560d3280efc,41314,78511,179,True
MIX,2025-06-19,4ecacd830e35f2be7681ed5f7de36e47c8c2da471ebc08f9d416cffadc2a48e2,53858,118744,179,True
MIX,2025-06-20,acd6f4f10af0dffe221599f4e7e070bdf779acc84c492e716919325e4aab28be,46917,106131,179,True
MIX,2025-06-23,9169a4057ab64df61ac6f2e040aa3723d2c255f10621de0d6386bc0c4812963e,54509,123166,179,True
MIX,2025-06-24,8f255a9cf3a7a6695ed0251f1245bef81674f8d736dad7379c13c0a194d1c69d,57613,133111,179,True
MIX,2025-06-25,5d6cdb2863e672a4afddb4f08a79f785a61b6b26ce036d429404192a45249c49,42598,100844,179,True
MIX,2025-06-26,8817d19ff8acc69c7ee99b9358764bc64af0ea387e0223247cc4ca421aa27570,37113,84942,179,True
MIX,2025-06-27,b49844f8db16f1f32126e982cad69d659d793721a9005dd43fab75384a6fa9b8,49238,116601,179,True
MIX,2025-06-30,a39c3ae29ae51d104df78aff777b476a481de3c09b645dd9ffe7ce953a7c74d9,49326,111312,179,True
MIX,2025-07-01,2f058a1ed005d05de1a6eb9be556b66e4071e80cba4807bb825ca553a0434dc6,50844,114975,179,True
MIX,2025-07-02,a337b21bb748a263c90da5acaceec86a89c2873dc9ba183c5007b3dda46646f3,61237,139395,179,True
MIX,2025-07-03,a8c82575df0553e0075a0df6aa2a9ae1337e83b450ce3d1240c24f92e5f88a4b,65823,144739,179,True
MIX,2025-07-04,8dcac2a03c03ddabc2b46880e19a40533e0b52aa2a683e43c4042e2719f914f5,56699,129331,179,True
MIX,2025-07-07,5017c9dc0b192314373c5715ac665a0fcc8c0f3af05f49bb7ba2528622d6a8be,54662,120367,179,True
MIX,2025-07-08,a5de8ac188bce0c2a0a81f9a63e83c24bd6c1184083e59c2177382c6d51032b1,65566,149098,179,True
MIX,2025-07-09,d56b042e2f5242f4a71d92275b87f04253eee557023ef2973bfb8ef1253ad529,78431,177315,179,True
MIX,2025-07-10,e384329927ed5ab2543d2ace7476dd38ec49557fcd0614ea59bf7d0025a19554,55596,124058,179,True
MIX,2025-07-11,f703caaf3d9e7b756e9a45180afcb253d8535984d952e70d6217f44a48f5a7a7,87624,197613,179,True
MIX,2025-07-14,df2462262ae68a7c288cb1ab4fb849372fb0ce4cffa0668100ef9866235cc42e,118729,266428,179,True
MIX,2025-07-15,13dc2d4eb17d2deadbc97a509552dc8e78eb6510dacfe67c6783fae5dd07697a,51750,114290,179,True
MIX,2025-07-16,e664f15c5132a1c6808c5829ada3aa8f7381e009545fc18940bb40c918aa001c,58795,136150,179,True
MIX,2025-07-17,6d906649004d44c07037d6ab1f1c4c08d6a8c1f6d6d5b902269a3008db29ef4d,57032,121453,179,True
MIX,2025-07-18,7e9da7b8e2bc1f16d278994f7a6c9c20358f8079980ba243e66622f7ac795187,82099,184579,179,True
MIX,2025-07-21,ccb6dc232fb780544d3b5b97157dc06a375f73906e7a3d8a32e68a92cd653077,59494,132608,179,True
MIX,2025-07-22,4866c883b4d66eda9f60f7577a4de26e8f39054e4aac756554b3ba13faa336b6,49564,110846,179,True
MIX,2025-07-23,99f544bd4c4b57c68f46387e5520ebd8ecf340b857f57597b2fa643beb5d8e34,55998,131612,179,True
MIX,2025-07-24,dadada878b933f7ab47b6db9c939ba17739c4db7614407f18a5c8a74c9c60bf7,46636,109925,179,True
MIX,2025-07-25,9c1a43f58d5a9b264a96124a04526a883e7e53343e26e8ff490c229f039e49ee,108215,263630,179,True
MIX,2025-07-28,d65c878387be10443605e3e26b7757633e1e6aec6ed0d5dea72be27b2a521cf1,99397,236063,179,True
MIX,2025-07-29,098bcb6f24e4c05637549c735b7fd181dab7426d30c012ad9be7f9e2ff125d52,68450,164166,179,True
MIX,2025-07-30,5ba6bb95b1a06e6e32e7f6891d2f731b66b14b013c1e23df681ad852d786e973,51268,122175,179,True
MIX,2025-07-31,bde39a2dfd6ade3cd84ebe00e3fd063a407cdebb61144df5af3d7fd9da39b7de,46786,108062,179,True
MIX,2025-08-01,2cb169a804929706e4125114158caf6cc5bba4496d5cb8afa37161cbd354007c,52595,126250,179,True
MIX,2025-08-04,107141799b54a75c504e303db24d0420a6e98b25e1caf6aee1479fe2c79ffebc,50808,120562,179,True
MIX,2025-08-05,bbad0e1e49189b0aee1907ba6cf4eee7dd2779eb5539ae20398720f635180348,57240,137253,179,True
MIX,2025-08-06,5cc2a8347414a3d304e737a449d2f554e479ec3288992186fd0a40ae2d987035,193174,462439,179,True
MIX,2025-08-07,16df71d7d90f9c21ff894cbcb9b576de9ae2a1e0364c103aad4c7f80cc383955,163121,411300,179,True
MIX,2025-08-08,cdaea5c81c17f9c68d78fdc20cdbd5800a557e9f2dbd552b2f37034f7fff67ef,85756,203513,179,True
MIX,2025-08-11,5f3227064f4d171e03e32da91259cc907f1473f9652f0ac23b625a183896d66d,83309,187138,179,True
MIX,2025-08-12,bcbde7805f6547a945cadb4a1059900e0cc27d56a9210ca1581b467cb3868b82,44795,94248,179,True
MIX,2025-08-13,f1f2ae521a8052f805269828695f4e38a1eecdda06eca166343699b050aaacec,63183,140354,179,True
MIX,2025-08-14,d03269a8be1281ef25bb4024f3090f46a0c04351f0d22a7988ac59e289ea5cdc,66740,157464,179,True
MIX,2025-08-15,96edd2f2dfc2b1b9919e2de8fa862bc40eae8471bd95fc2f533e29b476e9b1f8,56585,134695,179,True
MIX,2025-08-18,06caa189d369da7bac90b5f3b31080da130bd1f2987de70c15620d95d3b8cb21,114224,241130,179,True
MIX,2025-08-19,8b26098cf00daa127bfaf44c7b617a4d46f2dc4738ba8356dbf782c908ae647f,70756,169789,179,True
MIX,2025-08-20,8410c2cfb46753621d20f61670cc3b292fe87f179500c36372c565da9ec49e94,61912,140181,179,True
MIX,2025-08-21,f20412de69ed32e83771f280c69db89b0e1fc7152a2754f2fdf77aa48fe89c53,106795,246988,179,True
MIX,2025-08-22,c15bc3304404b7deefe3b953f864b5b9a9d044d0323037394913b4eba832d9d1,73914,158165,179,True
MIX,2025-08-25,356a217d8c7ba40cfc1f0f0469696ef5d5c71efd543b7ee0329dab87ce04b53b,68429,158416,179,True
MIX,2025-08-26,dc23c2a196998b7fecc03365ba1f4fa54e85320e04562a830e5ae6586377603a,59538,133924,179,True
MIX,2025-08-27,466afc4ef747ee29181b6f56fa4194812a05562585d9f6929bae3213fa1e3643,52485,116706,179,True
MIX,2025-08-28,0779fc588892bf4f62e7c7e062d7220eab8c5bc55f92a03471285cf63eca94f9,74040,168235,179,True
MIX,2025-08-29,98df5685686feffceb4a9ceabfbff3fb6678b6e68b7ba0063ae16a718d9cda8a,62065,142397,179,True
MIX,2025-09-01,ff4651ca8015f043b357eface7e705a7b27ea57954a472527accb8009b4c1084,44825,95816,179,True
MIX,2025-09-02,a3ebe75c9bd1d177be246238dfcab67f3aebf0a1392c64ecd2bf4fa8ca8ca2e5,85578,184967,179,True
MIX,2025-09-03,95fe18bbf6427e0b8222ac3ba857aef06432e60eb1e9fe2365a1e91ed7845e28,62452,141070,179,True
MIX,2025-09-04,97c489686b525433b232c9f1be7f5e4bd7d976abebca527d70fc8fcc27741b5c,65336,151793,179,True
MIX,2025-09-05,8048b6121602134ea323f1466b7633cabc78efadb2f64906337008fc35491930,45460,96299,179,True
MIX,2025-09-08,cfc6d69f2288d3134fc1a33e7dec19899049f16fb0c5ffa1d0e6a3bfe3bb9afb,36447,78234,179,True
MIX,2025-09-09,2a68388dab07d522934debe4f10432e4dd9293e62632d7f44697dcb91eabab7c,49483,110623,179,True
MIX,2025-09-10,d7e1a7c4e947c5130851bcd8418ee3ace577eb977e3d62f5b19fad93573164dc,64156,145884,179,True
MIX,2025-09-11,f0b7af6840bcdb88698d2baee33fdc40362c015084f6b8ff22918b43905ef30d,52100,112689,179,True
MIX,2025-09-12,b10e56a6bfd3e8da9bd7ae73536d799f29b24bb88ef0e8468860d5073d049d46,120830,290542,179,True
MIX,2025-09-15,59785bb172054862c91b2f46c30918858055262a36d0e687b2fb05d6ea7a30e2,63654,137337,179,True
MIX,2025-09-16,4641b72a6795edf175ecbc5977184115cda999983067550b37e1e87868f8e4c8,93611,186789,179,True
MIX,2025-09-17,97c4a84ec9a847ee5b41eeedba42ae92788a3782e613aae1237024ae1358d655,56944,124611,179,True
MIX,2025-09-18,56ff0fb4e0893d4cea986543add810847f2422003980e72d972cdd5e10554a3c,85997,197902,179,True
MIX,2025-09-19,8943f7f3481b73c0bc05848b209db632a34a0bcf0eb8737dd2465ced703b6d4c,112616,236631,179,True
MIX,2025-09-22,b8e1ca912d83e0cf4a5a36c659d2571a97177f26fb857f4860ef4cf2c0b74ffa,136513,283261,179,True
MIX,2025-09-23,a487498542b3f41bf59e4319634b421f2e35a648fa1257bedd9ebd6020e0a962,121207,257297,179,True
MIX,2025-09-24,3c1b006d9ddfbe06e233c3de3beccb4fdbd85cc34d93ee8b49c07669731537b8,118937,264507,179,True
MIX,2025-09-25,05736874f8e360de3682540d792ba1405649a23c53ccc92c74e5a5b8611aebef,74811,165392,179,True
MIX,2025-09-26,4491ccb752e5c7c27ad8c19aa190234b44d683b3057e1716e782d136b7c1c862,76994,174302,179,True
MIX,2025-09-29,1155643f579ff3b2bc64163accf622b9f4dae234f5fa2c8007a1d6bdb22ec827,97992,227332,179,True
MIX,2025-09-30,3a2ccccc8c2f6d1176d2ef0cd29f71fcfe160f9b0cab05619dec9522c2376a54,97844,225357,179,True
MIX,2025-10-01,2aaaf2d0e1a147c58ec9df8daaccfc6ed61d6506946b94457a7630a25625d397,83707,194931,179,True
MIX,2025-10-02,a22cd1f5db37b09d024d797c6c3ca84db18260d95e654d37e73a0442555c4752,81303,178320,179,True
MIX,2025-10-03,15637749db65ef8d501f5dbe45f20f37b00c132134cd955986a4ec2b3ccaa2cd,78049,185207,179,True
MIX,2025-10-06,4640dbdbf9aae10f0beeb7d03b810c47c7dfc52dcac92eea5115cd56cc4b2b15,135455,321861,179,True
MIX,2025-10-07,5313f2c8076f669fa86d24b9d92f50116509667a7c0f11e9e7e9e961cf502c16,83805,193548,179,True
MIX,2025-10-08,62783f7f82b01646d0bfdc5615e137199c2bcad2df86231ce87054438a11c928,161389,375875,179,True
MIX,2025-10-09,fd6963b3c65a48ffc102160fc79ed5011c8d1f41f9f940a47fdefddfe8d2f554,215462,505271,179,True
MIX,2025-10-10,3cd62e0c08f900223944fd10e17402a54b5ae8266e3f27650ccf610435628688,147474,317268,179,True
MIX,2025-10-13,7201c7e62310e1abbe055557a6f8d4c9409655e030a4d554cf7e347f318e46eb,144273,306489,179,True
MIX,2025-10-14,3d30828f297223f78729a42eea5949b76c340117c5933d85b02f7622781e158e,89679,191685,179,True
MIX,2025-10-15,b97829be3f16cecb3df9b8b312694b97841db84380a366940f58d74d9da69f2e,84324,182737,179,True
MIX,2025-10-16,43f1153db87a24f0c834467f802e77c6a9011298128ffc3ceca0c50b9c13f2fe,236872,543245,179,True
MIX,2025-10-17,86a4a26ef75cc7b167a3b4b9d201bfd69fcc42e1863f087f0cde878f6a57c8dd,147548,318074,179,True
MIX,2025-10-20,628dbda0d60f6771d73341e88bab83637bd7d4e0c5c0b2f60a3d3d45bd10c0b0,78220,174935,179,True
MIX,2025-10-21,2f253c2363f25090cdda5e0ef8fb3c3606bc2dd56e2134f8829ee9460505a0b0,205061,474200,179,True
MIX,2025-10-22,5a9ebd7882feb4903f067eb7798652e8980810a01c37bf0016d44e8c020e4530,166640,366414,179,True
MIX,2025-10-23,50f85dc8e100dc6fde391297d138f803c2a95feb9662db065c67cdab686ee503,122294,270962,179,True
MIX,2025-10-24,8054b0444bd9ac56acb8fec8e8c5c88f5fa6fe5f582700b0661003e9d1cf9f32,150819,350260,179,True
MIX,2025-10-27,4bc50d1649404138fa54931cc3f45389f99c6cf466e9735bd9c0a7a12b51671d,131444,301431,179,True
MIX,2025-10-28,79c4c5a9b430629c8549802745cb8781da40e1d704e54bd988b061d96c536c28,102044,241455,179,True
MIX,2025-10-29,df8f7a2297328d19b65d740c93c6856028fc37ce5ea32e6db255bb2eae5a4a89,75400,164785,179,True
MIX,2025-10-30,6435748a5994d8621103e83c1347bc9989367567f20fa29573775703eb1e6a80,83920,176289,179,True
MIX,2025-10-31,cfc3f6772b0041849a810a4a74fb4731b79568bd86eeceb0fbc5d962c3543d8e,92951,203049,179,True
MIX,2025-11-03,0bb869f42d5e2911e24a56915d3b983a3ee0a0fc98ff0189cefd4a4606ea17fe,40218,87292,179,True
MIX,2025-11-05,23d936eead5241eaf6ad2eb43d04c4a8f82f233602cd7be6090db317e4f94894,92908,214598,179,True
MIX,2025-11-06,244fc6ab6d8d1b7d656cd3dfcbfc25de91d8e6a3186f84b9d8ad21337bd5d88c,51342,108669,179,True
MIX,2025-11-07,346a41e10f46efb46384d92859c7c05afd39ef73bce904d91ffdf904cae6b675,76322,167481,179,True
MIX,2025-11-10,cb0a7c0b73f6d46741967391b492793ab52f8ad07df19c601e1da26624c47181,69389,162290,179,True
MIX,2025-11-11,321e6364e552fc096a2474c1c72e6977d81ef6931383eb38f6f9393254af5866,53572,112872,179,True
MIX,2025-11-12,9047a7296cdf98c4469643f55336e93bbe7b0c9d57f11c66f4706854bc9aace8,70146,155635,179,True
MIX,2025-11-13,a550053742a0152ef5b50854574e2c25e0b6e520cde1cf67a6669933452ed3c6,52090,116970,179,True
MIX,2025-11-14,d4f9a3e42e959fec0aaff62cba694923b89d3464e63c1e595fe2641decb6fae8,51113,111741,179,True
MIX,2025-11-17,533d679311bf235f6ef7d6cdbc18c5c163a6c9f5de6f5988e25efe81e2940416,47754,108298,179,True
MIX,2025-11-18,295aaf40f288b0e7db67dadbe8d850af41378fbe0d799dc59f136aefc1948f53,149282,376093,179,True
MIX,2025-11-19,9a807fc35f93cf86387f53e0f63ec58c8b16435da7754b03088160daa5795c29,244578,597715,179,True
MIX,2025-11-20,b2002cd57973cc5d2e87638f3cde4cfad97a1c8005c696527fd09a128e8e2be0,184028,418058,179,True
MIX,2025-11-21,f544585ee78722052622942e0bc06e53b7dfe9173b508a6a1a02dbaa0856d9ff,133145,319991,179,True
MIX,2025-11-24,8f9bd0153afa6439f883cfcc8af238e72f5f4e2d95e83e647823dd2781451ff8,116385,277213,179,True
MIX,2025-11-25,954548a73234ea67083318f479054f39178b3705fa72635a7d1e167333cf16d1,151366,359828,179,True
MIX,2025-11-26,b4d85f8d1439ecea0ce443673d3b4b60f9b3668572cd0ac781628f888eeb5174,51951,115175,179,True
MIX,2025-11-27,4951192436cd306ea309432a7bb970fffd33bebc01d304be94827283f9735cf1,90805,209387,179,True
MIX,2025-11-28,b5fc966144dffcbf29a2454b9359339f99878f8efb6efb39ec7c4e2fa3cd64e9,86301,208358,179,True
MIX,2025-12-01,46851375ae124e6ed1d2a4f6ffbf587bb004ff86dc858593b1211f574c930dd4,81744,198504,179,True
MIX,2025-12-02,810c98b7a71492d1b37ddfc873fd8032d1861407a9ee3607e01498146140eee2,75887,165426,179,True
MIX,2025-12-03,ca44be96e818aa07de43a026f2246c72c5a644be052dac16b81a4ac8e9a2755d,76906,184579,179,True
MIX,2025-12-04,87d635d2009a9210c3a395f3e4cd0da7340f9021a6b19f85bd0cf62977094343,41282,90052,179,True
MIX,2025-12-05,85ec2404f008c22bf7dbfe1ace33323200e5984b3b5e3f07ebdbc3e8c5ff97ff,94190,221458,179,True
MIX,2025-12-08,63be51e62bba68759a1237e20183937243d8e762199815c0011938dd36ce2186,91643,223773,179,True
MIX,2025-12-09,9818d3fc4447af36aec7ce4ca64dd60e8157e0ed34b68d7b18891b4784b97b60,97506,227391,179,True
MIX,2025-12-10,5ab107fe1fa3b456fbdea61d0479e4e60f8002657c59baac5bd87b6dc392d918,55502,121463,179,True
MIX,2025-12-11,75e7fdc3598f1e6a3e130c660dd6736c22fbded060cdb721532df062cfc677f2,128971,293458,179,True
MIX,2025-12-12,ac27607c8dd046beba8d53fcc318b3383ad1fbba35561cb11ce3de43e7bc5e26,79837,183513,179,True
MIX,2025-12-15,b0ca8cf6a94e2eb1d73e8a1456abf1b9538a24e8b5324988342ada3233e1cc40,93741,206021,179,True
MIX,2025-12-16,2a0c45fb324c85514ee680e231731736fe4f5d09f0293497fc5ba8a5fd8d776b,58418,121691,179,True
MIX,2025-12-17,3826332bdd0ff40d329df0407401c95d51fbefdccf6ffebed93cf024da1cb6ef,64225,129424,179,True
MIX,2025-12-18,cd5f37e5e7dd4ad441ce75d280f71de91d84e45f203bca3d1b56a6494f9ac299,89468,200538,179,True
MIX,2025-12-19,4cc168a7b74cf531b357371c25ff767c421a2bd15f6aaac2c8ab391bb54e8b1d,119520,297887,179,True
MIX,2025-12-22,75eab47bf168f56993126661cf095b293f92584803bff54dfe205e710e05b2df,58876,143956,179,True
MIX,2025-12-23,4b4f658272bc01f1cd0c2425c9f9fcaa54367ec2d2be420f53e97b33ce9e3aee,54318,123738,179,True
MIX,2025-12-24,044fe8a40297613e0223716d1f122401a4fc4618827c7ebf1439b8431e588a2a,46151,100836,179,True
MIX,2025-12-25,c1e17d8ba76f17e2ccb495877e1ab08c5c8fc13ad2a360f3b0817ae9ab22b6f3,29821,64807,179,True
MIX,2025-12-26,9d87fd0057a82b5737c973ac9f3da9e8905f4fba138f80b57daff3a3b3306ac8,55425,131013,179,True
MIX,2025-12-29,321ed06cfd9276f1c0fd0ce429bebca803e2c5412c959ebc8f6e99f20933770f,114407,278578,179,True
MIX,2025-12-30,f0ccbdc3055b8524ee2e38b5719938abbe73d6eca51a3d83780dde4654ce4735,51951,116419,179,True
MIX,2026-01-05,c2b41e781dcc2a5ebf0b93d6fa875c82c135f5013b70d01ed337ac57e90ed633,30920,67134,179,True
MIX,2026-01-06,3876a97a5af40a3b69ff4ae66a2954f0c985eeaa861865f306c06129f692f821,28975,54426,179,True
MIX,2026-01-08,f8d15283f292b1ee035b237c1239a4d47eb9b42cbe02075f0bd911435c0a8463,28176,66967,179,True
MIX,2026-01-09,1911fd0bb37c0a6e6f6b4deb9582cee21b9516043b7fbdd914af106a6f4f82a2,26539,55289,179,True
MIX,2026-01-12,bbd3527046ac2a1967684282e4ece8074784fdccb3acbd1a1b259006a321b912,44307,96028,179,True
MIX,2026-01-13,b97216fdaf095201bc4b350f05e8baa045b08a5ac6bf07f8a1388fdb44df770a,37740,85607,179,True
MIX,2026-01-14,ca0ac63ca289498c85fe9dd50490402347b4f12908e34d8c7a63d3d8fb8946eb,69778,164727,179,True
MIX,2026-01-15,049b3a67bde036f5e1539171fa6322d3a54af3802e733e8127d77ad76fefc325,45805,102369,179,True
MIX,2026-01-16,dbad3e23b61784f156000bd4aa90ab5cfd272d1ebdd17fdf77e94b7fc0c1ef06,44982,106200,179,True
MIX,2026-01-19,cfd0a8e2adacf2b76b6a6b64a29254803e675ef735b193b737811592a7918882,39485,98126,179,True
MIX,2026-01-20,f8016afb1abd118d36f97905616ad2d3a81945463605e7ba25cb77cd9c5d1e62,39064,92867,179,True
MIX,2026-01-21,fbbf246814671d0c5667ae092d81690efd48638713c872ef503c53388e23120e,52502,141647,179,True
MIX,2026-01-22,2c0693107a1b10bc92e9fc812154caaec80e6c11a393f690971d6897ffe501be,62925,172137,179,True
MIX,2026-01-23,aa361c859866abadb12757078c3bae7a581b27c26eaaf3425e1514101411af20,37711,94216,179,True
MIX,2026-01-26,d727f714d82cf8c11d884456d918f84bfe1128dde8feef3965e846e204df5d37,45688,120358,179,True
MIX,2026-01-27,78a0c63f3255758b4ee9ab260f3481494714a6cf3c156b45a5b96830e2fd6e2b,38646,97985,179,True
MIX,2026-01-28,9dec5fd90915c236e98475c282cc0a2d1b61b0332c64b6bd5156e13accf2661d,35095,84812,179,True
MIX,2026-01-29,58072403e6959ec8707251e088325a2f703ae5743d986565833cf1268f2ad1f5,97009,254493,179,True
MIX,2026-01-30,dccb421f30888145aa0ae6a723c8f02c0d0bfd520585ca8cb1c3afdcfa52bb41,57134,139081,179,True
MIX,2026-02-02,5ae2a35fd6411ee3cce8b18dc0614fd54518d97e0c3151a4bf6993954ec3d44c,48504,111994,179,True
MIX,2026-02-03,8160c1affda4634030bbc78fad34e155f51378938691b2f13bb42062e19a171e,35335,85382,179,True
MIX,2026-02-04,ae713c02bfea6293f1435471e328d0d7222e41901d5ea0d85c2cb85738980ce9,50478,123102,179,True
MIX,2026-02-05,92ca679031d6db4484a476cfdd0949295f6ce5eb11da320df3f10162a0794f22,64402,156406,179,True
MIX,2026-02-06,54d3f30068127f843a7b3c8e3f7ad0212e337dd60d61d6091e97d6b34f32c7e6,25377,57455,179,True
MIX,2026-02-09,f8f11e51e0506a68f4281eb69d2e17c3e77a051291e999ba6aa300d97d9dac2b,30948,70668,179,True
MIX,2026-02-10,ae5fb3e55dbd6cfc2d20c288515fab4408504417f09a4b15530a350326729221,35151,86439,179,True
MIX,2026-02-11,daa56518bc2113d1bbef5e53392e2f3fd368b633af9fc2682a6aafd1e9b87ac0,58491,156745,179,True
MIX,2026-02-12,008055766b023a2d20b592e55da7ccbc851fb83d89362c1f964f11d525b915f8,40229,105657,179,True
MIX,2026-02-13,ec4f5b9d202a8c59f97f419b4b0dcc56ad7add905974ebb3c29a0082f31a8021,57335,151510,179,True
MIX,2026-02-16,9d0e35361f219aae6850c9636b89bfb503a850f93018102b1071f0bc9553f577,24006,59499,179,True
MIX,2026-02-17,ac24dbf8845777ef34894a4b6f2b2c19cea4ef9ba3217d8b4173b75e67f3a80d,30719,73525,178,True
MIX,2026-02-18,c2a406ed5450637394b0e21c39b0c6feac5ed434f0cc99d44a93a31ccaf88b96,38989,102046,179,True
MIX,2026-02-19,8d8896381a9307cafa2f1dc70145973fe8070b8c8b18d28d9d41adbebf117101,26163,62489,179,True
MIX,2026-02-20,721f985eafb6cb28aca6835730bb1308a390d5a97f63764604bb3548f7f94eaa,24740,55804,178,True
MIX,2026-02-23,f2cd5d075146ee664959f96a432db5c49aed01ad21a8743387b584feb118576b,4619,9527,109,True
MIX,2026-02-24,da188307dee38ae727130a7cec6df1f7a15f5f2acb97cff2bbc839618fe22dce,36302,95703,179,True
MIX,2026-02-25,bb095827973852fe6db7162efd2de265dfd2634f2e1d93aa7aea29fc8c0d9920,26777,63770,179,True
MIX,2026-02-26,98c30b3d10db03add8532adb71b511601f66aa797d873813ab7c70bbe28667ee,22113,56800,179,True
MIX,2026-02-27,4a335a304492e88c04fbd1cd10f9f6e4be789b9e6cb2569138e4ce6784472e80,25793,65880,179,True
MIX,2026-03-02,0b21942fef426200dc4f8427b7ba54309b18258cff1bad399a4297ccd562ccae,51596,138922,179,True
MIX,2026-03-03,79fc8bde8a6527acac346108ebd3c49753fb27531552b413f0c36a0576363c37,40142,99603,179,True
MIX,2026-03-04,b646de19c9892dfcf5c6db6788d4dcaf4dc862d9e32694271b2e297e4e0a93ca,34613,82352,179,True
MIX,2026-03-05,2f0db3442ebaeb4992c938ba2a6acb23c46de845eb2064ac1aff262d91bb9b51,30676,74031,179,True
MIX,2026-03-06,3bd641f76b776eb0dd4cfa7e6f0c6107f3548147bdf65e961c73784e86d780c9,32768,78894,179,True
MIX,2026-03-09,5e9b2d97e4b11b1ceacfefeef49683bc8834cd60e411b635324f5f39a90264a4,50034,116884,179,True
MIX,2026-03-10,6577868d459c56491740790b345fb550e79c252b36cbf51b2d9935a604138199,42105,102489,179,True
MIX,2026-03-11,e8e8dd6bf89264738b9e7dfc5f0066abadecd35d40cb8c32aba6ca1a75861672,27136,61161,179,True
MIX,2026-03-12,e967b090ed5d05191517850002ecc600d58abb2681839d8998179003d7b7f64d,25485,54724,179,True
MIX,2026-03-13,f366f7956cad2ca6b249810d24605787f511f68cb394142da92d5ae0312c6afc,30471,67819,179,True
MIX,2026-03-16,28feaa512218a7beadf88c5e5af235c77527882c80e1697c4ae7da1ef69db5e9,46098,100978,179,True
MIX,2026-03-17,01c1273288bdcdd0d548fffdcdde781f73b1058509238a62ea4639dac2fd07a1,37072,86781,179,True
MIX,2026-03-18,23c08e22ffae55b9fb6695dacf64f1855d587da1e9d851c1cb7fab35f00ad728,32370,71087,179,True
MIX,2026-03-19,6116b15509f7746e9764ffbe3c921edf21df1a17d7a77e0a993df60abce72dfe,49109,134892,179,True
MIX,2026-03-20,33c1f77aafd87de557151d08347a893daca82620ee26f9576b794747854977c8,33359,82449,119,True
MIX,2026-03-23,f652995f6ed2a1d2e13247a71445549aff3b4c2708fa3ab33f769a80d651464f,54889,125339,179,True
MIX,2026-03-24,600bc72f766059b604b08b70ad998125505074d912f65690f338400019fd3fcf,26859,58499,179,True
MIX,2026-03-25,34e1f9e1b3da3dce49780ad3cecb07576759948f41609bcfdef89c748f50167a,16340,35171,179,True
MIX,2026-03-26,03dc0e9e6f8e1b2aed3a88e3cef4dba4276fafbd4a7fadbae4c1fed00a6796b7,29711,66663,179,True
MIX,2026-03-27,ff72c752d7644a97421927aa09eb9d14bf33d3d990add5259ee54129bfda24ca,36554,91962,179,True
MIX,2026-03-30,f4a904889230c01e89e2131874ca0522d28ae6bb2f51442f567aea1feb58e82d,42342,103924,179,True
MIX,2026-03-31,dd31083c7e80250c3e08d2b5998a79528dfbce01a95fe59c1062c38c18c424b2,32714,77070,179,True
MIX,2026-04-01,417797e501c3a89ba91749f485bda92b7385c53307e357af95dbba17e03e1363,28241,67124,179,True
MIX,2026-04-02,07298cec4e74bc5fc975dec6b6912bfd1b9702778f77bdb30236c991cac16aed,23087,50585,179,True
MIX,2026-04-03,00645f60c1609940d6cab4e7cac7328dc5f6d908ed51ea36c2e66c5888b2a6e9,29452,78532,179,True
MIX,2026-04-06,5dd1e68383b8106d7ceb94f3b4957385003ebb674cd1d721544d991fcb9ae770,34294,76894,179,True
MIX,2026-04-07,6fc45eaf251f56f5c8076fb1a312dd26c6a9dbe9639f1352ef87b6866bf59721,31735,72333,179,True
MIX,2026-04-08,15b065e8ccff691a3dd57c450b4dc9a9dc685d8ee56b7ad440e5cd5921564b0b,30708,69171,179,True
MIX,2026-04-09,53f624be638f5fbc8539154c72a7d11edd673c4c7820f7a435064a6b53f728b8,43602,104504,179,True
MIX,2026-04-10,cba82f40c3d206c40e028ddf5a69ec6f916cfa58cea09a69fd4634954b7c9552,37148,91152,179,True
MIX,2026-04-13,508bf0199ff8056fbb30d9e2b09e82b064816fd4165921b9f8a0fec87b125f6d,39802,86705,179,True
MIX,2026-04-14,84a24721279151054084f610536f5165159045ca27908ecfa204aac7ba8ed25c,39842,94180,179,True
MIX,2026-04-15,354c7713593db80f6dce73887fa1878da6395d478c2d90c0708beee76b33d03f,43093,99721,179,True
MIX,2026-04-16,70fe27e6a682f91e52c2feb0d0aedb39d53b0148d9444a47437af4c73c0e4310,39251,98586,179,True
MIX,2026-04-17,854bc278983e356e1856516dbfdd1c668b8ec58b465af81982b52e4bc1a27cfb,55705,132412,179,True
MIX,2026-04-20,2038b5a4b61c5eed58e11bbd45137ba4ce71499ad61a724ea900f9f507fe2949,40318,88268,179,True
MIX,2026-04-21,747081f67695c5bf05249a95a061ee29fe209a4e057297199898ac2f7391fcf5,37502,88437,179,True
MIX,2026-04-22,f50c6ee20d714f98bdf13fb2eff4d266d817a55dbc1c9dd66a25c09c91150c32,28654,62880,179,True
MIX,2026-04-23,c113260f3ffdd3c205f8131e497594a5814b410345ea8b18643f13fb028498aa,31960,72051,179,True
MIX,2026-04-24,a38ce0eb9a41b08b8a0805d4414bbaab679cae5be9b406d0a6523a3cbe16382d,59416,153744,179,True
MIX,2026-04-27,23c433c98cc5f8ac17259fa6e4ad8ea4d97024fa5a2c09136d4a6da21ab744fc,37480,89249,179,True
MIX,2026-04-28,fb30c45d2c8188c0f17f8d87c85bdcfaa61a0e755eda3e3625e5660500470988,43058,106920,179,True
MIX,2026-04-29,5620f8ed4a7238d59f86ac5eca8194ecd3d23f86d57e37addbe578306abfee48,87972,229062,179,True
MIX,2026-04-30,7cbd9b7311eccdb729917068d5bf2d66d5b3e3bf12edc4ecd375ea7aef99a5a9,49027,114046,179,True
MIX,2026-05-01,856651809fc75b6258109342b2895e5e0b8bffccdb60847a81fc20f796f6d5fb,5410,11298,167,True
MIX,2026-05-04,047c2d212c663246f7c254ce0689dcc524e07594bce53a8301d9ac055487a4bf,55762,132869,179,True
MIX,2026-05-05,2d1976e7fc3611856b9f6ca89ed24fb3192b01efbd3ccba6ccc936a99691c784,64396,158944,178,True
MIX,2026-05-06,307518632e2344ee1705f3b8c8982751497a94c7525201c1170566fb22a83d70,56821,127203,179,True
MIX,2026-05-07,37a32e13adc09e31fe30eec200327d0b9ab0b3db18dd6487e2747e99e8a776b5,30035,68881,179,True
MIX,2026-05-08,2ac56d22332d55db3e2f3ce77ab800faa56aa75a89883002404ba16d607247ac,34634,83555,179,True
MIX,2026-05-11,82fe66b00d4ce4fa3e7328755d7f4292874919a62bf11243dbc743c8cbc7809d,29244,65492,179,True
MIX,2026-05-12,03552387c582067c4598045fbd5bc88a63a20ead2189df01d96c170b7eb5b5b6,54754,146321,179,True
MIX,2026-05-13,2b873245a2d466f1c3fbad6895d9025daf59f333081524537260572f0ed34e00,28102,70791,179,True
MIX,2026-05-14,6ac63ef41bdb4d657461c66285442f63ddd1a3e36aa1408dda21318597c5f9df,42256,105481,179,True
MIX,2026-05-15,6ca01e1998e916ee4c0b29814dfe4ac9d75d896bd3e4f9da7948721388bdf47a,38027,92176,179,True
MIX,2026-05-18,ae82d82f8bfa24892efb00ae6754eb935a024a1cd8f38e7bc20154ce86d6b763,47368,115591,179,True
MIX,2026-05-19,4b4d3ac11127fd5c41a76ad290e40c1eb4b20131a3d6e46aa3e6ba73df12b4f7,29341,66484,179,True
MIX,2026-05-20,6908f1b148fa053481b68b41067060805ee85c82b81db1b8fe697b11a5336bd3,51747,122961,179,True
MIX,2026-05-21,a3882fbca95c8a0e5bda70979a72847cb47c682b2240e3406984f90ea8b18037,62340,145891,179,True
MIX,2026-05-22,d0d888537c8bfab76553dc7d12db2fa1c5fba38be67269f16efedf0c579484bb,58704,136526,179,True
MIX,2026-05-25,3cd87319f0ecf41f1b104541ac29b182ac1f2d022e73cb7324f71126e7e8f3a7,75488,187308,179,True
MIX,2026-05-26,a4674ffc1ad846b77ba670f9accbda538f6d34513e8013538ace5430944e8209,63907,148749,179,True
MIX,2026-05-27,b989dfc24d86e5b5e24ef03bd95e0d4c3d8f3eeddcbe77b7768260098a241e5b,52594,125953,179,True
MIX,2026-05-28,2ec4fccb524834d9b775c381aa8e366221cf5de97c5b9fb4aa967e2e28de8abf,41906,93738,179,True
MIX,2026-05-29,49d9402c6d26ad7b0effdde7c4f24f919c61a32c16b7e50da4eccc4e5edb2598,39539,95754,179,True
MIX,2026-06-01,ed6f3adad1cb063f00d78b5a143fc3b8aed63f2c1f061f8bd938e2cdb1428a6c,52654,121861,179,True
MIX,2026-06-02,9a489d1008bee7149fe8f0e6f63fd1f5e8e0b99c35a17539b76028e9fe9154fa,72845,190343,179,True
MIX,2026-06-03,da94f6b206cad2f7871ad7806cdff08593c1e2f95dc9c4b63f74a0d2a7699dd0,53941,130340,179,True
MIX,2026-06-04,d275983e8fd9bb1f273cc0006934e61594467eb65276a7792821d1d93c1dafe4,48392,113688,179,True
MIX,2026-06-05,1575d82b12d739b1c13be7c430b85941affc78189b4fed3e77368d58da05fd7a,36655,93373,179,True
MIX,2026-06-08,66bd79d7c00885574f12dfd25b32095272e65d9beb554984346c145ed2c65d53,62591,147426,179,True
MIX,2026-06-09,13c2f7796068f6e29da532fd858699b408d4f051d8f0008d3c946e9c7ddca6ec,87407,208516,179,True
MIX,2026-06-10,a11828f55c4244a52b8b5cefe58199abf0f4fb62a35aad1f2bb7d073b9be31f4,85435,201690,178,True
MIX,2026-06-11,0d58b676c7d85934494f7c4575b7f596867f9cdfb428fef4767c2be505fa2682,43954,98220,179,True
MIX,2026-06-12,49845ced365581f07fd44e3b3f0aca80a30f3ab2b4f2f5e4c4acda1d72696fee,3526,6043,167,True
MIX,2026-06-15,a663776edcc6d83e92e47a92f4b29e850992643b43c0a7f903117c2129985f49,64905,141801,179,True
MIX,2026-06-16,d747f2437ff742dc76d1fc620bb94405e40f896969d48feed83e7e66d25c1534,84763,193552,179,True
MIX,2026-06-17,cb7fd0390df53a92a4ba37fa7a72501a966ca6d24fb32a6a2702dcd807090e9e,43124,80668,179,True
MIX,2026-06-18,145519f41de2ac55da133d2a9e48e51a86a3c884863800ed8cd99f154fca51cf,81352,171548,179,True
MIX,2026-06-19,d98446d1cab87147c59ba2394f8405d578d9b19519493e37e79f9b2fb97fb210,90914,244180,179,True
MIX,2026-06-22,b008d1b527064464bb2b274a566dde4fa2e95de7d30ad1cb2ae0713aae2e031f,160391,472913,179,True
MIX,2026-06-23,6fa69fb3b9f4e551a8a2a52460e1096ad8e35e3920728d05f14fb0a5c15b7660,138633,359661,179,True
MIX,2026-06-24,f581c1b05ea648eb6359bcd8b3295d72a33464317786b8d7b278d14cab0d3d15,158493,432017,179,True
MIX,2026-06-25,926fe755ebb713a7c54fd789c077b2ad959af4e82233818736e909c70945aeeb,136088,374417,179,True
MIX,2026-06-26,215b7b7bda581ba44ff9354101ecb1e7bae9b9108e5d0ff24fa7d7a93a5661bc,209703,597316,179,True
MIX,2026-06-29,f41601b9ae141a7095300bf9f7b9564e8d0ec1249add15cb4f9498dab4235708,179412,424395,179,True
MIX,2026-06-30,e4e5cfb1656adc6c6ab02058e0f8131c9fb48c2d8a9c07a8cee2c3445c0a6a00,132807,331064,179,True
MIX,2026-07-01,b27ebe926e914129774a193614e8a5cff1189a54512435a5015d777c0b7317b8,102925,238146,179,True
MIX,2026-07-02,f3c80975a4c180aab95ac366f65c0adf6742614dad06bd7be6e33dfa19c2d796,161014,406982,179,True
MIX,2026-07-03,1c16c5a590ee1746fbcab32c20fcda4fbc950890904eb9e85c6e00ffe2746062,160947,395456,179,True
MIX,2026-07-06,c6a99ca478fb4ebdd9547d0e821b04188d067449640685228021c7c6d784ae00,149963,354843,179,True
MIX,2026-07-07,2e15fc873dd6d620990299df524233a0b829112bb14914320dd8fe368f6c689a,221474,523588,179,True
MIX,2026-07-08,c8b3645b9b5dd2b4312c36f3d3636cb53b9e9d85cd9a49244b164fc30b95bdb1,172679,398114,179,True
MIX,2026-07-09,0f712389f657a636caf3b0a6fa4b0718558eb939b93c23f2e02751d352463fbd,112726,279229,179,True
MIX,2026-07-10,5c9f075bb360d3730d029ee398b81f4b046464c0aa2598e38e18a466ea4e185d,91050,241217,179,True
MIX,2026-07-13,b9eafa5c6a06b85c680bf8b1563d72aa4f1d02693b1680b59f66b478a207325b,235586,656138,179,True
MIX,2026-07-14,fcac629b8888054bb71938fa0c753d5725dfdd6104a38c6efc5357713009f366,88652,225258,203,True
MIX,2026-07-15,0fc9544e6cf0157fb2995d947013aa1191f634bbbc92001eacf0937aaf58b1ed,140078,354722,203,True
MIX,2026-07-16,06c3717f08f37d2b34cbc34e32048d807229f05a57acdde5176c8669c93468e4,195224,531803,203,True
MIX,2026-07-17,523d51cd81541179e8bb919052bbf172379398a683f7ab12a9d2b5327353307f,212019,573161,203,True
MIX,2026-07-20,d82fb2dd017334267c33587f1fac79bda7d2b8896d93b12547b30825bcca9706,246209,637233,203,True
MIX,2026-07-21,0a066f7add4dd50724ce8ea610169cf6601215c81896e9b86ca721e9f6bedde3,312013,804113,203,True
MIX,2026-07-22,d7a0635ef650c8d003dbedb5b0540acc39ec1732f102e327d0f8589765d3e39a,221448,589854,203,True
MIX,2026-07-23,2671b2a8dd2ba7e2041ce8700dc81b67b62a5c38f9d1c728c61707472f6de7f4,210968,567674,203,True
MIX,2026-07-24,c60b36cbf2a3de98efe18c430478cba79ca7cd1e08d1af450cfd4de82f350068,280858,800350,203,True
MIX,2026-07-27,14e1f46c1a3f4229f3fff59cdf28d76ab894f0f7b541dfac212cf054ecfe9c11,163779,455636,203,True
MIX,2026-07-28,f8a4235316b79301457520ac7fbcac2b50def6ba7c0a64c81359b3da47220157,139556,393569,203,True
MIX,2026-07-29,29f27ea7047c35902f7d348eb8636deebad1f580126b3a3644e84ddb52012f10,96935,277471,203,True
MIX,2026-07-30,6751487afbb34131c37e90ced978666d168a9db03588b2254a98734b053d06c9,139205,408968,203,True
MIX,2026-07-31,6db7ca63ac09a1347c35b4aa0b01ec7e8c370cd90caa597b7c63b1a2291e1576,122865,356492,203,True
MIX,2026-08-03,a2e1a991d066ca8a42cb27d7b915bc44df4f510ff15dc234ddaa1532c6c0f8c2,81155,234006,203,True
MIX,2026-08-04,5795701f0c9648f7865e32becfd0076aa8e8999a55c47b5b840ddf22a95006b8,105520,311993,203,True
MIX,2026-08-05,96a7a8e5244273a85f7fedf2f3b0c2a41d9bc8f5003c42f00da7b9b47c195683,83472,241570,203,True
MIX,2026-08-06,5614b02f9374f306df53f8fc4d0c39e8ef8c7e947c77a9b4374174c5b87d08ab,120365,352594,203,True
MIX,2026-08-07,5c46a7ee32a61b447b1e09404a1e9ebac267c107b0aadffa9a9f7512c6f82029,93914,261398,203,True
MIX,2026-08-10,ea487f2616751b2bcfa39e19d2e775e938ea8f4ce730f33acdda611efaeaf227,77301,214358,203,True
MIX,2026-08-11,add683e0bbd2e8d60d1be4ca7273adf6298fbce21a3aa0cf758b8941b1128ce6,74395,216437,203,True
MIX,2026-08-12,7b4adeac2cd03ad8162a12902b887d6dd8354e78c98a344d703cb579bbb132ad,89044,259638,203,True
MIX,2026-08-13,1a3a8731153e4c59bf7ffa962909282d44ce347cb0e92dd89c46c548f5ce0b6c,143647,428911,203,True
MIX,2026-08-14,4a9e2fb9286015a962dbc3cd1c4e3a2f68e03c86028875462c5484bee3efcdc5,205181,594239,203,True
MIX,2026-08-17,fdc97fecef38430dcfe2747da6a192319290d601592223c14016247f9d4f4e7a,220037,684065,203,True
MIX,2026-08-18,d3b90595586e70d86dfaaa34ba99764fc80433524626bce1a4c8f680246ec714,196007,582161,203,True
MIX,2026-08-19,407fb37994d1c30f0d82023e40df7f215b6e03f8add932d56f797269c0857d1b,142025,400117,203,True
MIX,2026-08-20,a649aafda0581bb5db253f7367ab292f8523430da5fdfc1722bf0c4eb0a870eb,171855,486653,203,True
MIX,2026-08-21,c648e2a1c1ab36ca6b697fabbe1a38489c5e83d36eb5ea888aadc0945a5f8b27,144620,411703,203,True
MIX,2026-08-24,089b5fd15909d7e5b45bbcabefe4e3869c5649ceabc2c98d705f2b8bf9917fd0,191467,545436,203,True
MIX,2026-08-25,21ec0a43289687108df33aac31a53d8638160ff608818cb57d81f3b8c58fbb06,246696,736478,203,True
MIX,2026-08-26,c86a2c8516e54989950e211a09b0604cbfc8e9368bcd659915616b93c043c6ab,165166,514103,203,True
MIX,2026-08-27,da89c78b12c874052d0d540d02ee4016bffedc5b94b5681c240c157c06d20670,173637,570660,203,True
MIX,2026-08-28,b474a27b7e7cd0171c1c4eae7ca66b6167124e5367067858a1307ac4a7a137cf,153369,510204,203,True
MIX,2026-08-31,0ea2e7f9d953ce4f483c502200b55c3a6788964ed23a2c7f00b3b117f792d059,164339,576856,203,True
MIX,2026-09-01,fdfe31a3f92bcbbf3614a8387ac693c23b62ccccf1e8d81290ec156591e6646f,175724,588303,203,True
MIX,2026-09-02,dc86a9e7764b42c975a769c4fe8d1ac498405b19f717e9a34177c2c4e23822f1,105848,321044,203,True
MIX,2026-09-03,9c848189b010c2d355436709a37a0f1fa35dbc69e4f33ebb0fcbb1fc7e0a6764,156617,507264,203,True
MIX,2026-09-04,c57dfae9f3f28151ef3168d3ce8050cfef314f2576cd5d83197a96ed0b242b8e,147908,457335,203,True
MIX,2026-09-07,78e2d2710c5e679397ca6985cb1b56c5de1893b28fb6c9b6f4da7498b7ae4eb7,90766,267948,203,True
MIX,2026-09-08,0c92dc0b927a7ba57862e344f18468bba7b4c372f8850ba9217fd62a419e4476,148753,469129,203,True
MIX,2026-09-09,7ac152eb703ae38692b136d8439d5020a00128fa1e4ce5226bef2295b933fc0d,125606,376371,203,True
MIX,2026-09-10,e10fb4ed4b4c56c9839d26efe76222d96c8d8e3692517c514d7ffafbf1e34530,116773,347056,203,True
MIX,2026-09-11,869f88320391ee6421ed71cdbc79ca996b0969ed4ee20a0d5da24574b7b47711,154759,496923,203,True
MIX,2026-09-14,33aa65b472c4fa1a6ec27e4e939dfe16f14ed91631b0679287345919e0377e13,159397,464385,203,True
MIX,2026-09-15,ae5ed534d613a05bfed3475c986dcb8cdfcfa06b2f2e3b621b94d2ace1fda647,116380,335017,203,True
MIX,2026-09-16,23afecc2f4710df616415127df0be779d0cc6d9db2baa1f3a5a44ad38e5f0626,78241,177192,203,True
MIX,2026-09-17,3a4d89f758723b146afc9724b75a1c52014206031458f97204d18cf402b6e444,130062,381403,203,True
MIX,2026-09-18,eb63c84bcd359c0d65a0a45f4c9c631e592afa29155b56efbd2edf3448531ca2,111432,326830,203,True
MIX,2026-09-21,82e9cecd9f8138d3d584506b093bc8c3da0f20eaedc32a23702ba3f3b8332675,88140,268747,203,True
MIX,2026-09-22,6536d9b4de11d9c8819112990664a415c6263d952cf9cd15127dc8f696c76ecc,126697,401659,203,True
MIX,2026-09-23,bb6f3ffd8b75fdfcc135e987b403111c856d6461f47def615955d3666dab1aa8,119950,389113,203,True
MIX,2026-09-24,3fd8c7df6e583311eb452649b4a61b5e558f409f79f8af2be4d0286a98d1e271,110797,341819,203,True
MIX,2026-09-25,7d397c194427c729da858985863cc0ce64a1b1040017458e314a2c22396855f4,107458,306639,203,True
MIX,2026-09-28,53edc7f4136e5bac3cdb85b46f29f2b277e3a0b72b9aa406dcf652a6735e4dc4,89891,266858,203,True
MIX,2026-09-29,bc85b3b22bda9902955c0d0af50f3c5fbf3cee2f17fb62afc27a2ef687da860a,125527,392146,203,True
MIX,2026-09-30,1fb67b14a636cc7add1d7c2d6de3f4b5760961e6020b75961fe8f5fc00de32d2,81886,232402,203,True
MIX,2026-10-01,50ba2f15b1b90b0acfcab278d8a951bd8cc4804e78d5373164c22bc554f89718,101334,283373,203,True
MIX,2026-10-02,ead8414fc0823d6b87d3a2c575a8a025e7ead9f0b92113e567a08c8fdeb0df49,66797,182734,203,True
