entry_index,side,signal_bar,signal_ns,sma3,sma34,current_volume,median_volume,volume_ratio,volume_pass,entry_delay_seconds,day,mode,entry_row,entry_time,entry_price,signal_time,exit_row,exit_time,exit_price,exit_signal_time,reason,gross_pnl,cost_points,net_pnl,symbol,cost_ticks
15725,Long,71,46200000000000,84103.33333333333,84027.94117647059,22255,21960.5,1.0134104414744656,True,0.0,2026-09-28,baseline,15726,2026-09-28 12:50:00.000000000,84140.0,2026-09-28 12:50:00.000000000,16724,2026-09-28 13:25:19.000000000,83970.0,2026-09-28 13:25:00.000000000,Обратное пересечение,-170.0,0.0,-170.0,RTS,0.0
16723,Short,78,48300000000000,84010.0,84020.88235294117,23950,25670.5,0.9329775423151088,False,19.0,2026-09-28,baseline,16724,2026-09-28 13:25:19.000000000,83970.0,2026-09-28 13:25:00.000000000,17360,2026-09-28 13:55:03.000000000,84010.0,2026-09-28 13:55:00.000000000,Обратное пересечение,-40.0,0.0,-40.0,RTS,0.0
17359,Long,84,50100000000000,83996.66666666667,83989.70588235294,25035,30054.0,0.8330005989219406,False,3.0,2026-09-28,baseline,17360,2026-09-28 13:55:03.000000000,84010.0,2026-09-28 13:55:00.000000000,17424,2026-09-28 14:00:00.000000000,83910.0,2026-09-28 14:00:00.000000000,Обратное пересечение,-100.0,0.0,-100.0,RTS,0.0
17423,Short,85,50400000000000,83976.66666666667,83981.17647058824,25157,30231.5,0.8321452789309164,False,0.0,2026-09-28,baseline,17424,2026-09-28 14:00:00.000000000,83910.0,2026-09-28 14:00:00.000000000,23149,2026-09-28 16:25:09.000000000,83710.0,2026-09-28 16:25:00.000000000,Обратное пересечение,200.0,0.0,200.0,RTS,0.0
23148,Long,114,59100000000000,83676.66666666667,83667.05882352941,37183,46433.0,0.8007882325070532,False,9.0,2026-09-28,baseline,23149,2026-09-28 16:25:09.000000000,83710.0,2026-09-28 16:25:00.000000000,23309,2026-09-28 16:30:54.000000000,83600.0,2026-09-28 16:30:00.000000000,Обратное пересечение,-110.0,0.0,-110.0,RTS,0.0
23308,Short,115,59400000000000,83656.66666666667,83657.35294117648,37482,46683.5,0.8028960981931518,False,54.0,2026-09-28,baseline,23309,2026-09-28 16:30:54.000000000,83600.0,2026-09-28 16:30:00.000000000,23410,2026-09-28 16:35:08.000000000,83650.0,2026-09-28 16:35:00.000000000,Обратное пересечение,-50.0,0.0,-50.0,RTS,0.0
23409,Long,116,59700000000000,83653.33333333333,83647.94117647059,37664,47448.0,0.7937953127634463,False,8.0,2026-09-28,baseline,23410,2026-09-28 16:35:08.000000000,83650.0,2026-09-28 16:35:00.000000000,23509,2026-09-28 16:40:26.000000000,83600.0,2026-09-28 16:40:00.000000000,Обратное пересечение,-50.0,0.0,-50.0,RTS,0.0
23508,Short,117,60000000000000,83616.66666666667,83635.58823529411,37835,47859.0,0.7905514114377651,False,26.0,2026-09-28,baseline,23509,2026-09-28 16:40:26.000000000,83600.0,2026-09-28 16:40:00.000000000,24102,2026-09-28 17:20:03.000000000,83670.0,2026-09-28 17:20:00.000000000,Обратное пересечение,-70.0,0.0,-70.0,RTS,0.0
24101,Long,125,62400000000000,83600.0,83577.64705882352,38854,51770.0,0.7505118794668727,False,3.0,2026-09-28,baseline,24102,2026-09-28 17:20:03.000000000,83670.0,2026-09-28 17:20:00.000000000,26292,2026-09-28 18:10:04.000000000,83620.0,2026-09-28 18:10:00.000000000,Обратное пересечение,-50.0,0.0,-50.0,RTS,0.0
26291,Short,135,65400000000000,83613.33333333333,83614.41176470589,43600,59762.0,0.7295605903416887,False,4.0,2026-09-28,baseline,26292,2026-09-28 18:10:04.000000000,83620.0,2026-09-28 18:10:00.000000000,26364,2026-09-28 18:15:00.000000000,83660.0,2026-09-28 18:15:00.000000000,Обратное пересечение,-40.0,0.0,-40.0,RTS,0.0
26363,Long,136,65700000000000,83626.66666666667,83617.64705882352,43744,60197.5,0.7266746957930147,False,0.0,2026-09-28,baseline,26364,2026-09-28 18:15:00.000000000,83660.0,2026-09-28 18:15:00.000000000,26736,2026-09-28 18:25:03.000000000,83600.0,2026-09-28 18:25:00.000000000,Обратное пересечение,-60.0,0.0,-60.0,RTS,0.0
26735,Short,138,66300000000000,83620.0,83626.17647058824,44519,61053.0,0.7291861169803285,False,3.0,2026-09-28,baseline,26736,2026-09-28 18:25:03.000000000,83600.0,2026-09-28 18:25:00.000000000,27010,2026-09-28 18:45:17.000000000,83680.0,,Закрытие сессии,-80.0,0.0,-80.0,RTS,0.0
15725,Long,71,46200000000000,84103.33333333333,84027.94117647059,22255,21960.5,1.0134104414744656,True,0.0,2026-09-28,baseline,15726,2026-09-28 12:50:00.000000000,84140.0,2026-09-28 12:50:00.000000000,16724,2026-09-28 13:25:19.000000000,83970.0,2026-09-28 13:25:00.000000000,Обратное пересечение,-170.0,20.0,-190.0,RTS,2.0
16723,Short,78,48300000000000,84010.0,84020.88235294117,23950,25670.5,0.9329775423151088,False,19.0,2026-09-28,baseline,16724,2026-09-28 13:25:19.000000000,83970.0,2026-09-28 13:25:00.000000000,17360,2026-09-28 13:55:03.000000000,84010.0,2026-09-28 13:55:00.000000000,Обратное пересечение,-40.0,20.0,-60.0,RTS,2.0
17359,Long,84,50100000000000,83996.66666666667,83989.70588235294,25035,30054.0,0.8330005989219406,False,3.0,2026-09-28,baseline,17360,2026-09-28 13:55:03.000000000,84010.0,2026-09-28 13:55:00.000000000,17424,2026-09-28 14:00:00.000000000,83910.0,2026-09-28 14:00:00.000000000,Обратное пересечение,-100.0,20.0,-120.0,RTS,2.0
17423,Short,85,50400000000000,83976.66666666667,83981.17647058824,25157,30231.5,0.8321452789309164,False,0.0,2026-09-28,baseline,17424,2026-09-28 14:00:00.000000000,83910.0,2026-09-28 14:00:00.000000000,23149,2026-09-28 16:25:09.000000000,83710.0,2026-09-28 16:25:00.000000000,Обратное пересечение,200.0,20.0,180.0,RTS,2.0
23148,Long,114,59100000000000,83676.66666666667,83667.05882352941,37183,46433.0,0.8007882325070532,False,9.0,2026-09-28,baseline,23149,2026-09-28 16:25:09.000000000,83710.0,2026-09-28 16:25:00.000000000,23309,2026-09-28 16:30:54.000000000,83600.0,2026-09-28 16:30:00.000000000,Обратное пересечение,-110.0,20.0,-130.0,RTS,2.0
23308,Short,115,59400000000000,83656.66666666667,83657.35294117648,37482,46683.5,0.8028960981931518,False,54.0,2026-09-28,baseline,23309,2026-09-28 16:30:54.000000000,83600.0,2026-09-28 16:30:00.000000000,23410,2026-09-28 16:35:08.000000000,83650.0,2026-09-28 16:35:00.000000000,Обратное пересечение,-50.0,20.0,-70.0,RTS,2.0
23409,Long,116,59700000000000,83653.33333333333,83647.94117647059,37664,47448.0,0.7937953127634463,False,8.0,2026-09-28,baseline,23410,2026-09-28 16:35:08.000000000,83650.0,2026-09-28 16:35:00.000000000,23509,2026-09-28 16:40:26.000000000,83600.0,2026-09-28 16:40:00.000000000,Обратное пересечение,-50.0,20.0,-70.0,RTS,2.0
23508,Short,117,60000000000000,83616.66666666667,83635.58823529411,37835,47859.0,0.7905514114377651,False,26.0,2026-09-28,baseline,23509,2026-09-28 16:40:26.000000000,83600.0,2026-09-28 16:40:00.000000000,24102,2026-09-28 17:20:03.000000000,83670.0,2026-09-28 17:20:00.000000000,Обратное пересечение,-70.0,20.0,-90.0,RTS,2.0
24101,Long,125,62400000000000,83600.0,83577.64705882352,38854,51770.0,0.7505118794668727,False,3.0,2026-09-28,baseline,24102,2026-09-28 17:20:03.000000000,83670.0,2026-09-28 17:20:00.000000000,26292,2026-09-28 18:10:04.000000000,83620.0,2026-09-28 18:10:00.000000000,Обратное пересечение,-50.0,20.0,-70.0,RTS,2.0
26291,Short,135,65400000000000,83613.33333333333,83614.41176470589,43600,59762.0,0.7295605903416887,False,4.0,2026-09-28,baseline,26292,2026-09-28 18:10:04.000000000,83620.0,2026-09-28 18:10:00.000000000,26364,2026-09-28 18:15:00.000000000,83660.0,2026-09-28 18:15:00.000000000,Обратное пересечение,-40.0,20.0,-60.0,RTS,2.0
26363,Long,136,65700000000000,83626.66666666667,83617.64705882352,43744,60197.5,0.7266746957930147,False,0.0,2026-09-28,baseline,26364,2026-09-28 18:15:00.000000000,83660.0,2026-09-28 18:15:00.000000000,26736,2026-09-28 18:25:03.000000000,83600.0,2026-09-28 18:25:00.000000000,Обратное пересечение,-60.0,20.0,-80.0,RTS,2.0
26735,Short,138,66300000000000,83620.0,83626.17647058824,44519,61053.0,0.7291861169803285,False,3.0,2026-09-28,baseline,26736,2026-09-28 18:25:03.000000000,83600.0,2026-09-28 18:25:00.000000000,27010,2026-09-28 18:45:17.000000000,83680.0,,Закрытие сессии,-80.0,20.0,-100.0,RTS,2.0
15725,Long,71,46200000000000,84103.33333333333,84027.94117647059,22255,21960.5,1.0134104414744656,True,0.0,2026-09-28,baseline,15726,2026-09-28 12:50:00.000000000,84140.0,2026-09-28 12:50:00.000000000,16724,2026-09-28 13:25:19.000000000,83970.0,2026-09-28 13:25:00.000000000,Обратное пересечение,-170.0,40.0,-210.0,RTS,4.0
16723,Short,78,48300000000000,84010.0,84020.88235294117,23950,25670.5,0.9329775423151088,False,19.0,2026-09-28,baseline,16724,2026-09-28 13:25:19.000000000,83970.0,2026-09-28 13:25:00.000000000,17360,2026-09-28 13:55:03.000000000,84010.0,2026-09-28 13:55:00.000000000,Обратное пересечение,-40.0,40.0,-80.0,RTS,4.0
17359,Long,84,50100000000000,83996.66666666667,83989.70588235294,25035,30054.0,0.8330005989219406,False,3.0,2026-09-28,baseline,17360,2026-09-28 13:55:03.000000000,84010.0,2026-09-28 13:55:00.000000000,17424,2026-09-28 14:00:00.000000000,83910.0,2026-09-28 14:00:00.000000000,Обратное пересечение,-100.0,40.0,-140.0,RTS,4.0
17423,Short,85,50400000000000,83976.66666666667,83981.17647058824,25157,30231.5,0.8321452789309164,False,0.0,2026-09-28,baseline,17424,2026-09-28 14:00:00.000000000,83910.0,2026-09-28 14:00:00.000000000,23149,2026-09-28 16:25:09.000000000,83710.0,2026-09-28 16:25:00.000000000,Обратное пересечение,200.0,40.0,160.0,RTS,4.0
23148,Long,114,59100000000000,83676.66666666667,83667.05882352941,37183,46433.0,0.8007882325070532,False,9.0,2026-09-28,baseline,23149,2026-09-28 16:25:09.000000000,83710.0,2026-09-28 16:25:00.000000000,23309,2026-09-28 16:30:54.000000000,83600.0,2026-09-28 16:30:00.000000000,Обратное пересечение,-110.0,40.0,-150.0,RTS,4.0
23308,Short,115,59400000000000,83656.66666666667,83657.35294117648,37482,46683.5,0.8028960981931518,False,54.0,2026-09-28,baseline,23309,2026-09-28 16:30:54.000000000,83600.0,2026-09-28 16:30:00.000000000,23410,2026-09-28 16:35:08.000000000,83650.0,2026-09-28 16:35:00.000000000,Обратное пересечение,-50.0,40.0,-90.0,RTS,4.0
23409,Long,116,59700000000000,83653.33333333333,83647.94117647059,37664,47448.0,0.7937953127634463,False,8.0,2026-09-28,baseline,23410,2026-09-28 16:35:08.000000000,83650.0,2026-09-28 16:35:00.000000000,23509,2026-09-28 16:40:26.000000000,83600.0,2026-09-28 16:40:00.000000000,Обратное пересечение,-50.0,40.0,-90.0,RTS,4.0
23508,Short,117,60000000000000,83616.66666666667,83635.58823529411,37835,47859.0,0.7905514114377651,False,26.0,2026-09-28,baseline,23509,2026-09-28 16:40:26.000000000,83600.0,2026-09-28 16:40:00.000000000,24102,2026-09-28 17:20:03.000000000,83670.0,2026-09-28 17:20:00.000000000,Обратное пересечение,-70.0,40.0,-110.0,RTS,4.0
24101,Long,125,62400000000000,83600.0,83577.64705882352,38854,51770.0,0.7505118794668727,False,3.0,2026-09-28,baseline,24102,2026-09-28 17:20:03.000000000,83670.0,2026-09-28 17:20:00.000000000,26292,2026-09-28 18:10:04.000000000,83620.0,2026-09-28 18:10:00.000000000,Обратное пересечение,-50.0,40.0,-90.0,RTS,4.0
26291,Short,135,65400000000000,83613.33333333333,83614.41176470589,43600,59762.0,0.7295605903416887,False,4.0,2026-09-28,baseline,26292,2026-09-28 18:10:04.000000000,83620.0,2026-09-28 18:10:00.000000000,26364,2026-09-28 18:15:00.000000000,83660.0,2026-09-28 18:15:00.000000000,Обратное пересечение,-40.0,40.0,-80.0,RTS,4.0
26363,Long,136,65700000000000,83626.66666666667,83617.64705882352,43744,60197.5,0.7266746957930147,False,0.0,2026-09-28,baseline,26364,2026-09-28 18:15:00.000000000,83660.0,2026-09-28 18:15:00.000000000,26736,2026-09-28 18:25:03.000000000,83600.0,2026-09-28 18:25:00.000000000,Обратное пересечение,-60.0,40.0,-100.0,RTS,4.0
26735,Short,138,66300000000000,83620.0,83626.17647058824,44519,61053.0,0.7291861169803285,False,3.0,2026-09-28,baseline,26736,2026-09-28 18:25:03.000000000,83600.0,2026-09-28 18:25:00.000000000,27010,2026-09-28 18:45:17.000000000,83680.0,,Закрытие сессии,-80.0,40.0,-120.0,RTS,4.0
15725,Long,71,46200000000000,84103.33333333333,84027.94117647059,22255,21960.5,1.0134104414744656,True,0.0,2026-09-28,baseline,15726,2026-09-28 12:50:00.000000000,84140.0,2026-09-28 12:50:00.000000000,16724,2026-09-28 13:25:19.000000000,83970.0,2026-09-28 13:25:00.000000000,Обратное пересечение,-170.0,80.0,-250.0,RTS,8.0
16723,Short,78,48300000000000,84010.0,84020.88235294117,23950,25670.5,0.9329775423151088,False,19.0,2026-09-28,baseline,16724,2026-09-28 13:25:19.000000000,83970.0,2026-09-28 13:25:00.000000000,17360,2026-09-28 13:55:03.000000000,84010.0,2026-09-28 13:55:00.000000000,Обратное пересечение,-40.0,80.0,-120.0,RTS,8.0
17359,Long,84,50100000000000,83996.66666666667,83989.70588235294,25035,30054.0,0.8330005989219406,False,3.0,2026-09-28,baseline,17360,2026-09-28 13:55:03.000000000,84010.0,2026-09-28 13:55:00.000000000,17424,2026-09-28 14:00:00.000000000,83910.0,2026-09-28 14:00:00.000000000,Обратное пересечение,-100.0,80.0,-180.0,RTS,8.0
17423,Short,85,50400000000000,83976.66666666667,83981.17647058824,25157,30231.5,0.8321452789309164,False,0.0,2026-09-28,baseline,17424,2026-09-28 14:00:00.000000000,83910.0,2026-09-28 14:00:00.000000000,23149,2026-09-28 16:25:09.000000000,83710.0,2026-09-28 16:25:00.000000000,Обратное пересечение,200.0,80.0,120.0,RTS,8.0
23148,Long,114,59100000000000,83676.66666666667,83667.05882352941,37183,46433.0,0.8007882325070532,False,9.0,2026-09-28,baseline,23149,2026-09-28 16:25:09.000000000,83710.0,2026-09-28 16:25:00.000000000,23309,2026-09-28 16:30:54.000000000,83600.0,2026-09-28 16:30:00.000000000,Обратное пересечение,-110.0,80.0,-190.0,RTS,8.0
23308,Short,115,59400000000000,83656.66666666667,83657.35294117648,37482,46683.5,0.8028960981931518,False,54.0,2026-09-28,baseline,23309,2026-09-28 16:30:54.000000000,83600.0,2026-09-28 16:30:00.000000000,23410,2026-09-28 16:35:08.000000000,83650.0,2026-09-28 16:35:00.000000000,Обратное пересечение,-50.0,80.0,-130.0,RTS,8.0
23409,Long,116,59700000000000,83653.33333333333,83647.94117647059,37664,47448.0,0.7937953127634463,False,8.0,2026-09-28,baseline,23410,2026-09-28 16:35:08.000000000,83650.0,2026-09-28 16:35:00.000000000,23509,2026-09-28 16:40:26.000000000,83600.0,2026-09-28 16:40:00.000000000,Обратное пересечение,-50.0,80.0,-130.0,RTS,8.0
23508,Short,117,60000000000000,83616.66666666667,83635.58823529411,37835,47859.0,0.7905514114377651,False,26.0,2026-09-28,baseline,23509,2026-09-28 16:40:26.000000000,83600.0,2026-09-28 16:40:00.000000000,24102,2026-09-28 17:20:03.000000000,83670.0,2026-09-28 17:20:00.000000000,Обратное пересечение,-70.0,80.0,-150.0,RTS,8.0
24101,Long,125,62400000000000,83600.0,83577.64705882352,38854,51770.0,0.7505118794668727,False,3.0,2026-09-28,baseline,24102,2026-09-28 17:20:03.000000000,83670.0,2026-09-28 17:20:00.000000000,26292,2026-09-28 18:10:04.000000000,83620.0,2026-09-28 18:10:00.000000000,Обратное пересечение,-50.0,80.0,-130.0,RTS,8.0
26291,Short,135,65400000000000,83613.33333333333,83614.41176470589,43600,59762.0,0.7295605903416887,False,4.0,2026-09-28,baseline,26292,2026-09-28 18:10:04.000000000,83620.0,2026-09-28 18:10:00.000000000,26364,2026-09-28 18:15:00.000000000,83660.0,2026-09-28 18:15:00.000000000,Обратное пересечение,-40.0,80.0,-120.0,RTS,8.0
26363,Long,136,65700000000000,83626.66666666667,83617.64705882352,43744,60197.5,0.7266746957930147,False,0.0,2026-09-28,baseline,26364,2026-09-28 18:15:00.000000000,83660.0,2026-09-28 18:15:00.000000000,26736,2026-09-28 18:25:03.000000000,83600.0,2026-09-28 18:25:00.000000000,Обратное пересечение,-60.0,80.0,-140.0,RTS,8.0
26735,Short,138,66300000000000,83620.0,83626.17647058824,44519,61053.0,0.7291861169803285,False,3.0,2026-09-28,baseline,26736,2026-09-28 18:25:03.000000000,83600.0,2026-09-28 18:25:00.000000000,27010,2026-09-28 18:45:17.000000000,83680.0,,Закрытие сессии,-80.0,80.0,-160.0,RTS,8.0
15725,Long,71,46200000000000,84103.33333333333,84027.94117647059,22255,21960.5,1.0134104414744656,True,0.0,2026-09-28,volume,15726,2026-09-28 12:50:00.000000000,84140.0,2026-09-28 12:50:00.000000000,16724,2026-09-28 13:25:19.000000000,83970.0,2026-09-28 13:25:00.000000000,Обратное пересечение,-170.0,0.0,-170.0,RTS,0.0
16723,Short,78,48300000000000,84010.0,84020.88235294117,23950,25670.5,0.9329775423151088,False,19.0,2026-09-28,volume,16724,2026-09-28 13:25:19.000000000,83970.0,2026-09-28 13:25:00.000000000,17360,2026-09-28 13:55:03.000000000,84010.0,2026-09-28 13:55:00.000000000,Обратное пересечение,-40.0,0.0,-40.0,RTS,0.0
17359,Long,84,50100000000000,83996.66666666667,83989.70588235294,25035,30054.0,0.8330005989219406,False,3.0,2026-09-28,volume,17360,2026-09-28 13:55:03.000000000,84010.0,2026-09-28 13:55:00.000000000,17424,2026-09-28 14:00:00.000000000,83910.0,2026-09-28 14:00:00.000000000,Обратное пересечение,-100.0,0.0,-100.0,RTS,0.0
17423,Short,85,50400000000000,83976.66666666667,83981.17647058824,25157,30231.5,0.8321452789309164,False,0.0,2026-09-28,volume,17424,2026-09-28 14:00:00.000000000,83910.0,2026-09-28 14:00:00.000000000,23149,2026-09-28 16:25:09.000000000,83710.0,2026-09-28 16:25:00.000000000,Обратное пересечение,200.0,0.0,200.0,RTS,0.0
23148,Long,114,59100000000000,83676.66666666667,83667.05882352941,37183,46433.0,0.8007882325070532,False,9.0,2026-09-28,volume,23149,2026-09-28 16:25:09.000000000,83710.0,2026-09-28 16:25:00.000000000,23309,2026-09-28 16:30:54.000000000,83600.0,2026-09-28 16:30:00.000000000,Обратное пересечение,-110.0,0.0,-110.0,RTS,0.0
23308,Short,115,59400000000000,83656.66666666667,83657.35294117648,37482,46683.5,0.8028960981931518,False,54.0,2026-09-28,volume,23309,2026-09-28 16:30:54.000000000,83600.0,2026-09-28 16:30:00.000000000,23410,2026-09-28 16:35:08.000000000,83650.0,2026-09-28 16:35:00.000000000,Обратное пересечение,-50.0,0.0,-50.0,RTS,0.0
23409,Long,116,59700000000000,83653.33333333333,83647.94117647059,37664,47448.0,0.7937953127634463,False,8.0,2026-09-28,volume,23410,2026-09-28 16:35:08.000000000,83650.0,2026-09-28 16:35:00.000000000,23509,2026-09-28 16:40:26.000000000,83600.0,2026-09-28 16:40:00.000000000,Обратное пересечение,-50.0,0.0,-50.0,RTS,0.0
23508,Short,117,60000000000000,83616.66666666667,83635.58823529411,37835,47859.0,0.7905514114377651,False,26.0,2026-09-28,volume,23509,2026-09-28 16:40:26.000000000,83600.0,2026-09-28 16:40:00.000000000,24102,2026-09-28 17:20:03.000000000,83670.0,2026-09-28 17:20:00.000000000,Обратное пересечение,-70.0,0.0,-70.0,RTS,0.0
24101,Long,125,62400000000000,83600.0,83577.64705882352,38854,51770.0,0.7505118794668727,False,3.0,2026-09-28,volume,24102,2026-09-28 17:20:03.000000000,83670.0,2026-09-28 17:20:00.000000000,26292,2026-09-28 18:10:04.000000000,83620.0,2026-09-28 18:10:00.000000000,Обратное пересечение,-50.0,0.0,-50.0,RTS,0.0
26291,Short,135,65400000000000,83613.33333333333,83614.41176470589,43600,59762.0,0.7295605903416887,False,4.0,2026-09-28,volume,26292,2026-09-28 18:10:04.000000000,83620.0,2026-09-28 18:10:00.000000000,26364,2026-09-28 18:15:00.000000000,83660.0,2026-09-28 18:15:00.000000000,Обратное пересечение,-40.0,0.0,-40.0,RTS,0.0
26363,Long,136,65700000000000,83626.66666666667,83617.64705882352,43744,60197.5,0.7266746957930147,False,0.0,2026-09-28,volume,26364,2026-09-28 18:15:00.000000000,83660.0,2026-09-28 18:15:00.000000000,26736,2026-09-28 18:25:03.000000000,83600.0,2026-09-28 18:25:00.000000000,Обратное пересечение,-60.0,0.0,-60.0,RTS,0.0
26735,Short,138,66300000000000,83620.0,83626.17647058824,44519,61053.0,0.7291861169803285,False,3.0,2026-09-28,volume,26736,2026-09-28 18:25:03.000000000,83600.0,2026-09-28 18:25:00.000000000,27010,2026-09-28 18:45:17.000000000,83680.0,,Закрытие сессии,-80.0,0.0,-80.0,RTS,0.0
15725,Long,71,46200000000000,84103.33333333333,84027.94117647059,22255,21960.5,1.0134104414744656,True,0.0,2026-09-28,volume,15726,2026-09-28 12:50:00.000000000,84140.0,2026-09-28 12:50:00.000000000,16724,2026-09-28 13:25:19.000000000,83970.0,2026-09-28 13:25:00.000000000,Обратное пересечение,-170.0,20.0,-190.0,RTS,2.0
16723,Short,78,48300000000000,84010.0,84020.88235294117,23950,25670.5,0.9329775423151088,False,19.0,2026-09-28,volume,16724,2026-09-28 13:25:19.000000000,83970.0,2026-09-28 13:25:00.000000000,17360,2026-09-28 13:55:03.000000000,84010.0,2026-09-28 13:55:00.000000000,Обратное пересечение,-40.0,20.0,-60.0,RTS,2.0
17359,Long,84,50100000000000,83996.66666666667,83989.70588235294,25035,30054.0,0.8330005989219406,False,3.0,2026-09-28,volume,17360,2026-09-28 13:55:03.000000000,84010.0,2026-09-28 13:55:00.000000000,17424,2026-09-28 14:00:00.000000000,83910.0,2026-09-28 14:00:00.000000000,Обратное пересечение,-100.0,20.0,-120.0,RTS,2.0
17423,Short,85,50400000000000,83976.66666666667,83981.17647058824,25157,30231.5,0.8321452789309164,False,0.0,2026-09-28,volume,17424,2026-09-28 14:00:00.000000000,83910.0,2026-09-28 14:00:00.000000000,23149,2026-09-28 16:25:09.000000000,83710.0,2026-09-28 16:25:00.000000000,Обратное пересечение,200.0,20.0,180.0,RTS,2.0
23148,Long,114,59100000000000,83676.66666666667,83667.05882352941,37183,46433.0,0.8007882325070532,False,9.0,2026-09-28,volume,23149,2026-09-28 16:25:09.000000000,83710.0,2026-09-28 16:25:00.000000000,23309,2026-09-28 16:30:54.000000000,83600.0,2026-09-28 16:30:00.000000000,Обратное пересечение,-110.0,20.0,-130.0,RTS,2.0
23308,Short,115,59400000000000,83656.66666666667,83657.35294117648,37482,46683.5,0.8028960981931518,False,54.0,2026-09-28,volume,23309,2026-09-28 16:30:54.000000000,83600.0,2026-09-28 16:30:00.000000000,23410,2026-09-28 16:35:08.000000000,83650.0,2026-09-28 16:35:00.000000000,Обратное пересечение,-50.0,20.0,-70.0,RTS,2.0
23409,Long,116,59700000000000,83653.33333333333,83647.94117647059,37664,47448.0,0.7937953127634463,False,8.0,2026-09-28,volume,23410,2026-09-28 16:35:08.000000000,83650.0,2026-09-28 16:35:00.000000000,23509,2026-09-28 16:40:26.000000000,83600.0,2026-09-28 16:40:00.000000000,Обратное пересечение,-50.0,20.0,-70.0,RTS,2.0
23508,Short,117,60000000000000,83616.66666666667,83635.58823529411,37835,47859.0,0.7905514114377651,False,26.0,2026-09-28,volume,23509,2026-09-28 16:40:26.000000000,83600.0,2026-09-28 16:40:00.000000000,24102,2026-09-28 17:20:03.000000000,83670.0,2026-09-28 17:20:00.000000000,Обратное пересечение,-70.0,20.0,-90.0,RTS,2.0
24101,Long,125,62400000000000,83600.0,83577.64705882352,38854,51770.0,0.7505118794668727,False,3.0,2026-09-28,volume,24102,2026-09-28 17:20:03.000000000,83670.0,2026-09-28 17:20:00.000000000,26292,2026-09-28 18:10:04.000000000,83620.0,2026-09-28 18:10:00.000000000,Обратное пересечение,-50.0,20.0,-70.0,RTS,2.0
26291,Short,135,65400000000000,83613.33333333333,83614.41176470589,43600,59762.0,0.7295605903416887,False,4.0,2026-09-28,volume,26292,2026-09-28 18:10:04.000000000,83620.0,2026-09-28 18:10:00.000000000,26364,2026-09-28 18:15:00.000000000,83660.0,2026-09-28 18:15:00.000000000,Обратное пересечение,-40.0,20.0,-60.0,RTS,2.0
26363,Long,136,65700000000000,83626.66666666667,83617.64705882352,43744,60197.5,0.7266746957930147,False,0.0,2026-09-28,volume,26364,2026-09-28 18:15:00.000000000,83660.0,2026-09-28 18:15:00.000000000,26736,2026-09-28 18:25:03.000000000,83600.0,2026-09-28 18:25:00.000000000,Обратное пересечение,-60.0,20.0,-80.0,RTS,2.0
26735,Short,138,66300000000000,83620.0,83626.17647058824,44519,61053.0,0.7291861169803285,False,3.0,2026-09-28,volume,26736,2026-09-28 18:25:03.000000000,83600.0,2026-09-28 18:25:00.000000000,27010,2026-09-28 18:45:17.000000000,83680.0,,Закрытие сессии,-80.0,20.0,-100.0,RTS,2.0
15725,Long,71,46200000000000,84103.33333333333,84027.94117647059,22255,21960.5,1.0134104414744656,True,0.0,2026-09-28,volume,15726,2026-09-28 12:50:00.000000000,84140.0,2026-09-28 12:50:00.000000000,16724,2026-09-28 13:25:19.000000000,83970.0,2026-09-28 13:25:00.000000000,Обратное пересечение,-170.0,40.0,-210.0,RTS,4.0
16723,Short,78,48300000000000,84010.0,84020.88235294117,23950,25670.5,0.9329775423151088,False,19.0,2026-09-28,volume,16724,2026-09-28 13:25:19.000000000,83970.0,2026-09-28 13:25:00.000000000,17360,2026-09-28 13:55:03.000000000,84010.0,2026-09-28 13:55:00.000000000,Обратное пересечение,-40.0,40.0,-80.0,RTS,4.0
17359,Long,84,50100000000000,83996.66666666667,83989.70588235294,25035,30054.0,0.8330005989219406,False,3.0,2026-09-28,volume,17360,2026-09-28 13:55:03.000000000,84010.0,2026-09-28 13:55:00.000000000,17424,2026-09-28 14:00:00.000000000,83910.0,2026-09-28 14:00:00.000000000,Обратное пересечение,-100.0,40.0,-140.0,RTS,4.0
17423,Short,85,50400000000000,83976.66666666667,83981.17647058824,25157,30231.5,0.8321452789309164,False,0.0,2026-09-28,volume,17424,2026-09-28 14:00:00.000000000,83910.0,2026-09-28 14:00:00.000000000,23149,2026-09-28 16:25:09.000000000,83710.0,2026-09-28 16:25:00.000000000,Обратное пересечение,200.0,40.0,160.0,RTS,4.0
23148,Long,114,59100000000000,83676.66666666667,83667.05882352941,37183,46433.0,0.8007882325070532,False,9.0,2026-09-28,volume,23149,2026-09-28 16:25:09.000000000,83710.0,2026-09-28 16:25:00.000000000,23309,2026-09-28 16:30:54.000000000,83600.0,2026-09-28 16:30:00.000000000,Обратное пересечение,-110.0,40.0,-150.0,RTS,4.0
23308,Short,115,59400000000000,83656.66666666667,83657.35294117648,37482,46683.5,0.8028960981931518,False,54.0,2026-09-28,volume,23309,2026-09-28 16:30:54.000000000,83600.0,2026-09-28 16:30:00.000000000,23410,2026-09-28 16:35:08.000000000,83650.0,2026-09-28 16:35:00.000000000,Обратное пересечение,-50.0,40.0,-90.0,RTS,4.0
23409,Long,116,59700000000000,83653.33333333333,83647.94117647059,37664,47448.0,0.7937953127634463,False,8.0,2026-09-28,volume,23410,2026-09-28 16:35:08.000000000,83650.0,2026-09-28 16:35:00.000000000,23509,2026-09-28 16:40:26.000000000,83600.0,2026-09-28 16:40:00.000000000,Обратное пересечение,-50.0,40.0,-90.0,RTS,4.0
23508,Short,117,60000000000000,83616.66666666667,83635.58823529411,37835,47859.0,0.7905514114377651,False,26.0,2026-09-28,volume,23509,2026-09-28 16:40:26.000000000,83600.0,2026-09-28 16:40:00.000000000,24102,2026-09-28 17:20:03.000000000,83670.0,2026-09-28 17:20:00.000000000,Обратное пересечение,-70.0,40.0,-110.0,RTS,4.0
24101,Long,125,62400000000000,83600.0,83577.64705882352,38854,51770.0,0.7505118794668727,False,3.0,2026-09-28,volume,24102,2026-09-28 17:20:03.000000000,83670.0,2026-09-28 17:20:00.000000000,26292,2026-09-28 18:10:04.000000000,83620.0,2026-09-28 18:10:00.000000000,Обратное пересечение,-50.0,40.0,-90.0,RTS,4.0
26291,Short,135,65400000000000,83613.33333333333,83614.41176470589,43600,59762.0,0.7295605903416887,False,4.0,2026-09-28,volume,26292,2026-09-28 18:10:04.000000000,83620.0,2026-09-28 18:10:00.000000000,26364,2026-09-28 18:15:00.000000000,83660.0,2026-09-28 18:15:00.000000000,Обратное пересечение,-40.0,40.0,-80.0,RTS,4.0
26363,Long,136,65700000000000,83626.66666666667,83617.64705882352,43744,60197.5,0.7266746957930147,False,0.0,2026-09-28,volume,26364,2026-09-28 18:15:00.000000000,83660.0,2026-09-28 18:15:00.000000000,26736,2026-09-28 18:25:03.000000000,83600.0,2026-09-28 18:25:00.000000000,Обратное пересечение,-60.0,40.0,-100.0,RTS,4.0
26735,Short,138,66300000000000,83620.0,83626.17647058824,44519,61053.0,0.7291861169803285,False,3.0,2026-09-28,volume,26736,2026-09-28 18:25:03.000000000,83600.0,2026-09-28 18:25:00.000000000,27010,2026-09-28 18:45:17.000000000,83680.0,,Закрытие сессии,-80.0,40.0,-120.0,RTS,4.0
15725,Long,71,46200000000000,84103.33333333333,84027.94117647059,22255,21960.5,1.0134104414744656,True,0.0,2026-09-28,volume,15726,2026-09-28 12:50:00.000000000,84140.0,2026-09-28 12:50:00.000000000,16724,2026-09-28 13:25:19.000000000,83970.0,2026-09-28 13:25:00.000000000,Обратное пересечение,-170.0,80.0,-250.0,RTS,8.0
16723,Short,78,48300000000000,84010.0,84020.88235294117,23950,25670.5,0.9329775423151088,False,19.0,2026-09-28,volume,16724,2026-09-28 13:25:19.000000000,83970.0,2026-09-28 13:25:00.000000000,17360,2026-09-28 13:55:03.000000000,84010.0,2026-09-28 13:55:00.000000000,Обратное пересечение,-40.0,80.0,-120.0,RTS,8.0
17359,Long,84,50100000000000,83996.66666666667,83989.70588235294,25035,30054.0,0.8330005989219406,False,3.0,2026-09-28,volume,17360,2026-09-28 13:55:03.000000000,84010.0,2026-09-28 13:55:00.000000000,17424,2026-09-28 14:00:00.000000000,83910.0,2026-09-28 14:00:00.000000000,Обратное пересечение,-100.0,80.0,-180.0,RTS,8.0
17423,Short,85,50400000000000,83976.66666666667,83981.17647058824,25157,30231.5,0.8321452789309164,False,0.0,2026-09-28,volume,17424,2026-09-28 14:00:00.000000000,83910.0,2026-09-28 14:00:00.000000000,23149,2026-09-28 16:25:09.000000000,83710.0,2026-09-28 16:25:00.000000000,Обратное пересечение,200.0,80.0,120.0,RTS,8.0
23148,Long,114,59100000000000,83676.66666666667,83667.05882352941,37183,46433.0,0.8007882325070532,False,9.0,2026-09-28,volume,23149,2026-09-28 16:25:09.000000000,83710.0,2026-09-28 16:25:00.000000000,23309,2026-09-28 16:30:54.000000000,83600.0,2026-09-28 16:30:00.000000000,Обратное пересечение,-110.0,80.0,-190.0,RTS,8.0
23308,Short,115,59400000000000,83656.66666666667,83657.35294117648,37482,46683.5,0.8028960981931518,False,54.0,2026-09-28,volume,23309,2026-09-28 16:30:54.000000000,83600.0,2026-09-28 16:30:00.000000000,23410,2026-09-28 16:35:08.000000000,83650.0,2026-09-28 16:35:00.000000000,Обратное пересечение,-50.0,80.0,-130.0,RTS,8.0
23409,Long,116,59700000000000,83653.33333333333,83647.94117647059,37664,47448.0,0.7937953127634463,False,8.0,2026-09-28,volume,23410,2026-09-28 16:35:08.000000000,83650.0,2026-09-28 16:35:00.000000000,23509,2026-09-28 16:40:26.000000000,83600.0,2026-09-28 16:40:00.000000000,Обратное пересечение,-50.0,80.0,-130.0,RTS,8.0
23508,Short,117,60000000000000,83616.66666666667,83635.58823529411,37835,47859.0,0.7905514114377651,False,26.0,2026-09-28,volume,23509,2026-09-28 16:40:26.000000000,83600.0,2026-09-28 16:40:00.000000000,24102,2026-09-28 17:20:03.000000000,83670.0,2026-09-28 17:20:00.000000000,Обратное пересечение,-70.0,80.0,-150.0,RTS,8.0
24101,Long,125,62400000000000,83600.0,83577.64705882352,38854,51770.0,0.7505118794668727,False,3.0,2026-09-28,volume,24102,2026-09-28 17:20:03.000000000,83670.0,2026-09-28 17:20:00.000000000,26292,2026-09-28 18:10:04.000000000,83620.0,2026-09-28 18:10:00.000000000,Обратное пересечение,-50.0,80.0,-130.0,RTS,8.0
26291,Short,135,65400000000000,83613.33333333333,83614.41176470589,43600,59762.0,0.7295605903416887,False,4.0,2026-09-28,volume,26292,2026-09-28 18:10:04.000000000,83620.0,2026-09-28 18:10:00.000000000,26364,2026-09-28 18:15:00.000000000,83660.0,2026-09-28 18:15:00.000000000,Обратное пересечение,-40.0,80.0,-120.0,RTS,8.0
26363,Long,136,65700000000000,83626.66666666667,83617.64705882352,43744,60197.5,0.7266746957930147,False,0.0,2026-09-28,volume,26364,2026-09-28 18:15:00.000000000,83660.0,2026-09-28 18:15:00.000000000,26736,2026-09-28 18:25:03.000000000,83600.0,2026-09-28 18:25:00.000000000,Обратное пересечение,-60.0,80.0,-140.0,RTS,8.0
26735,Short,138,66300000000000,83620.0,83626.17647058824,44519,61053.0,0.7291861169803285,False,3.0,2026-09-28,volume,26736,2026-09-28 18:25:03.000000000,83600.0,2026-09-28 18:25:00.000000000,27010,2026-09-28 18:45:17.000000000,83680.0,,Закрытие сессии,-80.0,80.0,-160.0,RTS,8.0
13217,Long,58,42300000000000,82823.33333333333,82807.94117647059,15751,13161.0,1.1967935567206138,True,0.0,2026-09-29,baseline,13218,2026-09-29 11:45:00.000000000,82940.0,2026-09-29 11:45:00.000000000,19118,2026-09-29 14:15:01.000000000,82990.0,2026-09-29 14:15:00.000000000,Обратное пересечение,50.0,0.0,50.0,RTS,0.0
19117,Short,88,51300000000000,83026.66666666667,83026.76470588235,26403,31042.5,0.8505436095675284,False,1.0,2026-09-29,baseline,19118,2026-09-29 14:15:01.000000000,82990.0,2026-09-29 14:15:00.000000000,20187,2026-09-29 14:30:01.000000000,83310.0,2026-09-29 14:30:00.000000000,Обратное пересечение,-320.0,0.0,-320.0,RTS,0.0
20186,Long,91,52200000000000,83100.0,83057.35294117648,28735,32078.0,0.895785273396097,False,1.0,2026-09-29,baseline,20187,2026-09-29 14:30:01.000000000,83310.0,2026-09-29 14:30:00.000000000,40926,2026-09-29 18:45:00.000000000,84880.0,,Закрытие сессии,1570.0,0.0,1570.0,RTS,0.0
13217,Long,58,42300000000000,82823.33333333333,82807.94117647059,15751,13161.0,1.1967935567206138,True,0.0,2026-09-29,baseline,13218,2026-09-29 11:45:00.000000000,82940.0,2026-09-29 11:45:00.000000000,19118,2026-09-29 14:15:01.000000000,82990.0,2026-09-29 14:15:00.000000000,Обратное пересечение,50.0,20.0,30.0,RTS,2.0
19117,Short,88,51300000000000,83026.66666666667,83026.76470588235,26403,31042.5,0.8505436095675284,False,1.0,2026-09-29,baseline,19118,2026-09-29 14:15:01.000000000,82990.0,2026-09-29 14:15:00.000000000,20187,2026-09-29 14:30:01.000000000,83310.0,2026-09-29 14:30:00.000000000,Обратное пересечение,-320.0,20.0,-340.0,RTS,2.0
20186,Long,91,52200000000000,83100.0,83057.35294117648,28735,32078.0,0.895785273396097,False,1.0,2026-09-29,baseline,20187,2026-09-29 14:30:01.000000000,83310.0,2026-09-29 14:30:00.000000000,40926,2026-09-29 18:45:00.000000000,84880.0,,Закрытие сессии,1570.0,20.0,1550.0,RTS,2.0
13217,Long,58,42300000000000,82823.33333333333,82807.94117647059,15751,13161.0,1.1967935567206138,True,0.0,2026-09-29,baseline,13218,2026-09-29 11:45:00.000000000,82940.0,2026-09-29 11:45:00.000000000,19118,2026-09-29 14:15:01.000000000,82990.0,2026-09-29 14:15:00.000000000,Обратное пересечение,50.0,40.0,10.0,RTS,4.0
19117,Short,88,51300000000000,83026.66666666667,83026.76470588235,26403,31042.5,0.8505436095675284,False,1.0,2026-09-29,baseline,19118,2026-09-29 14:15:01.000000000,82990.0,2026-09-29 14:15:00.000000000,20187,2026-09-29 14:30:01.000000000,83310.0,2026-09-29 14:30:00.000000000,Обратное пересечение,-320.0,40.0,-360.0,RTS,4.0
20186,Long,91,52200000000000,83100.0,83057.35294117648,28735,32078.0,0.895785273396097,False,1.0,2026-09-29,baseline,20187,2026-09-29 14:30:01.000000000,83310.0,2026-09-29 14:30:00.000000000,40926,2026-09-29 18:45:00.000000000,84880.0,,Закрытие сессии,1570.0,40.0,1530.0,RTS,4.0
13217,Long,58,42300000000000,82823.33333333333,82807.94117647059,15751,13161.0,1.1967935567206138,True,0.0,2026-09-29,baseline,13218,2026-09-29 11:45:00.000000000,82940.0,2026-09-29 11:45:00.000000000,19118,2026-09-29 14:15:01.000000000,82990.0,2026-09-29 14:15:00.000000000,Обратное пересечение,50.0,80.0,-30.0,RTS,8.0
19117,Short,88,51300000000000,83026.66666666667,83026.76470588235,26403,31042.5,0.8505436095675284,False,1.0,2026-09-29,baseline,19118,2026-09-29 14:15:01.000000000,82990.0,2026-09-29 14:15:00.000000000,20187,2026-09-29 14:30:01.000000000,83310.0,2026-09-29 14:30:00.000000000,Обратное пересечение,-320.0,80.0,-400.0,RTS,8.0
20186,Long,91,52200000000000,83100.0,83057.35294117648,28735,32078.0,0.895785273396097,False,1.0,2026-09-29,baseline,20187,2026-09-29 14:30:01.000000000,83310.0,2026-09-29 14:30:00.000000000,40926,2026-09-29 18:45:00.000000000,84880.0,,Закрытие сессии,1570.0,80.0,1490.0,RTS,8.0
13217,Long,58,42300000000000,82823.33333333333,82807.94117647059,15751,13161.0,1.1967935567206138,True,0.0,2026-09-29,volume,13218,2026-09-29 11:45:00.000000000,82940.0,2026-09-29 11:45:00.000000000,19118,2026-09-29 14:15:01.000000000,82990.0,2026-09-29 14:15:00.000000000,Обратное пересечение,50.0,0.0,50.0,RTS,0.0
19117,Short,88,51300000000000,83026.66666666667,83026.76470588235,26403,31042.5,0.8505436095675284,False,1.0,2026-09-29,volume,19118,2026-09-29 14:15:01.000000000,82990.0,2026-09-29 14:15:00.000000000,20187,2026-09-29 14:30:01.000000000,83310.0,2026-09-29 14:30:00.000000000,Обратное пересечение,-320.0,0.0,-320.0,RTS,0.0
20186,Long,91,52200000000000,83100.0,83057.35294117648,28735,32078.0,0.895785273396097,False,1.0,2026-09-29,volume,20187,2026-09-29 14:30:01.000000000,83310.0,2026-09-29 14:30:00.000000000,40926,2026-09-29 18:45:00.000000000,84880.0,,Закрытие сессии,1570.0,0.0,1570.0,RTS,0.0
13217,Long,58,42300000000000,82823.33333333333,82807.94117647059,15751,13161.0,1.1967935567206138,True,0.0,2026-09-29,volume,13218,2026-09-29 11:45:00.000000000,82940.0,2026-09-29 11:45:00.000000000,19118,2026-09-29 14:15:01.000000000,82990.0,2026-09-29 14:15:00.000000000,Обратное пересечение,50.0,20.0,30.0,RTS,2.0
19117,Short,88,51300000000000,83026.66666666667,83026.76470588235,26403,31042.5,0.8505436095675284,False,1.0,2026-09-29,volume,19118,2026-09-29 14:15:01.000000000,82990.0,2026-09-29 14:15:00.000000000,20187,2026-09-29 14:30:01.000000000,83310.0,2026-09-29 14:30:00.000000000,Обратное пересечение,-320.0,20.0,-340.0,RTS,2.0
20186,Long,91,52200000000000,83100.0,83057.35294117648,28735,32078.0,0.895785273396097,False,1.0,2026-09-29,volume,20187,2026-09-29 14:30:01.000000000,83310.0,2026-09-29 14:30:00.000000000,40926,2026-09-29 18:45:00.000000000,84880.0,,Закрытие сессии,1570.0,20.0,1550.0,RTS,2.0
13217,Long,58,42300000000000,82823.33333333333,82807.94117647059,15751,13161.0,1.1967935567206138,True,0.0,2026-09-29,volume,13218,2026-09-29 11:45:00.000000000,82940.0,2026-09-29 11:45:00.000000000,19118,2026-09-29 14:15:01.000000000,82990.0,2026-09-29 14:15:00.000000000,Обратное пересечение,50.0,40.0,10.0,RTS,4.0
19117,Short,88,51300000000000,83026.66666666667,83026.76470588235,26403,31042.5,0.8505436095675284,False,1.0,2026-09-29,volume,19118,2026-09-29 14:15:01.000000000,82990.0,2026-09-29 14:15:00.000000000,20187,2026-09-29 14:30:01.000000000,83310.0,2026-09-29 14:30:00.000000000,Обратное пересечение,-320.0,40.0,-360.0,RTS,4.0
20186,Long,91,52200000000000,83100.0,83057.35294117648,28735,32078.0,0.895785273396097,False,1.0,2026-09-29,volume,20187,2026-09-29 14:30:01.000000000,83310.0,2026-09-29 14:30:00.000000000,40926,2026-09-29 18:45:00.000000000,84880.0,,Закрытие сессии,1570.0,40.0,1530.0,RTS,4.0
13217,Long,58,42300000000000,82823.33333333333,82807.94117647059,15751,13161.0,1.1967935567206138,True,0.0,2026-09-29,volume,13218,2026-09-29 11:45:00.000000000,82940.0,2026-09-29 11:45:00.000000000,19118,2026-09-29 14:15:01.000000000,82990.0,2026-09-29 14:15:00.000000000,Обратное пересечение,50.0,80.0,-30.0,RTS,8.0
19117,Short,88,51300000000000,83026.66666666667,83026.76470588235,26403,31042.5,0.8505436095675284,False,1.0,2026-09-29,volume,19118,2026-09-29 14:15:01.000000000,82990.0,2026-09-29 14:15:00.000000000,20187,2026-09-29 14:30:01.000000000,83310.0,2026-09-29 14:30:00.000000000,Обратное пересечение,-320.0,80.0,-400.0,RTS,8.0
20186,Long,91,52200000000000,83100.0,83057.35294117648,28735,32078.0,0.895785273396097,False,1.0,2026-09-29,volume,20187,2026-09-29 14:30:01.000000000,83310.0,2026-09-29 14:30:00.000000000,40926,2026-09-29 18:45:00.000000000,84880.0,,Закрытие сессии,1570.0,80.0,1490.0,RTS,8.0
3628,Short,38,36300000000000,84593.33333333333,84595.29411764706,613,1239.5,0.4945542557482856,False,0.0,2026-09-30,baseline,3629,2026-09-30 10:05:00.000000000,84650.0,2026-09-30 10:05:00.000000000,4023,2026-09-30 10:10:10.000000000,84590.0,2026-09-30 10:10:00.000000000,Обратное пересечение,60.0,0.0,60.0,RTS,0.0
4022,Long,39,36600000000000,84600.0,84595.58823529411,1508,2122.0,0.7106503298774741,False,10.0,2026-09-30,baseline,4023,2026-09-30 10:10:10.000000000,84590.0,2026-09-30 10:10:00.000000000,4243,2026-09-30 10:15:00.000000000,84470.0,2026-09-30 10:15:00.000000000,Обратное пересечение,-120.0,0.0,-120.0,RTS,0.0
4242,Short,40,36900000000000,84573.33333333333,84591.4705882353,1907,2771.0,0.6881992060627932,False,0.0,2026-09-30,baseline,4243,2026-09-30 10:15:00.000000000,84470.0,2026-09-30 10:15:00.000000000,9119,2026-09-30 11:10:00.000000000,84500.0,2026-09-30 11:10:00.000000000,Обратное пересечение,-30.0,0.0,-30.0,RTS,0.0
9118,Long,51,40200000000000,84593.33333333333,84535.88235294117,11313,9928.0,1.1395044319097503,True,0.0,2026-09-30,baseline,9119,2026-09-30 11:10:00.000000000,84500.0,2026-09-30 11:10:00.000000000,9456,2026-09-30 11:20:02.000000000,84510.0,2026-09-30 11:20:00.000000000,Обратное пересечение,10.0,0.0,10.0,RTS,0.0
9455,Short,53,40800000000000,84536.66666666667,84537.64705882352,11898,10816.0,1.1000369822485208,True,2.0,2026-09-30,baseline,9456,2026-09-30 11:20:02.000000000,84510.0,2026-09-30 11:20:00.000000000,9660,2026-09-30 11:25:01.000000000,84540.0,2026-09-30 11:25:00.000000000,Обратное пересечение,-30.0,0.0,-30.0,RTS,0.0
9659,Long,54,41100000000000,84550.0,84539.11764705883,12271,11019.5,1.1135713961613503,True,1.0,2026-09-30,baseline,9660,2026-09-30 11:25:01.000000000,84540.0,2026-09-30 11:25:00.000000000,9749,2026-09-30 11:30:17.000000000,84500.0,2026-09-30 11:30:00.000000000,Обратное пересечение,-40.0,0.0,-40.0,RTS,0.0
9748,Short,55,41400000000000,84526.66666666667,84540.58823529411,12422,11518.0,1.0784858482375412,True,17.0,2026-09-30,baseline,9749,2026-09-30 11:30:17.000000000,84500.0,2026-09-30 11:30:00.000000000,11067,2026-09-30 12:00:00.000000000,84630.0,2026-09-30 12:00:00.000000000,Обратное пересечение,-130.0,0.0,-130.0,RTS,0.0
11066,Long,61,43200000000000,84586.66666666667,84520.58823529411,14653,15007.5,0.9763784774279527,False,0.0,2026-09-30,baseline,11067,2026-09-30 12:00:00.000000000,84630.0,2026-09-30 12:00:00.000000000,13615,2026-09-30 13:05:04.000000000,84300.0,2026-09-30 13:05:00.000000000,Обратное пересечение,-330.0,0.0,-330.0,RTS,0.0
13614,Short,74,47100000000000,84373.33333333333,84512.05882352941,19153,21973.5,0.8716408401028511,False,4.0,2026-09-30,baseline,13615,2026-09-30 13:05:04.000000000,84300.0,2026-09-30 13:05:00.000000000,14666,2026-09-30 13:30:01.000000000,84600.0,2026-09-30 13:30:00.000000000,Обратное пересечение,-300.0,0.0,-300.0,RTS,0.0
14665,Long,79,48600000000000,84540.0,84539.70588235294,21152,24257.5,0.8719777388436566,False,1.0,2026-09-30,baseline,14666,2026-09-30 13:30:01.000000000,84600.0,2026-09-30 13:30:00.000000000,14938,2026-09-30 13:35:01.000000000,84470.0,2026-09-30 13:35:00.000000000,Обратное пересечение,-130.0,0.0,-130.0,RTS,0.0
14937,Short,80,48900000000000,84516.66666666667,84544.11764705883,21550,25856.0,0.8334622524752475,False,1.0,2026-09-30,baseline,14938,2026-09-30 13:35:01.000000000,84470.0,2026-09-30 13:35:00.000000000,16175,2026-09-30 14:05:01.000000000,84660.0,2026-09-30 14:05:00.000000000,Обратное пересечение,-190.0,0.0,-190.0,RTS,0.0
16174,Long,86,50700000000000,84556.66666666667,84555.29411764706,23693,29420.5,0.8053228191227205,False,1.0,2026-09-30,baseline,16175,2026-09-30 14:05:01.000000000,84660.0,2026-09-30 14:05:00.000000000,33416,2026-09-30 18:40:25.000000000,85830.0,2026-09-30 18:40:00.000000000,Обратное пересечение,1170.0,0.0,1170.0,RTS,0.0
33415,Short,141,67200000000000,85833.33333333333,85835.29411764706,58894,63426.0,0.9285466527922304,False,25.0,2026-09-30,baseline,33416,2026-09-30 18:40:25.000000000,85830.0,2026-09-30 18:40:00.000000000,33591,2026-09-30 18:45:00.000000000,85930.0,,Закрытие сессии,-100.0,0.0,-100.0,RTS,0.0
3628,Short,38,36300000000000,84593.33333333333,84595.29411764706,613,1239.5,0.4945542557482856,False,0.0,2026-09-30,baseline,3629,2026-09-30 10:05:00.000000000,84650.0,2026-09-30 10:05:00.000000000,4023,2026-09-30 10:10:10.000000000,84590.0,2026-09-30 10:10:00.000000000,Обратное пересечение,60.0,20.0,40.0,RTS,2.0
4022,Long,39,36600000000000,84600.0,84595.58823529411,1508,2122.0,0.7106503298774741,False,10.0,2026-09-30,baseline,4023,2026-09-30 10:10:10.000000000,84590.0,2026-09-30 10:10:00.000000000,4243,2026-09-30 10:15:00.000000000,84470.0,2026-09-30 10:15:00.000000000,Обратное пересечение,-120.0,20.0,-140.0,RTS,2.0
4242,Short,40,36900000000000,84573.33333333333,84591.4705882353,1907,2771.0,0.6881992060627932,False,0.0,2026-09-30,baseline,4243,2026-09-30 10:15:00.000000000,84470.0,2026-09-30 10:15:00.000000000,9119,2026-09-30 11:10:00.000000000,84500.0,2026-09-30 11:10:00.000000000,Обратное пересечение,-30.0,20.0,-50.0,RTS,2.0
9118,Long,51,40200000000000,84593.33333333333,84535.88235294117,11313,9928.0,1.1395044319097503,True,0.0,2026-09-30,baseline,9119,2026-09-30 11:10:00.000000000,84500.0,2026-09-30 11:10:00.000000000,9456,2026-09-30 11:20:02.000000000,84510.0,2026-09-30 11:20:00.000000000,Обратное пересечение,10.0,20.0,-10.0,RTS,2.0
9455,Short,53,40800000000000,84536.66666666667,84537.64705882352,11898,10816.0,1.1000369822485208,True,2.0,2026-09-30,baseline,9456,2026-09-30 11:20:02.000000000,84510.0,2026-09-30 11:20:00.000000000,9660,2026-09-30 11:25:01.000000000,84540.0,2026-09-30 11:25:00.000000000,Обратное пересечение,-30.0,20.0,-50.0,RTS,2.0
9659,Long,54,41100000000000,84550.0,84539.11764705883,12271,11019.5,1.1135713961613503,True,1.0,2026-09-30,baseline,9660,2026-09-30 11:25:01.000000000,84540.0,2026-09-30 11:25:00.000000000,9749,2026-09-30 11:30:17.000000000,84500.0,2026-09-30 11:30:00.000000000,Обратное пересечение,-40.0,20.0,-60.0,RTS,2.0
9748,Short,55,41400000000000,84526.66666666667,84540.58823529411,12422,11518.0,1.0784858482375412,True,17.0,2026-09-30,baseline,9749,2026-09-30 11:30:17.000000000,84500.0,2026-09-30 11:30:00.000000000,11067,2026-09-30 12:00:00.000000000,84630.0,2026-09-30 12:00:00.000000000,Обратное пересечение,-130.0,20.0,-150.0,RTS,2.0
11066,Long,61,43200000000000,84586.66666666667,84520.58823529411,14653,15007.5,0.9763784774279527,False,0.0,2026-09-30,baseline,11067,2026-09-30 12:00:00.000000000,84630.0,2026-09-30 12:00:00.000000000,13615,2026-09-30 13:05:04.000000000,84300.0,2026-09-30 13:05:00.000000000,Обратное пересечение,-330.0,20.0,-350.0,RTS,2.0
13614,Short,74,47100000000000,84373.33333333333,84512.05882352941,19153,21973.5,0.8716408401028511,False,4.0,2026-09-30,baseline,13615,2026-09-30 13:05:04.000000000,84300.0,2026-09-30 13:05:00.000000000,14666,2026-09-30 13:30:01.000000000,84600.0,2026-09-30 13:30:00.000000000,Обратное пересечение,-300.0,20.0,-320.0,RTS,2.0
14665,Long,79,48600000000000,84540.0,84539.70588235294,21152,24257.5,0.8719777388436566,False,1.0,2026-09-30,baseline,14666,2026-09-30 13:30:01.000000000,84600.0,2026-09-30 13:30:00.000000000,14938,2026-09-30 13:35:01.000000000,84470.0,2026-09-30 13:35:00.000000000,Обратное пересечение,-130.0,20.0,-150.0,RTS,2.0
14937,Short,80,48900000000000,84516.66666666667,84544.11764705883,21550,25856.0,0.8334622524752475,False,1.0,2026-09-30,baseline,14938,2026-09-30 13:35:01.000000000,84470.0,2026-09-30 13:35:00.000000000,16175,2026-09-30 14:05:01.000000000,84660.0,2026-09-30 14:05:00.000000000,Обратное пересечение,-190.0,20.0,-210.0,RTS,2.0
16174,Long,86,50700000000000,84556.66666666667,84555.29411764706,23693,29420.5,0.8053228191227205,False,1.0,2026-09-30,baseline,16175,2026-09-30 14:05:01.000000000,84660.0,2026-09-30 14:05:00.000000000,33416,2026-09-30 18:40:25.000000000,85830.0,2026-09-30 18:40:00.000000000,Обратное пересечение,1170.0,20.0,1150.0,RTS,2.0
33415,Short,141,67200000000000,85833.33333333333,85835.29411764706,58894,63426.0,0.9285466527922304,False,25.0,2026-09-30,baseline,33416,2026-09-30 18:40:25.000000000,85830.0,2026-09-30 18:40:00.000000000,33591,2026-09-30 18:45:00.000000000,85930.0,,Закрытие сессии,-100.0,20.0,-120.0,RTS,2.0
3628,Short,38,36300000000000,84593.33333333333,84595.29411764706,613,1239.5,0.4945542557482856,False,0.0,2026-09-30,baseline,3629,2026-09-30 10:05:00.000000000,84650.0,2026-09-30 10:05:00.000000000,4023,2026-09-30 10:10:10.000000000,84590.0,2026-09-30 10:10:00.000000000,Обратное пересечение,60.0,40.0,20.0,RTS,4.0
4022,Long,39,36600000000000,84600.0,84595.58823529411,1508,2122.0,0.7106503298774741,False,10.0,2026-09-30,baseline,4023,2026-09-30 10:10:10.000000000,84590.0,2026-09-30 10:10:00.000000000,4243,2026-09-30 10:15:00.000000000,84470.0,2026-09-30 10:15:00.000000000,Обратное пересечение,-120.0,40.0,-160.0,RTS,4.0
4242,Short,40,36900000000000,84573.33333333333,84591.4705882353,1907,2771.0,0.6881992060627932,False,0.0,2026-09-30,baseline,4243,2026-09-30 10:15:00.000000000,84470.0,2026-09-30 10:15:00.000000000,9119,2026-09-30 11:10:00.000000000,84500.0,2026-09-30 11:10:00.000000000,Обратное пересечение,-30.0,40.0,-70.0,RTS,4.0
9118,Long,51,40200000000000,84593.33333333333,84535.88235294117,11313,9928.0,1.1395044319097503,True,0.0,2026-09-30,baseline,9119,2026-09-30 11:10:00.000000000,84500.0,2026-09-30 11:10:00.000000000,9456,2026-09-30 11:20:02.000000000,84510.0,2026-09-30 11:20:00.000000000,Обратное пересечение,10.0,40.0,-30.0,RTS,4.0
9455,Short,53,40800000000000,84536.66666666667,84537.64705882352,11898,10816.0,1.1000369822485208,True,2.0,2026-09-30,baseline,9456,2026-09-30 11:20:02.000000000,84510.0,2026-09-30 11:20:00.000000000,9660,2026-09-30 11:25:01.000000000,84540.0,2026-09-30 11:25:00.000000000,Обратное пересечение,-30.0,40.0,-70.0,RTS,4.0
9659,Long,54,41100000000000,84550.0,84539.11764705883,12271,11019.5,1.1135713961613503,True,1.0,2026-09-30,baseline,9660,2026-09-30 11:25:01.000000000,84540.0,2026-09-30 11:25:00.000000000,9749,2026-09-30 11:30:17.000000000,84500.0,2026-09-30 11:30:00.000000000,Обратное пересечение,-40.0,40.0,-80.0,RTS,4.0
9748,Short,55,41400000000000,84526.66666666667,84540.58823529411,12422,11518.0,1.0784858482375412,True,17.0,2026-09-30,baseline,9749,2026-09-30 11:30:17.000000000,84500.0,2026-09-30 11:30:00.000000000,11067,2026-09-30 12:00:00.000000000,84630.0,2026-09-30 12:00:00.000000000,Обратное пересечение,-130.0,40.0,-170.0,RTS,4.0
11066,Long,61,43200000000000,84586.66666666667,84520.58823529411,14653,15007.5,0.9763784774279527,False,0.0,2026-09-30,baseline,11067,2026-09-30 12:00:00.000000000,84630.0,2026-09-30 12:00:00.000000000,13615,2026-09-30 13:05:04.000000000,84300.0,2026-09-30 13:05:00.000000000,Обратное пересечение,-330.0,40.0,-370.0,RTS,4.0
13614,Short,74,47100000000000,84373.33333333333,84512.05882352941,19153,21973.5,0.8716408401028511,False,4.0,2026-09-30,baseline,13615,2026-09-30 13:05:04.000000000,84300.0,2026-09-30 13:05:00.000000000,14666,2026-09-30 13:30:01.000000000,84600.0,2026-09-30 13:30:00.000000000,Обратное пересечение,-300.0,40.0,-340.0,RTS,4.0
14665,Long,79,48600000000000,84540.0,84539.70588235294,21152,24257.5,0.8719777388436566,False,1.0,2026-09-30,baseline,14666,2026-09-30 13:30:01.000000000,84600.0,2026-09-30 13:30:00.000000000,14938,2026-09-30 13:35:01.000000000,84470.0,2026-09-30 13:35:00.000000000,Обратное пересечение,-130.0,40.0,-170.0,RTS,4.0
14937,Short,80,48900000000000,84516.66666666667,84544.11764705883,21550,25856.0,0.8334622524752475,False,1.0,2026-09-30,baseline,14938,2026-09-30 13:35:01.000000000,84470.0,2026-09-30 13:35:00.000000000,16175,2026-09-30 14:05:01.000000000,84660.0,2026-09-30 14:05:00.000000000,Обратное пересечение,-190.0,40.0,-230.0,RTS,4.0
16174,Long,86,50700000000000,84556.66666666667,84555.29411764706,23693,29420.5,0.8053228191227205,False,1.0,2026-09-30,baseline,16175,2026-09-30 14:05:01.000000000,84660.0,2026-09-30 14:05:00.000000000,33416,2026-09-30 18:40:25.000000000,85830.0,2026-09-30 18:40:00.000000000,Обратное пересечение,1170.0,40.0,1130.0,RTS,4.0
33415,Short,141,67200000000000,85833.33333333333,85835.29411764706,58894,63426.0,0.9285466527922304,False,25.0,2026-09-30,baseline,33416,2026-09-30 18:40:25.000000000,85830.0,2026-09-30 18:40:00.000000000,33591,2026-09-30 18:45:00.000000000,85930.0,,Закрытие сессии,-100.0,40.0,-140.0,RTS,4.0
3628,Short,38,36300000000000,84593.33333333333,84595.29411764706,613,1239.5,0.4945542557482856,False,0.0,2026-09-30,baseline,3629,2026-09-30 10:05:00.000000000,84650.0,2026-09-30 10:05:00.000000000,4023,2026-09-30 10:10:10.000000000,84590.0,2026-09-30 10:10:00.000000000,Обратное пересечение,60.0,80.0,-20.0,RTS,8.0
4022,Long,39,36600000000000,84600.0,84595.58823529411,1508,2122.0,0.7106503298774741,False,10.0,2026-09-30,baseline,4023,2026-09-30 10:10:10.000000000,84590.0,2026-09-30 10:10:00.000000000,4243,2026-09-30 10:15:00.000000000,84470.0,2026-09-30 10:15:00.000000000,Обратное пересечение,-120.0,80.0,-200.0,RTS,8.0
4242,Short,40,36900000000000,84573.33333333333,84591.4705882353,1907,2771.0,0.6881992060627932,False,0.0,2026-09-30,baseline,4243,2026-09-30 10:15:00.000000000,84470.0,2026-09-30 10:15:00.000000000,9119,2026-09-30 11:10:00.000000000,84500.0,2026-09-30 11:10:00.000000000,Обратное пересечение,-30.0,80.0,-110.0,RTS,8.0
9118,Long,51,40200000000000,84593.33333333333,84535.88235294117,11313,9928.0,1.1395044319097503,True,0.0,2026-09-30,baseline,9119,2026-09-30 11:10:00.000000000,84500.0,2026-09-30 11:10:00.000000000,9456,2026-09-30 11:20:02.000000000,84510.0,2026-09-30 11:20:00.000000000,Обратное пересечение,10.0,80.0,-70.0,RTS,8.0
9455,Short,53,40800000000000,84536.66666666667,84537.64705882352,11898,10816.0,1.1000369822485208,True,2.0,2026-09-30,baseline,9456,2026-09-30 11:20:02.000000000,84510.0,2026-09-30 11:20:00.000000000,9660,2026-09-30 11:25:01.000000000,84540.0,2026-09-30 11:25:00.000000000,Обратное пересечение,-30.0,80.0,-110.0,RTS,8.0
9659,Long,54,41100000000000,84550.0,84539.11764705883,12271,11019.5,1.1135713961613503,True,1.0,2026-09-30,baseline,9660,2026-09-30 11:25:01.000000000,84540.0,2026-09-30 11:25:00.000000000,9749,2026-09-30 11:30:17.000000000,84500.0,2026-09-30 11:30:00.000000000,Обратное пересечение,-40.0,80.0,-120.0,RTS,8.0
9748,Short,55,41400000000000,84526.66666666667,84540.58823529411,12422,11518.0,1.0784858482375412,True,17.0,2026-09-30,baseline,9749,2026-09-30 11:30:17.000000000,84500.0,2026-09-30 11:30:00.000000000,11067,2026-09-30 12:00:00.000000000,84630.0,2026-09-30 12:00:00.000000000,Обратное пересечение,-130.0,80.0,-210.0,RTS,8.0
11066,Long,61,43200000000000,84586.66666666667,84520.58823529411,14653,15007.5,0.9763784774279527,False,0.0,2026-09-30,baseline,11067,2026-09-30 12:00:00.000000000,84630.0,2026-09-30 12:00:00.000000000,13615,2026-09-30 13:05:04.000000000,84300.0,2026-09-30 13:05:00.000000000,Обратное пересечение,-330.0,80.0,-410.0,RTS,8.0
13614,Short,74,47100000000000,84373.33333333333,84512.05882352941,19153,21973.5,0.8716408401028511,False,4.0,2026-09-30,baseline,13615,2026-09-30 13:05:04.000000000,84300.0,2026-09-30 13:05:00.000000000,14666,2026-09-30 13:30:01.000000000,84600.0,2026-09-30 13:30:00.000000000,Обратное пересечение,-300.0,80.0,-380.0,RTS,8.0
14665,Long,79,48600000000000,84540.0,84539.70588235294,21152,24257.5,0.8719777388436566,False,1.0,2026-09-30,baseline,14666,2026-09-30 13:30:01.000000000,84600.0,2026-09-30 13:30:00.000000000,14938,2026-09-30 13:35:01.000000000,84470.0,2026-09-30 13:35:00.000000000,Обратное пересечение,-130.0,80.0,-210.0,RTS,8.0
14937,Short,80,48900000000000,84516.66666666667,84544.11764705883,21550,25856.0,0.8334622524752475,False,1.0,2026-09-30,baseline,14938,2026-09-30 13:35:01.000000000,84470.0,2026-09-30 13:35:00.000000000,16175,2026-09-30 14:05:01.000000000,84660.0,2026-09-30 14:05:00.000000000,Обратное пересечение,-190.0,80.0,-270.0,RTS,8.0
16174,Long,86,50700000000000,84556.66666666667,84555.29411764706,23693,29420.5,0.8053228191227205,False,1.0,2026-09-30,baseline,16175,2026-09-30 14:05:01.000000000,84660.0,2026-09-30 14:05:00.000000000,33416,2026-09-30 18:40:25.000000000,85830.0,2026-09-30 18:40:00.000000000,Обратное пересечение,1170.0,80.0,1090.0,RTS,8.0
33415,Short,141,67200000000000,85833.33333333333,85835.29411764706,58894,63426.0,0.9285466527922304,False,25.0,2026-09-30,baseline,33416,2026-09-30 18:40:25.000000000,85830.0,2026-09-30 18:40:00.000000000,33591,2026-09-30 18:45:00.000000000,85930.0,,Закрытие сессии,-100.0,80.0,-180.0,RTS,8.0
9118,Long,51,40200000000000,84593.33333333333,84535.88235294117,11313,9928.0,1.1395044319097503,True,0.0,2026-09-30,volume,9119,2026-09-30 11:10:00.000000000,84500.0,2026-09-30 11:10:00.000000000,9456,2026-09-30 11:20:02.000000000,84510.0,2026-09-30 11:20:00.000000000,Обратное пересечение,10.0,0.0,10.0,RTS,0.0
9455,Short,53,40800000000000,84536.66666666667,84537.64705882352,11898,10816.0,1.1000369822485208,True,2.0,2026-09-30,volume,9456,2026-09-30 11:20:02.000000000,84510.0,2026-09-30 11:20:00.000000000,9660,2026-09-30 11:25:01.000000000,84540.0,2026-09-30 11:25:00.000000000,Обратное пересечение,-30.0,0.0,-30.0,RTS,0.0
9659,Long,54,41100000000000,84550.0,84539.11764705883,12271,11019.5,1.1135713961613503,True,1.0,2026-09-30,volume,9660,2026-09-30 11:25:01.000000000,84540.0,2026-09-30 11:25:00.000000000,9749,2026-09-30 11:30:17.000000000,84500.0,2026-09-30 11:30:00.000000000,Обратное пересечение,-40.0,0.0,-40.0,RTS,0.0
9748,Short,55,41400000000000,84526.66666666667,84540.58823529411,12422,11518.0,1.0784858482375412,True,17.0,2026-09-30,volume,9749,2026-09-30 11:30:17.000000000,84500.0,2026-09-30 11:30:00.000000000,11067,2026-09-30 12:00:00.000000000,84630.0,2026-09-30 12:00:00.000000000,Обратное пересечение,-130.0,0.0,-130.0,RTS,0.0
11066,Long,61,43200000000000,84586.66666666667,84520.58823529411,14653,15007.5,0.9763784774279527,False,0.0,2026-09-30,volume,11067,2026-09-30 12:00:00.000000000,84630.0,2026-09-30 12:00:00.000000000,13615,2026-09-30 13:05:04.000000000,84300.0,2026-09-30 13:05:00.000000000,Обратное пересечение,-330.0,0.0,-330.0,RTS,0.0
13614,Short,74,47100000000000,84373.33333333333,84512.05882352941,19153,21973.5,0.8716408401028511,False,4.0,2026-09-30,volume,13615,2026-09-30 13:05:04.000000000,84300.0,2026-09-30 13:05:00.000000000,14666,2026-09-30 13:30:01.000000000,84600.0,2026-09-30 13:30:00.000000000,Обратное пересечение,-300.0,0.0,-300.0,RTS,0.0
14665,Long,79,48600000000000,84540.0,84539.70588235294,21152,24257.5,0.8719777388436566,False,1.0,2026-09-30,volume,14666,2026-09-30 13:30:01.000000000,84600.0,2026-09-30 13:30:00.000000000,14938,2026-09-30 13:35:01.000000000,84470.0,2026-09-30 13:35:00.000000000,Обратное пересечение,-130.0,0.0,-130.0,RTS,0.0
14937,Short,80,48900000000000,84516.66666666667,84544.11764705883,21550,25856.0,0.8334622524752475,False,1.0,2026-09-30,volume,14938,2026-09-30 13:35:01.000000000,84470.0,2026-09-30 13:35:00.000000000,16175,2026-09-30 14:05:01.000000000,84660.0,2026-09-30 14:05:00.000000000,Обратное пересечение,-190.0,0.0,-190.0,RTS,0.0
16174,Long,86,50700000000000,84556.66666666667,84555.29411764706,23693,29420.5,0.8053228191227205,False,1.0,2026-09-30,volume,16175,2026-09-30 14:05:01.000000000,84660.0,2026-09-30 14:05:00.000000000,33416,2026-09-30 18:40:25.000000000,85830.0,2026-09-30 18:40:00.000000000,Обратное пересечение,1170.0,0.0,1170.0,RTS,0.0
33415,Short,141,67200000000000,85833.33333333333,85835.29411764706,58894,63426.0,0.9285466527922304,False,25.0,2026-09-30,volume,33416,2026-09-30 18:40:25.000000000,85830.0,2026-09-30 18:40:00.000000000,33591,2026-09-30 18:45:00.000000000,85930.0,,Закрытие сессии,-100.0,0.0,-100.0,RTS,0.0
9118,Long,51,40200000000000,84593.33333333333,84535.88235294117,11313,9928.0,1.1395044319097503,True,0.0,2026-09-30,volume,9119,2026-09-30 11:10:00.000000000,84500.0,2026-09-30 11:10:00.000000000,9456,2026-09-30 11:20:02.000000000,84510.0,2026-09-30 11:20:00.000000000,Обратное пересечение,10.0,20.0,-10.0,RTS,2.0
9455,Short,53,40800000000000,84536.66666666667,84537.64705882352,11898,10816.0,1.1000369822485208,True,2.0,2026-09-30,volume,9456,2026-09-30 11:20:02.000000000,84510.0,2026-09-30 11:20:00.000000000,9660,2026-09-30 11:25:01.000000000,84540.0,2026-09-30 11:25:00.000000000,Обратное пересечение,-30.0,20.0,-50.0,RTS,2.0
9659,Long,54,41100000000000,84550.0,84539.11764705883,12271,11019.5,1.1135713961613503,True,1.0,2026-09-30,volume,9660,2026-09-30 11:25:01.000000000,84540.0,2026-09-30 11:25:00.000000000,9749,2026-09-30 11:30:17.000000000,84500.0,2026-09-30 11:30:00.000000000,Обратное пересечение,-40.0,20.0,-60.0,RTS,2.0
9748,Short,55,41400000000000,84526.66666666667,84540.58823529411,12422,11518.0,1.0784858482375412,True,17.0,2026-09-30,volume,9749,2026-09-30 11:30:17.000000000,84500.0,2026-09-30 11:30:00.000000000,11067,2026-09-30 12:00:00.000000000,84630.0,2026-09-30 12:00:00.000000000,Обратное пересечение,-130.0,20.0,-150.0,RTS,2.0
11066,Long,61,43200000000000,84586.66666666667,84520.58823529411,14653,15007.5,0.9763784774279527,False,0.0,2026-09-30,volume,11067,2026-09-30 12:00:00.000000000,84630.0,2026-09-30 12:00:00.000000000,13615,2026-09-30 13:05:04.000000000,84300.0,2026-09-30 13:05:00.000000000,Обратное пересечение,-330.0,20.0,-350.0,RTS,2.0
13614,Short,74,47100000000000,84373.33333333333,84512.05882352941,19153,21973.5,0.8716408401028511,False,4.0,2026-09-30,volume,13615,2026-09-30 13:05:04.000000000,84300.0,2026-09-30 13:05:00.000000000,14666,2026-09-30 13:30:01.000000000,84600.0,2026-09-30 13:30:00.000000000,Обратное пересечение,-300.0,20.0,-320.0,RTS,2.0
14665,Long,79,48600000000000,84540.0,84539.70588235294,21152,24257.5,0.8719777388436566,False,1.0,2026-09-30,volume,14666,2026-09-30 13:30:01.000000000,84600.0,2026-09-30 13:30:00.000000000,14938,2026-09-30 13:35:01.000000000,84470.0,2026-09-30 13:35:00.000000000,Обратное пересечение,-130.0,20.0,-150.0,RTS,2.0
14937,Short,80,48900000000000,84516.66666666667,84544.11764705883,21550,25856.0,0.8334622524752475,False,1.0,2026-09-30,volume,14938,2026-09-30 13:35:01.000000000,84470.0,2026-09-30 13:35:00.000000000,16175,2026-09-30 14:05:01.000000000,84660.0,2026-09-30 14:05:00.000000000,Обратное пересечение,-190.0,20.0,-210.0,RTS,2.0
16174,Long,86,50700000000000,84556.66666666667,84555.29411764706,23693,29420.5,0.8053228191227205,False,1.0,2026-09-30,volume,16175,2026-09-30 14:05:01.000000000,84660.0,2026-09-30 14:05:00.000000000,33416,2026-09-30 18:40:25.000000000,85830.0,2026-09-30 18:40:00.000000000,Обратное пересечение,1170.0,20.0,1150.0,RTS,2.0
33415,Short,141,67200000000000,85833.33333333333,85835.29411764706,58894,63426.0,0.9285466527922304,False,25.0,2026-09-30,volume,33416,2026-09-30 18:40:25.000000000,85830.0,2026-09-30 18:40:00.000000000,33591,2026-09-30 18:45:00.000000000,85930.0,,Закрытие сессии,-100.0,20.0,-120.0,RTS,2.0
9118,Long,51,40200000000000,84593.33333333333,84535.88235294117,11313,9928.0,1.1395044319097503,True,0.0,2026-09-30,volume,9119,2026-09-30 11:10:00.000000000,84500.0,2026-09-30 11:10:00.000000000,9456,2026-09-30 11:20:02.000000000,84510.0,2026-09-30 11:20:00.000000000,Обратное пересечение,10.0,40.0,-30.0,RTS,4.0
9455,Short,53,40800000000000,84536.66666666667,84537.64705882352,11898,10816.0,1.1000369822485208,True,2.0,2026-09-30,volume,9456,2026-09-30 11:20:02.000000000,84510.0,2026-09-30 11:20:00.000000000,9660,2026-09-30 11:25:01.000000000,84540.0,2026-09-30 11:25:00.000000000,Обратное пересечение,-30.0,40.0,-70.0,RTS,4.0
9659,Long,54,41100000000000,84550.0,84539.11764705883,12271,11019.5,1.1135713961613503,True,1.0,2026-09-30,volume,9660,2026-09-30 11:25:01.000000000,84540.0,2026-09-30 11:25:00.000000000,9749,2026-09-30 11:30:17.000000000,84500.0,2026-09-30 11:30:00.000000000,Обратное пересечение,-40.0,40.0,-80.0,RTS,4.0
9748,Short,55,41400000000000,84526.66666666667,84540.58823529411,12422,11518.0,1.0784858482375412,True,17.0,2026-09-30,volume,9749,2026-09-30 11:30:17.000000000,84500.0,2026-09-30 11:30:00.000000000,11067,2026-09-30 12:00:00.000000000,84630.0,2026-09-30 12:00:00.000000000,Обратное пересечение,-130.0,40.0,-170.0,RTS,4.0
11066,Long,61,43200000000000,84586.66666666667,84520.58823529411,14653,15007.5,0.9763784774279527,False,0.0,2026-09-30,volume,11067,2026-09-30 12:00:00.000000000,84630.0,2026-09-30 12:00:00.000000000,13615,2026-09-30 13:05:04.000000000,84300.0,2026-09-30 13:05:00.000000000,Обратное пересечение,-330.0,40.0,-370.0,RTS,4.0
13614,Short,74,47100000000000,84373.33333333333,84512.05882352941,19153,21973.5,0.8716408401028511,False,4.0,2026-09-30,volume,13615,2026-09-30 13:05:04.000000000,84300.0,2026-09-30 13:05:00.000000000,14666,2026-09-30 13:30:01.000000000,84600.0,2026-09-30 13:30:00.000000000,Обратное пересечение,-300.0,40.0,-340.0,RTS,4.0
14665,Long,79,48600000000000,84540.0,84539.70588235294,21152,24257.5,0.8719777388436566,False,1.0,2026-09-30,volume,14666,2026-09-30 13:30:01.000000000,84600.0,2026-09-30 13:30:00.000000000,14938,2026-09-30 13:35:01.000000000,84470.0,2026-09-30 13:35:00.000000000,Обратное пересечение,-130.0,40.0,-170.0,RTS,4.0
14937,Short,80,48900000000000,84516.66666666667,84544.11764705883,21550,25856.0,0.8334622524752475,False,1.0,2026-09-30,volume,14938,2026-09-30 13:35:01.000000000,84470.0,2026-09-30 13:35:00.000000000,16175,2026-09-30 14:05:01.000000000,84660.0,2026-09-30 14:05:00.000000000,Обратное пересечение,-190.0,40.0,-230.0,RTS,4.0
16174,Long,86,50700000000000,84556.66666666667,84555.29411764706,23693,29420.5,0.8053228191227205,False,1.0,2026-09-30,volume,16175,2026-09-30 14:05:01.000000000,84660.0,2026-09-30 14:05:00.000000000,33416,2026-09-30 18:40:25.000000000,85830.0,2026-09-30 18:40:00.000000000,Обратное пересечение,1170.0,40.0,1130.0,RTS,4.0
33415,Short,141,67200000000000,85833.33333333333,85835.29411764706,58894,63426.0,0.9285466527922304,False,25.0,2026-09-30,volume,33416,2026-09-30 18:40:25.000000000,85830.0,2026-09-30 18:40:00.000000000,33591,2026-09-30 18:45:00.000000000,85930.0,,Закрытие сессии,-100.0,40.0,-140.0,RTS,4.0
9118,Long,51,40200000000000,84593.33333333333,84535.88235294117,11313,9928.0,1.1395044319097503,True,0.0,2026-09-30,volume,9119,2026-09-30 11:10:00.000000000,84500.0,2026-09-30 11:10:00.000000000,9456,2026-09-30 11:20:02.000000000,84510.0,2026-09-30 11:20:00.000000000,Обратное пересечение,10.0,80.0,-70.0,RTS,8.0
9455,Short,53,40800000000000,84536.66666666667,84537.64705882352,11898,10816.0,1.1000369822485208,True,2.0,2026-09-30,volume,9456,2026-09-30 11:20:02.000000000,84510.0,2026-09-30 11:20:00.000000000,9660,2026-09-30 11:25:01.000000000,84540.0,2026-09-30 11:25:00.000000000,Обратное пересечение,-30.0,80.0,-110.0,RTS,8.0
9659,Long,54,41100000000000,84550.0,84539.11764705883,12271,11019.5,1.1135713961613503,True,1.0,2026-09-30,volume,9660,2026-09-30 11:25:01.000000000,84540.0,2026-09-30 11:25:00.000000000,9749,2026-09-30 11:30:17.000000000,84500.0,2026-09-30 11:30:00.000000000,Обратное пересечение,-40.0,80.0,-120.0,RTS,8.0
9748,Short,55,41400000000000,84526.66666666667,84540.58823529411,12422,11518.0,1.0784858482375412,True,17.0,2026-09-30,volume,9749,2026-09-30 11:30:17.000000000,84500.0,2026-09-30 11:30:00.000000000,11067,2026-09-30 12:00:00.000000000,84630.0,2026-09-30 12:00:00.000000000,Обратное пересечение,-130.0,80.0,-210.0,RTS,8.0
11066,Long,61,43200000000000,84586.66666666667,84520.58823529411,14653,15007.5,0.9763784774279527,False,0.0,2026-09-30,volume,11067,2026-09-30 12:00:00.000000000,84630.0,2026-09-30 12:00:00.000000000,13615,2026-09-30 13:05:04.000000000,84300.0,2026-09-30 13:05:00.000000000,Обратное пересечение,-330.0,80.0,-410.0,RTS,8.0
13614,Short,74,47100000000000,84373.33333333333,84512.05882352941,19153,21973.5,0.8716408401028511,False,4.0,2026-09-30,volume,13615,2026-09-30 13:05:04.000000000,84300.0,2026-09-30 13:05:00.000000000,14666,2026-09-30 13:30:01.000000000,84600.0,2026-09-30 13:30:00.000000000,Обратное пересечение,-300.0,80.0,-380.0,RTS,8.0
14665,Long,79,48600000000000,84540.0,84539.70588235294,21152,24257.5,0.8719777388436566,False,1.0,2026-09-30,volume,14666,2026-09-30 13:30:01.000000000,84600.0,2026-09-30 13:30:00.000000000,14938,2026-09-30 13:35:01.000000000,84470.0,2026-09-30 13:35:00.000000000,Обратное пересечение,-130.0,80.0,-210.0,RTS,8.0
14937,Short,80,48900000000000,84516.66666666667,84544.11764705883,21550,25856.0,0.8334622524752475,False,1.0,2026-09-30,volume,14938,2026-09-30 13:35:01.000000000,84470.0,2026-09-30 13:35:00.000000000,16175,2026-09-30 14:05:01.000000000,84660.0,2026-09-30 14:05:00.000000000,Обратное пересечение,-190.0,80.0,-270.0,RTS,8.0
16174,Long,86,50700000000000,84556.66666666667,84555.29411764706,23693,29420.5,0.8053228191227205,False,1.0,2026-09-30,volume,16175,2026-09-30 14:05:01.000000000,84660.0,2026-09-30 14:05:00.000000000,33416,2026-09-30 18:40:25.000000000,85830.0,2026-09-30 18:40:00.000000000,Обратное пересечение,1170.0,80.0,1090.0,RTS,8.0
33415,Short,141,67200000000000,85833.33333333333,85835.29411764706,58894,63426.0,0.9285466527922304,False,25.0,2026-09-30,volume,33416,2026-09-30 18:40:25.000000000,85830.0,2026-09-30 18:40:00.000000000,33591,2026-09-30 18:45:00.000000000,85930.0,,Закрытие сессии,-100.0,80.0,-180.0,RTS,8.0
14213,Short,69,45600000000000,85866.66666666667,85937.35294117648,20809,19901.0,1.0456258479473393,True,0.0,2026-10-01,baseline,14214,2026-10-01 12:40:00.000000000,85710.0,2026-10-01 12:40:00.000000000,19199,2026-10-01 15:25:02.000000000,85650.0,2026-10-01 15:25:00.000000000,Обратное пересечение,60.0,0.0,60.0,RTS,0.0
19198,Long,102,55500000000000,85616.66666666667,85600.0,30501,36872.5,0.8272018441928266,False,2.0,2026-10-01,baseline,19199,2026-10-01 15:25:02.000000000,85650.0,2026-10-01 15:25:00.000000000,19964,2026-10-01 15:50:02.000000000,85420.0,2026-10-01 15:50:00.000000000,Обратное пересечение,-230.0,0.0,-230.0,RTS,0.0
19963,Short,107,57000000000000,85530.0,85574.11764705883,31923,41423.5,0.770649510543532,False,2.0,2026-10-01,baseline,19964,2026-10-01 15:50:02.000000000,85420.0,2026-10-01 15:50:00.000000000,24153,2026-10-01 17:35:01.000000000,85550.0,2026-10-01 17:35:00.000000000,Обратное пересечение,-130.0,0.0,-130.0,RTS,0.0
24152,Long,128,63300000000000,85486.66666666667,85463.23529411765,40466,52737.5,0.7673097890495378,False,1.0,2026-10-01,baseline,24153,2026-10-01 17:35:01.000000000,85550.0,2026-10-01 17:35:00.000000000,26781,2026-10-01 18:45:00.000000000,85870.0,,Закрытие сессии,320.0,0.0,320.0,RTS,0.0
14213,Short,69,45600000000000,85866.66666666667,85937.35294117648,20809,19901.0,1.0456258479473393,True,0.0,2026-10-01,baseline,14214,2026-10-01 12:40:00.000000000,85710.0,2026-10-01 12:40:00.000000000,19199,2026-10-01 15:25:02.000000000,85650.0,2026-10-01 15:25:00.000000000,Обратное пересечение,60.0,20.0,40.0,RTS,2.0
19198,Long,102,55500000000000,85616.66666666667,85600.0,30501,36872.5,0.8272018441928266,False,2.0,2026-10-01,baseline,19199,2026-10-01 15:25:02.000000000,85650.0,2026-10-01 15:25:00.000000000,19964,2026-10-01 15:50:02.000000000,85420.0,2026-10-01 15:50:00.000000000,Обратное пересечение,-230.0,20.0,-250.0,RTS,2.0
19963,Short,107,57000000000000,85530.0,85574.11764705883,31923,41423.5,0.770649510543532,False,2.0,2026-10-01,baseline,19964,2026-10-01 15:50:02.000000000,85420.0,2026-10-01 15:50:00.000000000,24153,2026-10-01 17:35:01.000000000,85550.0,2026-10-01 17:35:00.000000000,Обратное пересечение,-130.0,20.0,-150.0,RTS,2.0
24152,Long,128,63300000000000,85486.66666666667,85463.23529411765,40466,52737.5,0.7673097890495378,False,1.0,2026-10-01,baseline,24153,2026-10-01 17:35:01.000000000,85550.0,2026-10-01 17:35:00.000000000,26781,2026-10-01 18:45:00.000000000,85870.0,,Закрытие сессии,320.0,20.0,300.0,RTS,2.0
14213,Short,69,45600000000000,85866.66666666667,85937.35294117648,20809,19901.0,1.0456258479473393,True,0.0,2026-10-01,baseline,14214,2026-10-01 12:40:00.000000000,85710.0,2026-10-01 12:40:00.000000000,19199,2026-10-01 15:25:02.000000000,85650.0,2026-10-01 15:25:00.000000000,Обратное пересечение,60.0,40.0,20.0,RTS,4.0
19198,Long,102,55500000000000,85616.66666666667,85600.0,30501,36872.5,0.8272018441928266,False,2.0,2026-10-01,baseline,19199,2026-10-01 15:25:02.000000000,85650.0,2026-10-01 15:25:00.000000000,19964,2026-10-01 15:50:02.000000000,85420.0,2026-10-01 15:50:00.000000000,Обратное пересечение,-230.0,40.0,-270.0,RTS,4.0
19963,Short,107,57000000000000,85530.0,85574.11764705883,31923,41423.5,0.770649510543532,False,2.0,2026-10-01,baseline,19964,2026-10-01 15:50:02.000000000,85420.0,2026-10-01 15:50:00.000000000,24153,2026-10-01 17:35:01.000000000,85550.0,2026-10-01 17:35:00.000000000,Обратное пересечение,-130.0,40.0,-170.0,RTS,4.0
24152,Long,128,63300000000000,85486.66666666667,85463.23529411765,40466,52737.5,0.7673097890495378,False,1.0,2026-10-01,baseline,24153,2026-10-01 17:35:01.000000000,85550.0,2026-10-01 17:35:00.000000000,26781,2026-10-01 18:45:00.000000000,85870.0,,Закрытие сессии,320.0,40.0,280.0,RTS,4.0
14213,Short,69,45600000000000,85866.66666666667,85937.35294117648,20809,19901.0,1.0456258479473393,True,0.0,2026-10-01,baseline,14214,2026-10-01 12:40:00.000000000,85710.0,2026-10-01 12:40:00.000000000,19199,2026-10-01 15:25:02.000000000,85650.0,2026-10-01 15:25:00.000000000,Обратное пересечение,60.0,80.0,-20.0,RTS,8.0
19198,Long,102,55500000000000,85616.66666666667,85600.0,30501,36872.5,0.8272018441928266,False,2.0,2026-10-01,baseline,19199,2026-10-01 15:25:02.000000000,85650.0,2026-10-01 15:25:00.000000000,19964,2026-10-01 15:50:02.000000000,85420.0,2026-10-01 15:50:00.000000000,Обратное пересечение,-230.0,80.0,-310.0,RTS,8.0
19963,Short,107,57000000000000,85530.0,85574.11764705883,31923,41423.5,0.770649510543532,False,2.0,2026-10-01,baseline,19964,2026-10-01 15:50:02.000000000,85420.0,2026-10-01 15:50:00.000000000,24153,2026-10-01 17:35:01.000000000,85550.0,2026-10-01 17:35:00.000000000,Обратное пересечение,-130.0,80.0,-210.0,RTS,8.0
24152,Long,128,63300000000000,85486.66666666667,85463.23529411765,40466,52737.5,0.7673097890495378,False,1.0,2026-10-01,baseline,24153,2026-10-01 17:35:01.000000000,85550.0,2026-10-01 17:35:00.000000000,26781,2026-10-01 18:45:00.000000000,85870.0,,Закрытие сессии,320.0,80.0,240.0,RTS,8.0
14213,Short,69,45600000000000,85866.66666666667,85937.35294117648,20809,19901.0,1.0456258479473393,True,0.0,2026-10-01,volume,14214,2026-10-01 12:40:00.000000000,85710.0,2026-10-01 12:40:00.000000000,19199,2026-10-01 15:25:02.000000000,85650.0,2026-10-01 15:25:00.000000000,Обратное пересечение,60.0,0.0,60.0,RTS,0.0
19198,Long,102,55500000000000,85616.66666666667,85600.0,30501,36872.5,0.8272018441928266,False,2.0,2026-10-01,volume,19199,2026-10-01 15:25:02.000000000,85650.0,2026-10-01 15:25:00.000000000,19964,2026-10-01 15:50:02.000000000,85420.0,2026-10-01 15:50:00.000000000,Обратное пересечение,-230.0,0.0,-230.0,RTS,0.0
19963,Short,107,57000000000000,85530.0,85574.11764705883,31923,41423.5,0.770649510543532,False,2.0,2026-10-01,volume,19964,2026-10-01 15:50:02.000000000,85420.0,2026-10-01 15:50:00.000000000,24153,2026-10-01 17:35:01.000000000,85550.0,2026-10-01 17:35:00.000000000,Обратное пересечение,-130.0,0.0,-130.0,RTS,0.0
24152,Long,128,63300000000000,85486.66666666667,85463.23529411765,40466,52737.5,0.7673097890495378,False,1.0,2026-10-01,volume,24153,2026-10-01 17:35:01.000000000,85550.0,2026-10-01 17:35:00.000000000,26781,2026-10-01 18:45:00.000000000,85870.0,,Закрытие сессии,320.0,0.0,320.0,RTS,0.0
14213,Short,69,45600000000000,85866.66666666667,85937.35294117648,20809,19901.0,1.0456258479473393,True,0.0,2026-10-01,volume,14214,2026-10-01 12:40:00.000000000,85710.0,2026-10-01 12:40:00.000000000,19199,2026-10-01 15:25:02.000000000,85650.0,2026-10-01 15:25:00.000000000,Обратное пересечение,60.0,20.0,40.0,RTS,2.0
19198,Long,102,55500000000000,85616.66666666667,85600.0,30501,36872.5,0.8272018441928266,False,2.0,2026-10-01,volume,19199,2026-10-01 15:25:02.000000000,85650.0,2026-10-01 15:25:00.000000000,19964,2026-10-01 15:50:02.000000000,85420.0,2026-10-01 15:50:00.000000000,Обратное пересечение,-230.0,20.0,-250.0,RTS,2.0
19963,Short,107,57000000000000,85530.0,85574.11764705883,31923,41423.5,0.770649510543532,False,2.0,2026-10-01,volume,19964,2026-10-01 15:50:02.000000000,85420.0,2026-10-01 15:50:00.000000000,24153,2026-10-01 17:35:01.000000000,85550.0,2026-10-01 17:35:00.000000000,Обратное пересечение,-130.0,20.0,-150.0,RTS,2.0
24152,Long,128,63300000000000,85486.66666666667,85463.23529411765,40466,52737.5,0.7673097890495378,False,1.0,2026-10-01,volume,24153,2026-10-01 17:35:01.000000000,85550.0,2026-10-01 17:35:00.000000000,26781,2026-10-01 18:45:00.000000000,85870.0,,Закрытие сессии,320.0,20.0,300.0,RTS,2.0
14213,Short,69,45600000000000,85866.66666666667,85937.35294117648,20809,19901.0,1.0456258479473393,True,0.0,2026-10-01,volume,14214,2026-10-01 12:40:00.000000000,85710.0,2026-10-01 12:40:00.000000000,19199,2026-10-01 15:25:02.000000000,85650.0,2026-10-01 15:25:00.000000000,Обратное пересечение,60.0,40.0,20.0,RTS,4.0
19198,Long,102,55500000000000,85616.66666666667,85600.0,30501,36872.5,0.8272018441928266,False,2.0,2026-10-01,volume,19199,2026-10-01 15:25:02.000000000,85650.0,2026-10-01 15:25:00.000000000,19964,2026-10-01 15:50:02.000000000,85420.0,2026-10-01 15:50:00.000000000,Обратное пересечение,-230.0,40.0,-270.0,RTS,4.0
19963,Short,107,57000000000000,85530.0,85574.11764705883,31923,41423.5,0.770649510543532,False,2.0,2026-10-01,volume,19964,2026-10-01 15:50:02.000000000,85420.0,2026-10-01 15:50:00.000000000,24153,2026-10-01 17:35:01.000000000,85550.0,2026-10-01 17:35:00.000000000,Обратное пересечение,-130.0,40.0,-170.0,RTS,4.0
24152,Long,128,63300000000000,85486.66666666667,85463.23529411765,40466,52737.5,0.7673097890495378,False,1.0,2026-10-01,volume,24153,2026-10-01 17:35:01.000000000,85550.0,2026-10-01 17:35:00.000000000,26781,2026-10-01 18:45:00.000000000,85870.0,,Закрытие сессии,320.0,40.0,280.0,RTS,4.0
14213,Short,69,45600000000000,85866.66666666667,85937.35294117648,20809,19901.0,1.0456258479473393,True,0.0,2026-10-01,volume,14214,2026-10-01 12:40:00.000000000,85710.0,2026-10-01 12:40:00.000000000,19199,2026-10-01 15:25:02.000000000,85650.0,2026-10-01 15:25:00.000000000,Обратное пересечение,60.0,80.0,-20.0,RTS,8.0
19198,Long,102,55500000000000,85616.66666666667,85600.0,30501,36872.5,0.8272018441928266,False,2.0,2026-10-01,volume,19199,2026-10-01 15:25:02.000000000,85650.0,2026-10-01 15:25:00.000000000,19964,2026-10-01 15:50:02.000000000,85420.0,2026-10-01 15:50:00.000000000,Обратное пересечение,-230.0,80.0,-310.0,RTS,8.0
19963,Short,107,57000000000000,85530.0,85574.11764705883,31923,41423.5,0.770649510543532,False,2.0,2026-10-01,volume,19964,2026-10-01 15:50:02.000000000,85420.0,2026-10-01 15:50:00.000000000,24153,2026-10-01 17:35:01.000000000,85550.0,2026-10-01 17:35:00.000000000,Обратное пересечение,-130.0,80.0,-210.0,RTS,8.0
24152,Long,128,63300000000000,85486.66666666667,85463.23529411765,40466,52737.5,0.7673097890495378,False,1.0,2026-10-01,volume,24153,2026-10-01 17:35:01.000000000,85550.0,2026-10-01 17:35:00.000000000,26781,2026-10-01 18:45:00.000000000,85870.0,,Закрытие сессии,320.0,80.0,240.0,RTS,8.0
2456,Long,37,36300000000000,85806.66666666667,85798.23529411765,517,866.0,0.5969976905311778,False,0.0,2026-10-02,baseline,2457,2026-10-02 10:05:00.000000000,85910.0,2026-10-02 10:05:00.000000000,4491,2026-10-02 11:00:01.000000000,85670.0,2026-10-02 11:00:00.000000000,Обратное пересечение,-240.0,0.0,-240.0,RTS,0.0
4490,Short,48,39600000000000,85763.33333333333,85790.88235294117,4588,8284.0,0.5538387252535008,False,1.0,2026-10-02,baseline,4491,2026-10-02 11:00:01.000000000,85670.0,2026-10-02 11:00:00.000000000,5140,2026-10-02 11:15:02.000000000,85890.0,2026-10-02 11:15:00.000000000,Обратное пересечение,-220.0,0.0,-220.0,RTS,0.0
5139,Long,51,40500000000000,85806.66666666667,85783.82352941176,6260,10762.5,0.5816492450638792,False,2.0,2026-10-02,baseline,5140,2026-10-02 11:15:02.000000000,85890.0,2026-10-02 11:15:00.000000000,5599,2026-10-02 11:35:03.000000000,85740.0,2026-10-02 11:35:00.000000000,Обратное пересечение,-150.0,0.0,-150.0,RTS,0.0
5598,Short,55,41700000000000,85726.66666666667,85789.41176470589,7166,12510.5,0.5727988489668678,False,3.0,2026-10-02,baseline,5599,2026-10-02 11:35:03.000000000,85740.0,2026-10-02 11:35:00.000000000,15263,2026-10-02 15:10:48.000000000,84990.0,2026-10-02 15:10:00.000000000,Обратное пересечение,750.0,0.0,750.0,RTS,0.0
15262,Long,98,54600000000000,84970.0,84962.64705882352,27670,34392.0,0.80454756920214,False,48.0,2026-10-02,baseline,15263,2026-10-02 15:10:48.000000000,84990.0,2026-10-02 15:10:00.000000000,17726,2026-10-02 16:40:11.000000000,84870.0,2026-10-02 16:40:00.000000000,Обратное пересечение,-120.0,0.0,-120.0,RTS,0.0
17725,Short,116,60000000000000,84940.0,84968.23529411765,32195,43745.0,0.7359698251228712,False,11.0,2026-10-02,baseline,17726,2026-10-02 16:40:11.000000000,84870.0,2026-10-02 16:40:00.000000000,20966,2026-10-02 18:20:01.000000000,85140.0,2026-10-02 18:20:00.000000000,Обратное пересечение,-270.0,0.0,-270.0,RTS,0.0
20965,Long,136,66000000000000,84993.33333333333,84883.23529411765,38008,57407.0,0.6620795373386521,False,1.0,2026-10-02,baseline,20966,2026-10-02 18:20:01.000000000,85140.0,2026-10-02 18:20:00.000000000,22161,2026-10-02 18:45:00.000000000,85250.0,,Закрытие сессии,110.0,0.0,110.0,RTS,0.0
2456,Long,37,36300000000000,85806.66666666667,85798.23529411765,517,866.0,0.5969976905311778,False,0.0,2026-10-02,baseline,2457,2026-10-02 10:05:00.000000000,85910.0,2026-10-02 10:05:00.000000000,4491,2026-10-02 11:00:01.000000000,85670.0,2026-10-02 11:00:00.000000000,Обратное пересечение,-240.0,20.0,-260.0,RTS,2.0
4490,Short,48,39600000000000,85763.33333333333,85790.88235294117,4588,8284.0,0.5538387252535008,False,1.0,2026-10-02,baseline,4491,2026-10-02 11:00:01.000000000,85670.0,2026-10-02 11:00:00.000000000,5140,2026-10-02 11:15:02.000000000,85890.0,2026-10-02 11:15:00.000000000,Обратное пересечение,-220.0,20.0,-240.0,RTS,2.0
5139,Long,51,40500000000000,85806.66666666667,85783.82352941176,6260,10762.5,0.5816492450638792,False,2.0,2026-10-02,baseline,5140,2026-10-02 11:15:02.000000000,85890.0,2026-10-02 11:15:00.000000000,5599,2026-10-02 11:35:03.000000000,85740.0,2026-10-02 11:35:00.000000000,Обратное пересечение,-150.0,20.0,-170.0,RTS,2.0
5598,Short,55,41700000000000,85726.66666666667,85789.41176470589,7166,12510.5,0.5727988489668678,False,3.0,2026-10-02,baseline,5599,2026-10-02 11:35:03.000000000,85740.0,2026-10-02 11:35:00.000000000,15263,2026-10-02 15:10:48.000000000,84990.0,2026-10-02 15:10:00.000000000,Обратное пересечение,750.0,20.0,730.0,RTS,2.0
15262,Long,98,54600000000000,84970.0,84962.64705882352,27670,34392.0,0.80454756920214,False,48.0,2026-10-02,baseline,15263,2026-10-02 15:10:48.000000000,84990.0,2026-10-02 15:10:00.000000000,17726,2026-10-02 16:40:11.000000000,84870.0,2026-10-02 16:40:00.000000000,Обратное пересечение,-120.0,20.0,-140.0,RTS,2.0
17725,Short,116,60000000000000,84940.0,84968.23529411765,32195,43745.0,0.7359698251228712,False,11.0,2026-10-02,baseline,17726,2026-10-02 16:40:11.000000000,84870.0,2026-10-02 16:40:00.000000000,20966,2026-10-02 18:20:01.000000000,85140.0,2026-10-02 18:20:00.000000000,Обратное пересечение,-270.0,20.0,-290.0,RTS,2.0
20965,Long,136,66000000000000,84993.33333333333,84883.23529411765,38008,57407.0,0.6620795373386521,False,1.0,2026-10-02,baseline,20966,2026-10-02 18:20:01.000000000,85140.0,2026-10-02 18:20:00.000000000,22161,2026-10-02 18:45:00.000000000,85250.0,,Закрытие сессии,110.0,20.0,90.0,RTS,2.0
2456,Long,37,36300000000000,85806.66666666667,85798.23529411765,517,866.0,0.5969976905311778,False,0.0,2026-10-02,baseline,2457,2026-10-02 10:05:00.000000000,85910.0,2026-10-02 10:05:00.000000000,4491,2026-10-02 11:00:01.000000000,85670.0,2026-10-02 11:00:00.000000000,Обратное пересечение,-240.0,40.0,-280.0,RTS,4.0
4490,Short,48,39600000000000,85763.33333333333,85790.88235294117,4588,8284.0,0.5538387252535008,False,1.0,2026-10-02,baseline,4491,2026-10-02 11:00:01.000000000,85670.0,2026-10-02 11:00:00.000000000,5140,2026-10-02 11:15:02.000000000,85890.0,2026-10-02 11:15:00.000000000,Обратное пересечение,-220.0,40.0,-260.0,RTS,4.0
5139,Long,51,40500000000000,85806.66666666667,85783.82352941176,6260,10762.5,0.5816492450638792,False,2.0,2026-10-02,baseline,5140,2026-10-02 11:15:02.000000000,85890.0,2026-10-02 11:15:00.000000000,5599,2026-10-02 11:35:03.000000000,85740.0,2026-10-02 11:35:00.000000000,Обратное пересечение,-150.0,40.0,-190.0,RTS,4.0
5598,Short,55,41700000000000,85726.66666666667,85789.41176470589,7166,12510.5,0.5727988489668678,False,3.0,2026-10-02,baseline,5599,2026-10-02 11:35:03.000000000,85740.0,2026-10-02 11:35:00.000000000,15263,2026-10-02 15:10:48.000000000,84990.0,2026-10-02 15:10:00.000000000,Обратное пересечение,750.0,40.0,710.0,RTS,4.0
15262,Long,98,54600000000000,84970.0,84962.64705882352,27670,34392.0,0.80454756920214,False,48.0,2026-10-02,baseline,15263,2026-10-02 15:10:48.000000000,84990.0,2026-10-02 15:10:00.000000000,17726,2026-10-02 16:40:11.000000000,84870.0,2026-10-02 16:40:00.000000000,Обратное пересечение,-120.0,40.0,-160.0,RTS,4.0
17725,Short,116,60000000000000,84940.0,84968.23529411765,32195,43745.0,0.7359698251228712,False,11.0,2026-10-02,baseline,17726,2026-10-02 16:40:11.000000000,84870.0,2026-10-02 16:40:00.000000000,20966,2026-10-02 18:20:01.000000000,85140.0,2026-10-02 18:20:00.000000000,Обратное пересечение,-270.0,40.0,-310.0,RTS,4.0
20965,Long,136,66000000000000,84993.33333333333,84883.23529411765,38008,57407.0,0.6620795373386521,False,1.0,2026-10-02,baseline,20966,2026-10-02 18:20:01.000000000,85140.0,2026-10-02 18:20:00.000000000,22161,2026-10-02 18:45:00.000000000,85250.0,,Закрытие сессии,110.0,40.0,70.0,RTS,4.0
2456,Long,37,36300000000000,85806.66666666667,85798.23529411765,517,866.0,0.5969976905311778,False,0.0,2026-10-02,baseline,2457,2026-10-02 10:05:00.000000000,85910.0,2026-10-02 10:05:00.000000000,4491,2026-10-02 11:00:01.000000000,85670.0,2026-10-02 11:00:00.000000000,Обратное пересечение,-240.0,80.0,-320.0,RTS,8.0
4490,Short,48,39600000000000,85763.33333333333,85790.88235294117,4588,8284.0,0.5538387252535008,False,1.0,2026-10-02,baseline,4491,2026-10-02 11:00:01.000000000,85670.0,2026-10-02 11:00:00.000000000,5140,2026-10-02 11:15:02.000000000,85890.0,2026-10-02 11:15:00.000000000,Обратное пересечение,-220.0,80.0,-300.0,RTS,8.0
5139,Long,51,40500000000000,85806.66666666667,85783.82352941176,6260,10762.5,0.5816492450638792,False,2.0,2026-10-02,baseline,5140,2026-10-02 11:15:02.000000000,85890.0,2026-10-02 11:15:00.000000000,5599,2026-10-02 11:35:03.000000000,85740.0,2026-10-02 11:35:00.000000000,Обратное пересечение,-150.0,80.0,-230.0,RTS,8.0
5598,Short,55,41700000000000,85726.66666666667,85789.41176470589,7166,12510.5,0.5727988489668678,False,3.0,2026-10-02,baseline,5599,2026-10-02 11:35:03.000000000,85740.0,2026-10-02 11:35:00.000000000,15263,2026-10-02 15:10:48.000000000,84990.0,2026-10-02 15:10:00.000000000,Обратное пересечение,750.0,80.0,670.0,RTS,8.0
15262,Long,98,54600000000000,84970.0,84962.64705882352,27670,34392.0,0.80454756920214,False,48.0,2026-10-02,baseline,15263,2026-10-02 15:10:48.000000000,84990.0,2026-10-02 15:10:00.000000000,17726,2026-10-02 16:40:11.000000000,84870.0,2026-10-02 16:40:00.000000000,Обратное пересечение,-120.0,80.0,-200.0,RTS,8.0
17725,Short,116,60000000000000,84940.0,84968.23529411765,32195,43745.0,0.7359698251228712,False,11.0,2026-10-02,baseline,17726,2026-10-02 16:40:11.000000000,84870.0,2026-10-02 16:40:00.000000000,20966,2026-10-02 18:20:01.000000000,85140.0,2026-10-02 18:20:00.000000000,Обратное пересечение,-270.0,80.0,-350.0,RTS,8.0
20965,Long,136,66000000000000,84993.33333333333,84883.23529411765,38008,57407.0,0.6620795373386521,False,1.0,2026-10-02,baseline,20966,2026-10-02 18:20:01.000000000,85140.0,2026-10-02 18:20:00.000000000,22161,2026-10-02 18:45:00.000000000,85250.0,,Закрытие сессии,110.0,80.0,30.0,RTS,8.0
41195,Long,73,46800000000000,228483.33333333334,228472.79411764705,75355,95702.5,0.7873879992685666,False,1.0,2026-09-28,baseline,41196,2026-09-28 13:00:01.000000000,228650.0,2026-09-28 13:00:00.000000000,43192,2026-09-28 13:30:01.000000000,228400.0,2026-09-28 13:30:00.000000000,Обратное пересечение,-250.0,0.0,-250.0,MIX,0.0
43191,Short,79,48600000000000,228475.0,228498.5294117647,80802,123589.5,0.6537934047795323,False,1.0,2026-09-28,baseline,43192,2026-09-28 13:30:01.000000000,228400.0,2026-09-28 13:30:00.000000000,43634,2026-09-28 13:45:08.000000000,228625.0,2026-09-28 13:45:00.000000000,Обратное пересечение,-225.0,0.0,-225.0,MIX,0.0
43633,Long,82,49500000000000,228550.0,228477.9411764706,81915,141166.0,0.5802742870096199,False,8.0,2026-09-28,baseline,43634,2026-09-28 13:45:08.000000000,228625.0,2026-09-28 13:45:00.000000000,44676,2026-09-28 14:00:01.000000000,228225.0,2026-09-28 14:00:00.000000000,Обратное пересечение,-400.0,0.0,-400.0,MIX,0.0
44675,Short,85,50400000000000,228416.66666666666,228434.5588235294,85241,145481.0,0.5859253098342739,False,1.0,2026-09-28,baseline,44676,2026-09-28 14:00:01.000000000,228225.0,2026-09-28 14:00:00.000000000,64838,2026-09-28 16:20:00.000000000,227600.0,2026-09-28 16:20:00.000000000,Обратное пересечение,625.0,0.0,625.0,MIX,0.0
64837,Long,113,58800000000000,227583.33333333334,227533.08823529413,151658,201045.0,0.7543485289363078,False,0.0,2026-09-28,baseline,64838,2026-09-28 16:20:00.000000000,227600.0,2026-09-28 16:20:00.000000000,66553,2026-09-28 16:40:02.000000000,227300.0,2026-09-28 16:40:00.000000000,Обратное пересечение,-300.0,0.0,-300.0,MIX,0.0
66552,Short,117,60000000000000,227391.66666666666,227402.9411764706,156684,208943.5,0.7498869311560302,False,2.0,2026-09-28,baseline,66553,2026-09-28 16:40:02.000000000,227300.0,2026-09-28 16:40:00.000000000,66737,2026-09-28 16:45:00.000000000,227475.0,2026-09-28 16:45:00.000000000,Обратное пересечение,-175.0,0.0,-175.0,MIX,0.0
66736,Long,118,60300000000000,227425.0,227375.73529411765,157093,210549.0,0.746111356501337,False,0.0,2026-09-28,baseline,66737,2026-09-28 16:45:00.000000000,227475.0,2026-09-28 16:45:00.000000000,67286,2026-09-28 17:00:10.000000000,227225.0,2026-09-28 17:00:00.000000000,Обратное пересечение,-250.0,0.0,-250.0,MIX,0.0
67285,Short,121,61200000000000,227308.33333333334,227311.76470588235,158592,217437.5,0.7293682092555333,False,10.0,2026-09-28,baseline,67286,2026-09-28 17:00:10.000000000,227225.0,2026-09-28 17:00:00.000000000,67950,2026-09-28 17:10:02.000000000,227350.0,2026-09-28 17:10:00.000000000,Обратное пересечение,-125.0,0.0,-125.0,MIX,0.0
67949,Long,123,61800000000000,227325.0,227295.58823529413,160449,224640.0,0.7142494658119658,False,2.0,2026-09-28,baseline,67950,2026-09-28 17:10:02.000000000,227350.0,2026-09-28 17:10:00.000000000,77289,2026-09-28 18:45:00.000000000,227975.0,,Закрытие сессии,625.0,0.0,625.0,MIX,0.0
41195,Long,73,46800000000000,228483.33333333334,228472.79411764705,75355,95702.5,0.7873879992685666,False,1.0,2026-09-28,baseline,41196,2026-09-28 13:00:01.000000000,228650.0,2026-09-28 13:00:00.000000000,43192,2026-09-28 13:30:01.000000000,228400.0,2026-09-28 13:30:00.000000000,Обратное пересечение,-250.0,50.0,-300.0,MIX,2.0
43191,Short,79,48600000000000,228475.0,228498.5294117647,80802,123589.5,0.6537934047795323,False,1.0,2026-09-28,baseline,43192,2026-09-28 13:30:01.000000000,228400.0,2026-09-28 13:30:00.000000000,43634,2026-09-28 13:45:08.000000000,228625.0,2026-09-28 13:45:00.000000000,Обратное пересечение,-225.0,50.0,-275.0,MIX,2.0
43633,Long,82,49500000000000,228550.0,228477.9411764706,81915,141166.0,0.5802742870096199,False,8.0,2026-09-28,baseline,43634,2026-09-28 13:45:08.000000000,228625.0,2026-09-28 13:45:00.000000000,44676,2026-09-28 14:00:01.000000000,228225.0,2026-09-28 14:00:00.000000000,Обратное пересечение,-400.0,50.0,-450.0,MIX,2.0
44675,Short,85,50400000000000,228416.66666666666,228434.5588235294,85241,145481.0,0.5859253098342739,False,1.0,2026-09-28,baseline,44676,2026-09-28 14:00:01.000000000,228225.0,2026-09-28 14:00:00.000000000,64838,2026-09-28 16:20:00.000000000,227600.0,2026-09-28 16:20:00.000000000,Обратное пересечение,625.0,50.0,575.0,MIX,2.0
64837,Long,113,58800000000000,227583.33333333334,227533.08823529413,151658,201045.0,0.7543485289363078,False,0.0,2026-09-28,baseline,64838,2026-09-28 16:20:00.000000000,227600.0,2026-09-28 16:20:00.000000000,66553,2026-09-28 16:40:02.000000000,227300.0,2026-09-28 16:40:00.000000000,Обратное пересечение,-300.0,50.0,-350.0,MIX,2.0
66552,Short,117,60000000000000,227391.66666666666,227402.9411764706,156684,208943.5,0.7498869311560302,False,2.0,2026-09-28,baseline,66553,2026-09-28 16:40:02.000000000,227300.0,2026-09-28 16:40:00.000000000,66737,2026-09-28 16:45:00.000000000,227475.0,2026-09-28 16:45:00.000000000,Обратное пересечение,-175.0,50.0,-225.0,MIX,2.0
66736,Long,118,60300000000000,227425.0,227375.73529411765,157093,210549.0,0.746111356501337,False,0.0,2026-09-28,baseline,66737,2026-09-28 16:45:00.000000000,227475.0,2026-09-28 16:45:00.000000000,67286,2026-09-28 17:00:10.000000000,227225.0,2026-09-28 17:00:00.000000000,Обратное пересечение,-250.0,50.0,-300.0,MIX,2.0
67285,Short,121,61200000000000,227308.33333333334,227311.76470588235,158592,217437.5,0.7293682092555333,False,10.0,2026-09-28,baseline,67286,2026-09-28 17:00:10.000000000,227225.0,2026-09-28 17:00:00.000000000,67950,2026-09-28 17:10:02.000000000,227350.0,2026-09-28 17:10:00.000000000,Обратное пересечение,-125.0,50.0,-175.0,MIX,2.0
67949,Long,123,61800000000000,227325.0,227295.58823529413,160449,224640.0,0.7142494658119658,False,2.0,2026-09-28,baseline,67950,2026-09-28 17:10:02.000000000,227350.0,2026-09-28 17:10:00.000000000,77289,2026-09-28 18:45:00.000000000,227975.0,,Закрытие сессии,625.0,50.0,575.0,MIX,2.0
41195,Long,73,46800000000000,228483.33333333334,228472.79411764705,75355,95702.5,0.7873879992685666,False,1.0,2026-09-28,baseline,41196,2026-09-28 13:00:01.000000000,228650.0,2026-09-28 13:00:00.000000000,43192,2026-09-28 13:30:01.000000000,228400.0,2026-09-28 13:30:00.000000000,Обратное пересечение,-250.0,100.0,-350.0,MIX,4.0
43191,Short,79,48600000000000,228475.0,228498.5294117647,80802,123589.5,0.6537934047795323,False,1.0,2026-09-28,baseline,43192,2026-09-28 13:30:01.000000000,228400.0,2026-09-28 13:30:00.000000000,43634,2026-09-28 13:45:08.000000000,228625.0,2026-09-28 13:45:00.000000000,Обратное пересечение,-225.0,100.0,-325.0,MIX,4.0
43633,Long,82,49500000000000,228550.0,228477.9411764706,81915,141166.0,0.5802742870096199,False,8.0,2026-09-28,baseline,43634,2026-09-28 13:45:08.000000000,228625.0,2026-09-28 13:45:00.000000000,44676,2026-09-28 14:00:01.000000000,228225.0,2026-09-28 14:00:00.000000000,Обратное пересечение,-400.0,100.0,-500.0,MIX,4.0
44675,Short,85,50400000000000,228416.66666666666,228434.5588235294,85241,145481.0,0.5859253098342739,False,1.0,2026-09-28,baseline,44676,2026-09-28 14:00:01.000000000,228225.0,2026-09-28 14:00:00.000000000,64838,2026-09-28 16:20:00.000000000,227600.0,2026-09-28 16:20:00.000000000,Обратное пересечение,625.0,100.0,525.0,MIX,4.0
64837,Long,113,58800000000000,227583.33333333334,227533.08823529413,151658,201045.0,0.7543485289363078,False,0.0,2026-09-28,baseline,64838,2026-09-28 16:20:00.000000000,227600.0,2026-09-28 16:20:00.000000000,66553,2026-09-28 16:40:02.000000000,227300.0,2026-09-28 16:40:00.000000000,Обратное пересечение,-300.0,100.0,-400.0,MIX,4.0
66552,Short,117,60000000000000,227391.66666666666,227402.9411764706,156684,208943.5,0.7498869311560302,False,2.0,2026-09-28,baseline,66553,2026-09-28 16:40:02.000000000,227300.0,2026-09-28 16:40:00.000000000,66737,2026-09-28 16:45:00.000000000,227475.0,2026-09-28 16:45:00.000000000,Обратное пересечение,-175.0,100.0,-275.0,MIX,4.0
66736,Long,118,60300000000000,227425.0,227375.73529411765,157093,210549.0,0.746111356501337,False,0.0,2026-09-28,baseline,66737,2026-09-28 16:45:00.000000000,227475.0,2026-09-28 16:45:00.000000000,67286,2026-09-28 17:00:10.000000000,227225.0,2026-09-28 17:00:00.000000000,Обратное пересечение,-250.0,100.0,-350.0,MIX,4.0
67285,Short,121,61200000000000,227308.33333333334,227311.76470588235,158592,217437.5,0.7293682092555333,False,10.0,2026-09-28,baseline,67286,2026-09-28 17:00:10.000000000,227225.0,2026-09-28 17:00:00.000000000,67950,2026-09-28 17:10:02.000000000,227350.0,2026-09-28 17:10:00.000000000,Обратное пересечение,-125.0,100.0,-225.0,MIX,4.0
67949,Long,123,61800000000000,227325.0,227295.58823529413,160449,224640.0,0.7142494658119658,False,2.0,2026-09-28,baseline,67950,2026-09-28 17:10:02.000000000,227350.0,2026-09-28 17:10:00.000000000,77289,2026-09-28 18:45:00.000000000,227975.0,,Закрытие сессии,625.0,100.0,525.0,MIX,4.0
41195,Long,73,46800000000000,228483.33333333334,228472.79411764705,75355,95702.5,0.7873879992685666,False,1.0,2026-09-28,baseline,41196,2026-09-28 13:00:01.000000000,228650.0,2026-09-28 13:00:00.000000000,43192,2026-09-28 13:30:01.000000000,228400.0,2026-09-28 13:30:00.000000000,Обратное пересечение,-250.0,200.0,-450.0,MIX,8.0
43191,Short,79,48600000000000,228475.0,228498.5294117647,80802,123589.5,0.6537934047795323,False,1.0,2026-09-28,baseline,43192,2026-09-28 13:30:01.000000000,228400.0,2026-09-28 13:30:00.000000000,43634,2026-09-28 13:45:08.000000000,228625.0,2026-09-28 13:45:00.000000000,Обратное пересечение,-225.0,200.0,-425.0,MIX,8.0
43633,Long,82,49500000000000,228550.0,228477.9411764706,81915,141166.0,0.5802742870096199,False,8.0,2026-09-28,baseline,43634,2026-09-28 13:45:08.000000000,228625.0,2026-09-28 13:45:00.000000000,44676,2026-09-28 14:00:01.000000000,228225.0,2026-09-28 14:00:00.000000000,Обратное пересечение,-400.0,200.0,-600.0,MIX,8.0
44675,Short,85,50400000000000,228416.66666666666,228434.5588235294,85241,145481.0,0.5859253098342739,False,1.0,2026-09-28,baseline,44676,2026-09-28 14:00:01.000000000,228225.0,2026-09-28 14:00:00.000000000,64838,2026-09-28 16:20:00.000000000,227600.0,2026-09-28 16:20:00.000000000,Обратное пересечение,625.0,200.0,425.0,MIX,8.0
64837,Long,113,58800000000000,227583.33333333334,227533.08823529413,151658,201045.0,0.7543485289363078,False,0.0,2026-09-28,baseline,64838,2026-09-28 16:20:00.000000000,227600.0,2026-09-28 16:20:00.000000000,66553,2026-09-28 16:40:02.000000000,227300.0,2026-09-28 16:40:00.000000000,Обратное пересечение,-300.0,200.0,-500.0,MIX,8.0
66552,Short,117,60000000000000,227391.66666666666,227402.9411764706,156684,208943.5,0.7498869311560302,False,2.0,2026-09-28,baseline,66553,2026-09-28 16:40:02.000000000,227300.0,2026-09-28 16:40:00.000000000,66737,2026-09-28 16:45:00.000000000,227475.0,2026-09-28 16:45:00.000000000,Обратное пересечение,-175.0,200.0,-375.0,MIX,8.0
66736,Long,118,60300000000000,227425.0,227375.73529411765,157093,210549.0,0.746111356501337,False,0.0,2026-09-28,baseline,66737,2026-09-28 16:45:00.000000000,227475.0,2026-09-28 16:45:00.000000000,67286,2026-09-28 17:00:10.000000000,227225.0,2026-09-28 17:00:00.000000000,Обратное пересечение,-250.0,200.0,-450.0,MIX,8.0
67285,Short,121,61200000000000,227308.33333333334,227311.76470588235,158592,217437.5,0.7293682092555333,False,10.0,2026-09-28,baseline,67286,2026-09-28 17:00:10.000000000,227225.0,2026-09-28 17:00:00.000000000,67950,2026-09-28 17:10:02.000000000,227350.0,2026-09-28 17:10:00.000000000,Обратное пересечение,-125.0,200.0,-325.0,MIX,8.0
67949,Long,123,61800000000000,227325.0,227295.58823529413,160449,224640.0,0.7142494658119658,False,2.0,2026-09-28,baseline,67950,2026-09-28 17:10:02.000000000,227350.0,2026-09-28 17:10:00.000000000,77289,2026-09-28 18:45:00.000000000,227975.0,,Закрытие сессии,625.0,200.0,425.0,MIX,8.0
37122,Long,56,41700000000000,225825.0,225794.85294117648,64177,54551.5,1.1764479436862414,True,4.0,2026-09-29,baseline,37123,2026-09-29 11:35:04.000000000,225725.0,2026-09-29 11:35:00.000000000,37483,2026-09-29 11:40:04.000000000,225650.0,2026-09-29 11:40:00.000000000,Обратное пересечение,-75.0,0.0,-75.0,MIX,0.0
37482,Short,57,42000000000000,225725.0,225750.0,65358,55835.0,1.1705561028029015,True,4.0,2026-09-29,baseline,37483,2026-09-29 11:40:04.000000000,225650.0,2026-09-29 11:40:00.000000000,37988,2026-09-29 11:45:01.000000000,226125.0,2026-09-29 11:45:00.000000000,Обратное пересечение,-475.0,0.0,-475.0,MIX,0.0
37987,Long,58,42300000000000,225841.66666666666,225730.88235294117,66807,57096.0,1.1700819672131149,True,1.0,2026-09-29,baseline,37988,2026-09-29 11:45:01.000000000,226125.0,2026-09-29 11:45:00.000000000,42140,2026-09-29 12:30:00.000000000,225450.0,2026-09-29 12:30:00.000000000,Обратное пересечение,-675.0,0.0,-675.0,MIX,0.0
42139,Short,67,45000000000000,225516.66666666666,225580.14705882352,78619,79117.5,0.9936992447941353,False,0.0,2026-09-29,baseline,42140,2026-09-29 12:30:00.000000000,225450.0,2026-09-29 12:30:00.000000000,56207,2026-09-29 14:35:00.000000000,225800.0,2026-09-29 14:35:00.000000000,Обратное пересечение,-350.0,0.0,-350.0,MIX,0.0
56206,Long,92,52500000000000,225583.33333333334,225360.29411764705,121064,144102.5,0.8401242171371073,False,0.0,2026-09-29,baseline,56207,2026-09-29 14:35:00.000000000,225800.0,2026-09-29 14:35:00.000000000,116591,2026-09-29 18:45:00.000000000,228900.0,,Закрытие сессии,3100.0,0.0,3100.0,MIX,0.0
37122,Long,56,41700000000000,225825.0,225794.85294117648,64177,54551.5,1.1764479436862414,True,4.0,2026-09-29,baseline,37123,2026-09-29 11:35:04.000000000,225725.0,2026-09-29 11:35:00.000000000,37483,2026-09-29 11:40:04.000000000,225650.0,2026-09-29 11:40:00.000000000,Обратное пересечение,-75.0,50.0,-125.0,MIX,2.0
37482,Short,57,42000000000000,225725.0,225750.0,65358,55835.0,1.1705561028029015,True,4.0,2026-09-29,baseline,37483,2026-09-29 11:40:04.000000000,225650.0,2026-09-29 11:40:00.000000000,37988,2026-09-29 11:45:01.000000000,226125.0,2026-09-29 11:45:00.000000000,Обратное пересечение,-475.0,50.0,-525.0,MIX,2.0
37987,Long,58,42300000000000,225841.66666666666,225730.88235294117,66807,57096.0,1.1700819672131149,True,1.0,2026-09-29,baseline,37988,2026-09-29 11:45:01.000000000,226125.0,2026-09-29 11:45:00.000000000,42140,2026-09-29 12:30:00.000000000,225450.0,2026-09-29 12:30:00.000000000,Обратное пересечение,-675.0,50.0,-725.0,MIX,2.0
42139,Short,67,45000000000000,225516.66666666666,225580.14705882352,78619,79117.5,0.9936992447941353,False,0.0,2026-09-29,baseline,42140,2026-09-29 12:30:00.000000000,225450.0,2026-09-29 12:30:00.000000000,56207,2026-09-29 14:35:00.000000000,225800.0,2026-09-29 14:35:00.000000000,Обратное пересечение,-350.0,50.0,-400.0,MIX,2.0
56206,Long,92,52500000000000,225583.33333333334,225360.29411764705,121064,144102.5,0.8401242171371073,False,0.0,2026-09-29,baseline,56207,2026-09-29 14:35:00.000000000,225800.0,2026-09-29 14:35:00.000000000,116591,2026-09-29 18:45:00.000000000,228900.0,,Закрытие сессии,3100.0,50.0,3050.0,MIX,2.0
37122,Long,56,41700000000000,225825.0,225794.85294117648,64177,54551.5,1.1764479436862414,True,4.0,2026-09-29,baseline,37123,2026-09-29 11:35:04.000000000,225725.0,2026-09-29 11:35:00.000000000,37483,2026-09-29 11:40:04.000000000,225650.0,2026-09-29 11:40:00.000000000,Обратное пересечение,-75.0,100.0,-175.0,MIX,4.0
37482,Short,57,42000000000000,225725.0,225750.0,65358,55835.0,1.1705561028029015,True,4.0,2026-09-29,baseline,37483,2026-09-29 11:40:04.000000000,225650.0,2026-09-29 11:40:00.000000000,37988,2026-09-29 11:45:01.000000000,226125.0,2026-09-29 11:45:00.000000000,Обратное пересечение,-475.0,100.0,-575.0,MIX,4.0
37987,Long,58,42300000000000,225841.66666666666,225730.88235294117,66807,57096.0,1.1700819672131149,True,1.0,2026-09-29,baseline,37988,2026-09-29 11:45:01.000000000,226125.0,2026-09-29 11:45:00.000000000,42140,2026-09-29 12:30:00.000000000,225450.0,2026-09-29 12:30:00.000000000,Обратное пересечение,-675.0,100.0,-775.0,MIX,4.0
42139,Short,67,45000000000000,225516.66666666666,225580.14705882352,78619,79117.5,0.9936992447941353,False,0.0,2026-09-29,baseline,42140,2026-09-29 12:30:00.000000000,225450.0,2026-09-29 12:30:00.000000000,56207,2026-09-29 14:35:00.000000000,225800.0,2026-09-29 14:35:00.000000000,Обратное пересечение,-350.0,100.0,-450.0,MIX,4.0
56206,Long,92,52500000000000,225583.33333333334,225360.29411764705,121064,144102.5,0.8401242171371073,False,0.0,2026-09-29,baseline,56207,2026-09-29 14:35:00.000000000,225800.0,2026-09-29 14:35:00.000000000,116591,2026-09-29 18:45:00.000000000,228900.0,,Закрытие сессии,3100.0,100.0,3000.0,MIX,4.0
37122,Long,56,41700000000000,225825.0,225794.85294117648,64177,54551.5,1.1764479436862414,True,4.0,2026-09-29,baseline,37123,2026-09-29 11:35:04.000000000,225725.0,2026-09-29 11:35:00.000000000,37483,2026-09-29 11:40:04.000000000,225650.0,2026-09-29 11:40:00.000000000,Обратное пересечение,-75.0,200.0,-275.0,MIX,8.0
37482,Short,57,42000000000000,225725.0,225750.0,65358,55835.0,1.1705561028029015,True,4.0,2026-09-29,baseline,37483,2026-09-29 11:40:04.000000000,225650.0,2026-09-29 11:40:00.000000000,37988,2026-09-29 11:45:01.000000000,226125.0,2026-09-29 11:45:00.000000000,Обратное пересечение,-475.0,200.0,-675.0,MIX,8.0
37987,Long,58,42300000000000,225841.66666666666,225730.88235294117,66807,57096.0,1.1700819672131149,True,1.0,2026-09-29,baseline,37988,2026-09-29 11:45:01.000000000,226125.0,2026-09-29 11:45:00.000000000,42140,2026-09-29 12:30:00.000000000,225450.0,2026-09-29 12:30:00.000000000,Обратное пересечение,-675.0,200.0,-875.0,MIX,8.0
42139,Short,67,45000000000000,225516.66666666666,225580.14705882352,78619,79117.5,0.9936992447941353,False,0.0,2026-09-29,baseline,42140,2026-09-29 12:30:00.000000000,225450.0,2026-09-29 12:30:00.000000000,56207,2026-09-29 14:35:00.000000000,225800.0,2026-09-29 14:35:00.000000000,Обратное пересечение,-350.0,200.0,-550.0,MIX,8.0
56206,Long,92,52500000000000,225583.33333333334,225360.29411764705,121064,144102.5,0.8401242171371073,False,0.0,2026-09-29,baseline,56207,2026-09-29 14:35:00.000000000,225800.0,2026-09-29 14:35:00.000000000,116591,2026-09-29 18:45:00.000000000,228900.0,,Закрытие сессии,3100.0,200.0,2900.0,MIX,8.0
37122,Long,56,41700000000000,225825.0,225794.85294117648,64177,54551.5,1.1764479436862414,True,4.0,2026-09-29,volume,37123,2026-09-29 11:35:04.000000000,225725.0,2026-09-29 11:35:00.000000000,37483,2026-09-29 11:40:04.000000000,225650.0,2026-09-29 11:40:00.000000000,Обратное пересечение,-75.0,0.0,-75.0,MIX,0.0
37482,Short,57,42000000000000,225725.0,225750.0,65358,55835.0,1.1705561028029015,True,4.0,2026-09-29,volume,37483,2026-09-29 11:40:04.000000000,225650.0,2026-09-29 11:40:00.000000000,37988,2026-09-29 11:45:01.000000000,226125.0,2026-09-29 11:45:00.000000000,Обратное пересечение,-475.0,0.0,-475.0,MIX,0.0
37987,Long,58,42300000000000,225841.66666666666,225730.88235294117,66807,57096.0,1.1700819672131149,True,1.0,2026-09-29,volume,37988,2026-09-29 11:45:01.000000000,226125.0,2026-09-29 11:45:00.000000000,42140,2026-09-29 12:30:00.000000000,225450.0,2026-09-29 12:30:00.000000000,Обратное пересечение,-675.0,0.0,-675.0,MIX,0.0
42139,Short,67,45000000000000,225516.66666666666,225580.14705882352,78619,79117.5,0.9936992447941353,False,0.0,2026-09-29,volume,42140,2026-09-29 12:30:00.000000000,225450.0,2026-09-29 12:30:00.000000000,56207,2026-09-29 14:35:00.000000000,225800.0,2026-09-29 14:35:00.000000000,Обратное пересечение,-350.0,0.0,-350.0,MIX,0.0
56206,Long,92,52500000000000,225583.33333333334,225360.29411764705,121064,144102.5,0.8401242171371073,False,0.0,2026-09-29,volume,56207,2026-09-29 14:35:00.000000000,225800.0,2026-09-29 14:35:00.000000000,116591,2026-09-29 18:45:00.000000000,228900.0,,Закрытие сессии,3100.0,0.0,3100.0,MIX,0.0
37122,Long,56,41700000000000,225825.0,225794.85294117648,64177,54551.5,1.1764479436862414,True,4.0,2026-09-29,volume,37123,2026-09-29 11:35:04.000000000,225725.0,2026-09-29 11:35:00.000000000,37483,2026-09-29 11:40:04.000000000,225650.0,2026-09-29 11:40:00.000000000,Обратное пересечение,-75.0,50.0,-125.0,MIX,2.0
37482,Short,57,42000000000000,225725.0,225750.0,65358,55835.0,1.1705561028029015,True,4.0,2026-09-29,volume,37483,2026-09-29 11:40:04.000000000,225650.0,2026-09-29 11:40:00.000000000,37988,2026-09-29 11:45:01.000000000,226125.0,2026-09-29 11:45:00.000000000,Обратное пересечение,-475.0,50.0,-525.0,MIX,2.0
37987,Long,58,42300000000000,225841.66666666666,225730.88235294117,66807,57096.0,1.1700819672131149,True,1.0,2026-09-29,volume,37988,2026-09-29 11:45:01.000000000,226125.0,2026-09-29 11:45:00.000000000,42140,2026-09-29 12:30:00.000000000,225450.0,2026-09-29 12:30:00.000000000,Обратное пересечение,-675.0,50.0,-725.0,MIX,2.0
42139,Short,67,45000000000000,225516.66666666666,225580.14705882352,78619,79117.5,0.9936992447941353,False,0.0,2026-09-29,volume,42140,2026-09-29 12:30:00.000000000,225450.0,2026-09-29 12:30:00.000000000,56207,2026-09-29 14:35:00.000000000,225800.0,2026-09-29 14:35:00.000000000,Обратное пересечение,-350.0,50.0,-400.0,MIX,2.0
56206,Long,92,52500000000000,225583.33333333334,225360.29411764705,121064,144102.5,0.8401242171371073,False,0.0,2026-09-29,volume,56207,2026-09-29 14:35:00.000000000,225800.0,2026-09-29 14:35:00.000000000,116591,2026-09-29 18:45:00.000000000,228900.0,,Закрытие сессии,3100.0,50.0,3050.0,MIX,2.0
37122,Long,56,41700000000000,225825.0,225794.85294117648,64177,54551.5,1.1764479436862414,True,4.0,2026-09-29,volume,37123,2026-09-29 11:35:04.000000000,225725.0,2026-09-29 11:35:00.000000000,37483,2026-09-29 11:40:04.000000000,225650.0,2026-09-29 11:40:00.000000000,Обратное пересечение,-75.0,100.0,-175.0,MIX,4.0
37482,Short,57,42000000000000,225725.0,225750.0,65358,55835.0,1.1705561028029015,True,4.0,2026-09-29,volume,37483,2026-09-29 11:40:04.000000000,225650.0,2026-09-29 11:40:00.000000000,37988,2026-09-29 11:45:01.000000000,226125.0,2026-09-29 11:45:00.000000000,Обратное пересечение,-475.0,100.0,-575.0,MIX,4.0
37987,Long,58,42300000000000,225841.66666666666,225730.88235294117,66807,57096.0,1.1700819672131149,True,1.0,2026-09-29,volume,37988,2026-09-29 11:45:01.000000000,226125.0,2026-09-29 11:45:00.000000000,42140,2026-09-29 12:30:00.000000000,225450.0,2026-09-29 12:30:00.000000000,Обратное пересечение,-675.0,100.0,-775.0,MIX,4.0
42139,Short,67,45000000000000,225516.66666666666,225580.14705882352,78619,79117.5,0.9936992447941353,False,0.0,2026-09-29,volume,42140,2026-09-29 12:30:00.000000000,225450.0,2026-09-29 12:30:00.000000000,56207,2026-09-29 14:35:00.000000000,225800.0,2026-09-29 14:35:00.000000000,Обратное пересечение,-350.0,100.0,-450.0,MIX,4.0
56206,Long,92,52500000000000,225583.33333333334,225360.29411764705,121064,144102.5,0.8401242171371073,False,0.0,2026-09-29,volume,56207,2026-09-29 14:35:00.000000000,225800.0,2026-09-29 14:35:00.000000000,116591,2026-09-29 18:45:00.000000000,228900.0,,Закрытие сессии,3100.0,100.0,3000.0,MIX,4.0
37122,Long,56,41700000000000,225825.0,225794.85294117648,64177,54551.5,1.1764479436862414,True,4.0,2026-09-29,volume,37123,2026-09-29 11:35:04.000000000,225725.0,2026-09-29 11:35:00.000000000,37483,2026-09-29 11:40:04.000000000,225650.0,2026-09-29 11:40:00.000000000,Обратное пересечение,-75.0,200.0,-275.0,MIX,8.0
37482,Short,57,42000000000000,225725.0,225750.0,65358,55835.0,1.1705561028029015,True,4.0,2026-09-29,volume,37483,2026-09-29 11:40:04.000000000,225650.0,2026-09-29 11:40:00.000000000,37988,2026-09-29 11:45:01.000000000,226125.0,2026-09-29 11:45:00.000000000,Обратное пересечение,-475.0,200.0,-675.0,MIX,8.0
37987,Long,58,42300000000000,225841.66666666666,225730.88235294117,66807,57096.0,1.1700819672131149,True,1.0,2026-09-29,volume,37988,2026-09-29 11:45:01.000000000,226125.0,2026-09-29 11:45:00.000000000,42140,2026-09-29 12:30:00.000000000,225450.0,2026-09-29 12:30:00.000000000,Обратное пересечение,-675.0,200.0,-875.0,MIX,8.0
42139,Short,67,45000000000000,225516.66666666666,225580.14705882352,78619,79117.5,0.9936992447941353,False,0.0,2026-09-29,volume,42140,2026-09-29 12:30:00.000000000,225450.0,2026-09-29 12:30:00.000000000,56207,2026-09-29 14:35:00.000000000,225800.0,2026-09-29 14:35:00.000000000,Обратное пересечение,-350.0,200.0,-550.0,MIX,8.0
56206,Long,92,52500000000000,225583.33333333334,225360.29411764705,121064,144102.5,0.8401242171371073,False,0.0,2026-09-29,volume,56207,2026-09-29 14:35:00.000000000,225800.0,2026-09-29 14:35:00.000000000,116591,2026-09-29 18:45:00.000000000,228900.0,,Закрытие сессии,3100.0,200.0,2900.0,MIX,8.0
12509,Short,41,37200000000000,228275.0,228322.0588235294,8298,10861.5,0.7639828752934678,False,0.0,2026-09-30,baseline,12510,2026-09-30 10:20:00.000000000,227975.0,2026-09-30 10:20:00.000000000,23118,2026-09-30 11:05:00.000000000,228750.0,2026-09-30 11:05:00.000000000,Обратное пересечение,-775.0,0.0,-775.0,MIX,0.0
23117,Long,50,39900000000000,228350.0,228311.76470588235,37486,34435.5,1.0885859069855237,True,0.0,2026-09-30,baseline,23118,2026-09-30 11:05:00.000000000,228750.0,2026-09-30 11:05:00.000000000,26465,2026-09-30 11:35:00.000000000,228225.0,2026-09-30 11:35:00.000000000,Обратное пересечение,-525.0,0.0,-525.0,MIX,0.0
26464,Short,56,41700000000000,228383.33333333334,228395.58823529413,47187,54551.5,0.8649991292631733,False,0.0,2026-09-30,baseline,26465,2026-09-30 11:35:00.000000000,228225.0,2026-09-30 11:35:00.000000000,28652,2026-09-30 12:00:02.000000000,228500.0,2026-09-30 12:00:00.000000000,Обратное пересечение,-275.0,0.0,-275.0,MIX,0.0
28651,Long,61,43200000000000,228425.0,228365.4411764706,53460,62827.0,0.8509080490871759,False,2.0,2026-09-30,baseline,28652,2026-09-30 12:00:02.000000000,228500.0,2026-09-30 12:00:00.000000000,34724,2026-09-30 12:55:01.000000000,227725.0,2026-09-30 12:55:00.000000000,Обратное пересечение,-775.0,0.0,-775.0,MIX,0.0
34723,Short,72,46500000000000,228258.33333333334,228332.35294117648,72229,83014.5,0.8700769142740123,False,1.0,2026-09-30,baseline,34724,2026-09-30 12:55:01.000000000,227725.0,2026-09-30 12:55:00.000000000,55089,2026-09-30 15:30:00.000000000,228325.0,2026-09-30 15:30:00.000000000,Обратное пересечение,-600.0,0.0,-600.0,MIX,0.0
55088,Long,103,55800000000000,227833.33333333334,227538.23529411765,131910,167394.0,0.7880210760242302,False,0.0,2026-09-30,baseline,55089,2026-09-30 15:30:00.000000000,228325.0,2026-09-30 15:30:00.000000000,74819,2026-09-30 18:45:00.000000000,229225.0,,Закрытие сессии,900.0,0.0,900.0,MIX,0.0
12509,Short,41,37200000000000,228275.0,228322.0588235294,8298,10861.5,0.7639828752934678,False,0.0,2026-09-30,baseline,12510,2026-09-30 10:20:00.000000000,227975.0,2026-09-30 10:20:00.000000000,23118,2026-09-30 11:05:00.000000000,228750.0,2026-09-30 11:05:00.000000000,Обратное пересечение,-775.0,50.0,-825.0,MIX,2.0
23117,Long,50,39900000000000,228350.0,228311.76470588235,37486,34435.5,1.0885859069855237,True,0.0,2026-09-30,baseline,23118,2026-09-30 11:05:00.000000000,228750.0,2026-09-30 11:05:00.000000000,26465,2026-09-30 11:35:00.000000000,228225.0,2026-09-30 11:35:00.000000000,Обратное пересечение,-525.0,50.0,-575.0,MIX,2.0
26464,Short,56,41700000000000,228383.33333333334,228395.58823529413,47187,54551.5,0.8649991292631733,False,0.0,2026-09-30,baseline,26465,2026-09-30 11:35:00.000000000,228225.0,2026-09-30 11:35:00.000000000,28652,2026-09-30 12:00:02.000000000,228500.0,2026-09-30 12:00:00.000000000,Обратное пересечение,-275.0,50.0,-325.0,MIX,2.0
28651,Long,61,43200000000000,228425.0,228365.4411764706,53460,62827.0,0.8509080490871759,False,2.0,2026-09-30,baseline,28652,2026-09-30 12:00:02.000000000,228500.0,2026-09-30 12:00:00.000000000,34724,2026-09-30 12:55:01.000000000,227725.0,2026-09-30 12:55:00.000000000,Обратное пересечение,-775.0,50.0,-825.0,MIX,2.0
34723,Short,72,46500000000000,228258.33333333334,228332.35294117648,72229,83014.5,0.8700769142740123,False,1.0,2026-09-30,baseline,34724,2026-09-30 12:55:01.000000000,227725.0,2026-09-30 12:55:00.000000000,55089,2026-09-30 15:30:00.000000000,228325.0,2026-09-30 15:30:00.000000000,Обратное пересечение,-600.0,50.0,-650.0,MIX,2.0
55088,Long,103,55800000000000,227833.33333333334,227538.23529411765,131910,167394.0,0.7880210760242302,False,0.0,2026-09-30,baseline,55089,2026-09-30 15:30:00.000000000,228325.0,2026-09-30 15:30:00.000000000,74819,2026-09-30 18:45:00.000000000,229225.0,,Закрытие сессии,900.0,50.0,850.0,MIX,2.0
12509,Short,41,37200000000000,228275.0,228322.0588235294,8298,10861.5,0.7639828752934678,False,0.0,2026-09-30,baseline,12510,2026-09-30 10:20:00.000000000,227975.0,2026-09-30 10:20:00.000000000,23118,2026-09-30 11:05:00.000000000,228750.0,2026-09-30 11:05:00.000000000,Обратное пересечение,-775.0,100.0,-875.0,MIX,4.0
23117,Long,50,39900000000000,228350.0,228311.76470588235,37486,34435.5,1.0885859069855237,True,0.0,2026-09-30,baseline,23118,2026-09-30 11:05:00.000000000,228750.0,2026-09-30 11:05:00.000000000,26465,2026-09-30 11:35:00.000000000,228225.0,2026-09-30 11:35:00.000000000,Обратное пересечение,-525.0,100.0,-625.0,MIX,4.0
26464,Short,56,41700000000000,228383.33333333334,228395.58823529413,47187,54551.5,0.8649991292631733,False,0.0,2026-09-30,baseline,26465,2026-09-30 11:35:00.000000000,228225.0,2026-09-30 11:35:00.000000000,28652,2026-09-30 12:00:02.000000000,228500.0,2026-09-30 12:00:00.000000000,Обратное пересечение,-275.0,100.0,-375.0,MIX,4.0
28651,Long,61,43200000000000,228425.0,228365.4411764706,53460,62827.0,0.8509080490871759,False,2.0,2026-09-30,baseline,28652,2026-09-30 12:00:02.000000000,228500.0,2026-09-30 12:00:00.000000000,34724,2026-09-30 12:55:01.000000000,227725.0,2026-09-30 12:55:00.000000000,Обратное пересечение,-775.0,100.0,-875.0,MIX,4.0
34723,Short,72,46500000000000,228258.33333333334,228332.35294117648,72229,83014.5,0.8700769142740123,False,1.0,2026-09-30,baseline,34724,2026-09-30 12:55:01.000000000,227725.0,2026-09-30 12:55:00.000000000,55089,2026-09-30 15:30:00.000000000,228325.0,2026-09-30 15:30:00.000000000,Обратное пересечение,-600.0,100.0,-700.0,MIX,4.0
55088,Long,103,55800000000000,227833.33333333334,227538.23529411765,131910,167394.0,0.7880210760242302,False,0.0,2026-09-30,baseline,55089,2026-09-30 15:30:00.000000000,228325.0,2026-09-30 15:30:00.000000000,74819,2026-09-30 18:45:00.000000000,229225.0,,Закрытие сессии,900.0,100.0,800.0,MIX,4.0
12509,Short,41,37200000000000,228275.0,228322.0588235294,8298,10861.5,0.7639828752934678,False,0.0,2026-09-30,baseline,12510,2026-09-30 10:20:00.000000000,227975.0,2026-09-30 10:20:00.000000000,23118,2026-09-30 11:05:00.000000000,228750.0,2026-09-30 11:05:00.000000000,Обратное пересечение,-775.0,200.0,-975.0,MIX,8.0
23117,Long,50,39900000000000,228350.0,228311.76470588235,37486,34435.5,1.0885859069855237,True,0.0,2026-09-30,baseline,23118,2026-09-30 11:05:00.000000000,228750.0,2026-09-30 11:05:00.000000000,26465,2026-09-30 11:35:00.000000000,228225.0,2026-09-30 11:35:00.000000000,Обратное пересечение,-525.0,200.0,-725.0,MIX,8.0
26464,Short,56,41700000000000,228383.33333333334,228395.58823529413,47187,54551.5,0.8649991292631733,False,0.0,2026-09-30,baseline,26465,2026-09-30 11:35:00.000000000,228225.0,2026-09-30 11:35:00.000000000,28652,2026-09-30 12:00:02.000000000,228500.0,2026-09-30 12:00:00.000000000,Обратное пересечение,-275.0,200.0,-475.0,MIX,8.0
28651,Long,61,43200000000000,228425.0,228365.4411764706,53460,62827.0,0.8509080490871759,False,2.0,2026-09-30,baseline,28652,2026-09-30 12:00:02.000000000,228500.0,2026-09-30 12:00:00.000000000,34724,2026-09-30 12:55:01.000000000,227725.0,2026-09-30 12:55:00.000000000,Обратное пересечение,-775.0,200.0,-975.0,MIX,8.0
34723,Short,72,46500000000000,228258.33333333334,228332.35294117648,72229,83014.5,0.8700769142740123,False,1.0,2026-09-30,baseline,34724,2026-09-30 12:55:01.000000000,227725.0,2026-09-30 12:55:00.000000000,55089,2026-09-30 15:30:00.000000000,228325.0,2026-09-30 15:30:00.000000000,Обратное пересечение,-600.0,200.0,-800.0,MIX,8.0
55088,Long,103,55800000000000,227833.33333333334,227538.23529411765,131910,167394.0,0.7880210760242302,False,0.0,2026-09-30,baseline,55089,2026-09-30 15:30:00.000000000,228325.0,2026-09-30 15:30:00.000000000,74819,2026-09-30 18:45:00.000000000,229225.0,,Закрытие сессии,900.0,200.0,700.0,MIX,8.0
23117,Long,50,39900000000000,228350.0,228311.76470588235,37486,34435.5,1.0885859069855237,True,0.0,2026-09-30,volume,23118,2026-09-30 11:05:00.000000000,228750.0,2026-09-30 11:05:00.000000000,26465,2026-09-30 11:35:00.000000000,228225.0,2026-09-30 11:35:00.000000000,Обратное пересечение,-525.0,0.0,-525.0,MIX,0.0
26464,Short,56,41700000000000,228383.33333333334,228395.58823529413,47187,54551.5,0.8649991292631733,False,0.0,2026-09-30,volume,26465,2026-09-30 11:35:00.000000000,228225.0,2026-09-30 11:35:00.000000000,28652,2026-09-30 12:00:02.000000000,228500.0,2026-09-30 12:00:00.000000000,Обратное пересечение,-275.0,0.0,-275.0,MIX,0.0
28651,Long,61,43200000000000,228425.0,228365.4411764706,53460,62827.0,0.8509080490871759,False,2.0,2026-09-30,volume,28652,2026-09-30 12:00:02.000000000,228500.0,2026-09-30 12:00:00.000000000,34724,2026-09-30 12:55:01.000000000,227725.0,2026-09-30 12:55:00.000000000,Обратное пересечение,-775.0,0.0,-775.0,MIX,0.0
34723,Short,72,46500000000000,228258.33333333334,228332.35294117648,72229,83014.5,0.8700769142740123,False,1.0,2026-09-30,volume,34724,2026-09-30 12:55:01.000000000,227725.0,2026-09-30 12:55:00.000000000,55089,2026-09-30 15:30:00.000000000,228325.0,2026-09-30 15:30:00.000000000,Обратное пересечение,-600.0,0.0,-600.0,MIX,0.0
55088,Long,103,55800000000000,227833.33333333334,227538.23529411765,131910,167394.0,0.7880210760242302,False,0.0,2026-09-30,volume,55089,2026-09-30 15:30:00.000000000,228325.0,2026-09-30 15:30:00.000000000,74819,2026-09-30 18:45:00.000000000,229225.0,,Закрытие сессии,900.0,0.0,900.0,MIX,0.0
23117,Long,50,39900000000000,228350.0,228311.76470588235,37486,34435.5,1.0885859069855237,True,0.0,2026-09-30,volume,23118,2026-09-30 11:05:00.000000000,228750.0,2026-09-30 11:05:00.000000000,26465,2026-09-30 11:35:00.000000000,228225.0,2026-09-30 11:35:00.000000000,Обратное пересечение,-525.0,50.0,-575.0,MIX,2.0
26464,Short,56,41700000000000,228383.33333333334,228395.58823529413,47187,54551.5,0.8649991292631733,False,0.0,2026-09-30,volume,26465,2026-09-30 11:35:00.000000000,228225.0,2026-09-30 11:35:00.000000000,28652,2026-09-30 12:00:02.000000000,228500.0,2026-09-30 12:00:00.000000000,Обратное пересечение,-275.0,50.0,-325.0,MIX,2.0
28651,Long,61,43200000000000,228425.0,228365.4411764706,53460,62827.0,0.8509080490871759,False,2.0,2026-09-30,volume,28652,2026-09-30 12:00:02.000000000,228500.0,2026-09-30 12:00:00.000000000,34724,2026-09-30 12:55:01.000000000,227725.0,2026-09-30 12:55:00.000000000,Обратное пересечение,-775.0,50.0,-825.0,MIX,2.0
34723,Short,72,46500000000000,228258.33333333334,228332.35294117648,72229,83014.5,0.8700769142740123,False,1.0,2026-09-30,volume,34724,2026-09-30 12:55:01.000000000,227725.0,2026-09-30 12:55:00.000000000,55089,2026-09-30 15:30:00.000000000,228325.0,2026-09-30 15:30:00.000000000,Обратное пересечение,-600.0,50.0,-650.0,MIX,2.0
55088,Long,103,55800000000000,227833.33333333334,227538.23529411765,131910,167394.0,0.7880210760242302,False,0.0,2026-09-30,volume,55089,2026-09-30 15:30:00.000000000,228325.0,2026-09-30 15:30:00.000000000,74819,2026-09-30 18:45:00.000000000,229225.0,,Закрытие сессии,900.0,50.0,850.0,MIX,2.0
23117,Long,50,39900000000000,228350.0,228311.76470588235,37486,34435.5,1.0885859069855237,True,0.0,2026-09-30,volume,23118,2026-09-30 11:05:00.000000000,228750.0,2026-09-30 11:05:00.000000000,26465,2026-09-30 11:35:00.000000000,228225.0,2026-09-30 11:35:00.000000000,Обратное пересечение,-525.0,100.0,-625.0,MIX,4.0
26464,Short,56,41700000000000,228383.33333333334,228395.58823529413,47187,54551.5,0.8649991292631733,False,0.0,2026-09-30,volume,26465,2026-09-30 11:35:00.000000000,228225.0,2026-09-30 11:35:00.000000000,28652,2026-09-30 12:00:02.000000000,228500.0,2026-09-30 12:00:00.000000000,Обратное пересечение,-275.0,100.0,-375.0,MIX,4.0
28651,Long,61,43200000000000,228425.0,228365.4411764706,53460,62827.0,0.8509080490871759,False,2.0,2026-09-30,volume,28652,2026-09-30 12:00:02.000000000,228500.0,2026-09-30 12:00:00.000000000,34724,2026-09-30 12:55:01.000000000,227725.0,2026-09-30 12:55:00.000000000,Обратное пересечение,-775.0,100.0,-875.0,MIX,4.0
34723,Short,72,46500000000000,228258.33333333334,228332.35294117648,72229,83014.5,0.8700769142740123,False,1.0,2026-09-30,volume,34724,2026-09-30 12:55:01.000000000,227725.0,2026-09-30 12:55:00.000000000,55089,2026-09-30 15:30:00.000000000,228325.0,2026-09-30 15:30:00.000000000,Обратное пересечение,-600.0,100.0,-700.0,MIX,4.0
55088,Long,103,55800000000000,227833.33333333334,227538.23529411765,131910,167394.0,0.7880210760242302,False,0.0,2026-09-30,volume,55089,2026-09-30 15:30:00.000000000,228325.0,2026-09-30 15:30:00.000000000,74819,2026-09-30 18:45:00.000000000,229225.0,,Закрытие сессии,900.0,100.0,800.0,MIX,4.0
23117,Long,50,39900000000000,228350.0,228311.76470588235,37486,34435.5,1.0885859069855237,True,0.0,2026-09-30,volume,23118,2026-09-30 11:05:00.000000000,228750.0,2026-09-30 11:05:00.000000000,26465,2026-09-30 11:35:00.000000000,228225.0,2026-09-30 11:35:00.000000000,Обратное пересечение,-525.0,200.0,-725.0,MIX,8.0
26464,Short,56,41700000000000,228383.33333333334,228395.58823529413,47187,54551.5,0.8649991292631733,False,0.0,2026-09-30,volume,26465,2026-09-30 11:35:00.000000000,228225.0,2026-09-30 11:35:00.000000000,28652,2026-09-30 12:00:02.000000000,228500.0,2026-09-30 12:00:00.000000000,Обратное пересечение,-275.0,200.0,-475.0,MIX,8.0
28651,Long,61,43200000000000,228425.0,228365.4411764706,53460,62827.0,0.8509080490871759,False,2.0,2026-09-30,volume,28652,2026-09-30 12:00:02.000000000,228500.0,2026-09-30 12:00:00.000000000,34724,2026-09-30 12:55:01.000000000,227725.0,2026-09-30 12:55:00.000000000,Обратное пересечение,-775.0,200.0,-975.0,MIX,8.0
34723,Short,72,46500000000000,228258.33333333334,228332.35294117648,72229,83014.5,0.8700769142740123,False,1.0,2026-09-30,volume,34724,2026-09-30 12:55:01.000000000,227725.0,2026-09-30 12:55:00.000000000,55089,2026-09-30 15:30:00.000000000,228325.0,2026-09-30 15:30:00.000000000,Обратное пересечение,-600.0,200.0,-800.0,MIX,8.0
55088,Long,103,55800000000000,227833.33333333334,227538.23529411765,131910,167394.0,0.7880210760242302,False,0.0,2026-09-30,volume,55089,2026-09-30 15:30:00.000000000,228325.0,2026-09-30 15:30:00.000000000,74819,2026-09-30 18:45:00.000000000,229225.0,,Закрытие сессии,900.0,200.0,700.0,MIX,8.0
46727,Short,69,45600000000000,229800.0,229969.85294117648,102344,78671.0,1.3009113904742535,True,1.0,2026-10-01,baseline,46728,2026-10-01 12:40:01.000000000,229475.0,2026-10-01 12:40:00.000000000,58402,2026-10-01 14:50:01.000000000,229700.0,2026-10-01 14:50:00.000000000,Обратное пересечение,-225.0,0.0,-225.0,MIX,0.0
58401,Long,95,53400000000000,229783.33333333334,229708.82352941178,135586,138298.0,0.9803901719475336,False,1.0,2026-10-01,baseline,58402,2026-10-01 14:50:01.000000000,229700.0,2026-10-01 14:50:00.000000000,64072,2026-10-01 15:50:02.000000000,229325.0,2026-10-01 15:50:00.000000000,Обратное пересечение,-375.0,0.0,-375.0,MIX,0.0
64071,Short,107,57000000000000,229558.33333333334,229675.73529411765,149105,183210.5,0.8138452763351446,False,2.0,2026-10-01,baseline,64072,2026-10-01 15:50:02.000000000,229325.0,2026-10-01 15:50:00.000000000,71079,2026-10-01 16:55:00.000000000,229575.0,2026-10-01 16:55:00.000000000,Обратное пересечение,-250.0,0.0,-250.0,MIX,0.0
71078,Long,120,60900000000000,229616.66666666666,229611.0294117647,168575,215263.5,0.7831100023924167,False,0.0,2026-10-01,baseline,71079,2026-10-01 16:55:00.000000000,229575.0,2026-10-01 16:55:00.000000000,71557,2026-10-01 17:00:00.000000000,229425.0,2026-10-01 17:00:00.000000000,Обратное пересечение,-150.0,0.0,-150.0,MIX,0.0
71556,Short,121,61200000000000,229541.66666666666,229609.5588235294,169544,217437.5,0.7797367059499857,False,0.0,2026-10-01,baseline,71557,2026-10-01 17:00:00.000000000,229425.0,2026-10-01 17:00:00.000000000,79467,2026-10-01 18:00:00.000000000,229800.0,2026-10-01 18:00:00.000000000,Обратное пересечение,-375.0,0.0,-375.0,MIX,0.0
79466,Long,133,64800000000000,229616.66666666666,229487.5,191671,245379.0,0.7811222639264158,False,0.0,2026-10-01,baseline,79467,2026-10-01 18:00:00.000000000,229800.0,2026-10-01 18:00:00.000000000,87110,2026-10-01 18:45:00.000000000,230225.0,,Закрытие сессии,425.0,0.0,425.0,MIX,0.0
46727,Short,69,45600000000000,229800.0,229969.85294117648,102344,78671.0,1.3009113904742535,True,1.0,2026-10-01,baseline,46728,2026-10-01 12:40:01.000000000,229475.0,2026-10-01 12:40:00.000000000,58402,2026-10-01 14:50:01.000000000,229700.0,2026-10-01 14:50:00.000000000,Обратное пересечение,-225.0,50.0,-275.0,MIX,2.0
58401,Long,95,53400000000000,229783.33333333334,229708.82352941178,135586,138298.0,0.9803901719475336,False,1.0,2026-10-01,baseline,58402,2026-10-01 14:50:01.000000000,229700.0,2026-10-01 14:50:00.000000000,64072,2026-10-01 15:50:02.000000000,229325.0,2026-10-01 15:50:00.000000000,Обратное пересечение,-375.0,50.0,-425.0,MIX,2.0
64071,Short,107,57000000000000,229558.33333333334,229675.73529411765,149105,183210.5,0.8138452763351446,False,2.0,2026-10-01,baseline,64072,2026-10-01 15:50:02.000000000,229325.0,2026-10-01 15:50:00.000000000,71079,2026-10-01 16:55:00.000000000,229575.0,2026-10-01 16:55:00.000000000,Обратное пересечение,-250.0,50.0,-300.0,MIX,2.0
71078,Long,120,60900000000000,229616.66666666666,229611.0294117647,168575,215263.5,0.7831100023924167,False,0.0,2026-10-01,baseline,71079,2026-10-01 16:55:00.000000000,229575.0,2026-10-01 16:55:00.000000000,71557,2026-10-01 17:00:00.000000000,229425.0,2026-10-01 17:00:00.000000000,Обратное пересечение,-150.0,50.0,-200.0,MIX,2.0
71556,Short,121,61200000000000,229541.66666666666,229609.5588235294,169544,217437.5,0.7797367059499857,False,0.0,2026-10-01,baseline,71557,2026-10-01 17:00:00.000000000,229425.0,2026-10-01 17:00:00.000000000,79467,2026-10-01 18:00:00.000000000,229800.0,2026-10-01 18:00:00.000000000,Обратное пересечение,-375.0,50.0,-425.0,MIX,2.0
79466,Long,133,64800000000000,229616.66666666666,229487.5,191671,245379.0,0.7811222639264158,False,0.0,2026-10-01,baseline,79467,2026-10-01 18:00:00.000000000,229800.0,2026-10-01 18:00:00.000000000,87110,2026-10-01 18:45:00.000000000,230225.0,,Закрытие сессии,425.0,50.0,375.0,MIX,2.0
46727,Short,69,45600000000000,229800.0,229969.85294117648,102344,78671.0,1.3009113904742535,True,1.0,2026-10-01,baseline,46728,2026-10-01 12:40:01.000000000,229475.0,2026-10-01 12:40:00.000000000,58402,2026-10-01 14:50:01.000000000,229700.0,2026-10-01 14:50:00.000000000,Обратное пересечение,-225.0,100.0,-325.0,MIX,4.0
58401,Long,95,53400000000000,229783.33333333334,229708.82352941178,135586,138298.0,0.9803901719475336,False,1.0,2026-10-01,baseline,58402,2026-10-01 14:50:01.000000000,229700.0,2026-10-01 14:50:00.000000000,64072,2026-10-01 15:50:02.000000000,229325.0,2026-10-01 15:50:00.000000000,Обратное пересечение,-375.0,100.0,-475.0,MIX,4.0
64071,Short,107,57000000000000,229558.33333333334,229675.73529411765,149105,183210.5,0.8138452763351446,False,2.0,2026-10-01,baseline,64072,2026-10-01 15:50:02.000000000,229325.0,2026-10-01 15:50:00.000000000,71079,2026-10-01 16:55:00.000000000,229575.0,2026-10-01 16:55:00.000000000,Обратное пересечение,-250.0,100.0,-350.0,MIX,4.0
71078,Long,120,60900000000000,229616.66666666666,229611.0294117647,168575,215263.5,0.7831100023924167,False,0.0,2026-10-01,baseline,71079,2026-10-01 16:55:00.000000000,229575.0,2026-10-01 16:55:00.000000000,71557,2026-10-01 17:00:00.000000000,229425.0,2026-10-01 17:00:00.000000000,Обратное пересечение,-150.0,100.0,-250.0,MIX,4.0
71556,Short,121,61200000000000,229541.66666666666,229609.5588235294,169544,217437.5,0.7797367059499857,False,0.0,2026-10-01,baseline,71557,2026-10-01 17:00:00.000000000,229425.0,2026-10-01 17:00:00.000000000,79467,2026-10-01 18:00:00.000000000,229800.0,2026-10-01 18:00:00.000000000,Обратное пересечение,-375.0,100.0,-475.0,MIX,4.0
79466,Long,133,64800000000000,229616.66666666666,229487.5,191671,245379.0,0.7811222639264158,False,0.0,2026-10-01,baseline,79467,2026-10-01 18:00:00.000000000,229800.0,2026-10-01 18:00:00.000000000,87110,2026-10-01 18:45:00.000000000,230225.0,,Закрытие сессии,425.0,100.0,325.0,MIX,4.0
46727,Short,69,45600000000000,229800.0,229969.85294117648,102344,78671.0,1.3009113904742535,True,1.0,2026-10-01,baseline,46728,2026-10-01 12:40:01.000000000,229475.0,2026-10-01 12:40:00.000000000,58402,2026-10-01 14:50:01.000000000,229700.0,2026-10-01 14:50:00.000000000,Обратное пересечение,-225.0,200.0,-425.0,MIX,8.0
58401,Long,95,53400000000000,229783.33333333334,229708.82352941178,135586,138298.0,0.9803901719475336,False,1.0,2026-10-01,baseline,58402,2026-10-01 14:50:01.000000000,229700.0,2026-10-01 14:50:00.000000000,64072,2026-10-01 15:50:02.000000000,229325.0,2026-10-01 15:50:00.000000000,Обратное пересечение,-375.0,200.0,-575.0,MIX,8.0
64071,Short,107,57000000000000,229558.33333333334,229675.73529411765,149105,183210.5,0.8138452763351446,False,2.0,2026-10-01,baseline,64072,2026-10-01 15:50:02.000000000,229325.0,2026-10-01 15:50:00.000000000,71079,2026-10-01 16:55:00.000000000,229575.0,2026-10-01 16:55:00.000000000,Обратное пересечение,-250.0,200.0,-450.0,MIX,8.0
71078,Long,120,60900000000000,229616.66666666666,229611.0294117647,168575,215263.5,0.7831100023924167,False,0.0,2026-10-01,baseline,71079,2026-10-01 16:55:00.000000000,229575.0,2026-10-01 16:55:00.000000000,71557,2026-10-01 17:00:00.000000000,229425.0,2026-10-01 17:00:00.000000000,Обратное пересечение,-150.0,200.0,-350.0,MIX,8.0
71556,Short,121,61200000000000,229541.66666666666,229609.5588235294,169544,217437.5,0.7797367059499857,False,0.0,2026-10-01,baseline,71557,2026-10-01 17:00:00.000000000,229425.0,2026-10-01 17:00:00.000000000,79467,2026-10-01 18:00:00.000000000,229800.0,2026-10-01 18:00:00.000000000,Обратное пересечение,-375.0,200.0,-575.0,MIX,8.0
79466,Long,133,64800000000000,229616.66666666666,229487.5,191671,245379.0,0.7811222639264158,False,0.0,2026-10-01,baseline,79467,2026-10-01 18:00:00.000000000,229800.0,2026-10-01 18:00:00.000000000,87110,2026-10-01 18:45:00.000000000,230225.0,,Закрытие сессии,425.0,200.0,225.0,MIX,8.0
46727,Short,69,45600000000000,229800.0,229969.85294117648,102344,78671.0,1.3009113904742535,True,1.0,2026-10-01,volume,46728,2026-10-01 12:40:01.000000000,229475.0,2026-10-01 12:40:00.000000000,58402,2026-10-01 14:50:01.000000000,229700.0,2026-10-01 14:50:00.000000000,Обратное пересечение,-225.0,0.0,-225.0,MIX,0.0
58401,Long,95,53400000000000,229783.33333333334,229708.82352941178,135586,138298.0,0.9803901719475336,False,1.0,2026-10-01,volume,58402,2026-10-01 14:50:01.000000000,229700.0,2026-10-01 14:50:00.000000000,64072,2026-10-01 15:50:02.000000000,229325.0,2026-10-01 15:50:00.000000000,Обратное пересечение,-375.0,0.0,-375.0,MIX,0.0
64071,Short,107,57000000000000,229558.33333333334,229675.73529411765,149105,183210.5,0.8138452763351446,False,2.0,2026-10-01,volume,64072,2026-10-01 15:50:02.000000000,229325.0,2026-10-01 15:50:00.000000000,71079,2026-10-01 16:55:00.000000000,229575.0,2026-10-01 16:55:00.000000000,Обратное пересечение,-250.0,0.0,-250.0,MIX,0.0
71078,Long,120,60900000000000,229616.66666666666,229611.0294117647,168575,215263.5,0.7831100023924167,False,0.0,2026-10-01,volume,71079,2026-10-01 16:55:00.000000000,229575.0,2026-10-01 16:55:00.000000000,71557,2026-10-01 17:00:00.000000000,229425.0,2026-10-01 17:00:00.000000000,Обратное пересечение,-150.0,0.0,-150.0,MIX,0.0
71556,Short,121,61200000000000,229541.66666666666,229609.5588235294,169544,217437.5,0.7797367059499857,False,0.0,2026-10-01,volume,71557,2026-10-01 17:00:00.000000000,229425.0,2026-10-01 17:00:00.000000000,79467,2026-10-01 18:00:00.000000000,229800.0,2026-10-01 18:00:00.000000000,Обратное пересечение,-375.0,0.0,-375.0,MIX,0.0
79466,Long,133,64800000000000,229616.66666666666,229487.5,191671,245379.0,0.7811222639264158,False,0.0,2026-10-01,volume,79467,2026-10-01 18:00:00.000000000,229800.0,2026-10-01 18:00:00.000000000,87110,2026-10-01 18:45:00.000000000,230225.0,,Закрытие сессии,425.0,0.0,425.0,MIX,0.0
46727,Short,69,45600000000000,229800.0,229969.85294117648,102344,78671.0,1.3009113904742535,True,1.0,2026-10-01,volume,46728,2026-10-01 12:40:01.000000000,229475.0,2026-10-01 12:40:00.000000000,58402,2026-10-01 14:50:01.000000000,229700.0,2026-10-01 14:50:00.000000000,Обратное пересечение,-225.0,50.0,-275.0,MIX,2.0
58401,Long,95,53400000000000,229783.33333333334,229708.82352941178,135586,138298.0,0.9803901719475336,False,1.0,2026-10-01,volume,58402,2026-10-01 14:50:01.000000000,229700.0,2026-10-01 14:50:00.000000000,64072,2026-10-01 15:50:02.000000000,229325.0,2026-10-01 15:50:00.000000000,Обратное пересечение,-375.0,50.0,-425.0,MIX,2.0
64071,Short,107,57000000000000,229558.33333333334,229675.73529411765,149105,183210.5,0.8138452763351446,False,2.0,2026-10-01,volume,64072,2026-10-01 15:50:02.000000000,229325.0,2026-10-01 15:50:00.000000000,71079,2026-10-01 16:55:00.000000000,229575.0,2026-10-01 16:55:00.000000000,Обратное пересечение,-250.0,50.0,-300.0,MIX,2.0
71078,Long,120,60900000000000,229616.66666666666,229611.0294117647,168575,215263.5,0.7831100023924167,False,0.0,2026-10-01,volume,71079,2026-10-01 16:55:00.000000000,229575.0,2026-10-01 16:55:00.000000000,71557,2026-10-01 17:00:00.000000000,229425.0,2026-10-01 17:00:00.000000000,Обратное пересечение,-150.0,50.0,-200.0,MIX,2.0
71556,Short,121,61200000000000,229541.66666666666,229609.5588235294,169544,217437.5,0.7797367059499857,False,0.0,2026-10-01,volume,71557,2026-10-01 17:00:00.000000000,229425.0,2026-10-01 17:00:00.000000000,79467,2026-10-01 18:00:00.000000000,229800.0,2026-10-01 18:00:00.000000000,Обратное пересечение,-375.0,50.0,-425.0,MIX,2.0
79466,Long,133,64800000000000,229616.66666666666,229487.5,191671,245379.0,0.7811222639264158,False,0.0,2026-10-01,volume,79467,2026-10-01 18:00:00.000000000,229800.0,2026-10-01 18:00:00.000000000,87110,2026-10-01 18:45:00.000000000,230225.0,,Закрытие сессии,425.0,50.0,375.0,MIX,2.0
46727,Short,69,45600000000000,229800.0,229969.85294117648,102344,78671.0,1.3009113904742535,True,1.0,2026-10-01,volume,46728,2026-10-01 12:40:01.000000000,229475.0,2026-10-01 12:40:00.000000000,58402,2026-10-01 14:50:01.000000000,229700.0,2026-10-01 14:50:00.000000000,Обратное пересечение,-225.0,100.0,-325.0,MIX,4.0
58401,Long,95,53400000000000,229783.33333333334,229708.82352941178,135586,138298.0,0.9803901719475336,False,1.0,2026-10-01,volume,58402,2026-10-01 14:50:01.000000000,229700.0,2026-10-01 14:50:00.000000000,64072,2026-10-01 15:50:02.000000000,229325.0,2026-10-01 15:50:00.000000000,Обратное пересечение,-375.0,100.0,-475.0,MIX,4.0
64071,Short,107,57000000000000,229558.33333333334,229675.73529411765,149105,183210.5,0.8138452763351446,False,2.0,2026-10-01,volume,64072,2026-10-01 15:50:02.000000000,229325.0,2026-10-01 15:50:00.000000000,71079,2026-10-01 16:55:00.000000000,229575.0,2026-10-01 16:55:00.000000000,Обратное пересечение,-250.0,100.0,-350.0,MIX,4.0
71078,Long,120,60900000000000,229616.66666666666,229611.0294117647,168575,215263.5,0.7831100023924167,False,0.0,2026-10-01,volume,71079,2026-10-01 16:55:00.000000000,229575.0,2026-10-01 16:55:00.000000000,71557,2026-10-01 17:00:00.000000000,229425.0,2026-10-01 17:00:00.000000000,Обратное пересечение,-150.0,100.0,-250.0,MIX,4.0
71556,Short,121,61200000000000,229541.66666666666,229609.5588235294,169544,217437.5,0.7797367059499857,False,0.0,2026-10-01,volume,71557,2026-10-01 17:00:00.000000000,229425.0,2026-10-01 17:00:00.000000000,79467,2026-10-01 18:00:00.000000000,229800.0,2026-10-01 18:00:00.000000000,Обратное пересечение,-375.0,100.0,-475.0,MIX,4.0
79466,Long,133,64800000000000,229616.66666666666,229487.5,191671,245379.0,0.7811222639264158,False,0.0,2026-10-01,volume,79467,2026-10-01 18:00:00.000000000,229800.0,2026-10-01 18:00:00.000000000,87110,2026-10-01 18:45:00.000000000,230225.0,,Закрытие сессии,425.0,100.0,325.0,MIX,4.0
46727,Short,69,45600000000000,229800.0,229969.85294117648,102344,78671.0,1.3009113904742535,True,1.0,2026-10-01,volume,46728,2026-10-01 12:40:01.000000000,229475.0,2026-10-01 12:40:00.000000000,58402,2026-10-01 14:50:01.000000000,229700.0,2026-10-01 14:50:00.000000000,Обратное пересечение,-225.0,200.0,-425.0,MIX,8.0
58401,Long,95,53400000000000,229783.33333333334,229708.82352941178,135586,138298.0,0.9803901719475336,False,1.0,2026-10-01,volume,58402,2026-10-01 14:50:01.000000000,229700.0,2026-10-01 14:50:00.000000000,64072,2026-10-01 15:50:02.000000000,229325.0,2026-10-01 15:50:00.000000000,Обратное пересечение,-375.0,200.0,-575.0,MIX,8.0
64071,Short,107,57000000000000,229558.33333333334,229675.73529411765,149105,183210.5,0.8138452763351446,False,2.0,2026-10-01,volume,64072,2026-10-01 15:50:02.000000000,229325.0,2026-10-01 15:50:00.000000000,71079,2026-10-01 16:55:00.000000000,229575.0,2026-10-01 16:55:00.000000000,Обратное пересечение,-250.0,200.0,-450.0,MIX,8.0
71078,Long,120,60900000000000,229616.66666666666,229611.0294117647,168575,215263.5,0.7831100023924167,False,0.0,2026-10-01,volume,71079,2026-10-01 16:55:00.000000000,229575.0,2026-10-01 16:55:00.000000000,71557,2026-10-01 17:00:00.000000000,229425.0,2026-10-01 17:00:00.000000000,Обратное пересечение,-150.0,200.0,-350.0,MIX,8.0
71556,Short,121,61200000000000,229541.66666666666,229609.5588235294,169544,217437.5,0.7797367059499857,False,0.0,2026-10-01,volume,71557,2026-10-01 17:00:00.000000000,229425.0,2026-10-01 17:00:00.000000000,79467,2026-10-01 18:00:00.000000000,229800.0,2026-10-01 18:00:00.000000000,Обратное пересечение,-375.0,200.0,-575.0,MIX,8.0
79466,Long,133,64800000000000,229616.66666666666,229487.5,191671,245379.0,0.7811222639264158,False,0.0,2026-10-01,volume,79467,2026-10-01 18:00:00.000000000,229800.0,2026-10-01 18:00:00.000000000,87110,2026-10-01 18:45:00.000000000,230225.0,,Закрытие сессии,425.0,200.0,225.0,MIX,8.0
15038,Long,55,41400000000000,229508.33333333334,229506.61764705883,24624,52866.0,0.46578140960163433,False,8.0,2026-10-02,baseline,15039,2026-10-02 11:30:08.000000000,229450.0,2026-10-02 11:30:00.000000000,19366,2026-10-02 12:25:12.000000000,229300.0,2026-10-02 12:25:00.000000000,Обратное пересечение,-150.0,0.0,-150.0,MIX,0.0
19365,Short,66,44700000000000,229433.33333333334,229466.17647058822,35913,75084.0,0.4783042991849129,False,12.0,2026-10-02,baseline,19366,2026-10-02 12:25:12.000000000,229300.0,2026-10-02 12:25:00.000000000,40443,2026-10-02 15:55:00.000000000,228425.0,2026-10-02 15:55:00.000000000,Обратное пересечение,875.0,0.0,875.0,MIX,0.0
40442,Long,108,57300000000000,228341.66666666666,228331.61764705883,97490,171747.5,0.5676356278839576,False,0.0,2026-10-02,baseline,40443,2026-10-02 15:55:00.000000000,228425.0,2026-10-02 15:55:00.000000000,57858,2026-10-02 18:45:00.000000000,229800.0,,Закрытие сессии,1375.0,0.0,1375.0,MIX,0.0
15038,Long,55,41400000000000,229508.33333333334,229506.61764705883,24624,52866.0,0.46578140960163433,False,8.0,2026-10-02,baseline,15039,2026-10-02 11:30:08.000000000,229450.0,2026-10-02 11:30:00.000000000,19366,2026-10-02 12:25:12.000000000,229300.0,2026-10-02 12:25:00.000000000,Обратное пересечение,-150.0,50.0,-200.0,MIX,2.0
19365,Short,66,44700000000000,229433.33333333334,229466.17647058822,35913,75084.0,0.4783042991849129,False,12.0,2026-10-02,baseline,19366,2026-10-02 12:25:12.000000000,229300.0,2026-10-02 12:25:00.000000000,40443,2026-10-02 15:55:00.000000000,228425.0,2026-10-02 15:55:00.000000000,Обратное пересечение,875.0,50.0,825.0,MIX,2.0
40442,Long,108,57300000000000,228341.66666666666,228331.61764705883,97490,171747.5,0.5676356278839576,False,0.0,2026-10-02,baseline,40443,2026-10-02 15:55:00.000000000,228425.0,2026-10-02 15:55:00.000000000,57858,2026-10-02 18:45:00.000000000,229800.0,,Закрытие сессии,1375.0,50.0,1325.0,MIX,2.0
15038,Long,55,41400000000000,229508.33333333334,229506.61764705883,24624,52866.0,0.46578140960163433,False,8.0,2026-10-02,baseline,15039,2026-10-02 11:30:08.000000000,229450.0,2026-10-02 11:30:00.000000000,19366,2026-10-02 12:25:12.000000000,229300.0,2026-10-02 12:25:00.000000000,Обратное пересечение,-150.0,100.0,-250.0,MIX,4.0
19365,Short,66,44700000000000,229433.33333333334,229466.17647058822,35913,75084.0,0.4783042991849129,False,12.0,2026-10-02,baseline,19366,2026-10-02 12:25:12.000000000,229300.0,2026-10-02 12:25:00.000000000,40443,2026-10-02 15:55:00.000000000,228425.0,2026-10-02 15:55:00.000000000,Обратное пересечение,875.0,100.0,775.0,MIX,4.0
40442,Long,108,57300000000000,228341.66666666666,228331.61764705883,97490,171747.5,0.5676356278839576,False,0.0,2026-10-02,baseline,40443,2026-10-02 15:55:00.000000000,228425.0,2026-10-02 15:55:00.000000000,57858,2026-10-02 18:45:00.000000000,229800.0,,Закрытие сессии,1375.0,100.0,1275.0,MIX,4.0
15038,Long,55,41400000000000,229508.33333333334,229506.61764705883,24624,52866.0,0.46578140960163433,False,8.0,2026-10-02,baseline,15039,2026-10-02 11:30:08.000000000,229450.0,2026-10-02 11:30:00.000000000,19366,2026-10-02 12:25:12.000000000,229300.0,2026-10-02 12:25:00.000000000,Обратное пересечение,-150.0,200.0,-350.0,MIX,8.0
19365,Short,66,44700000000000,229433.33333333334,229466.17647058822,35913,75084.0,0.4783042991849129,False,12.0,2026-10-02,baseline,19366,2026-10-02 12:25:12.000000000,229300.0,2026-10-02 12:25:00.000000000,40443,2026-10-02 15:55:00.000000000,228425.0,2026-10-02 15:55:00.000000000,Обратное пересечение,875.0,200.0,675.0,MIX,8.0
40442,Long,108,57300000000000,228341.66666666666,228331.61764705883,97490,171747.5,0.5676356278839576,False,0.0,2026-10-02,baseline,40443,2026-10-02 15:55:00.000000000,228425.0,2026-10-02 15:55:00.000000000,57858,2026-10-02 18:45:00.000000000,229800.0,,Закрытие сессии,1375.0,200.0,1175.0,MIX,8.0
